tree
version=v4
num_class=1
num_tree_per_iteration=1
label_index=0
max_feature_idx=55
objective=quantile
feature_names=src_ecmwf_ifs025 src_gfs_global src_icon_seamless src_jma_seamless ensemble_mean ensemble_std ensemble_min ensemble_max ensemble_n lead_hours hour_sin hour_cos doy_sin doy_cos month year city_id lat lon elevation_m abs_lat hemisphere_ns climate_band saturation_distance_c specific_humidity_gkg lcl_height_m aux_temp_c_mean aux_temp_c_std aux_humidity_pct_mean aux_humidity_pct_std aux_dew_point_c_mean aux_dew_point_c_std aux_pressure_msl_hpa_mean aux_pressure_msl_hpa_std aux_cloud_cover_pct_mean aux_cloud_cover_pct_std aux_wind_dir_sin_mean aux_wind_dir_cos_mean pressure_tendency_3h_hpa obs_lag_24h_temp_c obs_lag_24h_humidity_pct obs_lag_24h_wind_speed_kmh obs_lag_24h_precip_mm obs_lag_48h_temp_c obs_lag_48h_humidity_pct obs_lag_48h_wind_speed_kmh obs_lag_48h_precip_mm obs_lag_168h_temp_c obs_lag_168h_humidity_pct obs_lag_168h_wind_speed_kmh obs_lag_168h_precip_mm obs_diff_24h_temp_c obs_diff_24h_humidity_pct obs_diff_24h_wind_speed_kmh td_margin saturation_deficit_pct
feature_infos=none [0:41.200000000000003] [0:50.299999999999997] [0:30.600000000000001] [0:24.850000000000001] [0:21.546229368499723] [0:16.699999999999999] [0:50.299999999999997] [2:3] [0:23] [-1:1] [-1:1] [-0.9999631612477099:0.9999631612477099] [-1:0.99985264770502691] -1:12:11:1:10:9:8:3:4:6:7:2:5 [2022:2023] -1:25:11:24:6:4:16:23:2:9:5:18:14:15:20:12:1:19:17:22:13 [-33.867849999999997:60.169899999999998] [-123.11933999999999:151.20732000000001] [5:758] [1.3521000000000001:60.169899999999998] -1:1:0 -1:2:0:1:3 [-2.2204460492503131e-16:24.45940565496614] [0.84496632529770521:21.249666033676032] [-2.7755575615628914e-14:3057.4257068707675] [-11.333333333333334:39.099999999999994] [0:4.7932823363072989] [22:100] [0:26.5] [-19.099999999999998:25.899999999999999] [0:6.535203813875194] [961.54999999999995:1041.0666666666666] [0:2.7341462205880158] [0:100.33333333333333] [0:50] [-1:1] [-1:1] [-16.166666666666742:12] [-17.199999999999999:40.200000000000003] [9:100] [0:72] [0:31] [-16.399999999999999:42] [10:100] [0:86.400000000000006] [0:41] [-15.9:42.399999999999999] [9:100] [0:72] [0:31] [-17.199999999999999:14.199999999999999] [-65:74] [-50.399999999999999:54] [0:24.899999999999999] [0:78]
tree_sizes=2764 2890 2957 2949 2955 2951 2955 2929 2932 2953 2939 2952 2962 2948 2976 2946 2981 2963 2965 2950 2951 2962 2957 2951 2937 2939 2984 2962 2955 2968 2960 2978 2967 2972 2977 2948 2956 2959 2997 2973 2904 2989 2965 2947 2945 2964 2930 2916 2959 2927 2947 2923 2900 2945 2971 2980 2933 2948 2969 2960 2906 2938 2932 2949 2949 2960 2976 2911 2968 2952 2978 2939 2953 2945 2942 2947 2926 2978 2914 2933 2898 2954 2901 2931 2887 2927 2911 2932 2918 2958 2880 2920 2927 2942 2912 2927 2939 2895 2950 2905 2916 2933 2910 2935 2912 2973 2910 2922 2934 2918 2942 2938 2877 2902 2922 2917 2942 2868 2890 2853 2936 2954 2916 2940 2919 2931 2927 2897 2893 2903 2940 2888 2864 2890 2868 2909 2928 2955 2903 2910 2912 2895 2933 2873 2906 2922 2890 2868 2937 2892 2912 2937 2883 2859 2886 2894 2870 2896 2868 2870 2906 2904 2940 2941 2897 2940 2890 2876 2908 2905 2885 2817 2883 2827 2887 2899 2910 2882 2892 2918 2826 2912 2933 2877 2888 2893 2886 2860 2868 2873 2913 2909 2896 2883 2884 2913 2898 2903 2922 2883 2877 2913 2894 2881 2884 2890 2891 2901 2860 2890 2877 2880 2865 2880 2875 2912 2896 2926 2855 2901 2878 2875 2881 2890 2885 2891 2867

Tree=0
num_leaves=31
num_cat=7
split_feature=4 4 6 39 30 16 4 4 4 4 16 16 4 16 26 38 26 34 26 17 13 16 34 54 47 24 16 14 31 28
split_gain=869.249 103.33 91.3421 66.4472 25.4094 23.0532 21.2667 16.4073 15.0105 14.4199 13.1973 11.6553 10.9621 9.22534 9.19686 7.49487 6.62809 6.03718 5.86385 5.80436 5.77613 5.74644 5.60174 5.34478 5.00902 5.61349 5.00838 4.70401 4.45523 4.09917
threshold=0.58333333333333359 0.14166666666666669 0.65000000000000002 6.7500000000000009 13.241666666666669 0 0.81666666666666676 0.34166666666666673 0.35833333333333339 1.7833333333333337 1 2 0.041666666666666678 3 7.4666666666666677 -1.2666666666665944 1.0166666666666671 95.166666666666671 10.41666666666667 34.870850000000011 0.77335067770972976 4 78.416666666666671 2.7333333333333356 29.250000000000004 8.9480074532521741 5 6 0.30912061651652373 84.166666666666671
decision_type=2 2 2 8 2 9 2 2 2 2 9 9 2 9 2 10 2 2 2 2 2 9 2 2 10 2 9 1 2 2
left_child=1 4 5 7 10 15 -7 16 11 13 20 27 21 -4 -12 -2 -3 -17 -13 -11 -1 -6 -8 28 25 -10 -14 -5 -15 -23
right_child=2 3 9 8 12 6 22 -9 24 19 14 18 26 23 -16 17 -18 -19 -20 -21 -22 29 -24 -25 -26 -27 -28 -29 -30 -31
leaf_value=0.49000000059604643 0.51500000059604645 0.49000000059604643 0.5300000011920929 0.49500000029802321 0.49500000029802321 0.50999999940395357 0.50999999940395357 0.49500000029802321 0.5 0.53999999761581419 0.48500000014901162 0.49500000029802321 0.49000000059604643 0.50999999940395357 0.49000000059604643 0.5 0.49000000059604643 0.50999999940395357 0.5 0.57999999523162837 0.49000000059604643 0.49000000059604643 0.52500000000000002 0.50999999940395357 0.49500000029802321 0.50999999940395357 0.49500000029802321 0.49000000059604643 0.52500000000000002 0.49500000029802321
leaf_weight=1679 803 450 1354 566 318 1804 149 1177 1352 360 798 732 212 188 1858 817 1058 1018 3226 1654 664 1232 2133 252 337 1557 1605 475 417 363
leaf_count=1679 803 450 1354 566 318 1804 149 1177 1352 360 798 732 212 188 1858 817 1058 1018 3226 1654 664 1232 2133 252 337 1557 1605 475 417 363
internal_value=0.498977 0.492689 0.510268 0.495929 0.488633 0.506648 0.508996 0.489097 0.498153 0.516029 0.486303 0.496434 0.491756 0.51324 0.483815 0.502964 0.485644 0.501212 0.497694 0.51909 0.489238 0.489115 0.512226 0.508794 0.500801 0.50147 0.494538 0.491747 0.511444 0.487898
internal_weight=30608 19659 10949 10930 8729 6724 4086 2685 8245 4225 4999 4999 3730 2211 2656 2638 1508 1835 3958 2014 2343 1913 2282 857 3246 2909 1817 1041 605 1595
internal_count=30608 19659 10949 10930 8729 6724 4086 2685 8245 4225 4999 4999 3730 2211 2656 2638 1508 1835 3958 2014 2343 1913 2282 857 3246 2909 1817 1041 605 1595
cat_boundaries=0 1 2 3 4 5 6 7
cat_threshold=46817316 18287120 536674 18717248 4297282 4194340 3528
is_linear=0
shrinkage=1


Tree=1
num_leaves=31
num_cat=9
split_feature=4 4 7 16 16 24 4 26 4 16 16 4 13 4 16 43 16 4 28 28 35 32 32 14 24 13 6 16 14 53
split_gain=640.077 108.69 58.8708 35.5166 26.6501 26.3332 20.453 15.603 15.3755 13.4578 12.7315 10.8025 8.01489 7.14474 6.1541 5.85905 5.50934 5.27895 5.16193 5.27591 4.989 4.89384 4.88854 4.69554 4.63075 4.50293 4.44847 4.37307 4.35626 4.29667
threshold=0.51666666666666683 0.95833333333333337 0.25000000000000006 0 1 9.6952948018975622 1.8166666666666669 10.083333333333337 0.041666666666666678 2 3 0.34166666666666673 0.72208999473568902 0.78333333333333355 4 19.150000000000002 5 0.35833333333333339 80.416666666666671 67.166666666666671 0.65824829046386313 1025.116666666667 1021.2416666666667 6 3.7684258443912961 0.65368047477200586 0.75000000000000011 7 8 -1.7999999999999978
decision_type=2 2 2 9 9 2 2 2 2 9 9 2 2 2 9 10 9 2 2 2 2 2 2 1 2 2 2 9 1 10
left_child=2 10 5 20 7 9 15 11 -7 12 22 -4 29 -12 -6 26 -10 24 19 -18 -3 23 -2 -9 -16 -11 -5 -20 -19 -1
right_child=1 3 4 6 14 8 -8 21 16 25 13 -13 -14 -15 17 -17 18 28 27 -21 -22 -23 -24 -25 -26 -27 -28 -29 -30 -31
leaf_value=-0.0094999994337558735 0.0042500011622905731 0.02424999997019768 -0.0094999994337558735 0.02375 0.0050000011920928959 -0.0094999994337558735 0.07375000000000001 -0.0049999997019767768 -0.0094999994337558735 -0.0094999994337558735 0.005250001177191735 -0.0047499997168779368 -0.01424999985843897 0.013750000596046447 -0.0094999994337558735 0.02375 0.00024999998509883935 -0.0004999999701976787 0.005250001177191735 -0.0047499997168779368 0.0094999994337558735 -0.0097499994188547136 -0.014999999850988389 0 -0.0044999997317790976 -0.0094999994337558735 0.033500002324581148 -0.0047499997168779368 0.0045000012218952166 -0.0094999994337558735
leaf_weight=643 1257 353 1212 1434 1522 1863 2031 425 224 1749 2881 760 658 1338 135 732 271 451 328 522 811 100 36 1507 3017 958 1119 234 1063 974
leaf_count=643 1257 353 1212 1434 1522 1863 2031 425 224 1749 2881 760 658 1338 135 732 271 451 328 522 811 100 36 1507 3017 958 1119 234 1063 974
internal_value=0.000651788 0.00966053 -0.00515145 0.0140507 -0.00259515 -0.0082442 0.0157808 -0.00576717 -0.00488074 -0.0105678 0.00449919 -0.00894985 -0.0134458 0.00582275 -0.000532421 0.013371 -0.00125071 -0.00143282 -1.83137e-05 -0.00261632 0.00596201 -0.00270656 0.000134295 -0.00214792 -0.00260144 -0.00806927 0.014502 0.00364704 0.000990688 -0.0116103
internal_weight=30608 11992 18616 6480 10192 8424 5316 4004 3442 4982 5512 1972 2275 4219 6188 3285 1579 4666 1355 793 1164 2032 1293 1932 3152 2707 2553 562 1514 1617
internal_count=30608 11992 18616 6480 10192 8424 5316 4004 3442 4982 5512 1972 2275 4219 6188 3285 1579 4666 1355 793 1164 2032 1293 1932 3152 2707 2553 562 1514 1617
cat_boundaries=0 1 2 3 4 5 6 7 8 9
cat_threshold=46145536 1699876 8974436 41951236 16908816 4329508 4196 33882194 2224
is_linear=0
shrinkage=0.05


Tree=2
num_leaves=31
num_cat=5
split_feature=4 4 6 16 24 4 16 16 39 4 23 13 4 16 4 6 4 41 32 4 16 34 47 30 34 13 39 38 24 36
split_gain=605.276 130.864 39.6231 27.582 27.57 24.545 21.5791 19.1785 16.7971 14.9254 11.021 10.5002 7.81361 6.89248 6.34022 6.22312 5.98019 5.62122 5.5907 5.22075 4.97395 4.8603 4.84462 4.79823 4.7947 4.27762 4.17798 4.13141 4.11148 4.26783
threshold=0.78333333333333355 0.18333333333333338 0.75000000000000011 0 9.6952948018975622 0.38000000000000006 1 2 8.5500000000000025 0.041666666666666678 2.8816247650988793 0.71010885522459966 0.083333333333333356 3 2.5833333333333339 0.35000000000000003 0.4166666666666668 3.8500000000000005 1017.5166666666668 1.0166666666666671 4 94.833333333333357 24.450000000000003 9.8166666666666682 78.833333333333357 0.93262014971044704 -2.2499999999999996 -1.3333333333332005 4.0020006983504102 0.64745047856346993
decision_type=2 2 2 9 2 2 9 9 10 2 2 2 2 9 2 2 2 10 2 2 9 2 8 2 2 2 8 10 2 2
left_child=1 4 6 5 7 8 27 11 28 -6 14 -1 25 -10 21 -7 -5 -11 23 -8 -12 -4 -18 -14 -21 -9 -17 -2 -3 -30
right_child=2 3 10 16 9 15 19 12 13 17 20 -13 18 -15 -16 26 22 -19 -20 24 -22 -23 -24 -25 -26 -27 -28 -29 29 -31
leaf_value=-0.0090249994620680788 0.018062498778104782 -0.0090249994620680788 0.022312499940395355 0.00022499998658895572 -0.0090249994620680788 -0.0002625000588595883 0.013062500566244124 -0.0090249994620680788 0.00072499995678663174 0.0049875011183321497 0.050318750508129596 -0.013537499865517022 -0.0045249997302889812 -0.0047499997168779368 0.10678750250488521 -0.0026374998800456533 0.0092374993748962856 -0.0045124997310340394 -0.0090249994620680788 0.0083124994337558707 0.010925000730901958 0.037312499046325685 0.0040375011041760443 0.00097499994188547385 0.027562501192092893 -0.0090249994620680788 0.0049875011183321497 0.0045250012204051003 -0.0090249994620680788 0.00048749997094273693
leaf_weight=1643 420 513 487 3852 1863 1784 1317 1851 555 397 102 738 727 685 927 54 2342 1940 339 87 314 1741 1165 288 1716 365 721 1103 465 107
leaf_count=1643 420 513 487 3852 1863 1784 1317 1851 555 397 102 738 727 685 927 54 2342 1940 339 87 314 1741 1165 288 1716 365 721 1103 465 107
internal_value=0.0007351 -0.00352325 0.0123446 -4.28813e-05 -0.00772084 -0.00295253 0.00929874 -0.00990993 -0.00667713 -0.00461894 0.0163045 -0.0134143 -0.00751376 -0.0027014 0.0173132 0.00042007 0.00188965 -0.00195755 -0.00454176 0.0116769 0.00865177 0.0158655 0.00338599 -0.00268446 0.0134629 -0.0093633 0.00416075 0.00432131 -0.0112202 -0.00830274
internal_weight=30608 22394 8214 12243 10151 4884 4643 5951 2325 4200 3571 2381 3570 1240 3155 2559 7359 2337 1354 3120 416 2228 3507 1015 1803 2216 775 1523 1085 572
internal_count=30608 22394 8214 12243 10151 4884 4643 5951 2325 4200 3571 2381 3570 1240 3155 2559 7359 2337 1354 3120 416 2228 3507 1015 1803 2216 775 1523 1085 572
cat_boundaries=0 1 2 3 4 5
cat_threshold=1634404 46161956 8974432 1097792 17203712
is_linear=0
shrinkage=0.05


Tree=3
num_leaves=31
num_cat=7
split_feature=4 4 6 24 24 16 4 4 16 16 4 54 16 26 24 16 32 6 16 4 13 51 34 4 32 27 16 38 34 46
split_gain=574.482 120.901 36.272 28.2299 24.9568 21.2702 16.1374 15.4404 15.8041 15.169 13.4386 11.9088 9.64657 8.9172 8.89758 6.76982 6.66951 6.41261 5.60924 5.45263 5.10284 4.90207 4.85641 4.718 4.62729 4.47004 4.46746 4.4458 4.55076 4.35284
threshold=0.75833333333333341 0.14166666666666669 0.65000000000000002 4.3376470774448315 9.6952948018975622 0 0.38000000000000006 0.44166666666666676 1 2 0.041666666666666678 2.533333333333335 3 10.41666666666667 4.9010488506984435 4 1021.7583333333333 1.4500000000000002 5 1.0166666666666671 0.65368047477200586 -2.9999999999999982 79.166666666666671 0.61666666666666681 1017.2166666666668 0.65489609014628392 6 -1.2666666666665944 95.833333333333357 0.75000000000000011
decision_type=2 2 2 2 2 9 2 2 9 9 2 2 9 2 2 9 2 2 9 2 2 10 2 2 2 2 9 10 2 10
left_child=1 4 5 6 9 27 12 8 -5 14 -6 17 -3 -10 -1 25 29 -4 -12 -7 -11 -17 -21 -8 -16 -9 -13 -2 -29 -15
right_child=2 3 11 7 10 19 23 15 13 20 18 26 -14 16 24 21 -18 -19 -20 22 -22 -23 -24 -25 -26 -27 -28 28 -30 -31
leaf_value=-0.012860624872241173 0.017159373839199545 -0.0085737494889646746 0.030446872901916507 -0.0054868746692314733 -0.0085737494889646746 0.012409375537931916 -0.0043806247370317573 0.0042506261659786106 -0.0042862497445195907 -0.0085737494889646746 -0.0087993744755163784 0.03853765510292724 -0.0042862497445195907 0.00021374998725950668 -0.0085737494889646746 -0.00024937505591660639 -0.0088049994751811019 0.076973122728988541 -0.004286874744482339 0.0053968753561377484 -0.0085737494889646746 0.0087818744057789454 0.026184376132488248 0.0042506261659786106 -0.013110624894592913 -0.00091437508352100742 0.010946875554323193 -0.00068781252978369629 0.0087987494010478232 0.0092637493733316641
leaf_weight=740 447 765 2400 585 1863 1259 690 975 1615 1682 218 234 309 4229 1045 371 230 1078 1562 80 943 2264 1403 238 676 711 465 480 587 464
leaf_count=740 447 765 2400 585 1863 1259 690 975 1615 1682 218 234 309 4229 1045 371 230 1078 1562 80 943 2264 1403 238 676 711 465 480 587 464
internal_value=0.000658322 -0.00356594 0.0117661 -0.00059125 -0.00814803 0.00851719 -0.00606863 0.000367001 -0.00106344 -0.0104107 -0.00498888 0.0150762 -0.0102411 -0.000351247 -0.0132633 0.002725 0.000705856 0.0162733 -0.00188192 0.0111369 -0.00765626 0.0043004 0.0132324 -0.00123909 -0.0113445 0.000235835 0.00911887 0.0036743 0.00194452 0.00111334
internal_weight=30608 22175 8433 13446 8729 4256 2002 11444 7123 5086 3643 4177 1074 6538 2461 4321 4923 3478 1780 2742 2625 2635 1483 928 1721 1686 699 1514 1067 4693
internal_count=30608 22175 8433 13446 8729 4256 2002 11444 7123 5086 3643 4177 1074 6538 2461 4321 4923 3478 1780 2742 2625 2635 1483 928 1721 1686 699 1514 1067 4693
cat_boundaries=0 1 2 3 4 5 6 7
cat_threshold=46293028 536576 13168740 1634368 38416452 4325412 17269264
is_linear=0
shrinkage=0.05


Tree=4
num_leaves=31
num_cat=7
split_feature=7 7 7 16 16 24 16 3 16 13 1 3 3 54 13 16 2 2 3 13 28 13 14 54 43 38 26 16 2 46
split_gain=492.982 70.9593 55.8803 29.0624 26.3626 25.0074 17.1274 16.1831 14.3393 14.0136 12.0955 13.5133 11.4641 9.85303 8.16717 7.55123 7.2669 6.53255 6.17498 5.52818 5.29751 5.1918 4.93653 4.84013 6.49341 4.80062 4.62725 4.62308 4.59641 4.36443
threshold=0.75000000000000011 1.7500000000000002 0.25000000000000006 0 1 9.6952948018975622 2 0.65000000000000002 3 0.31228055688579465 0.35000000000000003 0.55000000000000016 1.0000000180025095e-35 3.3666666666666689 0.72208999473568902 4 0.45000000000000007 0.45000000000000007 0.45000000000000007 -0.98376170968447474 87.833333333333357 0.65368047477200586 5 3.9000000000000021 30.950000000000003 -1.599999999999852 0.61666666666666681 6 0.75000000000000011 0.95000000000000007
decision_type=2 2 2 9 9 2 9 2 9 2 2 2 2 2 2 9 8 8 2 2 2 2 1 2 10 10 2 9 8 10
left_child=2 6 5 9 -3 8 -2 19 14 29 27 15 23 28 -1 -12 -11 -13 -18 -6 22 -10 -14 -7 -25 -24 -5 -8 -9 -4
right_child=1 4 3 26 7 12 10 13 21 16 11 17 20 -15 -16 -17 18 -19 -20 -21 -22 -23 25 24 -26 -27 -28 -29 -30 -31
leaf_value=-0.0081450620145164417 -0.00013115637702867388 0.011882656934261325 -0.0037744060252141195 -0.0039825623371265812 -0.0082110935369879012 -0.0033950622976385071 0.00834903068511747 0.022457031760327519 -0.0081450620145164417 -0.0081450620145164417 -0.00023598439455498055 0.0088490306571777921 -0.00025006248136982823 0.014875154941678043 -0.012217593628629115 0.0087818430848140266 -0.0047803435359429552 0.017538905002698304 0.00047681247157976283 0.017375156133770941 0.0049524697996396585 -0.0081450620145164417 0.0056774699017126118 -0.0081450620145164417 -0.0031450623125396648 -0.0083950619996152834 0.00020306248789653258 -0.00017596873224712817 0.056598217957559975 0.013549031790783629
leaf_weight=1617 1597 1244 1536 108 49 671 1119 472 1749 1236 712 604 727 255 658 1116 527 1919 268 833 276 958 77 989 325 377 4847 939 2722 81
leaf_count=1617 1597 1244 1536 108 49 671 1119 472 1749 1236 712 604 727 255 658 1116 527 1919 268 833 276 958 77 989 325 377 4847 939 2722 81
internal_value=0.000388786 0.00749387 -0.00527835 -0.00244389 0.0118249 -0.00817298 0.00447784 0.0136659 -0.0104374 -0.00582269 0.00562774 0.00713038 -0.00489527 0.0152431 -0.013402 0.00385646 -0.00860371 0.0095022 -0.0048736 0.00765219 -0.00152701 -0.00786684 -0.00298451 -0.00736739 -0.00913173 -0.0070028 5.53866e-05 0.00247801 0.0159982 -0.00236535
internal_weight=30608 13581 17027 8603 5575 8424 8006 4331 4982 3648 6409 4351 3442 3449 2275 1828 2031 2523 795 882 1457 2707 1181 1985 1314 454 4955 2058 3194 1617
internal_count=30608 13581 17027 8603 5575 8424 8006 4331 4982 3648 6409 4351 3442 3449 2275 1828 2031 2523 795 882 1457 2707 1181 1985 1314 454 4955 2058 3194 1617
cat_boundaries=0 1 2 3 4 5 6 7
cat_threshold=1699874 46161920 33562628 8974436 13254768 5600 25526802
is_linear=0
shrinkage=0.05


Tree=5
num_leaves=31
num_cat=7
split_feature=4 4 6 39 16 16 24 16 4 16 4 26 4 16 4 16 38 26 28 30 34 32 16 49 2 31 26 44 39 2
split_gain=489.173 81.7905 65.0017 36.5605 24.2879 20.4039 15.1894 13.7812 11.2207 14.5162 10.8576 12.0612 9.98888 9.19748 8.48052 7.5046 6.40873 5.68938 5.57446 5.44136 5.09523 4.82832 5.45798 4.69257 4.39428 4.38811 4.32754 4.31892 4.29886 4.274
threshold=0.58333333333333359 0.14166666666666669 0.65000000000000002 6.7500000000000009 0 1 4.9010488506984435 2 0.34166666666666673 3 0.041666666666666678 19.183333333333341 1.3583333333333336 4 0.81666666666666676 5 -1.3000000000000111 26.216666666666672 89.833333333333357 11.416666666666668 67.166666666666671 1021.9416666666668 6 9.3500000000000032 0.35000000000000003 0.20548046676563272 1.0166666666666671 71.500000000000014 5.5500000000000007 0.45000000000000007
decision_type=2 2 2 8 9 9 2 9 2 9 2 2 2 9 2 9 10 2 2 2 2 2 9 10 10 2 2 8 8 8
left_child=1 4 5 8 6 14 -1 18 9 -3 -6 21 -9 19 -2 28 -7 -18 -4 -5 -17 22 -12 -10 -16 -11 -27 -22 -8 -21
right_child=2 3 7 13 10 16 15 12 23 25 11 -13 -14 -15 24 20 17 -19 -20 29 27 -23 -24 -25 -26 26 -28 -29 -30 -31
leaf_value=-0.011606713947197658 0.0083365008564400492 -0.0079060448377192925 0.0094685241287872229 -0.0050077153227915949 -0.0077378089137906201 0.0088662758316937849 -0.0075109651435092076 0.017560085976619271 0.00023145538576156978 -0.0086195901112323618 -0.0077378089137906201 -4.0106392988933928e-05 0.057255444709893792 0.00021486163311847106 0.019490655203758041 -0.012510965590544043 0.0047641455432113709 -0.0013165609967326769 0.031232118019196203 -0.0041207169418768013 -0.003177762293689418 -0.0077378089137906201 -0.0027378092118138437 -0.0040413263144423233 0.024545247620078738 -0.0079459338976601134 0.00012676007586973903 -0.0086195588612342257 -0.0077378089137906201 0.0045635183769385333
leaf_weight=757 1109 860 586 672 2743 1110 96 947 487 107 543 1254 2040 6865 664 263 2454 416 610 373 402 163 763 679 903 80 460 410 1274 374
leaf_count=757 1109 860 586 672 2743 1110 96 947 487 107 543 1254 2040 6865 664 263 2454 416 610 373 402 163 763 679 903 80 460 410 1274 374
internal_value=0.000366005 -0.00434265 0.00889142 -0.00147165 -0.00797176 0.00582173 -0.0114411 0.0137757 -0.00655606 -0.00940548 -0.00590749 -0.00368147 0.0156234 0.000168998 0.00919549 -0.00955994 0.00352122 0.00228215 0.00895448 -0.00348121 -0.0127408 -0.00675584 -0.00574229 -0.00287282 0.0115979 -0.00353827 -0.00175893 -0.0108977 -0.00691979 -0.000568866
internal_weight=30464 19625 10839 10957 8668 6656 3202 4183 2673 1507 5466 2723 2987 8284 2676 2445 3980 2870 1196 1419 1075 1469 1306 1166 1567 647 540 812 1370 747
internal_count=30464 19625 10839 10957 8668 6656 3202 4183 2673 1507 5466 2723 2987 8284 2676 2445 3980 2870 1196 1419 1075 1469 1306 1166 1567 647 540 812 1370 747
cat_boundaries=0 1 2 3 4 5 6 7
cat_threshold=4780132 18186770 46161926 1634306 536612 573508 9830402
is_linear=0
shrinkage=0.05


Tree=6
num_leaves=31
num_cat=7
split_feature=4 4 4 39 16 16 30 16 4 16 4 26 4 16 16 4 13 28 16 33 34 54 42 28 26 44 31 26 39 37
split_gain=458.79 82.4201 57.5196 35.2151 24.4533 16.4351 15.1156 13.8561 12.2757 14.5162 11.0373 11.8165 10.387 9.12656 7.68196 6.3443 5.97264 5.08339 5.59837 5.03842 5.03384 4.93137 4.88743 4.60333 4.44336 4.42557 4.38811 4.32754 4.32161 4.16037
threshold=0.58333333333333359 0.14166666666666669 1.3583333333333336 6.7500000000000009 0 1 3.5416666666666674 2 0.34166666666666673 3 0.041666666666666678 19.183333333333341 0.78333333333333355 4 5 2.5166666666666675 0.017165697368537947 85.833333333333357 6 0.20548046676563933 67.166666666666671 0.8333333333333337 0.45000000000000007 92.833333333333357 15.34166666666667 71.500000000000014 0.20548046676563272 1.0166666666666671 5.5500000000000007 -0.91315444281795954
decision_type=2 2 2 8 9 9 2 9 2 9 2 2 2 9 9 2 2 2 9 2 2 2 10 2 2 8 2 2 8 2
left_child=1 4 7 8 6 23 -1 -2 9 -3 -6 -12 -9 -5 28 16 -7 18 22 24 -16 -14 -15 -4 -19 -22 -11 -28 -8 -26
right_child=2 3 5 13 10 15 14 12 -10 26 11 -13 21 17 20 -17 -18 19 -20 -21 25 -23 -24 -25 29 -27 27 -29 -30 -31
leaf_value=-0.011026378249837777 0.0043605366152464102 -0.0075107425958333279 0.0068264091874770533 -0.0040741459665117902 -0.0073509184681010897 0.028231847315540893 -0.007135416886333748 0.0074806134887998258 -0.0031914787909631372 -0.0081886106056707434 -0.0071240746978196772 -3.8101073339488758e-05 0.018882081688219123 -0.0045809584342498431 -0.011885417311016841 0.092431783459166431 0.037744348093381508 -0.002998552278568609 0.00041904126772693284 0.004772447155419632 -0.0030188741790049462 0.014684697341757131 0.0042321674560572842 0.03124379039142863 -0.0054858912267373716 -0.0081885809181725146 -0.0075486372027771063 0.00012042207207625112 -0.0073509184681010897 0.0087998672595470066
leaf_weight=756 2280 860 506 606 2743 1013 96 1795 1166 107 1469 1254 469 1806 263 1056 1264 633 2612 1736 402 2337 445 119 59 413 80 460 1272 387
leaf_count=756 2280 860 506 606 2743 1013 96 1795 1166 107 1469 1254 469 1806 263 1056 1264 633 2612 1736 402 2337 445 119 59 413 80 460 1272 387
internal_value=0.000242909 -0.00431718 0.00849932 -0.00143514 -0.00796022 0.0133018 -0.0114411 0.00573673 -0.00642512 -0.00940548 -0.00588923 -0.00364474 0.00731387 0.000175034 -0.00956625 0.0146944 0.0132515 0.000643852 -0.000334149 0.00233562 -0.0127746 0.00922989 -0.00215603 0.00555031 -0.000347512 -0.0109496 -0.00353827 -0.00175893 -0.00689355 0.00347456
internal_weight=30464 19625 10839 10957 8668 3958 3202 6881 2673 1507 5466 2723 4601 8284 2446 3333 2277 7678 4863 2815 1078 2806 2251 625 1079 815 647 540 1368 446
internal_count=30464 19625 10839 10957 8668 3958 3202 6881 2673 1507 5466 2723 4601 8284 2446 3333 2277 7678 4863 2815 1078 2806 2251 625 1079 815 647 540 1368 446
cat_boundaries=0 1 2 3 4 5 6 7
cat_threshold=4780132 46137344 46149668 1634306 536576 573508 50331750
is_linear=0
shrinkage=0.05


Tree=7
num_leaves=31
num_cat=8
split_feature=4 4 6 39 16 16 24 16 16 4 4 26 4 16 16 47 34 46 38 12 34 2 28 2 39 38 14 2 16 24
split_gain=437.173 67.2163 64.4823 35.2155 24.4533 15.8234 15.1894 12.524 11.3142 11.4675 11.0373 11.8165 9.88231 9.43046 7.5046 7.14022 6.51162 5.3262 5.25198 5.15256 5.09523 4.88311 4.8468 4.83282 4.29886 4.12998 4.08663 4.06419 4.05471 4.00016
threshold=0.51666666666666683 0.14166666666666669 0.65000000000000002 6.7500000000000009 0 1 4.9010488506984435 2 3 0.34166666666666673 0.041666666666666678 19.183333333333341 0.8583333333333335 4 5 24.050000000000004 96.416666666666671 0.75000000000000011 -1.2666666666665944 -0.64056958004474651 67.166666666666671 0.35000000000000003 89.833333333333357 1.0500000000000003 5.5500000000000007 0.53333333333335997 6 1.9500000000000002 7 9.3457173551659931
decision_type=2 2 2 8 9 9 2 9 9 2 2 2 2 9 9 8 2 10 10 2 2 10 2 10 8 10 1 10 9 2
left_child=1 4 5 8 6 12 -1 22 9 -3 -6 28 -2 17 24 21 -9 -5 -17 23 -16 29 -4 25 -8 -14 -24 -18 -12 -7
right_child=2 3 7 13 10 15 14 16 -10 -11 11 -13 19 -15 20 18 27 -19 -20 -21 -22 -23 26 -25 -26 -27 -28 -29 -30 -31
leaf_value=-0.010475059337345889 0.0071282234343446604 -0.0071352054660416614 0.0080388046490336828 -0.0040739043168330968 -0.0069833725446960346 0.00025321489792394514 -0.0067786460420170619 0.021697847958089867 -0.0036319495166528856 -0.0036796860591720494 -0.007006292840618821 -3.6196019672515845e-05 0.019427817787531127 0.0001766274632188661 -0.011291146445465999 0.0097815946167475916 0.031344631102964718 0.015736602171904136 -0.0014131910338576138 0.026971552062328097 -0.0072008208030827445 0.0073565992801912288 0.0062825263657515264 0.037021198356911943 -0.0069833725446960346 -0.0060692333576871762 0.034254014052784956 0.067344626125976872 -0.0027447149865298479 0.011205727432779845
leaf_weight=757 1507 791 586 947 2743 927 96 1074 1109 509 462 1254 229 6508 263 430 1338 48 1069 822 812 1947 144 162 1274 81 466 575 1007 527
leaf_count=757 1507 791 586 947 2743 927 96 1074 1109 509 462 1254 229 6508 263 430 1338 48 1069 822 812 1947 144 162 1274 81 466 575 1007 527
internal_value=4.59557e-05 -0.00474432 0.00753528 -0.00193198 -0.00796022 0.00482074 -0.0114411 0.0125326 -0.00719148 -0.0103427 -0.00588923 -0.00364474 0.00781722 -0.000243233 -0.00955994 0.00308548 0.0142888 -0.00475077 0.000216797 0.0110502 -0.0127408 0.00435888 0.00795954 0.00688413 -0.00691979 0.00322477 0.0111457 0.0160865 -0.00668777 0.00216629
internal_weight=30464 18580 11884 9912 8668 7701 3202 4183 2409 1300 5466 2723 2801 7503 2445 4900 2987 995 1499 1294 1075 3401 1196 472 1370 310 610 1913 1469 1454
internal_count=30464 18580 11884 9912 8668 7701 3202 4183 2409 1300 5466 2723 2801 7503 2445 4900 2987 995 1499 1294 1075 3401 1196 472 1370 310 610 1913 1469 1454
cat_boundaries=0 1 2 3 4 5 6 7 8
cat_threshold=4780132 18186768 46161926 1634304 536608 573508 328 9568258
is_linear=0
shrinkage=0.05


Tree=8
num_leaves=31
num_cat=7
split_feature=4 4 4 39 16 16 30 4 16 16 4 4 16 32 4 26 14 51 48 54 4 16 55 23 12 32 49 29 37 39
split_gain=407.692 74.0556 50.7234 41.545 22.3943 18.7695 14.244 11.5009 11.3827 9.56436 9.1094 7.96956 7.41632 6.88279 6.06557 5.68363 5.34372 5.15153 5.14055 5.05959 4.67607 5.09063 4.59632 4.3923 4.28088 4.19999 4.53318 4.46738 3.91054 3.86498
threshold=0.44166666666666676 0.98333333333333361 0.083333333333333356 6.7500000000000009 0 1 15.04166666666667 1.8166666666666669 2 3 0.34166666666666673 0.041666666666666678 4 1023.8583333333335 0.7166666666666669 15.641666666666669 5 -0.20000000000000059 63.500000000000007 4.4416666666666673 0.18333333333333338 6 15.833333333333337 0.79472767038868242 0.78409092058139029 1015.5166666666668 4.5000000000000009 8.3599336977244487 0.25133187717258265 28.750000000000004
decision_type=2 2 2 8 9 9 2 2 9 9 2 2 9 2 2 2 1 10 8 2 2 9 2 2 2 2 10 2 2 10
left_child=2 9 6 5 23 13 12 19 15 -2 28 22 -1 -4 -11 -5 -17 -15 -9 -6 25 -22 -8 -3 -16 26 -10 -27 -7 -14
right_child=1 4 3 8 7 10 11 18 20 14 -12 -13 29 17 24 16 -18 -19 -20 -21 21 -23 -24 -25 -26 27 -28 -29 -30 -31
leaf_value=-0.010059837501080466 0.002140363209693455 0.027168838697029265 0.00045482779551487553 -0.0065676127523582239 0.017657938775378034 -0.006778445192739577 -0.0021217041864271926 0.043110180608211771 0.0056624127897504477 0.0042988642076769393 -0.003495701756213446 -0.0032114861864349976 -0.006634203917461232 -0.011554731715253418 0.011658414121083338 0.003209850952775717 -0.0079771548768023028 -0.0027906042970687692 0.060557812885995571 -0.00064283570717970642 -0.00053687334232004893 0.0035780970350973666 -0.006634203917461232 0.0068445701970048902 0.016920301926454884 -0.005717452272997259 -0.0036470577329774075 0.0035926392567737333 -0.0069991358998649882 0.0081157966934863775
leaf_weight=647 3988 65 562 675 3011 969 351 470 314 1940 424 700 3346 53 925 268 201 49 1575 122 2362 2184 1176 1033 223 469 1724 85 506 47
leaf_count=647 3988 65 562 675 3011 969 351 470 314 1940 424 700 3346 53 925 268 201 49 1575 122 2362 2184 1176 1033 223 469 1724 85 506 47
internal_value=-9.84766e-06 0.0065383 -0.00511918 -0.00304976 0.0104922 -0.00861262 -0.0087002 0.0118637 -0.00132817 0.00303133 -0.0111178 -0.0054892 -0.01047 -0.00126094 0.00511604 -0.00593536 -0.00175869 -0.0132223 0.0148037 0.00998213 -0.000580574 0.000384945 -0.00751424 0.00388052 0.00801324 -0.00227615 -0.00122663 -0.00613608 -0.013033 -0.00942523
internal_weight=30464 13352 17112 10845 6276 2563 6267 5178 8282 7076 1899 2227 4040 664 3088 1144 469 102 2045 3133 7138 4546 1527 1098 1148 2592 2038 554 1475 3393
internal_count=30464 13352 17112 10845 6276 2563 6267 5178 8282 7076 1899 2227 4040 664 3088 1144 469 102 2045 3133 7138 4546 1527 1098 1148 2592 2038 554 1475 3393
cat_boundaries=0 1 2 3 4 5 6 7
cat_threshold=46145536 17173012 536608 34109542 12320 3490 46202950
is_linear=0
shrinkage=0.05


Tree=9
num_leaves=31
num_cat=7
split_feature=4 4 4 39 30 16 4 16 16 4 16 16 32 23 34 2 14 49 16 4 32 30 2 4 31 28 26 2 28 46
split_gain=381.697 69.3906 44.0146 30.6524 21.4995 13.2014 12.7423 14.5162 12.4907 12.0069 11.402 7.49905 6.33837 6.09863 6.07701 5.28804 5.27208 5.1734 4.93541 4.73451 4.62644 5.6152 4.41441 4.39966 4.38811 4.35336 4.32754 4.30731 4.29694 4.21747
threshold=0.58333333333333359 0.14166666666666669 1.3583333333333336 6.7500000000000009 15.258333333333335 0 0.34166666666666673 1 2 0.041666666666666678 3 4 1024.1583333333335 2.4877262166456213 94.166666666666671 0.35000000000000003 5 9.3500000000000032 6 0.35833333333333339 1009.9416666666668 5.5416666666666687 1.9500000000000002 0.083333333333333356 0.20548046676563272 84.166666666666671 1.0166666666666671 0.75000000000000011 92.833333333333357 0.8500000000000002
decision_type=2 2 2 8 2 9 2 9 9 2 9 9 2 2 2 10 1 10 9 2 2 2 10 2 2 2 2 10 2 10
left_child=1 4 10 6 8 28 7 -3 16 25 27 -5 23 15 -7 -12 -1 -8 -11 29 21 -18 -16 -10 -9 -6 -26 -2 -4 -13
right_child=2 3 5 11 9 14 17 24 12 18 13 19 -14 -15 22 -17 20 -19 -20 -21 -22 -23 -24 -25 26 -27 -28 -29 -30 -31
leaf_value=-0.0063024937215881704 0.010851470190575974 -0.0064395229331025983 0.0053479504745458459 -0.0035964898826894606 -0.0063024937215881704 0.021323210674613121 0.00041636470740343548 -0.0072586603399175838 -0.0063024937215881704 -0.0071217054779041311 0.0037474186223113329 -0.00050152205264997749 -0.006525768788010553 0.0020442294832359875 0.033407002194795289 0.0086969435506739218 -0.0094483144954245705 -0.003396661310832111 -0.00023380373816550283 0.0036232156171424473 -0.0096195961746055325 -0.0062557369843182012 0.057623199045198276 -0.0028540662269280637 -0.0066396510718123554 -0.0020156189771058318 0.00027325705452934111 0.014813426537105295 0.029025246043719373 0.0060472368815719466
leaf_weight=667 1513 860 506 606 1144 731 487 107 2335 150 1189 4304 195 1824 1620 1460 382 679 1336 3008 948 284 982 880 80 347 460 895 119 366
leaf_count=667 1513 860 506 606 1144 731 487 107 2335 150 1189 4304 195 1824 1620 1460 382 679 1336 3008 948 284 982 880 80 347 460 895 119 366
internal_value=-0.000198594 -0.00435794 0.00733225 -0.0017135 -0.00770065 0.0115333 -0.00636901 -0.00940548 -0.00950168 -0.0042575 0.00491564 -0.000211248 -0.00749978 0.00339609 0.0127801 0.00493564 -0.0124067 -0.00244404 -0.00107664 0.000214617 -0.0140693 -0.0109593 0.0139503 -0.00699045 -0.00353827 -0.0074274 -0.00175893 0.00769199 0.00460557 -0.000781568
internal_weight=30464 19625 10839 10957 8668 3958 2673 1507 5691 2977 6881 8284 3410 4473 3333 2649 2281 1166 1486 7678 1614 666 2602 3215 647 1491 540 2408 625 4670
internal_count=30464 19625 10839 10957 8668 3958 2673 1507 5691 2977 6881 8284 3410 4473 3333 2649 2281 1166 1486 7678 1614 666 2602 3215 647 1491 540 2408 625 4670
cat_boundaries=0 1 2 3 4 5 6 7
cat_threshold=46137344 1634306 8958052 18186768 536576 736 4194340
is_linear=0
shrinkage=0.05


Tree=10
num_leaves=31
num_cat=7
split_feature=4 6 5 16 24 4 6 16 30 16 32 16 4 46 34 39 34 38 16 51 18 16 49 24 32 37 2 14 19 45
split_gain=368.271 62.7723 42.8697 20.2882 15.3213 16.3803 14.9108 14.7037 13.1416 11.3458 10.4026 9.62984 5.55159 5.44943 5.40784 5.36256 4.98908 4.44274 4.43203 4.4477 4.42183 4.41887 4.3419 4.17036 4.11094 4.10609 4.32799 3.95864 4.43752 3.8904
threshold=0.44166666666666676 0.55000000000000016 0.094280904158206405 0 4.0395379898082178 0.041666666666666678 1.5500000000000003 1 9.6166666666666689 2 1015.8166666666668 3 0.78333333333333355 0.8500000000000002 91.166666666666671 7.0500000000000007 96.416666666666671 -1.6999999999998747 4 5.0000000000000036 13.9214 5 2.1000000000000005 3.6702032913940927 1013.6416666666668 0.72436056753218925 1.0000000180025095e-35 6 82.000000000000014 35.45000000000001
decision_type=2 2 2 9 2 2 2 9 2 9 2 9 2 10 2 10 2 10 9 10 2 9 10 2 2 2 8 1 2 8
left_child=2 7 4 8 -1 24 9 14 23 -3 11 15 29 17 -2 -7 -11 -5 19 -19 -17 -8 -20 -4 -6 26 -10 -26 -29 -9
right_child=1 6 3 13 5 10 21 12 25 16 -12 -13 -14 -15 -16 20 -18 18 22 -21 -22 -23 -24 -25 27 -27 -28 28 -30 -31
leaf_value=-0.0064606440870299819 0.0067652002663165295 0.0069148841170824926 -0.0059493108625187979 0.0049141065833981819 -0.0059873690355087611 -0.0061636858497410522 0.025634532624945562 0.0010059184603424588 -0.0050217367068650584 0.014685022224631217 -0.0055011566680365446 -0.001460644385053206 0.0067837459850641161 0.0057448750374933496 0.015634233036246486 -0.0064373046732598251 0.022076628542369598 0.0012624683671614346 0.0050033444560015133 0.030030035258306765 -0.00098736933353198446 0.074574165352995658 -0.0040017974033824599 -0.0050929004722789608 -0.005976205282187644 0.0050328685674830972 -0.00020943434597449074 -0.0097426174394083971 -0.0059873690355087611 0.022002294489344931
leaf_weight=1116 771 980 360 462 2208 256 124 3752 354 1256 1097 1979 2280 462 1462 329 1858 586 261 29 409 896 2964 1656 525 200 749 736 394 49
leaf_count=1116 771 980 360 462 2208 256 124 3752 354 1256 1097 1979 2280 462 1462 329 1858 586 261 29 409 896 2964 1656 525 200 749 736 394 49
internal_value=-0.000283049 0.0059167 -0.00514239 -0.00249595 -0.00750627 -0.00673444 0.0102755 0.00323547 -0.00548947 0.00892748 -0.00452077 -0.0029851 0.00194957 -0.000397981 0.00669832 -0.00697142 0.010403 -0.000953023 -0.00151038 0.00235962 -0.00487739 0.0156847 -0.00224877 -0.00803532 -0.00906655 -0.00159236 -0.0027876 -0.010951 -0.0126743 0.000782668
internal_weight=30560 13428 17132 8083 9049 7933 5114 8314 3319 4094 4070 2973 6081 4764 2233 994 3114 4302 3840 615 738 1020 3225 2016 3863 1303 1103 1655 1130 3801
internal_count=30560 13428 17132 8083 9049 7933 5114 8314 3319 4094 4070 2973 6081 4764 2233 994 3114 4302 3840 615 738 1020 3225 2016 3863 1303 1103 1655 1130 3801
cat_boundaries=0 1 2 3 4 5 6 7
cat_threshold=1699938 17105424 46276612 5959682 528 37797888 556
is_linear=0
shrinkage=0.05


Tree=11
num_leaves=31
num_cat=6
split_feature=4 4 5 16 23 24 4 24 6 32 16 16 16 39 6 13 32 32 38 47 46 32 35 51 34 14 32 7 18 14
split_gain=338.933 60.1483 43.9723 20.1581 17.3827 16.008 16.8774 13.4172 12.3699 10.5797 8.86138 8.62688 7.74777 5.72505 5.36087 5.25203 5.2459 5.194 5.09077 4.55894 5.02056 4.75973 4.47966 4.31712 4.12058 4.11657 3.77871 3.6868 3.57071 3.55486
threshold=0.44166666666666676 0.98333333333333361 0.094280904158206405 0 2.8816247650988793 4.0395379898082178 0.041666666666666678 5.2821907680998441 2.2500000000000004 1015.8166666666668 1 2 3 7.0500000000000007 0.35000000000000003 0.79980977965991062 1020.0416666666669 1023.5833333333334 -2.9999999999999427 28.050000000000004 2.0500000000000003 1014.0166666666668 10.016638981097472 -0.59999999999999598 83.833333333333357 4 1013.6416666666668 0.75000000000000011 13.9214 5
decision_type=2 2 2 9 2 2 2 2 2 2 9 9 9 10 2 2 2 2 10 10 10 2 2 10 2 1 2 2 2 1
left_child=2 10 5 7 8 -1 26 -4 12 11 22 13 18 -8 -12 16 -9 19 -3 21 25 -5 27 -19 -18 -21 -7 -2 -15 -28
right_child=1 4 3 17 -6 6 9 15 -10 -11 14 -13 -14 28 -16 -17 24 23 -20 20 -22 -23 -24 -25 -26 -27 29 -29 -30 -31
leaf_value=-0.0061376118826784844 0.00022438854920781015 0.037477554710041799 -0.0058290281439283831 0.0022062479802675964 0.007365320884834492 -0.0056880005837333216 -0.0058555015572540007 -0.0013630718321610447 0.096336291762214962 -0.0052260988346347183 0.00032914403750411436 -0.0013876121658005448 0.013940245229765492 -0.0061154394395968349 0.0037968378947029705 -0.005909040826127105 -0.0091598041150073705 -0.010306301593591711 0.025924369054477953 -0.0093456069336385981 0.0093388482471086724 -0.0013492578274620526 0.0041252287553599776 -0.0024508479036276067 -0.0023422988033573568 -0.0036953310128816697 -0.0056773950180782629 0.010437506875000547 -0.00093800086685538471 -0.0085344693800248096
leaf_weight=1116 185 407 1122 2548 1107 2208 256 1761 427 1097 3317 1979 1609 329 1805 219 110 63 2733 270 51 1125 673 75 107 632 525 1165 409 1130
leaf_count=1116 185 407 1122 2548 1107 2208 256 1761 427 1097 3317 1979 1609 329 1805 219 110 63 2733 270 51 1125 673 75 107 632 525 1165 409 1130
internal_value=-0.00032886 0.00561881 -0.00499063 -0.00231038 0.00918734 -0.00738471 -0.00659578 -0.00529422 0.0104036 -0.00434879 0.00248072 -0.00280011 0.00967025 -0.00657305 0.00136396 -0.0030381 -0.00222436 -0.000219937 0.0111425 6.48494e-05 -0.00301647 0.000864392 0.0052752 -0.00977552 -0.00955781 -0.00387984 -0.00896301 0.00696245 -0.0044032 -0.0107697
internal_weight=30560 13428 17132 8083 6283 9049 7933 3319 5176 4070 7145 2973 4749 994 5122 2197 1978 4764 3140 4626 953 3673 2023 138 217 902 3863 1350 738 1655
internal_count=30560 13428 17132 8083 6283 9049 7933 3319 5176 4070 7145 2973 4749 994 5122 2197 1978 4764 3140 4626 953 3673 2023 138 217 902 3863 1350 738 1655
cat_boundaries=0 1 2 3 4 5 6
cat_threshold=1699938 17138192 5959682 18192976 6288 556
is_linear=0
shrinkage=0.05


Tree=12
num_leaves=31
num_cat=6
split_feature=4 4 4 39 16 16 16 4 32 23 16 4 37 4 16 36 32 32 24 34 32 4 49 49 16 45 34 32 12 38
split_gain=309.528 54.6855 42.4442 38.3058 16.5057 16.3589 10.8905 9.55534 8.97848 8.86071 7.22043 5.81179 5.36772 5.34836 9.06459 5.32086 5.28163 5.02563 4.90185 4.58646 4.51227 4.43956 4.42733 4.34781 4.23625 4.12607 3.9604 3.79217 3.68016 3.58732
threshold=0.44166666666666676 0.95833333333333337 0.083333333333333356 6.6500000000000012 0 1 2 2.683333333333334 1017.7166666666668 1.6031743256926974 3 0.34166666666666673 0.86338492228177266 0.041666666666666678 4 -0.81378214257520065 1023.8583333333335 1020.7166666666668 11.395950373576857 78.583333333333357 1017.7166666666668 0.18333333333333338 3.8500000000000005 17.150000000000002 5 7.5000000000000009 97.166666666666671 1017.7166666666668 0.19613531578169985 -2.0999999999999654
decision_type=2 2 2 8 9 9 9 2 2 2 9 2 2 2 9 2 2 2 2 2 2 2 10 10 9 10 2 2 2 10
left_child=2 10 8 5 7 11 18 19 13 25 17 -4 -12 -1 -15 -8 24 -2 28 -3 -20 22 27 -10 -7 -6 -11 -17 -5 -21
right_child=1 4 3 6 9 16 15 -9 23 26 12 -13 -14 14 -16 21 -18 -19 20 29 -22 -23 -24 -25 -26 -27 -28 -29 -30 -31
leaf_value=-0.0054036005545466566 0.00093708629459026143 0.0016491379803705798 -0.0055678921763052782 -0.0032119428454524647 0.0083251609331864134 -0.0049194652565978554 -0.0043123917225500524 0.086814519971943435 -0.0054612024340931348 0.0012574045636657427 0.0039314094398507698 -0.0025714676799121873 0.0086313152701121953 -0.0057593546826224936 -0.0013182315575105187 0.0056546276789493479 -0.006404008019380159 -0.0068049398887987727 0.0046888611933148146 0.029717107604193094 -0.0080969020060855882 0.00038341051698932986 -0.0032943396948176568 -0.0089946182210876059 0.00017730759606746917 0.025606699014557973 0.01084884625937272 -0.0060175402763032061 -0.0066343083144849244 0.020398835824829098
leaf_weight=3164 2530 150 1017 616 360 507 978 695 1221 849 4013 319 339 564 1045 319 115 84 145 633 26 3953 1928 288 535 738 619 40 352 2418
leaf_count=3164 2530 150 1017 616 360 507 978 695 1221 849 4013 319 339 564 1045 319 115 84 145 633 26 3953 1928 288 535 738 619 40 352 2418
internal_value=-0.000392669 0.00529114 -0.00484763 -0.00295389 0.00860401 -0.00839317 -0.0013312 0.0106628 -0.0081183 0.00541516 0.00221788 -0.0121462 0.00346164 -0.00705516 -0.0047076 -0.000608735 -0.00391997 0.000133379 -0.00585241 0.00953578 0.00189947 -7.21142e-05 -0.00182546 -0.0114804 -0.00283082 0.00883344 0.0028949 0.00327207 -0.00728231 0.00995543
internal_weight=30560 13428 17132 10850 6462 2493 8357 3896 6282 2566 6966 1336 4352 4773 1609 7218 1157 2614 1139 3201 171 6240 2287 1509 1042 1098 1468 359 968 3051
internal_count=30560 13428 17132 10850 6462 2493 8357 3896 6282 2566 6966 1336 4352 4773 1609 7218 1157 2614 1139 3201 171 6240 2287 1509 1042 1098 1468 359 968 3051
cat_boundaries=0 1 2 3 4 5 6
cat_threshold=18188912 1634304 536608 42479684 5435398 65602
is_linear=0
shrinkage=0.05


Tree=13
num_leaves=31
num_cat=7
split_feature=4 4 26 4 16 16 24 4 16 16 4 16 23 38 32 43 16 28 37 2 26 32 31 4 4 32 14 47 3 44
split_gain=273.75 48.4947 32.8028 30.9839 17.8089 12.6185 10.6646 10.4997 9.94724 9.31037 8.7304 11.3287 7.46936 6.75763 6.08893 5.39925 4.88166 4.87618 4.6376 4.55522 4.44681 4.32322 4.31408 5.3066 4.23653 4.1619 3.98821 3.84374 3.99531 3.78515
threshold=0.58333333333333359 0.14166666666666669 10.41666666666667 1.2833333333333337 0 1 4.0395379898082178 0.34166666666666673 2 3 0.041666666666666678 4 1.620607744358334 -1.6000000000000794 1021.7583333333333 5.4500000000000011 5 85.833333333333357 -0.010862555259634289 0.75000000000000011 13.71666666666667 1020.8833333333336 1.3500000000000005 0.058333333333333341 2.0166666666666671 1014.9166666666669 6 1.9500000000000002 0.65000000000000002 93.500000000000014
decision_type=2 2 2 2 9 9 2 2 9 9 2 9 2 10 2 10 9 2 2 10 2 2 2 2 2 2 1 8 2 8
left_child=1 6 4 9 18 13 -1 15 21 25 16 22 -7 24 26 -6 -8 -10 -3 -11 -19 -4 -12 -24 -5 -2 -13 -15 -29 -20
right_child=3 2 8 5 7 12 10 -9 17 19 11 14 -14 27 -16 -17 -18 20 29 -21 -22 -23 23 -25 -26 -27 -28 28 -30 -31
leaf_value=-0.0080589726563354558 0.0033745856202564597 0.0006318380964219606 0.0047447683662101394 0.02922605318996839 -0.0052912766571559279 0.019946118673607727 -0.0048004545728324412 -0.0022702255245897781 -0.0025997496363203256 0.006103589357885803 -0.0055147444063084533 0.00011777332682230414 0.0057178411140049682 0.057245601778968619 -0.0054012212050929265 -0.0042431445320831101 -0.0051334205268193239 -0.0025797067869849089 -0.0042377765395962474 0.010128532326333806 0.0044417726915165412 -0.0049997963172084096 -0.0055196501103980449 0.0026323851724188996 0.076084976804690008 -0.0027951656633768808 -0.0035793518754752246 0.0061729799397059254 0.03253305875211724 0.0018937786788668311
leaf_weight=823 2007 916 2199 396 830 804 799 1045 2955 2503 1155 1100 848 79 150 537 3064 364 577 1622 1282 76 52 125 451 425 1426 231 1556 163
leaf_count=823 2007 916 2199 396 830 804 799 1045 2955 2503 1155 1100 848 79 150 537 3064 364 577 1622 1282 76 52 125 451 425 1426 231 1556 163
internal_value=-0.000325588 -0.00385475 -0.00164015 0.0060199 -0.00519899 0.00928387 -0.00664244 -0.00792701 0.00046538 0.00384698 -0.00607602 -0.00444101 0.00571566 0.0113933 -0.00253155 -0.0108441 -0.00777226 -0.000872894 -0.0011704 0.00529008 0.00130612 0.00316179 -0.00819611 -0.000988142 0.0151399 0.00137177 -0.00195954 0.00975296 0.0092748 -0.00412106
internal_weight=30560 19638 10944 10922 4068 4365 8694 2412 6876 6557 7871 4008 1652 2713 2676 1367 3863 4601 1656 4125 1646 2275 1332 177 847 2432 2526 1866 1787 740
internal_count=30560 19638 10944 10922 4068 4365 8694 2412 6876 6557 7871 4008 1652 2713 2676 1367 3863 4601 1656 4125 1646 2275 1332 177 847 2432 2526 1866 1787 740
cat_boundaries=0 1 2 3 4 5 6 7
cat_threshold=21105236 18287216 1557008 46686244 5419046 1786370 1736
is_linear=0
shrinkage=0.05


Tree=14
num_leaves=31
num_cat=6
split_feature=4 4 6 39 16 16 30 32 4 16 4 16 38 30 4 32 16 48 2 38 37 2 32 40 4 48 32 2 16 29
split_gain=225.613 30.6199 30.1912 17.4522 14.0457 13.9233 9.2106 7.6708 7.30592 7.19885 6.66039 6.28579 5.71407 5.59579 4.95961 4.91605 5.45279 4.76096 5.87087 4.6889 4.45229 6.49583 5.45172 4.87903 4.30518 4.25036 4.19282 4.10505 4.01456 3.91286
threshold=0.58333333333333359 0.18333333333333338 0.95000000000000007 6.7500000000000009 0 1 3.5416666666666674 1023.3166666666668 2.6583333333333337 2 1.1166666666666669 3 -1.3416666666666968 14.71666666666667 0.38000000000000006 1014.1166666666668 4 76.500000000000014 1.1500000000000001 0.13333333333326894 -0.48458959842730837 0.35000000000000003 1010.9833333333335 46.500000000000007 0.31666666666666671 78.500000000000014 989.04166666666674 0.8500000000000002 5 1.7926456271808611
decision_type=2 2 2 8 9 9 2 2 2 9 2 9 10 2 2 2 9 10 8 10 2 8 2 10 2 10 2 10 9 2
left_child=1 5 4 11 10 6 -1 20 13 17 -2 14 -6 28 -3 19 -17 24 -19 -8 22 23 -7 -22 -5 -23 -14 -28 -4 -29
right_child=2 3 8 9 12 7 15 -9 -10 -11 -12 -13 26 -15 -16 16 -18 18 -20 -21 21 25 -24 -25 -26 -27 27 29 -30 -31
leaf_value=-0.0078210137040817147 0.0064096476787456674 -0.0049446755462889879 0.0053588562598055533 -0.0046539614228677337 0.0075168645136224239 -0.0037240316442239104 -0.0017743845706390191 -0.0051311601448382821 0.07482029029608285 0.0015664765055696944 0.020867047074521521 -0.0010563835033720298 -0.010470506989631307 0.010785078327167337 -0.0023200819923137107 -0.0040350762855265428 -0.0081351622438546583 -0.0020768103455814507 0.0068046362989938082 -0.0054079875935816746 0.00053478735432182796 -0.0032643697178316084 -0.0048793678826749669 -0.0046843275764792362 -0.00065415300978022284 0.0011612254059537683 -0.00093520412480979089 0.025163147038266487 0.026860153694641509 0.0023337712024998265
leaf_weight=734 3069 751 158 787 1060 1468 732 281 850 3998 1718 1046 41 485 557 313 888 790 620 452 158 790 1220 2368 963 722 1753 157 1021 610
leaf_count=734 3069 751 158 787 1060 1468 732 281 850 3998 1718 1046 41 485 557 313 888 790 620 452 158 790 1220 2368 963 722 1753 157 1021 610
internal_value=-4.74475e-05 -0.00325133 0.00571319 -0.00121424 0.00427564 -0.00516487 -0.00794957 -0.00390831 0.0105207 1.39702e-05 0.00605053 -0.00494881 0.00190714 0.00859323 -0.00724528 -0.00646723 -0.00872117 -0.00176651 0.000390043 -0.00418039 -0.00357562 -0.00252594 -0.00515234 -0.00407743 -0.00351408 6.61332e-05 0.000634493 0.000892822 0.0104529 0.00394342
internal_weight=30560 19638 10922 9512 8408 10126 3119 7007 2514 7158 4787 2354 3621 1664 1308 2385 1201 3160 1410 1184 6726 4038 2688 2526 1750 1512 2561 2520 1179 767
internal_count=30560 19638 10922 9512 8408 10126 3119 7007 2514 7158 4787 2354 3621 1664 1308 2385 1201 3160 1410 1184 6726 4038 2688 2526 1750 1512 2561 2520 1179 767
cat_boundaries=0 1 2 3 4 5 6
cat_threshold=18188882 4780068 34091110 1634304 573440 131076
is_linear=0
shrinkage=0.05


Tree=15
num_leaves=31
num_cat=9
split_feature=4 4 16 24 4 4 3 16 14 7 16 16 32 37 34 38 16 14 31 16 38 28 4 38 39 17 5 31 28 16
split_gain=190.106 38.5467 24.9895 15.9755 12.1414 10.2206 10.0495 8.25161 6.54181 6.33341 6.16471 5.74934 5.30513 5.74416 5.22745 5.1188 5.45709 5.09478 4.67001 4.59812 4.48708 4.38265 4.05448 4.03576 3.90394 3.89026 3.87154 4.20582 4.67454 4.19009
threshold=0.48333333333333345 2.058333333333334 0 5.1689536532568718 0.98333333333333361 0.14166666666666669 1.0000000180025095e-35 1 2 0.35000000000000003 3 4 1015.8166666666668 -0.73229148026970692 60.166666666666679 -1.0666666666664921 5 6 0.7386138800877895 7 -2.0500000000000109 92.166666666666671 0.15833333333333335 -0.40000000000014774 7.4500000000000011 49.053130000000003 0.65743120962686408 0.30912061651652373 84.416666666666671 8
decision_type=2 2 9 2 2 2 2 9 1 2 9 9 2 2 2 8 9 1 2 9 10 2 2 10 10 2 2 2 2 9
left_child=2 4 3 9 11 12 14 -6 19 -1 20 -2 -4 -14 -5 25 22 18 21 -7 -3 -8 -17 -12 -19 -10 27 28 -9 -30
right_child=1 10 5 6 7 8 17 26 15 -11 23 -13 13 -15 -16 16 -18 24 -20 -21 -22 -23 -24 -25 -26 -27 -28 -29 29 -31
leaf_value=-0.0072703624484833588 0.00091578239008778821 0.073072122498951814 -0.0034356390794488046 -0.0081219977024571208 0.0054992537963471453 -0.0017399678514187389 -0.0052763499350614368 -0.0078614393505970943 0.0045998690551710911 -0.0043086224537947611 0.034284485953782411 0.0051427846939817836 -0.0062441964736873528 -0.0043262154653668566 -0.0048746143072889263 -0.0071309746807501802 -0.0045524806863681188 -0.0047869798426840651 -0.00041724536040403383 0.0045736788934501614 0.05106740858142296 0.00033778891779593371 0.00088040100533862413 0.0075469265415387512 -5.9334326250484742e-05 -0.0025283137056273581 0.012661411496062425 0.016673221230013646 0.018471038771241285 0.0084435776953709126
leaf_weight=1348 3601 335 3987 424 1416 581 637 46 656 1037 456 2799 293 1090 1086 51 1504 236 413 1515 828 124 767 280 1899 262 1320 995 220 407
leaf_count=1348 3601 335 3987 424 1416 581 637 46 656 1037 456 2799 293 1090 1086 51 1504 236 413 1515 828 124 767 280 1899 262 1320 995 220 407
internal_value=7.34979e-06 0.00468586 -0.00331098 -0.00558628 0.00353107 -0.00177303 -0.00393746 0.00555165 -0.000224883 -0.00894092 0.0112553 0.00214059 -0.00331465 -0.00598294 -0.0073174 -0.00163072 -0.00288532 -0.00239491 -0.00502491 0.00194673 0.0135751 -0.00739062 0.000422654 0.00730465 -0.000920703 0.00152489 0.00703779 0.00866255 0.00560838 0.00673736
internal_weight=30613 12703 17910 7204 10804 10706 4819 4404 5336 2385 1899 6400 5370 1383 1510 3240 2322 3309 1174 2096 1163 761 818 736 2135 918 2988 1668 673 627
internal_count=30613 12703 17910 7204 10804 10706 4819 4404 5336 2385 1899 6400 5370 1383 1510 3240 2322 3309 1174 2096 1163 761 818 736 2135 918 2988 1668 673 627
cat_boundaries=0 1 2 3 4 5 6 7 8 9
cat_threshold=5828708 46669830 866 18303058 34109542 2576 4646 8652800 17829984
is_linear=0
shrinkage=0.05


Tree=16
num_leaves=31
num_cat=6
split_feature=4 4 16 26 4 4 24 4 32 16 7 32 54 24 47 13 16 16 36 16 37 45 55 16 31 47 31 9 52 23
split_gain=168.913 34.6412 24.2988 12.2148 11.0925 11.0694 9.08519 6.98594 7.90189 6.82068 6.10602 5.82323 5.66272 5.57193 4.78273 4.76651 4.64376 4.55169 4.44203 4.27545 4.26996 4.10909 3.92542 3.88999 3.82143 4.24648 3.68155 3.63242 3.58247 3.58048
threshold=0.48333333333333345 2.0833333333333339 0 1.0166666666666671 0.18333333333333338 0.91666666666666674 4.0805921140047454 0.083333333333333356 1011.4166666666669 1 0.35000000000000003 1015.8166666666668 2.1000000000000023 9.7884469035109856 20.050000000000004 0.4239143907098607 2 3 -0.9793795751206521 4 -0.57383803962770685 7.3000000000000016 49.583333333333336 5 0.30456030825826186 2.6500000000000008 0.2494438257849296 6.5000000000000009 -28.499999999999996 0.65127322097453977
decision_type=2 2 9 2 2 2 2 2 2 9 2 2 2 2 8 2 9 9 2 9 2 8 2 9 2 10 2 2 10 2
left_child=2 5 6 29 11 16 10 8 -8 14 -1 17 -3 18 -7 -12 24 22 -9 -6 27 -19 -5 -16 -2 -26 28 -13 -21 -4
right_child=1 12 3 4 19 9 7 13 -10 -11 15 20 -14 -15 23 -17 -18 21 -20 26 -22 -23 -24 -25 25 -27 -28 -29 -30 -31
leaf_value=-0.0070631090029684047 0.0042237698957303454 0.047169937797837458 0.00059329422310762381 -0.0044707511676819554 0.0033686178061899221 0.013660005065216918 -0.004364957242298329 -0.0049551057388562527 -0.0074861739530755235 0.0070678336646082035 0.00067676159089539176 -0.0020260914067640732 0.017334653906419285 0.0006691599933739107 0.031463279715917281 -0.0043287553787595221 0.0036801048128647486 0.00053096775186741167 -0.0032404445903279054 0.021177688699948488 -0.0040904097290398655 -0.0033018704084812863 0.00053833651627315513 -0.00040873532276747282 -0.0039373513791605584 -0.0002705199991507812 -0.00024282783245471176 -0.0054469151328480868 -0.0042562538874778514 -0.0046879899982757677
leaf_weight=431 510 1509 67 1851 1892 1651 439 110 856 2753 56 112 349 621 184 230 3776 987 1506 24 1366 2553 179 359 174 1438 2953 472 661 544
leaf_count=431 510 1509 67 1851 1892 1651 439 110 856 2753 56 112 349 621 184 230 3776 987 1506 24 1366 2553 179 359 174 1438 2953 472 661 544
internal_value=-3.51157e-05 0.00437492 -0.00316302 -0.00213041 -0.00180842 0.00329411 -0.00646263 -0.00543586 -0.00835843 0.00503831 -0.0116093 -0.00305847 0.010683 -0.00374369 0.00712309 -0.00594198 0.0018311 -0.00223515 -0.00529051 -0.000108497 -0.00540998 -0.00114081 -0.00411745 0.00308415 -4.69021e-05 -0.00124062 -0.00111017 -0.00898819 -0.00441541 -0.00904107
internal_weight=30613 12703 17910 13661 13050 10845 4249 3532 1295 4947 717 7520 1858 2237 2194 286 5898 5570 1616 5530 1950 3540 2030 543 2122 1612 3638 584 685 611
internal_count=30613 12703 17910 13661 13050 10845 4249 3532 1295 4947 717 7520 1858 2237 2194 286 5898 5570 1616 5530 1950 3540 2030 543 2122 1612 3638 584 685 611
cat_boundaries=0 1 2 3 4 5 6
cat_threshold=569380 18190928 34107398 21381186 21381648 16777216
is_linear=0
shrinkage=0.05


Tree=17
num_leaves=31
num_cat=7
split_feature=4 6 30 16 16 4 4 34 2 16 7 16 27 38 26 9 38 23 16 14 9 16 37 40 12 36 30 39 3 47
split_gain=150.773 33.2578 23.4244 16.3766 10.1257 9.42561 9.03642 7.67485 6.99185 6.76135 7.10698 5.66299 5.53135 4.99046 4.96753 5.83037 6.07328 4.84038 4.75573 4.94748 4.35789 5.5572 4.91234 4.45495 4.32502 4.31435 4.30018 4.25951 5.95208 4.13946
threshold=0.48333333333333345 0.8500000000000002 1.3666666666666669 0 1 2.6583333333333337 0.18333333333333338 94.833333333333357 1.1500000000000001 2 0.35000000000000003 3 0.047140452079103064 -0.99999999999994305 22.341666666666672 5.5000000000000009 0.36666666666673114 1.1083908114821759 4 5 6.5000000000000009 6 -0.98610581592655677 96.500000000000014 0.94723957588908125 -0.95306177286924088 13.916666666666668 15.050000000000002 1.0000000180025095e-35 0.25000000000000006
decision_type=2 2 2 9 9 2 2 2 10 9 2 9 2 10 2 2 10 2 9 1 2 9 2 10 2 2 2 10 2 10
left_child=2 4 9 7 8 26 14 27 -2 10 -1 -7 -6 -8 20 16 -16 -14 -15 -20 -5 -22 -23 -24 -12 -9 -3 -4 -29 -19
right_child=1 5 3 6 12 11 13 25 -10 -11 24 -13 17 18 15 -17 -18 29 19 -21 21 22 23 -25 -26 -27 -28 28 -30 -31
leaf_value=-0.0067209880881762525 0.0046594989730767483 0.0174066232576847 -0.0070456250656969234 -0.0015604524324929843 0.021723012420631155 0.012090465977351517 0.0026532995711011395 -0.0070022885597540926 0.01328450164807813 -0.0040793752224423411 -0.0040863024180618768 0.069510226439570541 0.0047513109491162282 0.0007111603576507614 -0.0054927683221651438 0.0002254627935123363 0.0009075644797721244 -0.0037978843587364699 0.0003851537108989306 -0.0042387806281059511 -0.00085492881974868768 -0.0091158182317309239 -0.0041670744189563971 -0.0083336527569787718 0.0029272179768872753 -0.00099296663488809009 0.010703721750864157 -0.0073415891196804868 -0.0019086272750264755 0.00032520397503895131
leaf_weight=518 4279 1403 728 1275 66 103 1457 48 1361 1321 336 787 605 1977 540 2012 197 111 769 1289 790 38 2388 165 37 863 678 542 620 3310
leaf_count=518 4279 1403 728 1275 66 103 1457 48 1361 1321 336 787 605 1977 540 2012 197 111 769 1289 790 38 2388 165 37 863 678 542 620 3310
internal_value=-7.1048e-05 0.00409546 -0.00302623 -0.00234742 0.00268185 0.00872572 -0.00159021 -0.00580734 0.00405303 -0.00784323 -0.0112363 0.0130322 0.000780088 -5.46239e-05 -0.00273123 -0.0010458 -0.00485009 0.000546435 -0.000960323 -0.00263527 -0.00372629 -0.00466564 -0.0057764 -0.00553249 -0.00609756 -0.00205795 0.00688338 -0.0076451 -0.00576542 -0.00018269
internal_weight=30613 12703 17910 15698 9732 2971 12897 2801 5640 2212 891 890 4092 5492 7405 2749 737 4026 4035 2058 4656 3381 2591 2553 373 911 2081 1890 1162 3421
internal_count=30613 12703 17910 15698 9732 2971 12897 2801 5640 2212 891 890 4092 5492 7405 2749 737 4026 4035 2058 4656 3381 2591 2553 373 911 2081 1890 1162 3421
cat_boundaries=0 1 2 3 4 5 6 7
cat_threshold=536612 26577488 581636 4718624 21383696 864 1114640
is_linear=0
shrinkage=0.05


Tree=18
num_leaves=31
num_cat=5
split_feature=4 6 16 39 16 4 4 24 34 34 16 2 39 16 7 36 34 32 39 27 36 14 38 37 32 46 38 45 5 26
split_gain=141.352 30.9125 22.8872 15.1417 10.2961 9.35021 9.34765 7.32991 7.57663 5.90524 5.34043 4.93618 5.31467 4.85518 5.16415 4.64107 4.58574 4.50644 5.73746 4.47904 4.33796 3.90281 3.93963 3.729 3.67914 3.6541 4.92264 3.61864 3.55956 3.50269
threshold=0.48333333333333345 0.8500000000000002 0 6.0500000000000007 1 2.6583333333333337 0.041666666666666678 4.0805921140047454 94.833333333333357 91.166666666666671 2 1.0500000000000003 18.050000000000004 3 0.35000000000000003 -0.70811972747828034 96.583333333333357 1018.0166666666668 13.850000000000003 0.047140452079103064 -0.95306177286924088 4 -1.599999999999852 0.020350321995342226 1014.5166666666668 1.0000000180025095e-35 0.8666666666667312 0.90000000000000013 0.15000000000000011 26.016666666666669
decision_type=2 2 9 8 9 2 2 2 2 2 9 10 10 9 2 2 2 2 10 2 2 1 10 2 2 8 10 8 2 2
left_child=2 4 7 13 9 16 -5 28 17 -2 -7 19 25 -4 -15 21 -3 18 -9 -6 -10 -8 -23 -16 -21 26 -13 -17 -1 -12
right_child=1 5 3 6 11 10 15 8 20 -11 29 12 -14 14 23 27 -18 -19 -20 24 -22 22 -24 -25 -26 -27 -28 -29 -30 -31
leaf_value=-0.0063739041484111719 0.0040382797204979786 0.0079715785287522278 -0.00030373492424170536 -0.0040565966519981898 0.015264168670431788 0.011485942678483942 0.00022358577410758751 -0.0066957874806916401 -0.006652174131766388 0.010549100249658938 0.067433570385586408 0.0076774635691977348 0.0011200278523434027 -0.0042342534036070916 -0.0013142443997301691 0.0062066800543446547 0.018407648577336982 -0.0067487683354380467 -0.0037373927692803039 0.0015554128027661818 -0.0010227725705415081 0.0031221482079143575 -0.0043665771115479505 -0.0040732573382747054 -0.0016208469055117387 0.020058457553722271 -0.002785832129045793 -6.5785728192258033e-05 -0.0022306826833022224 -0.023484122923897927
leaf_weight=384 922 723 401 3136 93 103 572 416 48 2098 766 629 725 1107 625 141 1358 626 882 3729 870 112 1081 439 1158 270 108 6976 94 21
leaf_count=384 922 723 401 3136 93 103 572 416 48 2098 766 629 725 1107 625 141 1358 626 882 3729 870 112 1081 439 1158 270 108 6976 94 21
internal_value=-9.22808e-05 0.00394195 -0.00295364 -0.00209588 0.00257909 0.00840598 -0.00135213 -0.0066965 -0.00575279 0.00499983 0.0126952 0.00148019 0.00378154 -0.0055791 -0.00649901 -0.000523525 0.00657104 -0.00753599 -0.00585471 0.000682717 -0.00201503 -0.00281854 -0.00442607 -0.00404097 0.000475742 0.00613147 0.00430742 4.56647e-05 -0.0124451 0.0140196
internal_weight=30613 12703 17910 14590 9732 2971 12018 3320 2842 3020 890 6712 1732 2572 2171 8882 2081 1924 1298 4980 918 1765 1193 1064 4887 1007 737 7117 478 787
internal_count=30613 12703 17910 14590 9732 2971 12018 3320 2842 3020 890 6712 1732 2572 2171 8882 2081 1924 1298 4980 918 1765 1193 1064 4887 1007 737 7117 478 787
cat_boundaries=0 1 2 3 4 5
cat_threshold=536612 17138192 4718624 459280 432
is_linear=0
shrinkage=0.05


Tree=19
num_leaves=31
num_cat=5
split_feature=4 4 30 16 16 4 3 2 16 16 32 6 6 26 51 34 44 36 33 36 49 32 16 31 33 7 12 4 43 52
split_gain=130.506 26.4888 25.0334 14.4771 10.9518 8.9886 8.63713 8.48875 7.49291 5.8457 5.71566 5.56266 5.40027 5.31549 5.48967 4.69999 4.60583 4.4246 4.39874 3.89216 4.46391 3.85872 3.73396 5.16868 4.95497 3.68347 4.69981 3.67744 3.85781 3.67432
threshold=0.51666666666666683 2.4833333333333338 1.3666666666666669 0 1 0.18333333333333338 1.0000000180025095e-35 0.95000000000000007 2 3 1024.1583333333335 0.45000000000000007 1.3500000000000003 12.81666666666667 2.5000000000000018 85.833333333333357 91.500000000000014 -0.69883244822623503 0.25000000000002848 0.1982687154174046 9.9000000000000004 997.41666666666686 4 0.2494438257849296 0.45230302828310126 0.35000000000000003 0.94723957588908125 0.38000000000000006 22.550000000000004 1.0000000180025095e-35
decision_type=2 2 2 9 9 2 2 10 9 9 2 2 2 2 8 2 10 2 2 2 8 2 9 2 2 2 2 2 10 8
left_child=2 4 8 6 7 10 15 17 25 -3 -5 -6 21 14 -8 -4 -9 -2 -17 -10 -21 -11 24 -24 -7 -1 -27 -15 -29 -20
right_child=1 9 3 5 11 22 13 16 19 12 -12 -13 -14 27 -16 18 -18 -19 29 20 -22 -23 23 -25 -26 26 -28 28 -30 -31
leaf_value=-0.006292679199201099 -0.0022051821603311208 0.023080404400135181 -0.0067662693376373297 -0.0033023744335830179 -6.3240002179348889e-05 0.0003764509577375966 -0.005247843146212525 0.010753783732057737 -0.004156439311716051 0.11256649687490344 -0.0063427322382231923 0.0051496360447279739 0.075101300083322831 -0.0022774942580127467 0.00069072513655256689 -0.0070652388041924702 0.017082234089055948 0.0062688537025946574 0.0070320823831437453 0.00088141839280241887 -0.0038273096125285514 0.032457109711435388 -0.0037995937704073338 -1.2793276716044356e-05 0.0085686251928714097 -0.0037123930827885733 0.0047100549075570573 0.0054036015666182602 -0.0094388780236875896 -0.0046595580197337115
leaf_weight=388 462 379 599 7212 2786 1872 652 1469 864 41 193 1986 558 953 195 153 633 3372 69 325 461 300 660 2980 499 237 31 177 39 68
leaf_count=388 462 379 599 7212 2786 1872 652 1469 864 41 193 1986 558 953 195 153 633 3372 69 325 461 300 660 2980 499 237 31 177 39 68
internal_value=-0.000115147 0.00395458 -0.00273392 -0.0020449 0.00314248 -0.00134812 -0.00523996 0.00457443 -0.00761025 0.0107582 -0.00251516 0.00134878 0.0129524 -0.00344725 -0.00646323 -0.0093634 0.00713572 0.00318197 -0.0041365 -0.00569243 -0.00318026 0.00813544 8.73384e-05 -0.000917783 0.0016274 -0.0121603 -0.0078329 -0.00126165 0.00462749 0.00237053
internal_weight=30613 11986 18627 16321 10708 13416 2905 5936 2306 1278 7405 4772 899 2016 847 889 2102 3834 290 1650 786 341 6011 3640 2371 656 268 1169 216 137
internal_count=30613 11986 18627 16321 10708 13416 2905 5936 2306 1278 7405 4772 899 2016 847 889 2102 3834 290 1650 786 341 6011 3640 2371 656 268 1169 216 137
cat_boundaries=0 1 2 3 4 5
cat_threshold=536612 22383184 548868 38273572 18268688
is_linear=0
shrinkage=0.05


Tree=20
num_leaves=31
num_cat=8
split_feature=4 16 6 30 3 4 16 4 7 34 16 14 14 4 36 16 13 38 49 12 8 37 54 34 13 14 16 28 31 3
split_gain=126.109 23.0204 19.4469 16.1795 13.1804 10.4084 7.98009 7.91557 7.57195 5.75925 6.55323 5.52145 5.42333 5.26843 5.18536 7.34123 4.6535 4.61695 4.3307 4.06463 4.03389 6.64732 5.71668 3.97046 4.41801 3.94599 3.93889 3.93177 3.78519 3.74469
threshold=0.58333333333333359 0 0.95000000000000007 4.1833333333333345 1.0000000180025095e-35 0.25833333333333336 1 0.14166666666666669 5.0500000000000007 96.416666666666671 2 3 4 0.81666666666666676 -0.029707204690603149 5 -0.98376170968447474 -1.3416666666666968 3.6500000000000008 0.99466323211226848 2.5000000000000004 -0.47585115647872406 3.6000000000000023 60.166666666666679 -0.36874934642598389 6 7 74.583333333333357 1.3500000000000005 2.1500000000000008
decision_type=2 9 2 2 2 2 9 2 2 2 9 1 1 2 2 9 2 10 10 2 2 2 2 2 2 1 9 2 2 2
left_child=1 3 6 5 23 -1 13 20 9 -4 28 -6 -9 -2 15 -14 -15 -8 -7 27 21 -3 -23 24 -5 29 -16 -18 -11 -19
right_child=2 7 8 4 11 18 17 12 -10 10 -12 -13 14 16 26 -17 19 25 -20 -21 -22 22 -24 -25 -26 -27 -28 -29 -30 -31
leaf_value=-0.0057430454324277824 0.0026691025912520317 -0.0038007862653525377 0.0071364985748315572 -0.0060838321184831295 0.00098567883714534852 0.0012366085039285436 0.0073637812141053201 0.0042114675011312502 0.079501026960966559 0.010810500272591929 0.024165833007231019 -0.0024975745478817007 -0.0042275130246397855 -0.004268133158603438 0.0043281125619649254 0.00064158098273519042 -0.0025304979065154279 -0.0039503664146605388 -0.0023431112351466055 -0.0029135484379854085 -0.0036256837932901412 0.0044420940733532078 -0.0026359947457459832 -0.0042340190868484758 -0.0064493265583505793 0.0030418051683439753 -0.0003384526425737944 0.012320186796482413 -0.015280040142969685 0.013673417885996193
leaf_weight=1477 1793 907 629 285 1473 183 948 1475 474 275 1093 2069 1272 121 690 809 129 898 918 84 3412 438 710 1039 129 1597 2265 2731 30 93
leaf_count=1477 1793 907 629 285 1473 183 948 1475 474 275 1093 2069 1272 121 690 809 129 898 918 84 3412 438 710 1039 129 1597 2265 2731 30 93
internal_value=-5.41941e-05 -0.00245638 0.0042565 -0.00461223 -0.0029579 -0.00783523 0.00310337 -0.00108858 0.00812642 0.00679542 0.00858308 -0.00131278 8.83107e-05 0.00441651 -0.000693605 -0.00260679 0.00568497 0.0012831 -0.00415494 0.00607996 -0.00249218 -0.000742056 0.00178556 -0.00696786 -0.0111084 0.000193192 0.000651416 0.00639838 0.00182482 -0.0022725
internal_weight=30446 19551 10895 7573 4995 2578 8394 11978 2501 2027 1398 3542 6511 4858 5036 2081 3065 3536 1101 2944 5467 2055 1148 1453 414 2588 2955 2860 305 991
internal_count=30446 19551 10895 7573 4995 2578 8394 11978 2501 2027 1398 3542 6511 4858 5036 2081 3065 3536 1101 2944 5467 2055 1148 1453 414 2588 2955 2860 305 991
cat_boundaries=0 1 2 3 4 5 6 7 8
cat_threshold=1634404 18192976 4325382 1416 608 38076418 2348 4456962
is_linear=0
shrinkage=0.05


Tree=21
num_leaves=31
num_cat=5
split_feature=4 16 6 30 3 4 16 4 2 38 14 32 14 41 2 13 5 49 29 53 13 49 16 54 47 42 42 32 47 38
split_gain=115.07 22.1953 18.0116 15.878 13.3206 10.6697 9.71175 7.36443 7.1881 5.22042 4.91511 4.87639 4.64665 4.14058 4.90413 3.87408 3.85635 3.96802 3.82603 3.79736 4.17282 4.07351 3.74088 3.60842 4.308 4.40471 3.58592 3.57647 3.4385 3.43299
threshold=0.58333333333333359 0 1.9500000000000002 4.1833333333333345 1.0000000180025095e-35 0.25833333333333336 1 0.14166666666666669 0.95000000000000007 -1.3416666666666968 2 1024.4416666666668 3 3.8500000000000005 0.24000000000000005 -0.10281720934011651 0.33495889939662077 11.15 4.4087031600079616 5.7000000000000028 -0.98933596577443683 2.7000000000000006 4 2.4500000000000024 1.0000000180025095e-35 0.65000000000000002 4.3500000000000005 1023.5833333333334 28.950000000000003 -0.6666666666666855
decision_type=2 9 2 2 2 2 9 2 10 10 1 2 1 10 8 2 2 10 2 8 2 8 9 2 8 8 10 2 10 10
left_child=1 3 6 5 15 -1 8 11 26 -8 27 13 28 14 -3 29 17 -7 -10 20 -14 -22 -4 24 -11 -26 -2 -6 -9 -5
right_child=2 7 22 4 10 16 9 12 18 23 -12 -13 19 -15 -16 -17 -18 -19 -20 -21 21 -23 -24 -25 25 -27 -28 -29 -30 -31
leaf_value=-0.0054558931608063941 0.0057613097263099211 -0.0031311494430557893 0.023133634741722697 -0.006606079793363865 0.0015424865387870636 -0.00036413465364745355 0.0074264631114862702 -0.00083438940124977998 0.015788429516661606 -0.004266031943806925 -0.0023726958204876164 -0.0036840971452521175 0.010369907465689887 -0.0033904888847068881 0.0035077552123270739 -0.0058430313418502194 -0.0062229474789702588 -0.0026280645649833095 0.0063115325429713215 0.0048263488214217278 0.0065988916760722164 -0.000414196797754024 0.068079688660408214 -0.0015602452774529929 0.003009369698018835 0.017180243165069109 0.029908384780784249 -0.0051219166582363185 -0.0074098514110803038 -0.0034564780184644459
leaf_weight=1477 3322 343 101 229 1377 552 1406 1709 1567 79 2069 166 89 4622 336 499 105 444 630 900 238 3270 500 1479 1552 213 46 96 305 725
leaf_count=1477 3322 343 101 229 1377 552 1406 1709 1567 79 2069 166 89 4622 336 499 105 444 630 900 238 3270 500 1479 1552 213 46 96 305 725
internal_value=-9.52503e-05 -0.00238989 0.00402245 -0.00450673 -0.00286781 -0.00769947 0.00353115 -0.00104687 0.0049461 0.00185162 -0.00121397 -0.00240072 8.83107e-05 -0.00213635 0.00150935 -0.00689904 -0.0039733 -0.00301175 0.00717992 0.000981784 0.000257152 -1.42527e-05 0.0124355 0.000774879 0.00225042 0.00276188 0.00350346 0.000994538 -0.00190208 -0.00503092
internal_weight=30446 19551 10895 7573 4995 2578 10294 11978 5565 4729 3542 5467 6511 5301 679 1453 1101 996 2197 4497 3597 3508 601 3323 1844 1765 3368 1473 2014 954
internal_count=30446 19551 10895 7573 4995 2578 10294 11978 5565 4729 3542 5467 6511 5301 679 1453 1101 996 2197 4497 3597 3508 601 3323 1844 1765 3368 1473 2014 954
cat_boundaries=0 1 2 3 4 5
cat_threshold=1634404 18188880 1416 2196 4194848
is_linear=0
shrinkage=0.05


Tree=22
num_leaves=31
num_cat=7
split_feature=7 6 16 24 6 7 16 32 3 16 7 16 34 28 35 30 14 16 40 28 40 41 34 5 32 38 47 2 16 32
split_gain=101.473 24.9065 20.2122 14.8349 10.8018 10.5955 8.38629 8.38036 7.87116 7.0542 6.79606 6.54657 6.00586 5.98166 4.65366 4.50966 4.17372 4.14296 4.91241 4.57539 5.34987 4.70768 4.14161 4.69249 3.77677 3.66784 7.50472 3.64161 3.60337 4.31785
threshold=0.75000000000000011 0.45000000000000007 0 4.9406255182608421 1.9500000000000002 0.35000000000000003 1 1023.3166666666668 1.0000000180025095e-35 2 1.0000000180025095e-35 3 60.166666666666679 89.583333333333357 2.4972191289246477 19.516666666666673 4 5 52.500000000000007 84.166666666666671 84.500000000000014 9.5500000000000025 55.833333333333336 0.14999999999999999 1010.3416666666668 -1.1499999999999202 8.5500000000000025 1.6500000000000001 6 1025.116666666667
decision_type=2 2 9 2 2 2 9 2 2 9 2 9 2 2 2 2 1 9 10 2 10 10 2 2 2 10 8 10 9 2
left_child=2 6 3 5 9 -1 -2 10 11 14 -4 -5 15 -11 27 -13 -12 22 -19 25 -21 -22 -18 -24 -15 26 -20 -3 -10 -30
right_child=1 4 7 8 -6 -7 -8 -9 28 13 16 12 -14 24 -16 -17 17 18 19 20 21 -23 23 -25 -26 -27 -28 -29 29 -31
leaf_value=-0.0051956450536405994 0.0050995249028802717 0.01278790338729164 -0.0034464725695634774 -0.0013143986356914884 0.057693293989846212 -0.0022653844531956347 -0.00014875805064979987 -0.003584718975649315 -0.0035826228734868433 0.0012887581134799486 0.0015925279078520039 -0.0060707731355524432 -0.0049097562831802201 0.014826317259255529 0.0078773364435862272 0.0054083545564781238 0.010688646973177552 0.0016783739763572185 -0.0059100206457985416 0.0020652185538908409 -0.00029455049474826078 -0.005138931499024068 -0.0016569320439578873 0.0044622393006282512 0.005615303276218348 -0.0042625595025181677 0.00038550465058190823 0.035680741076464642 -0.00015202764847814244 -0.0052922989153093977
leaf_weight=1150 3016 645 1994 342 601 988 4676 406 795 1391 2033 269 698 793 1436 29 116 400 61 624 781 356 855 475 668 1694 693 290 2059 112
leaf_count=1150 3016 645 1994 342 601 988 4676 406 795 1391 2033 269 698 793 1436 29 116 400 61 624 781 356 855 475 668 1694 693 290 2059 112
internal_value=-0.000108388 0.0031222 -0.00268752 -0.00488988 0.00558885 -0.00830176 0.00125453 -0.00132881 -0.00320625 0.00485823 -0.00104641 -0.00638966 -0.00839877 0.00314454 0.00687707 -0.0144247 -0.000401825 -0.00105934 -0.00179147 -0.00229859 -0.000354892 -0.00239645 0.00127052 0.000488685 0.00538977 -0.00369674 -0.00079565 0.00965137 -0.00177 -0.000699188
internal_weight=30446 13516 16930 6442 5824 2138 7692 10488 4304 5223 10082 1338 996 2852 2371 298 8088 6055 4609 4209 1761 1137 1446 1330 1461 2448 754 935 2966 2171
internal_count=30446 13516 16930 6442 5824 2138 7692 10488 4304 5223 10082 1338 996 2852 2371 298 8088 6055 4609 4209 1761 1137 1446 1330 1461 2448 754 935 2966 2171
cat_boundaries=0 1 2 3 4 5 6 7
cat_threshold=1634342 21463570 18158192 1064962 1600 2560 12290
is_linear=0
shrinkage=0.05


Tree=23
num_leaves=31
num_cat=6
split_feature=4 24 4 4 16 4 16 16 16 16 2 30 47 50 38 38 23 2 37 47 14 51 51 36 46 33 10 36 13 11
split_gain=96.6936 20.7557 16.0045 15.3061 12.6535 12.6439 7.15992 6.80705 6.71044 4.66496 6.45363 4.68534 4.97834 4.51123 4.46781 4.02691 4.01836 3.96204 3.90842 3.85551 4.72853 4.37808 3.79608 3.7413 3.65129 3.64615 3.56702 3.82304 3.41063 3.36605
threshold=0.58333333333333359 5.2051099757247528 0.041666666666666678 1.8166666666666669 0 0.24166666666666672 1 2 3 4 0.45000000000000007 11.21666666666667 23.950000000000003 0.25000000000000006 -1.033333333333246 -1.8333333333333142 0.6721453604166524 0.24000000000000005 0.94735318170203897 28.050000000000004 5 -4.5999999999999979 -0.40000000000000019 0.93237423173771117 0.25000000000000006 0.57927157323277412 0.60355339059327384 0.77568958793805765 0.52211334636400808 -0.9159756150367534
decision_type=2 2 2 2 9 2 9 9 9 9 8 2 10 10 10 10 2 10 2 10 1 10 10 2 8 2 2 2 2 2
left_child=1 4 8 7 13 16 15 17 -3 10 -4 25 26 18 28 23 22 -2 -1 21 -21 -11 -6 -5 -9 -12 27 -13 -8 -30
right_child=3 2 9 6 5 -7 14 24 -10 19 11 12 -14 -15 -16 -17 -18 -19 -20 20 -22 -23 -24 -25 -26 -27 -28 -29 29 -31
leaf_value=7.3683884119928045e-05 0.0048425770393015106 -0.0052225687767133355 -0.0035222002309622026 0.056224341833128702 -0.0051433138041056016 -0.0014728202244464737 0.034248789214700308 0.0011218279210752859 -0.0032604207598021353 -0.0041235086725002453 -0.0026515342070133675 0.012629280630109464 -0.0051355059892617119 -0.0051398165331640044 0.0048086292903538946 0.03109211668399291 -0.0049729865432232984 0.0072095384859500655 -0.0077937064907547251 0.0014606292682054379 -0.0044062742767387092 0.00066680564329860701 0.0016979567240403587 0.001226890653244539 0.008474511696261634 0.0074491178023580297 -0.00079866155282399274 -0.007737301902412572 -0.0061085734041157747 0.024898465316948989
leaf_weight=1260 1390 963 1474 401 51 1268 207 3858 2539 369 775 351 140 235 581 859 1468 2158 56 773 873 6585 94 49 1114 63 177 37 28 250
leaf_count=1260 1390 963 1474 401 51 1268 207 3858 2539 369 775 351 140 235 581 859 1468 2158 56 773 873 6585 94 49 1114 63 177 37 28 250
internal_value=-0.000156013 -0.00225946 -0.0013774 0.0036186 -0.00526838 -0.00722044 0.00716812 0.00262908 -0.00434025 -0.0004842 -0.00217205 8.10058e-05 0.00308467 -0.00158542 0.00399591 0.00964673 -0.0101823 0.00430005 -0.000455892 0.000110336 -0.00206549 0.00062553 -0.00223983 0.0135525 0.0014251 -0.00244601 0.00517608 0.0078588 0.00757576 0.00395541
internal_weight=30446 19551 15119 10895 4432 2881 2375 8520 3502 11617 3017 1543 705 1551 1066 1309 1613 3548 1316 8600 1646 6954 145 450 4972 838 565 388 485 278
internal_count=30446 19551 15119 10895 4432 2881 2375 8520 3502 11617 3017 1543 705 1551 1066 1309 1613 3548 1316 8600 1646 6954 145 450 4972 838 565 388 485 278
cat_boundaries=0 1 2 3 4 5 6
cat_threshold=17238576 18696272 22381136 38948 602150 1260
is_linear=0
shrinkage=0.05


Tree=24
num_leaves=31
num_cat=8
split_feature=7 6 16 24 2 1 3 16 32 16 3 16 7 14 14 33 35 16 28 38 9 16 32 5 45 34 31 39 38 9
split_gain=82.1651 19.1142 16.0982 11.5537 9.79449 9.33635 8.31899 7.29221 7.24944 5.76689 5.43678 5.41962 5.20153 4.651 4.50979 4.47765 4.43338 4.57317 3.87811 4.33657 3.99604 3.80376 4.85575 3.81225 3.76887 3.76147 3.69045 3.90704 4.21476 3.5923
threshold=0.75000000000000011 0.45000000000000007 0 5.0927104961785279 1.7500000000000002 0.35000000000000003 1.0000000180025095e-35 1 1023.3166666666668 2 5.2500000000000009 3 1.0000000180025095e-35 4 5 0.41096093353126334 21.507426375403288 6 89.583333333333357 0.35000000000007964 10.500000000000002 7 1009.3416666666668 0.21602468994692872 15.650000000000002 87.833333333333357 1.2823586447220416 -2.2499999999999996 0.40000000000003416 18.500000000000004
decision_type=2 2 9 2 10 2 2 9 2 9 2 9 2 1 1 2 2 9 2 10 2 9 2 2 10 2 2 10 10 2
left_child=2 7 3 5 9 26 11 25 12 15 16 -5 -4 -8 -14 29 17 -6 20 -20 -11 22 -16 -24 -10 -2 27 -1 -29 -3
right_child=1 4 8 6 10 -7 13 -9 24 18 -12 -13 14 -15 21 -17 -18 -19 19 -21 -22 -23 23 -25 -26 -27 -28 28 -30 -31
leaf_value=-0.0047361677046201204 -3.3324864475103855e-05 0.013625200434314512 -0.003103938097470059 -0.0011667370856055363 0.011566780740244831 -0.00072045847784344428 0.0019131492097450604 -0.00033912802429764968 -0.0028750702674138345 -0.0020248185353503481 0.14953374786891632 -0.0050257548688299476 0.0020996086557207388 -0.0024488562031762754 0.01218309955108085 0.032129973290655936 -0.012626229311410761 0.030667977055303837 0.0090940222310714278 -0.00046454538322553699 0.004511653965399892 -0.0014211385999299997 -0.0028783789322959969 0.026234039049223803 -0.0074438640296982305 0.0063202770519014632 -0.0051642785633102513 -0.0023144565196298152 -0.0048249239747223177 -0.0031772906174385609
leaf_weight=199 877 573 1826 338 479 638 889 4214 310 652 88 1192 1856 2395 169 350 50 887 1444 396 752 5085 196 31 87 2601 246 909 564 153
leaf_count=199 877 573 1826 338 479 638 889 4214 310 652 88 1192 1856 2395 169 350 50 887 1444 396 752 5085 196 31 87 2601 246 909 564 153
internal_value=-0.000165867 0.00274118 -0.0024867 -0.00424113 0.00490204 -0.00696373 -0.00280426 0.00110503 -0.00112851 0.00369204 0.0083771 -0.00584929 -0.000843055 -0.00138546 -0.000248736 0.00685941 0.00762658 0.00816192 0.00261209 0.00413021 0.00064098 -0.000969751 0.00369367 -0.000990753 -0.00774364 0.00279522 -0.00870653 -0.00786436 -0.00697509 0.00468255
internal_weight=30446 13516 16930 7370 5824 2556 4814 7692 9560 4320 1504 1530 9163 3284 7337 1076 1416 1366 3244 1840 1404 5481 396 227 397 3478 1918 1672 1473 726
internal_count=30446 13516 16930 7370 5824 2556 4814 7692 9560 4320 1504 1530 9163 3284 7337 1076 1416 1366 3244 1840 1404 5481 396 227 397 3478 1918 1672 1473 726
cat_boundaries=0 1 2 3 4 5 6 7 8
cat_threshold=1634406 29852178 17044000 1064962 392 1600 46301222 512
is_linear=0
shrinkage=0.05


Tree=25
num_leaves=31
num_cat=0
split_feature=4 4 30 32 29 18 32 3 34 4 24 1 47 51 40 12 2 27 9 42 4 51 36 36 43 13 52 1 28 33
split_gain=81.0893 18.7201 14.4346 8.93788 8.51706 7.22151 8.39268 6.17689 5.99228 5.4844 4.30645 4.17641 3.86008 4.5957 6.35007 4.9201 3.70189 3.561 3.55595 3.52846 3.49888 3.43862 3.43222 3.3803 3.57346 4.40253 3.75235 3.38444 3.3713 3.75584
threshold=0.35833333333333339 1.1833333333333338 3.5416666666666674 1020.7166666666668 5.4682510717166828 -120.68151999999999 1024.4416666666668 5.3500000000000005 85.833333333333357 0.041666666666666678 17.918029463062716 0.35000000000000003 1.4500000000000002 -0.99999999999999978 91.500000000000014 0.96247800481268331 0.95000000000000007 0.049999999999999385 13.500000000000002 1.5500000000000003 1.0583333333333336 -1.6999999999999973 0.51595288837812658 0.34127146809802494 2.6500000000000008 1.0000000180025095e-35 16.500000000000004 0.15000000000000005 86.833333333333357 1.3010674994874736
decision_type=2 2 2 2 2 2 2 2 2 2 2 2 8 8 8 2 8 2 2 10 2 10 2 2 10 2 10 2 2 2
left_child=2 12 5 9 7 6 11 10 22 28 16 18 20 14 15 -14 -3 -15 -1 -12 -2 -10 -5 27 26 -26 -25 -7 29 -4
right_child=1 4 3 8 -6 23 -8 -9 21 -11 19 -13 13 17 -16 -17 -18 -19 -20 -21 -22 -23 -24 24 25 -27 -28 -29 -30 -31
leaf_value=0.0019692098623775287 -0.0011722457796629034 0.0038033364194518028 -0.0030978800121030242 -0.0054140787475386396 0.0010937055087429594 -0.0046310475201637577 -0.0067338711686420862 0.10304602743978752 -0.0051638410387444406 -0.00108638726385627 -0.0065635412241575597 0.020273639237646666 -0.0021913701642267635 0.01319736994992441 0.0045409131834958094 0.0063487954001652056 0.016143908163798633 0.0028586167027963463 -0.003847169704391651 0.058438936340903969 0.0052340920877401 -0.00057558480820194544 -0.0036251331489413081 -0.0033594962730181146 -0.0055116063127467309 0.001536372406051395 0.0056367651136706781 -0.0027444885411497689 0.00031388031804172463 0.0018923676745639662
leaf_weight=242 918 461 2623 371 851 1128 43 224 148 8073 240 45 2077 138 991 173 3135 5941 146 36 71 435 166 378 57 307 23 520 504 64
leaf_count=242 918 461 2623 371 851 1128 43 224 148 8073 240 45 2077 138 991 173 3135 5941 146 36 71 435 166 378 57 307 23 520 504 64
internal_value=-0.000290706 0.00228761 -0.00286615 -0.00212369 0.00481595 -0.0060486 -0.00042008 0.00576158 -0.00638336 -0.00170009 0.00529428 0.00167398 0.00107429 0.00138947 -0.000131128 -0.00159993 0.00575624 0.00220016 0 -0.000724375 -0.00189566 -0.00287258 -0.0101936 -0.00715884 -0.00441119 -0.000823949 -0.00766642 -0.00843395 -0.00345492 -0.00415876
internal_weight=30529 15256 15273 12384 4947 2889 476 4096 1120 11264 3872 433 10309 9320 3241 2250 3596 6079 388 276 989 583 537 2413 765 364 401 1648 3191 2687
internal_count=30529 15256 15273 12384 4947 2889 476 4096 1120 11264 3872 433 10309 9320 3241 2250 3596 6079 388 276 989 583 537 2413 765 364 401 1648 3191 2687
is_linear=0
shrinkage=0.05


Tree=26
num_leaves=31
num_cat=2
split_feature=4 4 30 32 29 3 18 32 34 4 38 2 14 28 44 47 36 32 37 43 37 23 40 51 33 5 14 40 3 13
split_gain=74.7537 18.4401 13.8714 8.49364 7.45545 6.37902 6.17401 6.77026 5.25548 4.9216 4.204 4.1843 4.14191 3.92797 5.18019 3.88095 4.51558 3.95976 3.85912 3.80392 3.83378 4.57053 3.99603 3.7937 3.74395 3.63673 3.67002 3.59811 3.62443 3.51799
threshold=0.31666666666666671 1.1833333333333338 3.5416666666666674 1020.7166666666668 5.4682510717166828 5.3500000000000005 -120.68151999999999 1024.4416666666668 85.833333333333357 1.0000000180025095e-35 -0.59999999999996578 4.0500000000000007 0 62.166666666666679 86.500000000000014 0.55000000000000016 0.67029552444630591 993.84166666666681 -0.56630252287479332 31.150000000000002 -0.53459214827176738 14.376338463250695 78.500000000000014 -0.69999999999999973 1.3441230102437414 2.6666650716121985 1 91.500000000000014 1.2500000000000002 0.63395513778623458
decision_type=2 2 2 2 2 2 2 2 2 2 10 10 1 2 10 8 2 2 2 10 2 2 10 8 2 2 1 8 2 2
left_child=2 15 6 9 5 10 7 18 -5 19 11 -3 13 -11 -15 16 -2 -17 -1 20 21 -4 24 27 29 26 -12 -19 -29 -22
right_child=1 4 3 8 -6 -7 -8 -9 -10 12 25 -13 -14 14 -16 17 -18 23 -20 -21 22 -23 -24 -25 -26 -27 -28 28 -30 -31
leaf_value=0.011309041525702127 -0.0026034023373990595 0.013295426526323168 -0.0031985105666951495 -0.0046415995071138888 0.0010390202333058097 0.09789372606779817 -0.0034164686349900525 -0.0063981667155432412 -0.0024068095148951254 0.002120504996961392 0.00018412408574939589 0.066675845424828198 -0.00042718314870192624 -0.003667743120673471 -0.0010208681378949494 0.0063818018618809567 0.0015398413906928144 -0.0011488773699925765 -0.002057670617358323 0.0022422452592976011 -0.0029067866141502365 0.0067116128822995698 0.0005589781864021176 0.0023057085939581809 0.0066125078276083292 -0.013034741156818764 0.012886205784079558 0.00091440715860251491 0.011462766626324717 -0.0060607817096905202
leaf_weight=98 588 1930 846 525 851 224 2239 38 544 158 546 204 5587 1468 934 490 220 2564 309 171 578 24 589 6334 26 75 1117 1039 103 110
leaf_count=98 588 1930 846 525 851 224 2239 38 544 158 546 204 5587 1468 934 490 220 2564 309 171 578 24 589 6334 26 75 1117 1039 103 110
internal_value=-0.000338202 0.00197573 -0.00298369 -0.00223181 0.00452285 0.00540758 -0.00622182 -0.000842507 -0.00647741 -0.00179914 0.00493272 0.00641957 -0.00121822 -0.00287927 -0.00339286 0.000864342 -0.00247494 0.0011206 0.00104397 -0.0038181 -0.00438314 -0.00695322 -0.00266672 0.000906365 -0.00518135 0.00310684 0.00359269 -0.000364264 0.00197006 -0.00588577
internal_weight=30529 16285 14244 11560 4947 4096 2684 445 1069 10491 3872 2134 8147 2560 2402 11338 808 10530 407 2344 2173 870 1303 10040 714 1738 1663 3706 1142 688
internal_count=30529 16285 14244 11560 4947 4096 2684 445 1069 10491 3872 2134 8147 2560 2402 11338 808 10530 407 2344 2173 870 1303 10040 714 1738 1663 3706 1142 688
cat_boundaries=0 1 2
cat_threshold=6164 2248
is_linear=0
shrinkage=0.05


Tree=27
num_leaves=31
num_cat=5
split_feature=4 4 16 30 16 16 16 34 4 11 26 38 36 38 45 34 38 37 48 4 27 26 28 30 10 24 14 27 39 44
split_gain=68.2414 15.4608 15.1911 10.0848 6.72271 6.13729 5.95655 5.45642 5.15253 4.63266 5.16888 4.21835 4.47226 3.94384 3.92829 3.7848 4.50536 3.72392 3.65214 3.58493 5.27305 3.71854 4.82366 4.2763 3.85926 3.98516 3.70614 3.55871 3.55642 3.50323
threshold=0.35833333333333339 1.7416666666666669 0 3.5416666666666674 1 2 3 95.416666666666671 0.041666666666666678 1.0000000180025095e-35 13.04166666666667 -1.8333333333333142 0.93237423173771117 0.69999999999998874 3.8500000000000005 91.166666666666671 0.10000000000007959 0.71511795528658062 72.500000000000014 0.78333333333333355 1.0000000180025095e-35 13.241666666666669 85.833333333333357 23.016666666666669 0.78656609248549325 18.963486759327644 4 0.20000000000000065 18.950000000000003 29.500000000000004
decision_type=2 2 9 2 9 9 9 2 2 2 2 10 2 10 8 2 10 2 8 2 2 2 2 2 2 2 1 2 8 8
left_child=2 4 3 -1 15 11 9 -8 18 -5 13 12 -3 -11 -7 -2 27 -9 -4 20 -6 -22 23 26 -25 -26 -23 -17 -21 -30
right_child=1 5 8 6 19 14 7 17 -10 10 -12 -13 -14 -15 -16 16 -18 -19 -20 28 21 22 -24 24 25 -27 -28 -29 29 -31
leaf_value=-0.0036548380394576504 0.0031698587393347078 0.047349963582028025 -0.002831902632448766 -0.002541311479035763 0.01569219970816374 -0.011395419755135911 -0.0043886446932649174 -0.0019999574630720262 -0.00053024768971313694 -0.000206078543800306 0.0050222823120283731 0.023658731352289353 -0.0027681029034482664 -0.0060293599209664817 0.011111288784593942 -0.0040405245405769011 0.00084801666789739163 0.0034635835293861843 -0.002375737353268426 0.0043730321556900986 -0.0007870135402128942 0.0049717910741689415 0.0073593508149054354 -0.0071518425728446357 -0.0092803927906778064 0.0082945705983807523 -0.0014261032411878871 0.015591088179938963 0.044017485194991129 -0.00090772382420582505
leaf_weight=1907 950 436 1212 1311 59 98 1644 490 6267 413 437 1140 48 98 896 97 404 88 1406 2979 3149 575 951 285 240 123 537 868 24 1397
leaf_count=1907 950 436 1212 1311 59 98 1644 490 6267 413 437 1140 48 98 896 97 404 88 1406 2979 3149 575 951 285 240 123 537 868 24 1397
internal_value=-0.000343115 0.00202214 -0.00270574 -0.00456385 0.00129766 0.00551927 -0.00327487 -0.0051073 -0.00136311 -0.0014433 0.00121295 0.00740469 0.0113613 -0.00220113 0.0023404 0.00372461 0.00542327 -0.000951392 -0.00322753 0.000747887 -5.4907e-05 -0.000204775 0.00115267 -0.000397705 -0.00362598 -0.000206555 0.00148368 0.00727904 0.0018295 -0.000228696
internal_weight=30529 15256 15273 6388 12638 2618 4481 2222 8885 2259 948 1624 484 511 994 2319 1369 578 2618 10319 5919 5860 2711 1760 648 363 1112 965 4400 1421
internal_count=30529 15256 15273 6388 12638 2618 4481 2222 8885 2259 948 1624 484 511 994 2319 1369 578 2618 10319 5919 5860 2711 1760 648 363 1112 965 4400 1421
cat_boundaries=0 1 2 3 4 5
cat_threshold=1634406 17039888 17648240 1097794 7330
is_linear=0
shrinkage=0.05


Tree=28
num_leaves=31
num_cat=7
split_feature=4 4 16 26 4 32 16 38 16 14 4 4 13 16 40 16 46 36 38 52 16 41 11 9 50 37 13 47 34 38
split_gain=61.9626 14.0785 13.6282 9.51832 8.13646 7.60431 7.34226 5.96968 4.69486 4.6121 4.56844 4.47149 4.2644 4.32778 4.60278 4.57798 4.77193 4.17268 4.08301 3.99089 5.01058 3.82836 3.67424 3.66906 3.59786 3.46948 3.27766 3.22161 3.27298 3.20423
threshold=0.35833333333333339 2.8583333333333338 0 0.61666666666666681 0.81666666666666676 1024.1583333333335 1 -1.9333333333332232 2 3 0.041666666666666678 1.0000000180025095e-35 0.65368047477200586 4 78.500000000000014 5 0.55000000000000016 0.49133786382229594 -1.3833333333333255 8.5000000000000018 6 28.250000000000004 0.78656609248549303 2.5000000000000004 0.15000000000000005 0.72436056753218925 0.98933596577443728 9.2500000000000018 81.833333333333357 -0.93333333333333701
decision_type=2 2 9 2 2 2 9 10 9 1 2 2 2 9 8 9 8 2 10 8 9 10 2 2 8 2 2 8 2 8
left_child=2 4 9 23 8 10 26 -3 -2 -1 -5 -11 13 29 15 16 21 18 -14 20 -20 -15 -7 -4 -18 -16 -6 -19 -29 -12
right_child=1 7 3 5 6 22 -8 -9 -10 11 12 -13 17 14 25 -17 24 27 19 -21 -22 -23 -24 -25 -26 -27 -28 28 -30 -31
leaf_value=-0.0040631633276063421 0.0034204269883493957 0.066405764109792473 0.00064785407582958481 -0.002499758132864763 0.0098563292365591148 -0.0041310970580310247 0.0015510397059915748 0.026112162397750036 -0.00030040107301666509 -0.0045326021491017832 0.002630318268477959 -0.0027138435068339451 0.00025778467268615656 -0.0039240098386618015 0.0014505012670969612 0.0024972381701504455 0.014484840497009977 -0.0021933929785854 -0.0046033244736326277 -0.0049187467539108356 -0.0022639527328742665 0.010928031660806269 0.00048436252975183616 -0.0040510630107143675 -0.00084469692968150434 0.0075980209849569325 -0.0020891684337667861 -0.007553245483832423 0.0051333041809108557 -0.0021572723570590564
leaf_weight=515 2234 284 71 3308 3581 251 2983 644 5294 533 440 1824 359 905 1688 528 76 402 137 271 799 35 79 415 73 245 236 52 306 1961
leaf_count=515 2234 284 71 3308 3581 251 2983 644 5294 533 440 1824 359 905 1688 528 76 402 137 271 799 35 79 415 73 245 236 52 306 1961
internal_value=-0.000356218 0.0018976 -0.00260753 -0.00188339 0.00151102 -0.00160511 0.00276467 0.00786553 0.000378582 -0.00570764 -0.00139187 -0.00472097 -0.000764157 -5.46118e-05 0.00105334 -0.000912127 -0.00275225 -0.00257942 -0.00405466 -0.00544694 -0.00389916 -0.00409531 -0.00908816 -0.00874306 0.0055332 0.00270291 0.00421337 0.000460466 0.00390952 -0.0016901
internal_weight=30529 15256 15273 12401 14328 11915 6800 928 7528 2872 11585 2357 8277 5951 3550 1617 1089 2326 1566 1207 936 940 330 486 149 1933 3817 760 358 2401
internal_count=30529 15256 15273 12401 14328 11915 6800 928 7528 2872 11585 2357 8277 5951 3550 1617 1089 2326 1566 1207 936 940 330 486 149 1933 3817 760 358 2401
cat_boundaries=0 1 2 3 4 5 6 7
cat_threshold=536612 22485520 8667698 4100 29769794 34670592 32770
is_linear=0
shrinkage=0.05


Tree=29
num_leaves=31
num_cat=7
split_feature=4 6 16 13 4 16 32 16 38 39 32 16 4 16 51 38 2 5 32 36 47 29 12 38 16 37 16 40 41 38
split_gain=57.0729 14.2902 12.6682 10.0973 8.99595 6.00415 5.78456 5.73213 5.7883 5.23639 5.15212 5.1163 4.48631 4.09151 4.0565 3.87823 3.82178 3.67421 3.60873 3.50631 3.5632 3.95214 3.24881 3.41189 4.63702 3.54098 3.90938 4.9931 5.05015 3.64209
threshold=0.31666666666666671 0.45000000000000007 0 0.28770616809944943 3.1416666666666671 1 1022.1416666666668 2 0.13333333333349631 -2.2499999999999996 1021.2416666666667 3 1.0000000180025095e-35 4 -4.1499999999999986 -5.6166666666666734 1.2500000000000002 0.3282908984624065 1018.1166666666668 -0.97152838860545954 24.950000000000003 11.455217611938592 -0.9821866728183295 0.49999999999994321 5 -0.8724647095669894 6 78.500000000000014 15.050000000000002 -1.1666666666665717
decision_type=2 2 9 2 2 9 2 9 10 8 2 9 2 9 8 10 8 2 2 2 10 2 2 10 9 2 9 8 10 8
left_child=2 7 3 10 11 -6 12 -2 -9 -5 13 -3 -4 19 17 -16 -17 -13 -7 -1 -21 -22 -14 25 -25 -24 29 -28 -29 -27
right_child=1 4 6 9 5 18 -8 8 -10 -11 -12 14 22 -15 15 16 -18 -19 -20 20 21 -23 23 24 -26 26 27 28 -30 -31
leaf_value=-0.0036812086948425308 -0.00049153444877114564 0.0084357056209570791 -0.0024373247972959092 -0.0039024945281695856 0.074682393553284723 0.015353684492727421 -0.0027092288376495246 0.004474253159235708 -0.00044676370402041979 -0.0034525329628585927 -0.0039146787278500211 -0.007529354268233257 0.0065022531656457249 -0.0032296881926698277 -0.012373531826019898 -0.00079598750970632799 0.0065420928567901443 0.0010333647658129941 -0.024393521868368163 0.001406180581695829 -0.0058073796373450618 0.0074199406720969162 -0.0034734245706858112 -0.0021121659950561881 0.002178319178898555 0.0065186273161290864 -0.0034534684124342243 0.0010462342284621479 -0.0047139176051029094 -0.00042001958954553391
leaf_weight=97 5538 2239 1785 220 457 202 444 2845 1770 2524 471 85 323 1299 64 784 2173 107 21 1165 123 32 812 556 1195 322 927 906 214 829
leaf_count=97 5538 2239 1785 220 457 202 444 2845 1770 2524 471 85 323 1299 64 784 2173 107 21 1165 123 32 812 556 1195 322 927 906 214 829
internal_value=-0.000380784 0.00164107 -0.00269234 -0.00445625 0.00354691 0.00896927 -0.00142675 0.000489998 0.00178915 -0.00668707 -0.00254934 0.00287045 -0.00111512 -0.00171201 0.00157457 0.00202741 0.0022911 -0.0054659 0.00182325 0.000157662 0.00083327 -0.00628627 -0.000468434 -0.000742046 0.00109931 -0.0015461 -0.000797348 -0.00210247 0.000133917 0.00152872
internal_weight=30529 16285 14244 5931 6132 680 8313 10153 4615 2744 3187 5452 7869 2716 3213 3021 2957 192 223 1417 1320 155 6084 5761 1751 4010 3198 2047 1120 1151
internal_count=30529 16285 14244 5931 6132 680 8313 10153 4615 2744 3187 5452 7869 2716 3213 3021 2957 192 223 1417 1320 155 6084 5761 1751 4010 3198 2047 1120 1151
cat_boundaries=0 1 2 3 4 5 6 7
cat_threshold=1634406 17893462 39352388 17650224 1097762 29753344 29360656
is_linear=0
shrinkage=0.05


Tree=30
num_leaves=31
num_cat=4
split_feature=4 32 4 16 13 16 4 4 38 36 31 17 36 40 16 29 40 43 37 14 55 34 13 44 47 39 26 38 30 1
split_gain=51.5387 13.1044 12.5626 11.0512 11.2008 7.19554 5.35201 4.75661 4.72742 4.73839 6.89432 4.5107 4.61939 4.41168 4.2479 3.94415 3.94062 3.70136 3.70031 3.67602 3.79411 3.56208 3.44513 4.22441 3.35496 3.3499 5.20023 3.5431 3.4818 4.02574
threshold=0.35833333333333339 1020.7166666666668 3.2416666666666676 0 0.64713682673509043 1 0.041666666666666678 1.4583333333333337 -1.2666666666665944 -0.022848531569531535 1.8999999999999992 34.870850000000011 -0.19280597302859098 44.500000000000007 2 5.4682510717166828 39.500000000000007 16.550000000000004 -0.51975151550624665 3 12.416666666666666 94.833333333333357 0.98376170968447496 93.500000000000014 1.9500000000000002 31.050000000000004 26.558333333333337 1.4666666666666404 11.21666666666667 1.6500000000000001
decision_type=2 2 2 9 2 9 2 2 10 2 2 2 2 8 9 2 8 10 2 1 2 2 2 8 8 8 2 10 2 2
left_child=1 3 5 4 -1 7 15 22 9 13 16 17 21 -7 18 24 -11 -4 -3 20 -16 -13 23 -2 -5 26 28 -28 -10 -30
right_child=2 14 11 6 -6 8 -8 -9 25 10 -12 12 -14 -15 19 -17 -18 -19 -20 -21 -22 -23 -24 -25 -26 -27 27 -29 29 -31
leaf_value=-0.0019988890165734854 0.002795565253939951 0.0034459732299198134 -0.021528024348018183 -0.0041552925086065758 -0.0034715423681023899 0.035973713729691485 -0.00026671022910971511 0.019017812359322601 -0.00078079675650482021 -0.012860438084168117 -0.010622861638054254 -0.020759130335858751 0.073494501961943792 -0.00053009918474049018 -0.0064478775350072185 -0.0024417576819286942 0.0061714812061190926 0.022659069851565093 -0.0022971193590795415 -0.0038511784274412597 0.0012219060315633468 0.045841703756111851 -0.0025211875912047655 0.0094929284658514697 -0.0015950100280398506 0.019540160277388009 -0.0061287694168787104 0.022670074800176243 0.0043879132504600852 -0.004156935615518176
leaf_weight=2339 3580 68 52 66 1186 37 7302 1442 2299 30 35 52 412 1157 23 1376 1437 72 281 1023 173 123 351 773 1483 155 621 21 2069 525
leaf_count=2339 3580 68 52 66 1186 37 7302 1442 2299 30 35 52 412 1157 23 1376 1437 72 281 1023 173 123 351 773 1483 155 621 21 2069 525
internal_value=-0.000285475 -0.00233354 0.00177293 -0.00183972 -0.00425023 0.0014554 -0.0010037 0.00275337 0.000500232 0.00222544 0.00409427 0.00826185 0.010092 -0.000125618 -0.00666412 -0.00281187 0.00461795 -0.000402901 -0.00160123 -0.00803433 -0.0014556 0.00328384 0.00198763 0.00237187 -0.00108127 -0.000316339 -0.000519412 -0.00475004 3.57646e-05 0.00129139
internal_weight=30563 15320 15243 13752 3525 14532 10227 6146 8386 2696 1502 711 587 1194 1568 2925 1467 124 349 1219 196 175 4704 4353 1549 5690 5535 642 4893 2594
internal_count=30563 15320 15243 13752 3525 14532 10227 6146 8386 2696 1502 711 587 1194 1568 2925 1467 124 349 1219 196 175 4704 4353 1549 5690 5535 642 4893 2594
cat_boundaries=0 1 2 3 4
cat_threshold=1617926 17107504 17727506 160
is_linear=0
shrinkage=0.05


Tree=31
num_leaves=31
num_cat=5
split_feature=4 4 16 39 6 4 16 13 34 16 26 45 38 39 38 34 14 26 16 34 30 38 10 39 5 12 23 49 29 48
split_gain=48.1485 12.4597 11.403 9.04516 6.39302 6.0292 5.40687 5.07807 4.87726 4.69654 4.69262 4.6416 4.52109 4.15462 4.11525 4.08564 6.12569 4.04558 3.9906 3.91379 3.88058 3.86387 4.57045 5.60107 3.84828 3.82966 3.73018 4.0449 3.71962 3.65447
threshold=0.31666666666666671 3.2416666666666676 0 -0.54999999999999993 0.35000000000000003 1.0000000180025095e-35 1 0.33662488294938436 25.166666666666668 2 0.23333333333333336 9.3500000000000032 -2.4999999999999427 -0.94999999999999984 -0.96666666666664003 94.583333333333357 3 26.558333333333337 4 96.583333333333357 23.216666666666672 -0.79999999999989757 0.25881904510252091 21.150000000000002 0.21075257835628067 -0.93568234840038322 3.1357729545878672 27.750000000000004 11.827454938333657 90.500000000000014
decision_type=2 2 9 8 2 2 9 2 2 9 2 8 10 10 10 2 1 2 9 2 2 10 2 8 2 2 2 10 2 8
left_child=2 4 3 -1 9 20 21 8 -5 -2 -7 -12 -3 29 25 16 -15 -16 -9 -20 -4 -6 23 -23 -18 -11 27 -10 -28 -8
right_child=1 12 5 7 6 10 13 18 26 14 11 -13 -14 15 17 -17 24 -19 19 -21 -22 22 -24 -25 -26 -27 28 -29 -30 -31
leaf_value=-0.0035577670187285056 -0.00087703925813979321 0.087461955070519654 -0.002285752256903556 -0.0043676055633066965 0.0029882932543343621 -0.0038794163404969914 -0.006793709427525863 -0.0016952552509728548 -0.00026348148863648835 -0.0069762426232946846 0.00046725898614962823 -0.0018590173853205523 0.034517129017288387 -0.0035558660373226914 0.0013458750506115614 0.0081741287216611121 0.010211150332444194 -0.0047249539040842064 -0.0035925056271792878 -0.0016343767055102072 0.0018385112199042473 -0.0033382437568397123 -0.0048388122399457062 0.013896425987700979 0.0025848004600647848 0.0060045846073015531 -0.0028728036397009829 0.012061638667104935 0.0028216224834208647 0.0076644080012525095
leaf_weight=322 3218 172 2047 124 1083 164 131 695 802 142 3534 3927 539 378 3223 2977 371 539 683 303 164 412 465 291 650 1590 1316 43 176 82
leaf_count=322 3218 172 2047 124 1083 164 131 695 802 142 3534 3927 539 378 3223 2977 371 539 683 303 164 412 465 291 650 1590 1316 43 176 82
internal_value=-0.000282203 0.00157873 -0.00239858 -0.00449252 0.00128278 -0.0014422 0.00242687 -0.00387485 -0.00242778 0.000384523 -0.000777039 -0.000593076 0.00805091 0.00340828 0.00127178 0.00374763 0.00151883 0.000345552 -0.0059931 -0.00803132 -0.00374248 0.000409093 -0.00158377 0.000960034 0.00351566 0.0032908 -0.00191477 0.000739557 -0.003418 -0.00340216
internal_weight=30563 16263 14300 4464 15552 9836 6840 4142 2461 8712 7625 7461 711 4589 5494 4376 1399 3762 1681 986 2211 2251 1168 703 1021 1732 2337 845 1492 213
internal_count=30563 16263 14300 4464 15552 9836 6840 4142 2461 8712 7625 7461 711 4589 5494 4376 1399 3762 1681 986 2211 2251 1168 703 1021 1732 2337 845 1492 213
cat_boundaries=0 1 2 3 4 5
cat_threshold=1617958 42639366 5861476 4148 557088
is_linear=0
shrinkage=0.05


Tree=32
num_leaves=31
num_cat=7
split_feature=4 32 4 16 26 16 13 4 16 6 45 38 16 7 37 3 27 43 27 12 42 52 45 2 16 40 16 12 14 55
split_gain=44.4094 12.511 10.7148 9.65244 7.42929 6.08116 5.66933 5.63095 4.84318 4.57031 4.47032 3.92182 3.87285 3.84835 3.70031 3.8566 3.58619 3.53143 3.39408 3.38946 3.37894 4.66815 4.60142 4.47983 4.81365 4.47366 3.92133 3.37254 3.35622 3.79411
threshold=0.35833333333333339 1020.7166666666668 1.7416666666666669 0 0.44166666666666676 1 0.62058661934845294 0.041666666666666678 2 2.6500000000000008 21.050000000000001 -0.86666666666673098 3 0.45000000000000007 -0.51975151550624665 0.25000000000000006 0.09999999999999977 1.2500000000000002 0.047140452079103064 -0.81997176292477703 0.25000000000000006 3.5000000000000004 14.600000000000003 0.95000000000000007 4 50.500000000000007 5 0.89445413044074684 6 12.416666666666666
decision_type=2 2 2 9 2 9 2 2 9 2 10 10 9 2 2 2 2 10 2 2 8 8 8 8 9 10 9 2 1 2
left_child=1 3 8 6 13 9 -1 -6 11 -4 -7 17 14 -5 -3 27 -13 -2 -10 -19 21 23 -22 25 -25 -20 -23 -16 29 -14
right_child=2 12 5 4 7 10 -8 -9 18 -11 -12 16 28 -15 15 -17 -18 19 20 -21 22 26 -24 24 -26 -27 -28 -29 -30 -31
leaf_value=-0.0026671321909877729 -0.0060576695336975496 0.0033879621812690029 0.023405452425871644 -0.0034308524765661319 -0.0020518982102476547 0.0013247162002432257 -0.0032695728519682972 -0.00021622154129608551 0.011804916658175589 0.084472257737088594 0.034552931218809792 -0.011206528907296558 -0.0060790888922949565 0.0013333042247913513 -0.0021508923722146885 0.0063268210557503417 0.0052463986807137599 3.7145628885729148e-05 0.0061549886684017091 0.014466128524271296 0.00088135159147429429 0.0015900975394080254 0.0077602378419264761 -0.00013241548082818522 0.0050023277018560854 -0.0013412493201779064 -0.0024847023208441014 -0.0062895479837042079 -0.0034979575199467817 0.0012149243763955682
leaf_weight=1520 22 68 1405 328 3108 921 753 7984 162 178 108 68 23 59 218 36 1523 148 216 558 1473 890 716 1201 1577 1967 2110 27 1023 173
leaf_count=1520 22 68 1405 328 3108 921 753 7984 162 178 108 68 23 59 218 36 1523 148 216 558 1473 890 716 1201 1577 1967 2110 27 1023 173
internal_value=-0.000308378 -0.00220952 0.00160236 -0.00172701 -0.00113368 0.00451744 -0.00469756 -0.000897035 0.000999517 0.00644969 0.00146762 0.00305912 -0.00644092 -0.00794368 -0.00160123 -0.00418001 0.00168123 0.0061118 0.000532837 0.00672709 0.000418715 -5.96651e-05 0.00215842 0.000881861 0.00221374 -0.000813064 -0.00161661 -0.00642595 -0.00774957 -0.0014556
internal_weight=30563 15320 15243 13752 11479 2612 2273 11092 12631 1583 1029 2319 1568 387 349 281 1591 728 10312 706 10150 7961 2189 4961 2778 2183 3000 245 1219 196
internal_count=30563 15320 15243 13752 11479 2612 2273 11092 12631 1583 1029 2319 1568 387 349 281 1591 728 10312 706 10150 7961 2189 4961 2778 2183 3000 245 1219 196
cat_boundaries=0 1 2 3 4 5 6 7
cat_threshold=536582 17635920 17039888 17727506 42098726 9453634 160
is_linear=0
shrinkage=0.05


Tree=33
num_leaves=31
num_cat=7
split_feature=4 32 16 4 13 49 32 16 26 55 16 16 9 16 14 42 47 40 16 27 37 53 38 38 26 37 38 34 38 51
split_gain=41.2474 10.9989 11.377 10.1464 8.03188 6.38514 5.99427 6.12038 5.22168 4.94761 6.70226 5.93114 5.72601 4.52759 4.74749 4.48012 4.25866 4.15928 4.04183 3.96584 3.82564 4.37183 4.48515 3.65853 4.86129 4.52188 6.40863 3.65802 3.65315 4.0876
threshold=0.31666666666666671 1017.4166666666669 0 3.2416666666666676 0.33662488294938436 17.800000000000004 1020.7166666666668 1 0.23333333333333336 19.166666666666668 2 3 4.5000000000000009 4 5 0.65000000000000002 5.0500000000000007 60.500000000000007 6 1.6499999999999992 0.15632860722591854 5.7500000000000009 0.4666666666666402 -1.2666666666665944 27.683333333333341 -0.40735497669013038 -4.166666666666571 99.833333333333357 0.13333333333349631 -4.9500000000000002
decision_type=2 2 9 2 2 10 2 9 2 2 9 9 2 9 1 8 8 10 9 2 2 10 10 10 2 2 10 2 10 10
left_child=1 2 4 6 -1 13 7 28 -4 11 12 -10 17 -3 16 23 -15 -11 -5 -13 21 22 -19 25 -25 -9 -27 -12 -2 -30
right_child=3 5 8 18 -6 -7 -8 15 9 10 27 19 -14 14 -16 -17 -18 20 -20 -21 -22 -23 -24 24 -26 26 -28 -29 29 -31
leaf_value=-0.0017996438638338249 0.0061740889516421708 -0.00084468717441956722 -0.0033508524256354259 -0.0034526379705278167 -0.0031060942093698836 -0.0034868078447835003 -0.0022982071293708578 -0.0001344718909004422 0.0026390232459633958 0.0027085066115139556 -2.4547697743820818e-05 -0.00038324850485425003 -0.0019758422509684737 0.0057597497577249364 -0.0033088750332684494 0.0048709444531206186 -0.0016314346453479803 -0.0067357914950292976 0.047651039304377842 -0.0044838583574746656 -0.0071193260255647955 0.0064372375889336295 0.0020363520262495645 -0.00037977762445625817 -0.0057914728142405341 -0.012444253384274368 0.0072210612052635431 0.010870979573803737 -0.008015931017768969 0.002294467669487388
leaf_weight=1251 4278 831 178 107 1036 598 754 1378 1199 92 2389 2378 2122 33 1068 943 510 248 604 43 140 52 72 4444 388 55 877 60 76 2359
leaf_count=1251 4278 831 178 107 1036 598 754 1378 1199 92 2389 2378 2122 33 1068 943 510 248 604 43 140 52 72 4444 388 55 877 60 76 2359
internal_value=-0.000355821 -0.00231467 -0.00159412 0.00136659 -0.00473423 -0.00498339 0.00109953 0.00132112 -0.00078759 -0.000616821 -0.00160866 0.000801083 -0.00330763 -0.00384915 -0.00538215 0.000392213 -0.00149159 -0.00761463 0.00720714 -0.000627288 -0.00937317 -0.00671862 -0.00890347 -3.50037e-05 -0.00081745 0.00160166 0.00429139 0.000294823 0.00243563 0.000893187
internal_weight=30563 14300 11260 16263 2287 3040 15552 14798 8973 8795 5175 3620 2726 2442 1611 8085 543 604 711 2421 512 372 320 7142 4832 2310 932 2449 6713 2435
internal_count=30563 14300 11260 16263 2287 3040 15552 14798 8973 8795 5175 3620 2726 2442 1611 8085 543 604 711 2421 512 372 320 7142 4832 2310 932 2449 6713 2435
cat_boundaries=0 1 2 3 4 5 6 7
cat_threshold=1585158 25496112 54788176 33554992 21200978 1192 4198434
is_linear=0
shrinkage=0.05


Tree=34
num_leaves=31
num_cat=5
split_feature=7 32 16 6 28 38 16 30 49 53 42 39 1 55 3 16 30 7 13 32 17 16 3 36 36 38 14 51 24 31
split_gain=34.7471 11.1858 11.6902 9.04941 6.8397 6.77379 6.58725 6.26855 6.13785 6.12908 5.68662 5.37166 5.19457 5.30419 5.05673 6.1004 4.29528 4.0584 4.95877 6.93296 3.97406 3.94185 3.87062 3.702 3.62765 3.41485 4.26273 3.68314 3.42073 4.17261
threshold=0.75000000000000011 1017.3166666666668 0 2.6500000000000008 83.833333333333357 0.46666666666675388 1 13.616666666666669 12.800000000000002 11.050000000000002 0.65000000000000002 1.0000000180025095e-35 0.15000000000000005 42.583333333333336 0.15000000000000005 2 16.31666666666667 1.4500000000000002 -0.93262014971044682 1000.6416666666668 48.298370000000006 3 2.7500000000000004 -0.022848531569531535 -0.57631458156598814 -1.1833333333333937 4 2.9000000000000017 5.8591262689972972 1.8190351532856341
decision_type=2 2 9 2 2 10 9 2 10 10 8 8 2 2 2 9 2 2 2 2 2 9 2 2 2 10 1 8 2 2
left_child=1 2 5 6 9 11 17 -6 -3 12 25 -1 13 -4 -10 -16 -7 -2 19 -19 24 23 -21 -13 -17 28 -27 -28 29 -8
right_child=3 8 4 -5 7 16 10 -9 14 -11 -12 21 -14 -15 15 20 -18 18 -20 22 -22 -23 -24 -25 -26 26 27 -29 -30 -31
leaf_value=-0.0028583059221832922 0.0017751984344766465 -0.001728360898894682 -0.0022257995585287017 0.067567364226160803 -0.00035213524589290809 -0.0030940969927534174 -0.0002843519496351449 0.0040534187054286413 -0.003264614745606824 0.0032536995823312324 0.0071588411666104555 -0.00089014477482270713 0.00080368098948275797 0.0024214252328288474 -0.0058726311949690111 -0.0059009152087610081 0.0022939964946221388 0.066039347963077422 0.013024816443113804 -0.014750312130146643 -0.001410410171832835 -0.0018984046470701954 0.0048527762859926944 0.0028251309987976994 0.0061839851736955782 -0.0032469379950206519 -0.00052482164304024363 0.0059050027627852112 0.0048197167852419677 -0.0087883234300621393
leaf_weight=428 2336 2189 3299 286 1726 1139 754 1641 870 427 962 637 1331 477 124 26 83 48 2756 147 169 1815 71 512 156 1744 2416 485 1480 29
leaf_count=428 2336 2189 3299 286 1726 1139 754 1641 870 427 962 637 1331 477 124 26 83 48 2756 147 169 1815 71 512 156 1744 2416 485 1480 29
internal_value=-0.000380361 -0.00188133 -0.00122641 0.00151323 -0.000165524 -0.0032655 0.00132294 0.00161118 -0.00438584 -0.00124682 0.000399741 -0.00212258 -0.00172799 -0.00267472 -0.00704409 -0.00289413 -0.00646428 0.0026732 0.00388802 -0.00263059 0.000623096 -0.00136635 -0.00641907 0.000927444 0.00576606 -0.00010133 -0.000877269 0.000300574 0.00149132 -0.0011812
internal_weight=30563 17049 13515 13514 8901 4614 13228 3367 3534 5534 7870 3392 5107 3776 1345 475 1222 5358 3022 266 351 2964 218 1149 182 6908 4645 2901 2263 783
internal_count=30563 17049 13515 13514 8901 4614 13228 3367 3534 5534 7870 3392 5107 3776 1345 475 1222 5358 3022 266 351 2964 218 1149 182 6908 4645 2901 2263 783
cat_boundaries=0 1 2 3 4 5
cat_threshold=6074374 17107472 8953860 5799936 2348
is_linear=0
shrinkage=0.05


Tree=35
num_leaves=31
num_cat=6
split_feature=4 6 16 6 4 13 26 16 32 34 48 16 4 38 47 32 24 25 47 36 37 38 47 16 41 38 53 14 14 18
split_gain=37.1517 10.0924 8.98965 7.21991 7.12996 5.96496 5.53009 4.98192 4.86999 5.6381 4.83409 4.6204 4.35104 3.99095 3.92934 4.35594 5.55996 4.56639 3.87869 3.75647 3.69388 3.60001 3.53061 3.45438 3.39748 3.55741 3.75297 3.34931 3.29453 3.1967
threshold=0.35833333333333339 0.35000000000000003 0 4.8500000000000005 0.041666666666666678 0.32041146939831461 0.61666666666666681 1 1011.7833333333335 64.583333333333357 71.500000000000014 2 2.1416666666666671 -1.8333333333333142 0.25000000000000006 1006.7416666666667 4.9010488506984435 99.340958798585305 27.250000000000004 0.83879474162647139 0.94735318170203897 0.69999999999998874 32.050000000000004 3 22.500000000000004 -0.59999999999996578 9.2500000000000036 4 5 8.7002500000000023
decision_type=2 2 9 2 2 2 2 9 2 2 8 9 2 10 10 2 2 2 10 2 2 10 10 9 10 10 8 1 1 2
left_child=2 7 5 11 10 8 -6 18 21 -10 22 12 14 19 -3 17 -17 -16 -2 -14 28 -1 -4 -8 25 27 -27 -13 -15 -19
right_child=1 3 4 -5 6 -7 23 -9 9 -11 -12 24 13 20 15 16 -18 29 -20 -21 -22 -23 -24 -25 -26 26 -28 -29 -30 -31
leaf_value=0.0018147019698278284 0.0046221876055766884 -0.00095972751012761708 -0.0021139610049636772 0.15933425699450343 -0.0028263385247026319 -0.0027960846492637195 0.0022449600645345681 -0.00076842256848360106 -0.0036231246589124564 -0.0018621271193336537 -0.0015732866624774357 0.0095382048055726587 0.045737223881739154 -0.0023277743502064354 0.013039407351392033 -0.0045412253317577535 0.0052141436819043768 0.0012363592145140435 -0.0080721056625378349 0.0054284655509232839 -0.036455892066201527 -0.003951028020348849 0.0024302318755869638 -0.00069888290969581939 0.012008813589853519 -0.00052928178566173103 -0.0096526037732025567 0.00081569897502577486 0.031831085679135306 0.010240584063608373
leaf_weight=685 2092 337 1343 63 255 1825 905 5468 334 1029 1758 405 228 176 254 198 1498 440 210 80 27 187 128 6871 282 1239 139 1087 403 639
leaf_count=685 2092 337 1343 63 255 1825 905 5468 334 1029 1758 405 228 176 254 198 1498 440 210 80 27 187 128 6871 282 1239 139 1087 403 639
internal_value=-0.000483078 0.00126268 -0.00222257 0.00257168 -0.00149067 -0.00423823 -0.000694176 0 -0.00251667 -0.00438339 -0.0034762 0.00242865 0.00349642 0.00656383 0.00267372 0.00324354 0.00156241 0.00538219 0.00194628 0.0111977 0.00420723 0.00040133 -0.00559105 -0.000456527 0.000964549 0.000452946 -0.00137871 0.00214463 0.00505094 0.00396163
internal_weight=30585 15265 15320 7495 11260 4060 8031 7770 2235 1363 3229 7432 4280 914 3366 3029 1696 1333 2302 308 606 872 1471 7776 3152 2870 1378 1492 579 1079
internal_count=30585 15265 15320 7495 11260 4060 8031 7770 2235 1363 3229 7432 4280 914 3366 3029 1696 1333 2302 308 606 872 1471 7776 3152 2870 1378 1492 579 1079
cat_boundaries=0 1 2 3 4 5 6
cat_threshold=1585190 12976658 18172496 528 1608 2432
is_linear=0
shrinkage=0.05


Tree=36
num_leaves=31
num_cat=6
split_feature=6 4 26 16 6 32 16 16 2 16 46 37 44 2 51 37 38 36 3 14 23 45 24 33 18 44 9 47 26 16
split_gain=34.3953 12.7649 12.8052 8.47302 7.31749 6.13376 8.49611 5.87451 5.85766 5.13841 5.05974 4.83325 4.63194 4.52554 4.23545 4.09334 3.9716 3.78672 3.77015 3.70638 4.4649 4.74089 4.12147 4.20278 3.92661 3.85644 3.75459 3.69176 3.52447 3.52187
threshold=0.35000000000000003 0.083333333333333356 9.7833333333333368 0 4.8500000000000005 1011.2166666666668 1 2 2.3500000000000001 3 0.8500000000000002 -0.73229148026970692 93.500000000000014 0.35000000000000003 -2.7999999999999989 0.58664310088535065 -1.2666666666665944 -0.26419337545928173 0.8500000000000002 4 1.4475150492552917 9.9000000000000004 18.408045910269355 0.50990195135926453 17.587670000000003 82.500000000000014 3.5000000000000004 13.350000000000003 12.31666666666667 5
decision_type=2 2 2 9 2 2 9 9 10 9 10 2 8 8 10 2 8 2 2 1 2 10 2 2 2 10 2 10 2 9
left_child=1 5 3 -3 8 -1 -7 15 9 -2 12 -8 16 -5 -11 -4 -9 -14 -18 22 21 -21 23 -16 -25 26 -23 -17 -10 -13
right_child=4 2 7 13 -6 6 11 10 28 14 -12 29 17 -15 19 27 18 -19 -20 20 -22 25 -24 24 -26 -27 -28 -29 -30 -31
leaf_value=-0.0017371782325152881 0.010293228347880443 -0.002391479195172522 0.00078072557405429739 -0.0021527362824806302 0.15136754414477827 -0.0035567843539589003 -0.0026809221216673482 0.00074090868585145742 0.026094844539797671 -0.0025609702288665829 0.0054808988888342602 0.00064740983670261989 -0.0014663032999550297 0.00047789674724274398 0.0056021140556056781 -0.001915477226347906 -0.0030732125454632346 0.0071926794039678978 0.0015594472814639605 -0.00067444551618329747 -0.0014852204730326142 -0.012847458386494232 -0.0089211083670618901 0.0090725341864497985 0.024252445229004205 0.0079980960781530393 0.0046525046794241914 0.0089135631391015543 0.016172419349226658 -0.0019175811633826397
leaf_weight=2727 1220 2107 3715 1291 63 439 748 1253 422 689 693 783 323 1684 1297 165 3630 519 713 620 1484 48 89 185 163 373 277 679 565 1621
leaf_count=2727 1220 2107 3715 1291 63 439 748 1253 422 689 693 783 323 1684 1297 165 3630 519 713 620 1484 48 89 185 163 373 277 679 565 1621
internal_value=-0.000484713 -0.00144001 -0.000718455 -0.0028138 0.00245827 -0.00335544 -0.00471304 0.000192471 0.00231429 0.00176491 -0.000703673 -0.00376332 -0.00114164 -0.00108037 0.00107448 0.00159222 -0.00166187 0.00231564 -0.00237733 0.00163136 0.000497849 0.0026174 0.00344017 0.00402711 0.00890549 0.00544335 0.00146109 0.00473878 0.00590112 -0.00268292
internal_weight=30585 23090 16772 5082 7495 6318 3591 11690 7432 6445 7131 3152 6438 2975 5225 4559 5596 842 4343 4536 2802 1318 1734 1645 348 698 325 844 987 2404
internal_count=30585 23090 16772 5082 7495 6318 3591 11690 7432 6445 7131 3152 6438 2975 5225 4559 5596 842 4343 4536 2802 1318 1734 1645 348 698 325 844 987 2404
cat_boundaries=0 1 2 3 4 5 6
cat_threshold=5795846 4100 5751376 17056256 1730 9764882
is_linear=0
shrinkage=0.05


Tree=37
num_leaves=31
num_cat=7
split_feature=4 2 16 13 32 16 49 3 38 12 42 16 1 52 2 28 40 37 40 14 40 4 48 13 32 16 14 36 27 14
split_gain=32.2367 9.18105 7.8731 8.44395 7.58619 6.76121 5.62578 5.5555 5.52879 4.52646 4.21236 4.12766 3.91984 3.86081 4.81867 4.58979 3.84977 3.76403 3.73911 3.73546 3.60383 3.5592 4.36618 3.45199 3.31043 3.30997 3.97963 3.55981 3.34331 3.30223
threshold=0.31666666666666671 2.5500000000000003 0 0.65368047477200586 1017.4166666666669 1 15.650000000000002 0.15000000000000005 -1.8999999999999202 -0.99628166032228227 0.75000000000000011 2 4.3500000000000005 3.5000000000000004 0.95000000000000007 85.583333333333357 92.500000000000014 -0.8724647095669894 91.500000000000014 3 50.500000000000007 0.041666666666666678 71.500000000000014 0.96914236212857585 1024.7833333333335 4 5 -0.37948629897559888 1.5937377450509236 6
decision_type=2 10 9 2 2 9 10 2 10 2 8 9 2 10 8 2 8 2 10 1 10 2 8 2 2 9 1 2 2 1
left_child=2 5 3 18 11 8 -6 -8 -2 -10 13 17 16 14 20 -16 -3 -4 -1 -19 -7 22 -13 -11 -17 26 -15 29 -29 -27
right_child=1 12 4 -5 6 10 7 -9 9 23 -12 21 -14 25 15 24 -18 19 -20 -21 -22 -23 -24 -25 -26 27 -28 28 -30 -31
leaf_value=-0.002557178972091523 0.021355357071855752 0.0084269020960314692 -0.0023162083979139827 -0.002613042457229767 -0.0014007176098166055 0.0052416501954432428 -0.0033178560645152292 -0.00011949055684443155 0.062747916359497058 0.0043236175615675391 0.004202622658705457 -0.0019148211709617642 0.06536223957141718 -0.0026793196618653593 -0.00060267626126802036 0.0055721876322586857 0.02970401181468979 0.0068447874134150103 0.0016430971741815239 0.00084348816034454383 -0.0013595736985011376 -0.00053112903357160348 -0.0013854494082713026 -0.010707382076958181 -0.0067070738450503101 -0.0060786830869397667 0.0026621113326343818 -0.00066924791661566454 -0.010053307765707615 -0.00098153005631883565
leaf_weight=1622 408 717 152 1010 1846 245 406 145 124 2496 1359 1029 182 526 1307 2385 229 261 304 490 2521 5754 1275 36 47 442 1211 1576 41 439
leaf_count=1622 408 717 152 1010 1846 245 406 145 124 2496 1359 1029 182 526 1307 2385 229 261 304 490 2521 5754 1275 36 47 442 1211 1576 41 439
internal_value=-0.000509235 0.00101129 -0.00224218 -0.00454839 -0.00164056 0.000687524 -0.00414042 -0.00857376 0.0027813 0.00195776 0.000154842 -0.000973653 0.005363 -0.000176907 0.000588 0.00175844 0.00406934 0.00221772 -0.00262188 0.00369458 -0.00099418 -0.00133241 -0.00299466 0.00150073 0.00304264 -0.0013518 0.000329117 -0.00251186 -0.00112856 -0.00507888
internal_weight=30585 16291 14294 2936 11358 15163 2397 551 3064 2656 12099 8961 1128 10740 6505 3739 946 903 1926 751 2766 8058 2304 2532 2432 4235 1737 2498 1617 881
internal_count=30585 16291 14294 2936 11358 15163 2397 551 3064 2656 12099 8961 1128 10740 6505 3739 946 903 1926 751 2766 8058 2304 2532 2432 4235 1737 2498 1617 881
cat_boundaries=0 1 2 3 4 5 6 7
cat_threshold=1585158 17039888 544 2848 13780994 54 2590
is_linear=0
shrinkage=0.05


Tree=38
num_leaves=31
num_cat=2
split_feature=4 4 4 39 49 36 29 30 47 6 39 17 32 37 37 27 44 27 14 37 32 14 38 49 48 37 38 47 13 11
split_gain=29.0088 8.33218 7.48857 10.0115 5.02924 5.02892 5.87899 4.52666 4.31227 3.89755 3.78709 3.50763 3.76627 3.45991 4.1686 3.59725 4.06909 3.43017 3.38182 3.9844 3.12774 4.80859 3.63162 3.19776 3.19485 3.14697 3.22598 5.06199 4.96715 4.05177
threshold=0.34166666666666673 1.216666666666667 1.0000000180025095e-35 7.0500000000000007 4.5000000000000009 -0.70811972747828034 4.4087031600079616 23.216666666666672 0.55000000000000016 4.9500000000000011 33.050000000000004 49.662580000000005 1023.3166666666668 0.2387697579036715 -0.61745290991257884 0.57154760664940785 95.500000000000014 0.40276819911981931 0 0.054117130680653575 1014.9166666666669 1 -0.066666666666662863 16.000000000000004 86.500000000000014 -0.8724647095669894 -1.6000000000000794 27.750000000000004 -0.56532384738233998 0.37940952255126048
decision_type=2 2 2 8 8 2 2 2 8 2 10 2 2 2 2 2 10 2 1 2 2 1 10 10 10 2 8 8 2 2
left_child=2 8 7 11 -5 -3 9 10 13 18 -1 12 -4 14 17 16 -16 -2 19 -7 25 22 -22 -23 -25 -6 -27 -28 -29 -30
right_child=1 5 3 4 20 6 -8 -9 -10 -11 -12 -13 -14 -15 15 -17 -18 -19 -20 -21 21 23 -24 24 -26 26 27 28 29 -31
leaf_value=-0.0019138255188019288 0.00012734700911764263 -0.0030053337710345602 -0.00077172940726542155 0.0017475601558682831 -0.0025852907841675378 0.037636312759698864 0.00073265684227045991 0.0020257149925550669 0.00052993059160020564 0.14686511850783615 0.0078833518192000258 -0.002365953208256734 -0.0033647447751896016 -0.0043185139578628979 -0.001585427850042777 0.0048295042571238848 0.0055704329982173536 -0.0054366245952307633 0.0084044755333912147 0.0049455528438337674 -0.0018893339689867979 -0.0018681458600049968 0.0030675136674192943 -0.0040854558901326707 0.00064772016446612568 0.0028759984334725541 0.0004026395903294844 0.0010248800338196835 -0.0026155936566563038 -0.0079888538795149285
leaf_weight=2900 159 500 1170 1257 1141 451 1088 163 10202 51 52 1374 146 208 92 114 33 162 2384 241 243 1159 413 332 79 511 3091 365 333 171
leaf_count=2900 159 500 1170 1257 1141 451 1088 163 10202 51 52 1374 146 208 92 114 33 162 2384 241 243 1159 413 332 79 511 3091 365 333 171
internal_value=-0.000517409 0.000983417 -0.0020973 -0.00152099 -0.000728414 0.00274119 0.0033036 -0.00427755 0.000227892 0.00440504 -0.00472545 -0.00420059 -0.00235544 -0.00338498 -0.00133905 0.00365956 -0.00219824 -0.00506073 0.00417737 0.00726392 -0.00119927 -0.00278514 0.000825702 -0.00427188 -0.00808806 -0.000570197 2.79573e-05 -0.000454534 -0.0038258 -0.00704225
internal_weight=30585 15685 14900 11785 9095 4715 4215 3115 10970 3127 2952 2690 1316 768 560 239 125 321 3076 692 7838 2226 656 1570 411 5612 4471 3960 869 504
internal_count=30585 15685 14900 11785 9095 4715 4215 3115 10970 3127 2952 2690 1316 768 560 239 125 321 3076 692 7838 2226 656 1570 411 5612 4471 3960 869 504
cat_boundaries=0 1 2
cat_threshold=1092 650
is_linear=0
shrinkage=0.05


Tree=39
num_leaves=31
num_cat=5
split_feature=6 7 26 16 2 16 16 37 27 47 12 32 14 6 11 16 36 34 30 1 31 12 46 35 7 31 17 43 45 24
split_gain=26.5157 12.2539 9.63001 6.59884 6.59606 6.45695 6.04957 5.01979 4.79045 4.75101 4.78769 4.40378 5.16134 4.03727 4.03393 3.98204 4.45138 4.78175 4.293 3.85445 4.01681 3.62692 3.41622 4.01026 3.37443 3.3507 3.34394 3.29287 3.51107 4.10618
threshold=0.35000000000000003 1.0000000180025095e-35 9.7833333333333368 0 3.9500000000000006 1 2 0.85554479162027175 0.68475461947247196 10.050000000000002 -0.94723957588908092 1016.3166666666668 3 1.0000000180025095e-35 1.0000000180025095e-35 4 0.86080233522706884 95.583333333333357 0.48333333333333334 1.3100000000000003 0.70000000000000073 -0.99054754357789199 0.8500000000000002 1.3307163456488713 0.35000000000000003 0.45000000000000068 41.308535000000006 32.350000000000001 11.15 18.020560183386852
decision_type=2 2 2 9 10 9 9 2 2 10 2 2 1 2 2 9 2 2 2 2 2 2 10 2 2 2 2 10 8 2
left_child=1 6 5 11 15 -3 -1 14 9 -7 -11 22 -13 -14 -5 16 17 18 -2 -19 -21 -17 23 -4 -12 -18 -16 28 29 -8
right_child=4 2 3 7 -6 8 27 -9 -10 10 24 12 13 -15 26 21 25 19 -20 20 -22 -23 -24 -25 -26 -27 -28 -29 -30 -31
leaf_value=-0.0029916378052806214 -0.0070472223951457804 -0.0021904440033659323 0.004241371121686488 -0.0006126249553370628 0.037284897603420311 -0.0021235481681228948 -0.0013284900491092823 0.0051447139337671872 0.00090345818705483418 -0.0059581087753340619 -0.00090823597685707198 -0.0038254511325628211 -0.0032325444332636346 0.0044238019396768986 -0.0014598101328436948 0.016754324596377653 0.0062934962457020741 0.0044259981526382167 0.0045052230225737571 0.013723558706817985 0.028604552888205011 3.6347726796470693e-05 0.0039616824032901567 -0.0014159308747315553 0.0046910700286770281 -0.0040170324171729804 0.0044957241365390531 0.0070727874601025685 -0.0017027500069640323 0.0028185645110965635
leaf_weight=568 37 2401 874 2936 389 2074 1253 501 1117 24 121 629 465 372 628 138 406 977 1233 758 154 3023 731 5386 214 380 1502 84 1097 113
leaf_count=568 37 2401 874 2936 389 2074 1253 501 1117 24 121 629 465 372 628 138 406 977 1233 758 154 3023 731 5386 214 380 1502 84 1097 113
internal_value=-0.000505965 -0.00134473 -0.000889858 -0.000174699 0.00207802 -0.00257515 -0.0042615 0.001161 -0.00120783 -0.00245571 0.00285436 -0.00105408 -0.00354682 -0.000914886 0.000690867 0.00173091 0.00278754 0.00363236 0.00125974 0.00522736 0.00756496 0.000402069 -0.00053282 -0.000910529 0.00440167 -0.000572446 0.00234731 -0.00317743 -0.00352198 -0.00183003
internal_weight=30585 23090 19975 14024 7495 5951 3115 5567 3550 2433 359 8457 1466 837 5066 7106 3945 3159 1270 1889 912 3161 6991 6260 335 786 2130 2547 2463 1366
internal_count=30585 23090 19975 14024 7495 5951 3115 5567 3550 2433 359 8457 1466 837 5066 7106 3945 3159 1270 1889 912 3161 6991 6260 335 786 2130 2547 2463 1366
cat_boundaries=0 1 2 3 4 5
cat_threshold=59258918 1601542 4214788 6450 17123952
is_linear=0
shrinkage=0.05


Tree=40
num_leaves=31
num_cat=10
split_feature=4 3 4 16 29 30 39 38 16 31 52 16 14 29 14 7 24 49 32 16 16 23 14 36 27 14 14 20 54 32
split_gain=29.1216 8.25681 7.33852 7.52003 6.40093 5.91431 5.55931 3.94011 3.8548 3.79713 4.42922 3.75314 3.65093 3.7635 3.61885 3.37108 3.59911 3.31 5.19351 6.26559 4.48975 4.13432 4.08237 3.26071 3.11411 3.12122 3.10237 4.28955 3.42467 3.09691
threshold=0.38000000000000006 1.5500000000000003 1.0000000180025095e-35 0 4.9102935861554124 3.683333333333334 2.7500000000000004 -2.4166666666666283 1 0.47842333648024354 16.500000000000004 2 3 6.5743120962686392 4 0.95000000000000007 8.9480074532521741 13.150000000000002 1014.2166666666668 5 6 7.0652604339807938 7 0.88233614944046523 0.80000000000000027 8 9 51.152600000000007 0.46666666666666662 1009.4166666666669
decision_type=2 2 2 9 2 2 8 10 9 2 10 9 1 2 1 2 2 10 2 9 9 2 1 2 2 1 1 2 2 2
left_child=2 11 3 29 5 -3 -4 -7 9 -6 -11 14 -5 -14 -2 16 -16 20 19 -19 24 -21 -22 -17 -8 -26 -9 28 -28 -1
right_child=1 4 6 12 8 7 17 26 -10 10 -12 -13 13 -15 15 23 -18 18 -20 21 22 -23 -24 -25 25 -27 27 -29 -30 -31
leaf_value=-0.0022021119119094408 -0.0029285951469095045 -0.0065573422952682099 -0.001704508263322098 -0.00081978548220055245 -0.015157904456077544 0.029115306363477828 2.3139037663531815e-05 0.0074641557765978313 -0.0060254133874327823 0.025462418030575647 -0.017479807317466785 0.00013263262740922376 -0.0013377245831419056 -0.0018916546379718529 -0.0022203120464018705 0.0058831566916917825 0.012276088241625927 -0.0024734888131884461 -0.0027611477835612383 5.5008271461101657e-05 0.00022168290939394433 0.0072458207862356712 -0.0019092179481583567 0.016755456191697549 -0.00036131975897642915 0.0038327423772580834 -0.020699808994860902 -0.0082390229075527763 0.028883183008184293 -0.0030863986919173222
leaf_weight=70 326 129 1364 1195 55 442 1790 780 413 181 33 9353 991 502 374 1253 242 1071 1130 1041 2311 245 2836 223 298 604 31 100 818 367
leaf_count=70 326 129 1364 1195 55 442 1790 780 413 181 33 9353 991 502 374 1253 242 1071 1130 1041 2311 245 2836 223 298 604 31 100 818 367
internal_value=-0.000426916 0.00117094 -0.00191747 -0.00408787 0.00352101 0.0047824 -0.00138297 0.00540049 -0.00073303 0.00385167 0.00700607 0.000575562 -0.00305771 -0.00470694 0.00232692 0.00309215 0 -0.00101977 -0.00230134 -0.000965169 -0.000449669 0.00138878 -0.00131372 0.0044035 0.00120277 0.0036027 0.00432306 0.0062298 0.00744906 -0.0101208
internal_weight=30568 14753 15815 3125 2982 2300 12690 2171 682 269 214 11771 2688 1493 2418 2092 616 11326 3487 2357 7839 1286 5147 1476 2692 902 1729 949 849 437
internal_count=30568 14753 15815 3125 2982 2300 12690 2171 682 269 214 11771 2688 1493 2418 2092 616 11326 3487 2357 7839 1286 5147 1476 2692 902 1729 949 849 437
cat_boundaries=0 1 2 3 4 5 6 7 8 9 10
cat_threshold=4198404 131632 21299712 2472 130 35403840 1837648 1474 1232 6306
is_linear=0
shrinkage=0.05


Tree=41
num_leaves=31
num_cat=4
split_feature=4 3 4 16 30 13 16 23 32 2 13 38 44 10 36 26 47 35 16 43 45 43 54 16 13 54 38 38 35 45
split_gain=26.2237 7.56309 6.64049 7.29934 5.93109 5.34219 5.45828 4.63107 4.5253 3.62671 3.48364 3.41163 3.37224 3.26655 4.26557 3.63646 3.63026 4.28381 3.56302 3.99464 3.29115 3.20945 3.19654 3.85252 3.98206 3.27775 3.58819 3.27386 3.19269 3.16763
threshold=0.34166666666666673 1.5500000000000003 1.0000000180025095e-35 0 3.683333333333334 0.65368047477200586 1 1.2391055102395685 1010.0166666666668 4.9500000000000011 0.96477059369951434 -1.6666666666665717 99.500000000000014 0.91597561503675362 -0.32296664140693099 26.558333333333337 1.0000000180025095e-35 3.9293061504650377 2 28.050000000000004 14.600000000000003 32.350000000000001 3.7499999999999978 3 0.94995492655104974 10.31666666666667 -0.033333333333246166 -1.099999999999852 9.7695258843005099 3.0500000000000003
decision_type=2 2 2 9 2 2 9 2 2 10 2 8 10 2 2 2 8 2 9 8 10 10 2 9 2 2 8 10 2 10
left_child=2 13 3 8 10 11 -7 9 -1 29 -3 -4 -13 15 -15 16 17 -2 28 -20 -17 22 23 27 -25 26 -24 -5 -18 -6
right_child=1 4 5 21 7 6 -8 -9 -10 -11 -12 12 -14 14 -16 20 18 -19 19 -21 -22 -23 25 24 -26 -27 -28 -29 -30 -31
leaf_value=-0.0015328099835620669 -0.0030739167195938085 -0.0089491752929636102 0.0023464715245224963 0.0096973310567886883 -0.014694409396815857 -0.0021167365006318525 -0.00086434618838908135 0.0058119979649070182 -0.0029252042696196303 0.077547876143784653 0.010259792207106197 -0.00089418209896504068 0.0070118146331869238 -0.0011878676165332808 0.0064482722646753881 -0.0053156062085959639 0.0037404081167424388 0.00015377613782057711 -0.00037340728974025184 0.016051420835635585 0.0027978325024553053 0.0070931665302668093 -0.0019779833233833895 0.0056510727818615443 -0.0035126461934301581 0.0019231901888645349 -0.001011376419136309 -0.0017055926733278064 -0.00039408694632660506 0.021890029372171205
leaf_weight=126 322 140 664 44 73 1923 2016 1783 510 97 42 6995 162 566 1218 687 2728 302 5281 142 235 83 749 318 45 266 620 364 1220 847
leaf_count=126 322 140 664 44 73 1923 2016 1783 510 97 42 6995 162 566 1218 687 2728 302 5281 142 235 83 749 318 45 266 620 364 1220 847
internal_value=-0.000440001 0.000986731 -0.00194322 -0.00399187 0.00325274 -0.0013988 -0.00290041 0.00382129 -0.00874478 0.00651362 -0.00549149 -0.000642493 -0.000960585 0.000454685 0.0024382 0.000130529 0.0004077 -0.00328473 0.000653605 -0.000179456 -0.00287387 -0.00273098 -0.00307552 -0.000421476 0.0032833 -0.00432695 -0.00531371 -0.00370725 0.00179379 0.00554288
internal_weight=30568 15683 14885 3125 2982 11760 3939 2800 636 1017 182 7821 7157 12701 1784 10917 9995 624 9371 5423 922 2489 2406 771 363 1635 1369 408 3948 920
internal_count=30568 15683 14885 3125 2982 11760 3939 2800 636 1017 182 7821 7157 12701 1784 10917 9995 624 9371 5423 922 2489 2406 771 363 1635 1369 408 3948 920
cat_boundaries=0 1 2 3 4
cat_threshold=12587012 35319814 55902738 17188960
is_linear=0
shrinkage=0.05


Tree=42
num_leaves=31
num_cat=5
split_feature=4 3 4 26 29 16 26 14 16 9 24 10 16 34 29 13 13 32 53 37 6 12 37 36 27 42 41 16 46 36
split_gain=24.3703 6.72392 6.67983 5.94437 5.74228 4.96171 5.03208 4.61934 4.48567 4.34529 3.49965 4.15857 3.38905 3.26183 3.08527 3.30016 3.00541 2.93125 2.99105 2.9235 3.29704 2.89334 3.20038 3.306 3.0949 2.88479 4.09106 3.95016 3.55443 3.61012
threshold=0.34166666666666673 1.5500000000000003 0.041666666666666678 6.4166666666666687 4.9102935861554124 0 13.141666666666669 1 2 6.5000000000000009 12.268581547927285 -0.37940952255126059 3 97.833333333333357 5.2173941556879457 0.92628984363228828 -0.94995492655104952 1021.4166666666669 16.550000000000004 -0.97532933412343292 0.15000000000000005 -0.87857987807829374 1.0000000180025095e-35 0.15599955649753408 0.637704215656967 0.65000000000000002 23.600000000000005 4 0.15000000000000005 0.92848683658398501
decision_type=2 2 2 2 2 9 2 1 9 2 2 2 9 2 2 2 2 2 10 2 2 2 2 2 2 8 10 9 10 2
left_child=2 25 7 9 21 6 -4 12 10 -3 11 -9 16 -13 15 -10 -1 18 -7 -19 -21 22 24 -24 -5 27 -27 28 29 -2
right_child=1 3 5 4 -6 17 -8 8 14 -11 -12 13 -14 -15 -16 -17 -18 19 -20 20 -22 -23 23 -25 -26 26 -28 -29 -30 -31
leaf_value=-0.0021841707734160942 -0.00067616648926372986 -0.020177491106638551 -0.0019293072510152443 0.035492518258842934 -0.0010967797125976066 -0.00022372470020343428 -0.00010187256272603529 -0.0028894910553572254 0.00062629640684020858 0.0015238658717385779 -0.0013653660089498227 -0.0019355472630397455 -0.0013692740622589504 0.0033135189445384241 -0.0016366851997337299 -0.0021226613010614215 0.0033165795486893249 -0.005856794664902196 0.0034947531862844815 -0.0021876546204951859 0.0023310155008539556 0.011910114391605588 -0.014208596830059816 0.048280247230106321 0.092137304411135379 0.0023792302307222876 0.01488869120204241 0.0019041301569157399 0.0015746203291071349 -0.0039825225204271619
leaf_weight=59 4186 86 2371 142 625 6230 1251 390 778 169 177 319 966 57 948 224 387 28 156 498 46 1708 63 127 62 1486 160 4957 1511 401
leaf_count=59 4186 86 2371 142 625 6230 1251 390 778 169 177 319 966 57 948 224 387 28 156 498 46 1708 63 127 62 1486 160 4957 1511 401
internal_value=-0.000426916 0.000948473 -0.00187604 0.00308507 0.00376774 -0.00120037 -0.00269816 -0.0035365 -0.00467604 -0.00421403 -0.00752807 -0.00907192 -0.00116026 -0.00531773 -0.00326514 -0.00134717 0.00241175 -0.000416182 -0.000109613 -0.00384548 -0.00303253 0.00501879 0.00888099 0.00420831 0.0132288 0.000446812 0.00239961 0.000156037 -0.000695797 -0.00138977
internal_weight=30568 15683 14885 2982 2727 10580 3622 4305 2893 255 943 766 1412 376 1950 1002 446 6958 6386 572 544 2102 394 190 204 12701 1646 11055 6098 4587
internal_count=30568 15683 14885 2982 2727 10580 3622 4305 2893 255 943 766 1412 376 1950 1002 446 6958 6386 572 544 2102 394 190 204 12701 1646 11055 6098 4587
cat_boundaries=0 1 2 3 4 5
cat_threshold=5828614 2216 12621828 9472514 35141730
is_linear=0
shrinkage=0.05


Tree=43
num_leaves=31
num_cat=7
split_feature=7 7 16 6 16 13 2 32 51 40 33 16 14 9 2 16 28 16 44 52 40 44 51 43 11 54 16 54 43 30
split_gain=20.2258 7.66921 7.31091 6.79218 5.24796 4.70211 4.49238 4.44185 4.43139 4.7143 4.19226 4.13931 3.87207 3.85009 3.54381 3.52478 3.26636 4.786 3.2981 3.222 3.18148 3.26986 3.17401 3.1563 3.15571 3.15268 3.85491 3.16041 3.8526 3.39087
threshold=0.65000000000000002 1.0000000180025095e-35 0 2.2500000000000004 1 0.65368047477200586 1.1500000000000001 1010.0166666666668 -0.90000000000000113 44.500000000000007 0.4496912521077458 2 3 22.500000000000004 2.8500000000000001 4 81.416666666666671 5 64.500000000000014 -19.499999999999996 41.500000000000007 69.500000000000014 -4.9500000000000002 32.350000000000001 -0.78656609248549325 3.7499999999999978 6 10.31666666666667 18.250000000000004 8.3166666666666682
decision_type=2 2 9 2 9 2 8 2 8 8 2 9 1 2 10 9 2 9 10 10 10 10 10 10 2 2 9 2 10 2
left_child=1 2 7 4 10 15 -6 -1 9 -8 13 -7 -5 -2 -11 19 18 -18 -17 -3 -12 -22 -23 25 -14 26 -4 28 29 -27
right_child=3 5 23 12 6 11 8 -9 -10 14 20 -13 24 -15 -16 16 17 -19 -20 -21 21 22 -24 -25 -26 27 -28 -29 -30 -31
leaf_value=-0.0013497980577762859 0.0015238521656659454 -0.0054572163679193729 0.0024449689017846652 0.069502494594984518 -0.0011273490496836291 -0.0018995464050590911 -0.012004478148742132 -0.0026490400996372707 0.0034790034384221905 -0.0014439390812829107 -0.010067393771028044 -0.00091636630228874032 -0.041225064309348629 0.011843557942265631 0.026289138070952591 -1.4359749813502855e-05 0.0022978967297774045 -0.00066267144074363135 -0.0018710730085123959 0.0079139000410869687 0.016226024903557412 -0.019752883382206578 0.0063638073576306551 0.0068203424637401566 0.015768870548908378 -0.0013771700513144484 -0.0013003021984907077 0.0017957158590792971 -0.0018261079403639497 0.0028265592999175328
leaf_weight=126 3746 26 340 217 4118 984 45 510 3474 1360 61 3217 39 152 149 1854 1129 2610 2428 247 455 27 922 83 183 386 431 266 763 220
leaf_count=126 3746 26 340 217 4118 984 45 510 3474 1360 61 3217 39 152 149 1854 1129 2610 2428 247 455 27 922 83 183 386 431 266 763 220
internal_value=-0.000438365 -0.00169653 -0.00391187 0.000876366 0.000690946 -0.00114245 -3.82259e-05 -0.00866739 0.000964579 -0.00125475 0.00193092 -0.0025053 0.00700296 0.00107745 -0.00077861 -0.000452129 -0.00064437 0.000434597 -0.00158801 0.00503356 0.00421473 0.00470052 0.00302919 -0.00265095 0.00193882 -0.00299239 -0.000356633 -0.00423521 -0.00520415 -0.00222736
internal_weight=30568 15620 3125 14948 14509 12495 9146 636 5028 1554 5363 4201 439 3898 1509 8294 8021 3739 4282 273 1465 1404 949 2489 222 2406 771 1635 1369 606
internal_count=30568 15620 3125 14948 14509 12495 9146 636 5028 1554 5363 4201 439 3898 1509 8294 8021 3739 4282 273 1465 1404 949 2489 222 2406 771 1635 1369 606
cat_boundaries=0 1 2 3 4 5 6 7
cat_threshold=12587012 17252882 569346 5732 512 34111536 34701842
is_linear=0
shrinkage=0.05


Tree=44
num_leaves=31
num_cat=7
split_feature=6 5 36 16 6 14 39 32 16 28 16 16 37 14 40 26 12 46 44 38 30 27 14 41 32 47 49 39 41 37
split_gain=18.8221 8.08337 6.06294 5.33712 5.33628 5.1209 4.99994 4.47075 4.41206 4.23518 5.04243 4.15851 4.06074 4.71124 3.97508 3.92337 3.87154 3.83782 3.82613 3.66504 4.85948 3.57547 3.53144 4.08989 3.52677 3.5101 3.50552 3.42465 3.41992 3.37338
threshold=0.15000000000000005 0.049999999999999968 -0.73808650892452377 0 2.6500000000000008 1 2.0500000000000003 1021.6166666666668 2 88.833333333333357 3 4 0.18096705959923337 5 83.500000000000014 5.9583333333333339 -0.99628166032228227 1.0500000000000003 39.500000000000007 -0.26666666666648092 18.516666666666669 0.85122372841814797 6 10.900000000000002 1019.7583333333333 1.0000000180025095e-35 23.900000000000002 4.4500000000000011 20.700000000000003 -0.39779781333858283
decision_type=2 2 2 9 2 1 8 2 9 2 9 9 2 1 10 2 2 10 10 10 2 2 1 10 2 10 10 10 8 2
left_child=1 5 8 15 6 -1 12 17 -2 25 16 14 -4 21 18 -3 -11 29 -7 20 -13 -14 23 -12 -16 -8 -17 -10 -18 -5
right_child=2 3 4 7 -6 11 9 -9 27 10 22 19 13 -15 24 26 28 -19 -20 -21 -22 -23 -24 -25 -26 -27 -28 -29 -30 -31
leaf_value=-0.00098315217140064622 -0.004412121305478342 0.014373413997596209 0.00028007791473270153 -0.0016785654047541177 0.054496578525626574 0.0069316769632646602 -0.0052770694853453929 -0.002734990079041938 0.0046995239887436735 0.056144231481501786 -0.0059215959313689507 -0.0020463825210477239 -0.00072089501697212297 -0.0036045160456273265 0.0011246898484733898 0.0029660629672988606 0.0078431022040877912 0.0035530016591711708 -0.001709957728764916 -0.0022857337624777848 0.0095812879208384879 0.0069331589513437382 0.0038125984221487053 0.0031602711005532915 -0.0024629211236231758 0.001421211012657675 -0.007174622456565318 -0.0011908468956935315 0.022153163814592449 -0.0002058260729887726
leaf_weight=2742 567 37 727 4849 287 53 98 691 174 52 349 471 145 331 498 1285 1678 681 784 676 74 37 1754 273 87 4303 72 900 229 5664
leaf_count=2742 567 37 727 4849 287 53 98 691 174 52 349 471 145 331 498 1285 1678 681 784 676 74 37 1754 273 87 4303 72 900 229 5664
internal_value=-0.000453087 -0.00144395 0.00110046 -0.000781303 0.00155168 -0.00307794 0.00135825 -0.00112441 -0.00172141 0.00177997 0.00288921 -0.00464551 -0.00161277 -0.00501851 -0.00275819 0.0021366 0.00476106 -0.000884394 -0.00498746 -0.00680286 -0.00380664 0.00156169 0.00132015 -0.00189843 0.00038455 0.000687328 0.00171321 0.000184485 0.0044177 -0.00112003
internal_weight=30568 18664 11904 13279 10263 5385 9976 11885 1641 8736 4335 2643 1240 513 1422 1394 1959 11194 837 1221 545 182 2376 622 585 4401 1357 1074 1907 10513
internal_count=30568 18664 11904 13279 10263 5385 9976 11885 1641 8736 4335 2643 1240 513 1422 1394 1959 11194 837 1221 545 182 2376 622 585 4401 1357 1074 1907 10513
cat_boundaries=0 1 2 3 4 5 6 7
cat_threshold=528 3496 50372610 50713106 34015346 26 424
is_linear=0
shrinkage=0.05


Tree=45
num_leaves=31
num_cat=5
split_feature=4 6 16 26 16 38 6 16 11 42 39 32 34 47 46 16 34 14 38 10 39 40 9 37 43 1 40 37 49 12
split_gain=20.1211 8.67819 5.86086 5.59294 6.73051 5.37754 5.34302 5.21773 3.85208 3.61814 3.50254 3.49475 3.37855 3.20985 3.29925 3.17928 4.015 3.42329 3.40324 3.29463 5.21532 4.1284 3.14946 4.03051 3.14017 3.12169 3.17153 3.06741 3.44655 2.94938
threshold=0.083333333333333356 0.35000000000000003 0 12.31666666666667 1 -1.7333333333331777 4.9500000000000011 2 0.25881904510252057 1.6500000000000001 8.9500000000000011 1024.1583333333335 40.166666666666679 11.050000000000002 0.8500000000000002 3 94.583333333333357 4 -0.50000000000005673 0.25881904510252091 21.150000000000002 86.500000000000014 4.5000000000000009 0.72436056753218925 12.850000000000003 1.2500000000000002 38.500000000000007 -0.25504695060954224 22.250000000000004 0.97881962527324695
decision_type=2 2 9 2 9 8 2 9 2 10 10 2 2 8 8 9 2 1 10 2 8 10 2 2 10 2 10 2 10 2
left_child=2 3 12 4 -2 10 9 8 29 15 -5 -4 -1 -9 22 16 17 27 -17 20 21 -20 -15 -24 -6 -18 -27 28 -3 -7
right_child=1 6 11 5 24 7 -8 13 -10 -11 -12 -13 -14 14 -16 18 25 -19 19 -21 -22 -23 23 -25 -26 26 -28 -29 -30 -31
leaf_value=-0.0023247813682382725 0.00056498425665456602 0.015109772548137425 -0.0010167337283321504 0.018634356164670362 -0.0011687087921276749 0.0002426531798332632 0.13088822502854897 0.0064134817782790336 0.0066910147924011849 0.01457185331792011 0.0060975508076787036 -0.0019740698413677864 -0.0020872714291063576 -0.0040230397042260784 0.0035927867284235278 0.0019539100907778688 0.0018625777079213923 -0.003434483022531121 0.0017605662945562317 -0.0053278545304451478 0.013403946716778964 -0.0084590931179962092 -0.0014034357168748986 0.0033656990213406209 -0.0040118789671118541 -0.014022390697704036 0.012767141673106764 -0.0020424739437111153 -0.010643674792036151 0.010095583154265651
leaf_weight=202 2147 389 4672 46 4158 1495 53 202 764 353 900 244 1165 1258 608 1526 1446 602 285 499 273 179 3762 829 470 25 1523 305 47 29
leaf_count=202 2147 389 4672 46 4158 1495 53 202 764 353 900 244 1165 1258 608 1526 1446 602 285 499 273 179 3762 829 470 25 1523 305 47 29
internal_value=-0.000451469 0.000203739 -0.00297226 -0.000431963 -0.00153872 0.000325985 0.00161557 -5.30898e-05 0.00200165 0.00150293 0.00391079 -0.0021518 -0.00586377 -0.000760972 -0.000956312 0.0012572 0.0020991 -0.000167523 -7.21475e-05 -0.00202249 0.00010175 -0.00312433 -0.00132072 -0.000713337 -0.00260883 0.00312281 0.00468316 0.00209692 0.00481541 0.000557706
internal_weight=30456 24173 6283 16668 6775 9893 7505 8947 2288 7452 946 4916 1367 6659 6457 7099 4337 1343 2762 1236 737 464 5849 4591 4628 2994 1548 741 436 1524
internal_count=30456 24173 6283 16668 6775 9893 7505 8947 2288 7452 946 4916 1367 6659 6457 7099 4337 1343 2762 1236 737 464 5849 4591 4628 2994 1548 741 436 1524
cat_boundaries=0 1 2 3 4 5
cat_threshold=4370436 17041968 1282626 18172528 3976
is_linear=0
shrinkage=0.05


Tree=46
num_leaves=31
num_cat=6
split_feature=4 2 16 16 30 35 36 14 32 54 42 14 50 34 19 1 44 48 32 14 51 23 32 32 14 32 51 27 1 30
split_gain=18.6836 8.0444 6.56719 6.17567 5.3539 4.39255 6.03676 3.97518 3.92881 3.64655 3.51691 3.98126 3.49533 5.27182 3.94042 3.49048 3.46011 3.36668 3.73439 3.51961 3.36449 4.49458 4.3591 3.31279 3.22579 3.18248 3.14262 3.11129 3.04023 3.20235
threshold=0.083333333333333356 1.8500000000000003 0 1 9.5166666666666693 1.7926456271808611 0.80137278408659829 2 996.54166666666686 2.3000000000000003 1.1500000000000001 3 3.2500000000000004 98.166666666666671 48.500000000000007 2.2500000000000004 70.500000000000014 78.500000000000014 1022.1416666666668 4 -0.6999999999999974 2.4414996407020282 1010.2833333333335 997.41666666666686 5 1007.0583333333335 1.2 0.047140452079103064 0.15000000000000005 -4.6833333333333327
decision_type=2 10 9 9 2 2 2 1 2 2 8 1 8 2 2 2 8 10 2 1 10 2 2 2 1 2 10 2 2 2
left_child=3 2 5 16 12 6 24 20 -7 23 11 -11 28 14 26 27 -1 18 19 25 22 -22 -6 -3 -2 -5 -14 -9 -4 -30
right_child=1 9 4 17 7 8 -8 15 -10 10 -12 -13 13 -15 -16 -17 -18 -19 -20 -21 21 -23 -24 -25 -26 -27 -28 -29 29 -31
leaf_value=-0.0016840322827750055 0.015945819220516161 0.028947486998910889 -0.0019935072071342735 0.0038436025843872276 -0.0022030696372254024 0.010558079175845975 -0.00092112988451835691 0.014782152827919249 0.00023022316952053535 0.0081795257276180144 0.044032984815122578 -0.0077446022990448789 -0.0041689804087710891 0.011254695746807382 0.016430303642468336 -0.0073663959334145327 -0.0022506941049640523 -0.00051952881818409513 -0.0025257928815297205 -0.0013780809769676911 0.0059255558164868997 -0.0035809509911887416 -0.0085175681247978904 0.011384832110071991 0.0038489293138561282 -0.00092789568697555509 0.014255188218282484 0.0012389080443432178 0.0012549992043775051 -0.00087488028569986109
leaf_weight=689 453 228 1854 178 292 187 573 101 5791 261 78 212 88 49 55 449 678 2211 211 1632 303 568 160 1222 620 684 31 6265 169 4164
leaf_count=689 453 228 1854 178 292 187 573 101 5791 261 78 212 88 49 55 449 678 2211 211 1632 303 568 160 1222 620 684 31 6265 169 4164
internal_value=-0.000431769 0.000199602 -7.44178e-05 -0.00286085 -0.000697206 0.00111343 0.00340198 0.000153599 0.000485104 0.00323572 -0.000226819 -0.0018495 -0.00177844 0.00437024 0.000287191 0.000641016 -0.00582746 -0.00201985 -0.00320691 -0.00266629 -0.00234416 -0.000545288 -0.00586154 0.00455141 0.00561457 -5.73329e-05 -0.00482788 0.000942492 -0.00200013 -0.00127507
internal_weight=30456 24173 22172 6283 14548 7624 1646 8138 5978 2001 551 473 6410 223 174 6815 1367 4916 2705 2494 1323 871 452 1450 1073 862 119 6366 6187 4333
internal_count=30456 24173 22172 6283 14548 7624 1646 8138 5978 2001 551 473 6410 223 174 6815 1367 4916 2705 2494 1323 871 452 1450 1073 862 119 6366 6187 4333
cat_boundaries=0 1 2 3 4 5 6
cat_threshold=17041968 4370436 2068 3864 2216 4700
is_linear=0
shrinkage=0.05


Tree=47
num_leaves=31
num_cat=6
split_feature=4 6 16 6 26 16 38 16 33 44 43 46 34 43 11 16 30 32 35 32 34 43 30 50 43 27 9 14 2 14
split_gain=17.6888 7.92986 6.18464 5.40628 4.43615 5.55986 5.16185 4.84737 4.16159 3.91719 3.51802 3.58907 3.45758 3.32062 3.30344 3.19825 4.61856 4.38816 4.37787 4.13912 3.93638 3.53343 3.50524 3.18223 4.03137 3.27351 3.1334 3.22643 3.13159 3.05529
threshold=0.083333333333333356 0.35000000000000003 0 4.9500000000000011 12.31666666666667 1 -1.7333333333331777 2 0.57927157323277412 93.500000000000014 12.250000000000002 0.75000000000000011 45.416666666666679 12.850000000000003 0.25881904510252057 3 3.683333333333334 1015.0166666666668 2.0274023338281633 1004.3166666666668 95.583333333333357 15.65 0.91666666666666685 0.15000000000000005 12.550000000000002 0.65000000000000135 4.5000000000000009 4 1.1500000000000001 5
decision_type=2 2 9 2 2 9 8 9 2 8 10 10 2 10 2 9 2 2 2 2 2 8 2 8 10 2 2 1 8 1
left_child=2 4 12 15 5 -2 -6 8 14 10 -9 26 -1 -7 -8 16 18 -17 -3 -20 -18 23 -21 24 -19 -26 -12 -28 -16 -22
right_child=1 3 -4 -5 6 13 7 9 -10 -11 11 -13 -14 -15 28 17 20 21 19 22 29 -23 -24 -25 25 -27 27 -29 -30 -31
leaf_value=-0.0021243406856876093 0.00049625844282799592 -0.010121716491390965 -0.0010163339487265499 0.12354652281609571 0.0061497185831507518 -0.0010467851804334821 -0.00034231249043426004 0.0037758175818521037 0.011768871141210491 0.0033638387846588848 -0.0044739967418467785 0.0040376423875850718 -0.0019539057463657194 -0.0037675410044712672 0.0014330791925579679 0.0016997917951253661 0.003725589223269982 -0.003766601127956837 0.023627902951678145 -0.01827347123751304 0.0072241451880287744 -0.012218351893570201 0.0022776552720087414 0.010561324813675813 0.018372756692638697 -0.0093991828591679875 0.00096854381748811007 -0.002291870655077652 0.011529825607809678 0.018673423283609002
leaf_weight=196 2147 135 5333 53 946 4158 1333 238 293 1013 1089 428 754 470 393 3842 1040 275 56 35 794 246 96 56 73 25 1339 2552 269 779
leaf_count=196 2147 135 5333 53 946 4158 1333 238 293 1013 1089 428 754 470 393 3842 1040 275 56 35 794 246 96 56 73 25 1339 2552 269 779
internal_value=-0.000441619 0.000172713 -0.00280514 0.0015223 -0.000434963 -0.00142064 0.000240066 -0.000131327 0.00184935 -0.000813453 -0.00132835 -0.00159021 -0.00650974 -0.00239322 0.00104005 0.001409 0.00269091 0.000568797 -0.00294939 0.00200428 0.00339635 -0.00314768 -0.00286041 -0.00040783 -0.00207719 0.00662589 -0.00196783 -0.00130426 0.0039269 0.00497425
internal_weight=30456 24173 6283 7505 16668 6775 9893 8947 2288 6659 5646 5408 950 4628 1995 7452 2935 4517 322 187 2613 675 131 429 373 98 4980 3891 662 1573
internal_count=30456 24173 6283 7505 16668 6775 9893 8947 2288 6659 5646 5408 950 4628 1995 7452 2935 4517 322 187 2613 675 131 429 373 98 4980 3891 662 1573
cat_boundaries=0 1 2 3 4 5 6
cat_threshold=143364 17041968 1282626 17041968 4642 3218
is_linear=0
shrinkage=0.05


Tree=48
num_leaves=31
num_cat=6
split_feature=4 4 16 36 16 16 42 31 6 38 47 44 51 14 47 4 34 48 32 14 16 43 54 47 54 12 40 31 35 23
split_gain=17.0017 7.45977 6.14471 6.02839 5.50322 5.29402 4.69112 4.5573 3.87254 3.79941 4.06739 3.64293 4.38744 3.58279 3.68925 3.54525 3.51942 3.50269 4.3637 3.4829 3.39262 3.30317 3.29359 3.26682 3.20365 4.48492 3.17124 3.16925 3.30339 4.27036
threshold=0.083333333333333356 3.1416666666666671 0 -0.70811972747828034 1 2 0.55000000000000016 0.14999999999999905 0.55000000000000016 -1.4499999999999884 9.9500000000000011 88.500000000000014 -3.5999999999999983 3 29.850000000000005 2.6416666666666671 45.416666666666679 73.500000000000014 1024.1583333333335 4 5 26.450000000000003 1.5333333333333341 32.050000000000004 2.0500000000000029 -0.79983924473971946 95.500000000000014 0.57154760664940751 4.2815672430289302 2.9074772144634982
decision_type=2 2 9 2 9 9 8 2 2 8 8 8 8 1 10 2 2 10 2 1 9 8 2 10 2 2 10 2 2 2
left_child=2 3 16 20 13 9 11 -8 -9 24 -11 -7 -13 14 -3 19 -1 18 22 -14 21 -2 -4 26 -5 -26 -24 -21 29 -29
right_child=1 4 17 5 -6 6 7 8 -10 10 -12 12 15 -15 -16 -17 -18 -19 -20 27 -22 -23 23 -25 25 -27 -28 28 -30 -31
leaf_value=-0.0020181236514032279 -0.00073446692932748478 -0.0088752015392718261 0.003181229384391665 0.012592073767644705 -0.0043420276140452522 -0.00098996919759650756 -0.0041942846452521906 0.001638340772509564 0.013621781144274914 -0.0010588458172304611 0.0026699557787209314 -0.004169894766672482 0.0034646702173144529 0.054608754206032964 0.21814475253818788 0.031135337948155064 -0.0018562104590474334 -0.00066773589830527731 -0.0027064963762281017 -0.0014733125017945743 -0.0028405763619304414 0.01467090500968582 -0.0012041001253887769 0.0025626826738230721 -0.0078128223921926209 0.0054462611408569207 -0.0045007161397704774 0.00060582764060536929 0.0039827227520401525 -0.0086207565965151691
leaf_weight=196 2378 114 110 509 257 7945 178 1518 361 1115 3558 152 1201 360 30 51 754 2844 119 1342 1567 145 1982 180 123 388 98 342 473 66
leaf_count=196 2378 114 110 509 257 7945 178 1518 361 1115 3558 152 1201 360 30 51 754 2844 119 1342 1567 145 1982 180 123 388 98 342 473 66
internal_value=-0.000448186 0.000154097 -0.00276535 -4.2713e-06 0.00502562 0.000364867 -0.000170466 0.00202956 0.00275398 0.00164384 0.0010432 -0.000561696 0.000751289 0.0079751 0.000973394 0.00111508 -0.00645766 -0.00209148 -0.00346511 0.00091995 -0.00174812 -0.000602029 -0.00299565 -0.00340693 0.00441133 0.00161417 -0.00396616 -0.00025749 0.00207127 -0.00122519
internal_weight=30456 24173 6283 23412 761 19322 13629 2057 1879 5693 4673 11572 3627 504 144 3475 950 5333 2489 3424 4090 2523 2370 2260 1020 511 2080 2223 881 408
internal_count=30456 24173 6283 23412 761 19322 13629 2057 1879 5693 4673 11572 3627 504 144 3475 950 5333 2489 3424 4090 2523 2370 2260 1020 511 2080 2223 881 408
cat_boundaries=0 1 2 3 4 5 6
cat_threshold=143364 17958996 17203730 400 3280 9558624
is_linear=0
shrinkage=0.05


Tree=49
num_leaves=31
num_cat=9
split_feature=4 6 16 3 26 16 38 16 11 9 34 43 44 16 35 41 38 14 48 32 14 48 31 16 2 16 51 35 16 4
split_gain=15.4061 6.73685 6.17271 4.5562 4.04653 4.7829 4.49717 4.52036 4.1267 3.68595 3.64474 3.58109 3.30275 3.29081 3.23176 3.48941 3.19501 3.17735 4.01992 3.16668 3.13557 3.09051 3.0141 3.382 2.99311 3.8086 4.44666 3.47223 3.31345 3.57054
threshold=0.083333333333333356 0.35000000000000003 0 7.2500000000000009 12.31666666666667 1 -1.7333333333331777 2 -0.60355339059327384 9.5000000000000018 45.416666666666679 12.850000000000003 93.500000000000014 3 2.2586347517122229 17.450000000000006 -0.36666666666673103 4 80.500000000000014 1024.1583333333335 5 87.500000000000014 0.5499999999999996 6 1.9500000000000002 7 -4.1499999999999986 8.5122372841814755 8 2.9833333333333338
decision_type=2 2 9 2 2 9 8 9 2 2 2 10 8 9 2 10 10 1 10 2 1 10 2 9 10 9 8 2 9 2
left_child=2 4 10 24 5 -2 13 8 9 -8 -1 -7 -9 -6 -10 -16 -14 -4 19 -19 -18 -20 23 -11 25 -3 27 -27 29 -26
right_child=1 3 17 -5 6 11 7 12 14 22 -12 -13 16 -15 15 -17 20 18 21 -21 -22 -23 -24 -25 28 26 -28 -29 -30 -31
leaf_value=-0.0019172174688330671 0.00047113749445158449 0.0062838513198235531 4.0143555083990706e-05 0.11787944126218974 0.0011426644640426616 -0.00095730448769236476 -0.0065991981743092403 -0.0013926124539543477 0.019191570968709118 0.004691390592487861 -0.0017633999360950614 -0.0035764420839144804 -0.002437677397540658 0.013278352876511535 0.0014489886645212781 0.012925569571297197 -0.0010793315014484273 -0.0012283003759262113 0.0014951955803146429 -0.0020606551044678985 0.0078990256653751114 -0.0013176537116521975 0.0043467310154961612 -0.0068085336776125332 0.01318312545371091 -0.007569483228218152 0.00038831215664738851 0.0093900167945846491 0.0038915341975648554 0.046864485394293734
leaf_weight=196 2047 1645 1343 116 581 4241 105 5323 288 132 754 487 322 365 1141 180 245 2256 550 116 434 1068 560 217 397 214 4170 53 784 126
leaf_count=196 2047 1645 1343 116 581 4241 105 5323 288 132 754 487 322 365 1141 180 245 2256 550 116 434 1068 560 217 397 214 4170 53 784 126
internal_value=-0.000448186 0.000125139 -0.00265394 0.00136907 -0.000434963 -0.00137636 0.000209742 -0.000136916 0.00160457 -0.000887486 -0.0063535 -0.00224774 -0.000860422 0.003488 0.00318501 0.00213837 0.00177305 -0.00197919 -0.00268743 -0.00400489 0.00371816 -0.000772511 0.000137499 -0.00350902 0.00121463 0.000748097 -1.68649e-05 -0.00627106 0.00338536 0.00642469
internal_weight=30456 24173 6283 7505 16668 6775 9893 8947 2623 1014 950 4728 6324 946 1609 1321 1001 5333 3990 2372 679 1618 909 349 7389 6082 4437 267 1307 523
internal_count=30456 24173 6283 7505 16668 6775 9893 8947 2623 1014 950 4728 6324 946 1609 1321 1001 5333 3990 2372 679 1618 909 349 7389 6082 4437 267 1307 523
cat_boundaries=0 1 2 3 4 5 6 7 8 9
cat_threshold=143364 264752 1299010 46731296 2208 2204 1052736 17056304 1116240
is_linear=0
shrinkage=0.05


Tree=50
num_leaves=31
num_cat=2
split_feature=4 6 14 2 48 38 48 49 5 10 33 32 18 19 9 37 14 40 53 39 33 54 44 48 11 31 38 37 17 28
split_gain=16.1062 6.62245 6.06758 4.24965 3.87881 3.96516 3.72833 4.30108 3.88504 3.7313 3.36416 3.35934 3.84604 6.4266 5.45517 3.63186 3.3357 3.2576 3.63384 3.14209 3.13377 3.39118 6.64469 3.31442 3.13018 3.10389 3.08095 4.05088 4.39357 3.8702
threshold=0.083333333333333356 0.35000000000000003 0 1.8500000000000003 83.500000000000014 -1.8333333333333142 62.500000000000007 23.900000000000002 0.45914349067049026 0.12940952255126045 0.050000000000039797 1011.7166666666668 3.6281500000000002 65.500000000000014 11.500000000000002 -0.57383803962770685 1 92.500000000000014 3.5999999999999965 17.250000000000004 1.4507180352359004 3.7000000000000024 69.500000000000014 97.500000000000014 -0.70710678118654757 1.7999999999999998 0.69999999999998874 -0.78470452653140843 42.987840000000006 84.166666666666671
decision_type=2 2 1 10 8 10 10 10 2 2 2 2 2 2 2 2 1 8 10 10 2 2 10 8 2 2 10 2 2 2
left_child=11 -2 4 25 5 19 8 9 -7 10 -8 20 13 -13 -15 -16 -17 18 -5 -3 21 23 -23 26 -6 -4 -1 -28 29 -29
right_child=1 2 3 17 24 6 7 -9 -10 -11 -12 12 -14 14 15 16 -18 -19 -20 -21 -22 22 -24 -25 -26 -27 27 28 -30 -31
leaf_value=0.0020442096317374648 -0.00028211374957220619 0.01226558880201576 -0.00017115245332712249 -0.0025536609228731912 0.015459815094653226 0.0077275791936586517 -0.0099424765621604193 -0.00824564817831599 -0.0066799545889435243 0.0077847285169368122 0.033785249963052939 -0.0019132490985576504 -0.00089395202222907204 0.0014238039189232972 -0.0044556697650372764 0.00098818341942691909 -0.0019572188755311803 0.019924289885191862 0.014495928815750223 0.062305166455293971 0.003157281305119003 -0.00033222862182149816 -0.0018021892825287975 -0.0031244191207981209 -0.0013259807986334305 -0.0074688199855201367 0.0062455748931023129 -0.0055876044964882857 -0.0029937162877178487 0.0062550833367626124
leaf_weight=719 16820 101 3726 479 120 373 54 67 280 375 402 420 2033 397 283 115 145 308 296 128 45 939 823 110 679 68 41 47 121 77
leaf_count=719 16820 101 3726 479 120 373 54 67 280 375 402 420 2033 397 283 115 145 308 296 128 45 939 823 110 679 68 41 47 121 77
internal_value=-0.000430681 0.000154473 0.00139483 0.00035297 0.00335059 0.00466266 0.0037554 0.00584567 0.000880416 0.0068283 0.00986626 -0.00268008 -0.00375026 -0.0058084 -0.00351026 -0.00676671 -0.00249904 0.00311606 0.00138692 0.0108031 -0.00143732 -0.00164228 -0.00300777 0.000515649 0.000469278 -0.000434886 0.00141777 -0.00297099 -0.00540596 0.0012087
internal_weight=30591 24276 7456 4877 2579 1780 1551 898 653 831 456 6315 3393 1360 940 543 260 1083 775 229 2922 2877 1762 1115 799 3794 1005 286 245 124
internal_count=30591 24276 7456 4877 2579 1780 1551 898 653 831 456 6315 3393 1360 940 543 260 1083 775 229 2922 2877 1762 1115 799 3794 1005 286 245 124
cat_boundaries=0 1 2
cat_threshold=1984 714
is_linear=0
shrinkage=0.05


Tree=51
num_leaves=31
num_cat=5
split_feature=4 16 32 6 14 36 2 16 16 32 49 51 41 31 46 11 32 16 32 27 53 2 27 44 7 33 44 32 24 13
split_gain=14.7554 6.17739 5.97426 5.84232 5.46759 4.09183 3.6857 3.38191 3.322 3.23587 3.12589 3.21331 3.39271 3.11163 3.0574 3.63283 2.95757 2.90439 4.3835 3.5611 3.37827 3.24233 3.14069 3.03374 3.55967 2.89999 2.87177 3.7633 4.16137 2.84205
threshold=0.083333333333333356 0 1011.2166666666668 0.35000000000000003 1 0.48288961753131837 1.8500000000000003 2 3 1000.6416666666668 23.900000000000002 2.0000000000000018 14.200000000000001 1.7999999999999998 3.8500000000000001 -0.70710678118654757 991.85833333333346 4 1021.7583333333333 0.50000000000000044 3.649999999999999 1.5500000000000003 0.42162878585557323 81.500000000000014 2.2500000000000004 0.39293061504651011 71.500000000000014 1019.6166666666668 9.1695554022123726 0.99168614031016866
decision_type=2 9 2 2 1 2 10 9 9 2 10 10 10 2 10 2 2 9 2 2 10 8 2 10 2 2 10 2 2 2
left_child=1 2 -1 8 7 -4 13 9 10 -5 11 12 -2 17 15 -11 -8 18 19 22 -19 -22 -6 -21 -25 26 27 28 -17 -18
right_child=3 -3 5 4 6 -7 16 -9 -10 14 -12 -13 -14 -15 -16 25 29 20 -20 23 21 -23 -24 24 -26 -27 -28 -29 -30 -31
leaf_value=-0.00066407172013166482 -0.00081272141036531353 -0.00087107710502769557 -0.0019274201983366978 0.050256824325193919 0.0014204550868124972 -0.0011412186175253942 0.026473523027032021 0.0027830797766352669 -0.00044455291175987124 0.024299939340690337 -0.0076787324771402828 0.0096772241764996221 0.01022460953298393 -0.0070953789862441292 0.083524282039536088 0.035544292369280077 0.0084448675962411016 -8.4983973306640426e-06 -0.011312491457557618 0.010814734068849599 -0.0048832904954709657 -0.0010110861415633333 -0.0057109592394106569 0.0038091989078003043 -0.009144873086337468 0.020992656842699992 -0.0051530510422071688 -0.013166555276707893 0.0083338274218201554 -0.016518579376602373
leaf_weight=271 823 5462 432 144 515 150 84 1355 15205 263 88 342 362 68 26 47 941 1771 25 320 376 342 121 206 50 290 308 21 125 58
leaf_count=271 823 5462 432 144 515 150 84 1355 15205 263 88 342 362 68 26 47 941 1771 25 320 376 342 121 206 50 290 308 21 125 58
internal_value=-0.000424143 -0.00257716 -0.00651721 0.000135936 0.00130095 -0.00944855 0.000312046 0.00315747 -0.000380497 0.00506442 0.00176912 0.0023083 0.00107586 -0.000421707 0.00416628 0.00374727 0.00288524 -0.000228121 0.00174405 0.00218629 -0.00121044 -0.00410806 -0.00039302 0.00503385 0.000976181 0.0020541 -0.000249451 0.00453133 0.00697269 0.00212691
internal_weight=30591 6315 853 24276 7456 582 4877 2579 16820 1224 1615 1527 1185 3794 1080 1054 1083 3726 1237 1212 2489 718 636 576 256 791 501 193 172 999
internal_count=30591 6315 853 24276 7456 582 4877 2579 16820 1224 1615 1527 1185 3794 1080 1054 1083 3726 1237 1212 2489 718 636 576 256 791 501 193 172 999
cat_boundaries=0 1 2 3 4 5
cat_threshold=135172 1984 17827892 528 26497552
is_linear=0
shrinkage=0.05


Tree=52
num_leaves=31
num_cat=7
split_feature=4 16 32 6 14 36 48 16 48 2 27 5 48 41 16 27 48 32 47 16 24 25 54 14 34 29 11 32 11 16
split_gain=13.7766 6.4322 5.97426 5.24266 4.78714 4.09183 3.36127 4.62573 4.10158 2.96103 2.96615 2.95845 2.8569 2.8532 2.80988 3.96266 2.74462 3.16497 3.25441 3.19244 2.98834 3.42462 3.6862 3.26547 3.00284 2.95855 2.74317 2.62221 2.62125 2.62072
threshold=0.083333333333333356 0 1011.2166666666668 0.35000000000000003 1 0.48288961753131837 83.500000000000014 2 60.500000000000007 1.8500000000000003 0.28284271247461901 0.45914349067049026 99.500000000000014 21.400000000000002 3 0.51854497287013546 71.500000000000014 1024.1583333333335 11.850000000000003 4 10.819983116962344 193.4208399760056 6.8333333333333375 5 92.833333333333357 9.6493824022468555 0.60355339059327384 1001.1166666666668 -0.78656609248549325 6
decision_type=2 9 2 2 1 2 8 9 10 10 2 2 8 8 9 2 10 2 10 9 2 2 2 1 2 2 2 2 2 9
left_child=1 2 -1 29 6 -4 7 8 11 14 -11 -5 16 -12 15 -6 17 19 26 -3 -21 -22 23 24 25 -23 -19 -10 -8 -2
right_child=3 12 5 4 9 -7 28 -9 27 10 13 -13 -14 -15 -16 -17 -18 18 -20 20 21 22 -24 -25 -26 -27 -28 -29 -30 -31
leaf_value=-0.00063086813412508162 0.0015454404972758435 -0.00019520438145518432 -0.001831049188419863 0.018421094122300152 -0.00076826345540710887 -0.0010841576866491246 0.017132149964703219 0.0035182120301232634 0.077731426971228409 0.025120004486409331 0.0013644533384378156 -0.0070727728648647516 -0.0023989534481034568 0.018153525780005498 -0.0013132448021751899 0.0050826588427518504 -0.00048272787511199899 0.0020891138883263024 -0.0025497626960141076 -0.0019300622743175261 0.021322675399759586 -0.0020273714045525222 0.0017720820900149316 -0.0054039690925685143 0.0078889318828431927 0.013044715961448025 -0.004376619068211976 0.026387967224871245 -0.0016704638879586177 -0.00045725339341778221
leaf_weight=271 2078 1014 432 96 753 150 97 1004 82 206 788 119 180 89 2398 643 2925 23 76 532 21 84 359 172 35 20 21 479 702 14742
leaf_count=271 2078 1014 432 96 753 150 97 1004 82 206 788 119 180 89 2398 643 2925 23 76 532 21 84 359 172 35 20 21 479 702 14742
internal_value=-0.000417605 -0.00249798 -0.00651721 0.000123578 0.00122718 -0.00944855 0.00296435 0.00418516 0.00706017 0.000301815 0.00260825 0.00127848 -0.00185486 0.00133964 -0.000355816 0.00142237 -0.00164707 -0.00291672 -0.0108243 -0.00249207 -0.00419674 -0.00206193 -0.00268617 -0.00666988 -0.000503018 -0.00480307 0 0.00940118 0.000281567 -0.000365634
internal_weight=30591 6315 853 24276 7456 582 2579 1780 776 4877 1083 215 5462 877 3794 1396 5282 2357 120 2237 1223 691 670 311 139 104 44 561 799 16820
internal_count=30591 6315 853 24276 7456 582 2579 1780 776 4877 1083 215 5462 877 3794 1396 5282 2357 120 2237 1223 691 670 311 139 104 44 561 799 16820
cat_boundaries=0 1 2 3 4 5 6 7
cat_threshold=135172 1984 26216496 26530320 6048290 1352 131600
is_linear=0
shrinkage=0.05


Tree=53
num_leaves=31
num_cat=4
split_feature=4 16 32 3 30 36 29 16 38 14 51 28 32 2 5 27 51 3 24 29 42 24 37 14 32 43 51 2 52 26
split_gain=13.403 6.34887 5.86061 4.80393 4.0284 3.99363 3.52747 3.05951 4.9204 4.71349 5.33319 5.57953 4.80554 3.8119 3.53122 3.2294 4.81598 3.89669 3.88309 3.59332 3.23626 3.07305 2.947 3.74097 3.66685 3.84358 3.40091 3.95446 3.3397 3.24145
threshold=0.083333333333333356 0 1011.2166666666668 1.5500000000000003 3.683333333333334 0.48288961753131837 4.9102935861554124 1 -1.599999999999852 2 -0.39999999999999963 86.166666666666671 1006.1416666666668 0.8500000000000002 0.37712361663282551 0.41096093353126545 4.2000000000000028 0.15000000000000005 3.319157983503374 0.65824829046386313 0.35000000000000003 19.706131798300429 -0.93985312492745099 3 997.75833333333333 -1.3499999999999999 4.9000000000000021 2.2500000000000004 1.5000000000000002 9.1166666666666689
decision_type=2 9 2 2 2 2 2 9 8 1 10 2 2 8 2 2 10 2 2 2 8 2 2 1 2 10 10 8 10 2
left_child=1 2 -1 7 -5 -4 -6 8 -2 10 -10 -12 15 14 -13 16 19 -17 -19 -11 -20 -14 28 24 -24 -26 -27 29 -9 -28
right_child=3 -3 5 4 6 -7 -8 22 9 12 11 13 21 -15 -16 17 -18 18 20 -21 -22 -23 23 -25 25 26 27 -29 -30 -31
leaf_value=-0.00059932472741882627 0.0011697826282293128 -0.00080177641806691987 -0.0017394967289988698 -0.006025702266426073 0.010638242309295044 -0.0010299498023166682 -0.0014838293828745631 0.0003235755032930485 -0.0040719718194394015 0.0097419703449670558 -0.0029663830720757511 0.0013034400562497981 -0.00013917245932297539 0.007924568308499037 -0.0059618008505344048 -0.0038058843351854695 0.0088713069242683604 0.0047577569732631378 -0.0017502197766523162 -0.0041841541955152687 0.0096859648125056999 0.01952686357091157 0.0036419850978445661 0.0012654124167365945 -0.0040902835164820187 -0.00070995768416191049 -0.0016505148919141344 -0.0052733373380564391 -0.0032804459166494676 0.022075991537741268
leaf_weight=271 1739 5462 432 184 2165 150 621 692 737 28 609 244 4540 210 56 95 52 36 334 409 70 69 432 6246 163 3773 25 32 644 71
leaf_count=271 1739 5462 432 184 2165 150 621 692 737 28 609 244 4540 210 56 95 52 36 334 409 70 69 432 6246 163 3773 25 32 644 71
internal_value=-0.000414336 -0.00246631 -0.00645927 0.000119459 0.0020033 -0.00936265 0.00247658 -0.000143151 -0.000828092 -0.00138535 -0.00356358 -0.00140738 -0.000660098 0.0024505 -0.00116628 -0.0037594 -0.00669597 -0.00107457 0.000908884 -0.00840769 -0.000494927 2.71203e-05 0.00038054 0.000656296 -0.000443843 -0.000910411 -0.000595986 0.00741608 -0.0018337 0.012487
internal_weight=30591 6315 853 24276 2970 582 2786 21306 9228 7489 1856 1119 5633 510 300 1024 489 535 440 437 404 4609 12078 10742 4496 4064 3901 128 1336 96
internal_count=30591 6315 853 24276 2970 582 2786 21306 9228 7489 1856 1119 5633 510 300 1024 489 535 440 437 404 4609 12078 10742 4496 4064 3901 128 1336 96
cat_boundaries=0 1 2 3 4
cat_threshold=135172 42512450 2068 5220
is_linear=0
shrinkage=0.05


Tree=54
num_leaves=31
num_cat=3
split_feature=4 6 36 51 2 42 2 14 10 7 53 40 13 7 3 53 54 48 14 32 38 20 14 29 54 13 49 26 33 31
split_gain=12.8764 4.31213 3.71506 3.60051 5.5185 4.37864 4.3281 3.58505 4.76179 3.9228 3.48825 3.42677 3.14793 4.06132 3.11416 2.98982 2.97749 2.91933 3.94796 3.87788 3.66543 3.29872 2.89969 3.56769 3.33242 2.92852 2.895 2.85595 3.6256 3.16709
threshold=0.083333333333333356 3.3500000000000001 -0.73108535899963101 -0.69999999999999973 2.4500000000000006 1.8500000000000003 1.6500000000000001 0 0.98296291314453421 4.1500000000000012 2.8999999999999999 39.500000000000007 -0.99698079756684088 2.9500000000000006 0.65000000000000002 1.0499999999999992 0.5666666666666671 71.500000000000014 1 1007.0583333333335 -1.2666666666665944 12.451300000000002 2 8.9690741426172966 3.3000000000000025 0.84831994561267277 21.400000000000002 26.31666666666667 0.54999999999998306 0.53332926424530369
decision_type=2 2 2 8 10 10 8 1 2 2 8 10 2 2 2 10 2 10 1 2 10 2 1 2 2 2 10 2 2 2
left_child=17 2 16 4 5 7 22 8 9 14 -3 -9 13 -8 26 -6 -2 18 19 -1 -20 -22 23 25 -25 -5 -4 28 -18 -30
right_child=1 10 3 6 15 -7 12 11 -10 -11 -12 -13 -14 -15 -16 -17 27 -19 20 -21 21 -23 -24 24 -26 -27 -28 -29 29 -31
leaf_value=0.0036092324058065481 -0.0056196075157405549 0.10044704857637475 -0.0034764596456004302 0.0006650813982884738 0.0079081657666761462 0.0059394463848381597 0.026525519589953708 -0.010175541839639635 0.014469850414400388 -0.028586393364442877 -0.018024028190618747 -0.00018590948867857476 0.0022649568058590087 -0.010038829575446485 -0.00030873193275207379 0.033546533123692157 -0.001031290013202313 -0.0007188320400100868 -0.00023931311753864898 -0.0010303382579988239 -0.005430615315164514 -0.0014415871288946378 -0.00064650659204204823 0.011494981301675384 0.0034379129428222899 -0.0049912234129345758 0.00061768515688467591 -0.0056852103167579909 0.0079079200507193633 -0.00016009521350839886
leaf_weight=216 107 108 1204 2782 225 391 148 51 97 54 51 4322 5437 45 630 114 2734 3405 390 1079 81 1144 4190 57 276 51 172 402 268 360
leaf_count=216 107 108 1204 2782 225 391 148 51 97 54 51 4322 5437 45 630 114 2734 3405 390 1079 81 1144 4190 57 276 51 172 402 268 360
internal_value=-0.000399626 0.000123578 6.94528e-05 0.000340806 -0.000550957 -0.000856078 0.000839359 -0.00116384 -0.00282636 -0.00334935 0.0083281 -0.00033652 0.00188274 0.0081564 -0.00299088 0.00567679 -0.00134975 -0.00241089 -0.00357376 -0.00147498 -0.00521506 -0.0065913 4.07825e-05 0.00118069 0.00607926 0.000608874 -0.00432381 -0.0011158 -0.000639481 0.00278618
internal_weight=30591 24276 24117 20246 7260 6921 12986 6530 2157 2060 159 4373 5630 193 2006 339 3871 6315 2910 1295 1615 1225 7356 3166 333 2833 1376 3764 3362 628
internal_count=30591 24276 24117 20246 7260 6921 12986 6530 2157 2060 159 4373 5630 193 2006 339 3871 6315 2910 1295 1615 1225 7356 3166 333 2833 1376 3764 3362 628
cat_boundaries=0 1 2 3
cat_threshold=3204 2280 2668
is_linear=0
shrinkage=0.05


Tree=55
num_leaves=31
num_cat=5
split_feature=6 4 16 2 41 26 42 47 37 37 52 16 35 51 2 49 36 51 34 52 12 47 53 36 48 14 16 27 16 39
split_gain=9.82675 4.09682 4.84171 3.99894 3.84089 3.49527 3.81353 3.75309 3.56309 3.33253 3.31029 3.1733 4.0366 3.24843 3.16393 4.72796 3.32292 3.13746 3.10467 3.92705 3.06364 3.05155 2.97937 3.1463 2.9612 3.1789 3.23154 3.03779 2.94042 2.92735
threshold=0.15000000000000005 0.083333333333333356 0 4.0500000000000007 22.500000000000004 13.71666666666667 0.55000000000000016 13.350000000000003 -0.93985312492745099 0.19346526796401059 12.500000000000002 1 1.1236095644623239 -0.99999999999999978 3.4500000000000006 25.000000000000004 0.95341649529180106 2.2500000000000004 95.833333333333357 -19.499999999999996 -0.99863729997741457 28.650000000000002 -9.6499999999999968 -0.86674259174842572 78.500000000000014 2 3 1.0677078252031316 4 3.8500000000000001
decision_type=2 2 9 10 8 2 8 8 2 2 10 9 2 8 8 10 2 8 2 10 2 8 10 2 10 1 9 2 9 10
left_child=1 2 -1 4 11 6 -3 9 10 -7 -9 12 -2 -13 -15 16 17 22 19 -19 -14 -10 -16 -24 25 26 27 -4 -5 -26
right_child=3 5 24 28 -6 7 -8 8 21 -11 -12 13 20 14 15 -17 -18 18 -20 -21 -22 -23 23 -25 29 -27 -28 -29 -30 -31
leaf_value=-0.0012972964248266967 0.0066668836762807659 -0.0013019212218829041 -0.00030675899448255329 0.046519609088307677 0.0033205314157728708 0.0098159186906444876 0.00110374809645874 -0.0021593277795333141 0.00095238546104121501 -0.0015687060529961383 -0.0058111865737890461 -0.0018597879734035608 0.056379779162526102 -0.0006396218989274616 0.021438367328230179 -0.0073749234887938338 -0.0066934053813868973 0.0084421228000546421 0.0041854241682192954 -0.0059796608028574233 8.8223989094045341e-05 -0.0019651760536697122 -0.0065149243544505575 0.0077297276063629438 -0.0015966899734670859 -0.0010242489846030267 0.0013944302804799081 -0.0043763934132577511 0.0016975746492602862 0.00012489803721239535
leaf_weight=853 947 4539 296 238 1111 392 639 646 4468 125 182 2088 85 2625 64 73 89 65 252 166 2894 1323 64 998 283 2267 369 106 169 2167
leaf_count=853 947 4539 296 238 1111 392 639 646 4468 125 182 2088 85 2625 64 73 89 65 252 166 2894 1323 64 998 283 2267 369 106 169 2167
internal_value=-0.000525617 -0.00124229 -0.00227484 0.000595233 0.000423137 -0.000710568 -0.00169947 7.00663e-06 -0.000313487 0.00410946 -0.00338123 0.000124879 0.00124489 -0.000554349 0.000216101 0.00184913 0.00238502 0.00290535 -0.000465742 -0.00465167 0.000344064 0.000125192 0.0043513 0.00371905 -0.00171878 -0.00276489 3.20061e-05 -0.00303324 0.00546549 -0.000428554
internal_weight=30583 18655 6341 11928 11521 12314 5178 7136 6619 517 828 10410 3926 6484 4396 1771 1698 1609 483 231 2979 5791 1126 1062 5488 3038 771 402 407 2450
internal_count=30583 18655 6341 11928 11521 12314 5178 7136 6619 517 828 10410 3926 6484 4396 1771 1698 1609 483 231 2979 5791 1126 1062 5488 3038 771 402 407 2450
cat_boundaries=0 1 2 3 4 5
cat_threshold=135172 21451280 2208 54542418 26286100
is_linear=0
shrinkage=0.05


Tree=56
num_leaves=31
num_cat=6
split_feature=4 16 2 16 51 16 38 30 51 32 14 23 39 32 16 36 14 33 43 46 45 43 24 5 13 51 36 37 12 24
split_gain=9.18289 4.99859 4.85809 4.91679 5.17817 4.56779 4.0433 4.25687 4.12007 3.75133 3.7375 4.34372 4.90011 3.71028 3.8674 4.0155 3.57854 3.5342 3.4867 4.21059 3.39024 4.84512 3.21115 3.4937 3.18498 3.40577 3.71719 3.52051 3.11222 3.105
threshold=0.083333333333333356 0 0.95000000000000007 1 -0.90000000000000113 2 -1.3416666666666968 6.1416666666666684 -1.7999999999999992 1011.4833333333335 3 2.510695154504536 5.0500000000000007 1014.0166666666668 4 0.96125852260395661 5 1.0402991022884636 23.250000000000004 1.0000000180025095e-35 16.400000000000002 10.950000000000001 18.511008123044874 0.50495097567963942 0.96914236212857585 1.4000000000000015 -0.73808650892452377 -0.95815825154132439 -0.97122121956981788 19.706131798300429
decision_type=2 9 8 9 8 9 10 2 10 2 1 2 10 2 9 2 1 2 10 8 10 10 2 2 2 10 2 2 2 2
left_child=1 9 5 4 6 29 7 8 -4 -1 11 12 -6 28 15 -15 -9 -5 24 -20 21 -13 23 -18 25 26 -12 -28 -7 -2
right_child=2 -3 3 17 10 13 -8 16 -10 -11 18 20 -14 14 -16 -17 22 -19 19 -21 -22 -23 -24 -25 -26 -27 27 -29 -30 -31
leaf_value=-0.00070644409517805768 -0.001497392372445483 -0.00068199319076132914 -0.0047818575092563598 0.001461803291192021 0.014042402413068722 0.014507356486197685 -0.0037785195298715686 0.015333527952655059 0.0033374435372958175 -0.0014013897325223076 -0.0056785461557492013 -0.0048911314038684959 0.0045388680678896511 -0.0036160507860979714 0.00013346912643538711 0.005708860611184737 0.01212792172150301 0.025076833662835415 0.0090896685515646728 -0.0030871119245230896 0.0060081815233724613 -0.0007734011027057037 -0.011021909116674267 -0.0098183511808237287 0.010301926112417118 -0.00059580229873336117 -0.0082580133788473353 -0.0031708836321235195 0.00042713413179723271 0.0183817959599368
leaf_weight=295 5286 5488 109 7113 121 200 1329 153 38 558 96 56 683 779 1063 42 127 112 408 365 166 539 39 75 96 620 49 379 4129 70
leaf_count=295 5286 5488 109 7113 121 200 1329 153 38 558 96 56 683 779 1063 42 127 112 408 365 166 539 39 75 96 620 49 379 4129 70
internal_value=-0.000525617 -0.00221965 -8.25011e-05 0.000593777 -0.000540481 -0.000823314 -0.00267365 0.000970246 -0.00628824 -0.00576411 0.00057293 0.00239667 0.00497451 0.000100432 -0.0017515 -0.00430153 0.00367927 0.0014478 -0.000852652 0.00177855 -0.000295625 -0.00205848 -0.000298686 0.00222662 -0.0024998 -0.00323398 -0.00620111 -0.00420463 0.000906655 -0.0018915
internal_weight=30583 6341 24242 12673 5448 11569 1870 541 147 853 3578 1565 804 6213 1884 821 394 7225 2013 773 761 595 241 202 1240 1144 524 428 4329 5356
internal_count=30583 6341 24242 12673 5448 11569 1870 541 147 853 3578 1565 804 6213 1884 821 394 7225 2013 773 761 595 241 202 1240 1144 524 428 4329 5356
cat_boundaries=0 1 2 3 4 5 6
cat_threshold=135172 46686308 39393282 3218 8667652 6408
is_linear=0
shrinkage=0.05


Tree=57
num_leaves=31
num_cat=7
split_feature=6 32 16 16 37 53 40 10 39 1 10 14 13 36 16 11 16 40 24 34 14 16 3 32 41 13 30 41 12 5
split_gain=9.12957 4.94259 4.7814 4.45545 4.30748 4.27605 3.83056 3.80739 5.60112 5.03682 4.55144 4.0396 4.02136 3.8312 3.76439 3.47222 4.45182 4.00364 3.73582 3.5119 3.51301 3.59231 3.47139 3.39244 3.36726 3.36302 4.70009 3.29131 3.20612 3.19526
threshold=0.15000000000000005 1015.8166666666668 0 1 -0.93985312492745099 19.950000000000006 38.500000000000007 0.25881904510252091 25.450000000000003 0.45000000000000007 0.91597561503675362 2 0.99374406038856467 0.069374340482214733 3 0.60355339059327384 4 94.500000000000014 2.6577686283509929 99.166666666666671 5 6 7.2500000000000009 1016.4166666666669 22.500000000000004 -0.246361274293315 19.341666666666672 8.1000000000000032 -0.46995942967050158 0.20000000000000015
decision_type=2 2 9 9 2 10 10 2 8 2 2 1 2 2 9 2 9 10 2 2 1 9 2 2 8 2 2 10 2 2
left_child=1 3 -3 4 25 -6 27 8 12 29 14 -12 -5 -13 -9 17 -17 18 -8 20 21 23 24 -20 -2 -1 -27 -4 -18 -10
right_child=22 2 6 7 5 -7 15 10 9 -11 11 13 -14 -15 -16 16 28 -19 19 -21 -22 -23 -24 -25 -26 26 -28 -29 -30 -31
leaf_value=0.0013786634298369406 0.00016390118227718742 -0.0014144337739212386 0.015735939694242473 -0.00058449863986358987 0.00071614012587042789 0.0111930372733695 -0.0044818069465604599 -0.0033716723992847824 0.0028043136394704407 -0.0075831783410233392 -0.0019671734516602149 -0.00061385278405938634 -0.0025278989224306451 0.0078229404999969002 -0.00075226112735555942 -0.0011912229972789084 0.0080320616593579971 -0.0028679615239969817 0.036864683366683991 0.0047790424921174308 -0.0023467642274845575 -0.0023351674996873353 0.089880707240115834 0.00058158534327599207 0.0030825720797339196 -0.0022929114259472682 -0.011315004818819542 -1.2858870151369329e-05 0.00048953983300415729 0.016193874838178746
leaf_weight=201 10674 1456 56 3425 4392 85 26 1864 655 166 599 662 138 336 912 402 182 197 39 107 1083 294 124 377 1130 306 37 67 279 312
leaf_count=201 10674 1456 56 3425 4392 85 26 1864 655 166 599 662 138 336 912 402 182 197 39 107 1083 294 124 377 1130 306 37 67 279 312
internal_value=-0.000535426 -0.00122621 -0.00265602 -0.000762947 0.000432311 0.000943691 -0.00153089 -0.0014236 -0.000436532 0.00262554 -0.00248679 -0.000360028 -0.00141029 0.00158714 -0.00371024 -0.0018921 0.000782065 -0.00297913 -0.00228441 -0.00202621 -0.00255145 0.000208304 0.000544932 0.00316827 0.000457468 -0.00376769 -0.00677645 0.00710804 0.00408618 0.00400682
internal_weight=30583 18655 4565 14090 5021 4477 3109 9069 4696 1133 4373 1597 3563 998 2776 2986 863 2123 1926 1900 1793 710 11928 416 11804 544 343 123 461 967
internal_count=30583 18655 4565 14090 5021 4477 3109 9069 4696 1133 4373 1597 3563 998 2776 2986 863 2123 1926 1900 1793 710 11928 416 11804 544 343 123 461 967
cat_boundaries=0 1 2 3 4 5 6 7
cat_threshold=8400932 9701936 1558 33771522 83984 1196 1133072
is_linear=0
shrinkage=0.05


Tree=58
num_leaves=31
num_cat=5
split_feature=6 32 16 16 37 12 2 10 26 32 10 13 39 26 31 1 29 16 43 2 53 46 16 49 14 55 37 37 24 41
split_gain=8.23516 4.93618 4.27881 4.00413 4.87702 4.52303 3.87081 3.87656 6.5578 4.97462 4.81835 4.33674 8.32005 3.96974 4.65533 3.79512 4.80253 3.74028 3.38608 3.37678 3.27881 3.266 3.22119 3.10326 4.42493 3.55656 3.39147 3.99543 3.26074 2.98818
threshold=0.15000000000000005 1015.8166666666668 0 1 -0.93985312492745099 -0.95768026224311653 1.1500000000000001 0.25881904510252091 24.558333333333337 989.04166666666674 0.91597561503675362 -0.69791844337451392 16.150000000000002 30.683333333333341 0.77888809636986156 0.35000000000000003 5.5288886667555124 2 -2.3499999999999992 4.0500000000000007 19.950000000000006 4.0500000000000007 3 11.050000000000002 4 28.833333333333339 0.087674935597393033 -0.39779781333858283 5.8173483326023741 21.400000000000002
decision_type=2 2 9 9 2 2 10 2 2 2 2 2 10 2 2 2 2 9 8 10 10 8 9 10 1 2 2 2 2 8
left_child=1 3 23 4 5 -1 7 8 11 -9 17 12 -5 14 -12 16 -10 21 -4 22 -6 -11 -2 -3 26 -26 27 28 -25 -24
right_child=19 2 18 6 20 -7 -8 9 15 10 13 -13 -14 -15 -16 -17 -18 -19 -20 -21 -22 -23 29 24 25 -27 -28 -29 -30 -31
leaf_value=-0.0074022480968522044 -0.00078644193909852 -0.00061816733014805894 -0.0016891222568975114 0.012713277869646673 0.00094984378198222086 -0.0014936592843765792 0.0048155950689743937 0.00797078842689029 0.0092881359752945824 -0.0037278166303127166 0.0011329018850937192 -0.0010914779710153616 -0.00024425469264051234 0.0077817786473936227 -0.0025910360647854072 -0.0056385360192302203 0.0019084566686780311 -0.00083022376621152006 -0.00049562998906419191 0.022723691689476064 0.0089046813543998873 0.012904561079998489 0.00049614248266821039 0.012136298018439608 -0.0023206132090114171 -0.0015900021908426413 -0.0021905772364162954 0.0072898295757837829 -0.0017116752912556031 0.0041050915984326064
leaf_weight=45 2920 514 82 123 4026 420 450 86 428 1719 820 2787 686 162 560 172 536 974 3027 407 74 22 7413 29 264 148 125 55 321 1188
leaf_count=45 2920 514 82 123 4026 420 450 86 428 1719 820 2787 686 162 560 172 536 974 3027 407 74 22 7413 29 264 148 125 55 321 1188
internal_value=-0.000527252 -0.00118332 -0.00261221 -0.000720364 0.000497257 -0.0043539 -0.00130308 -0.00152891 -0.000538873 -0.00260758 -0.00284818 -0.00158505 0.00163762 -0.000616043 -0.0014854 0.00277264 0.00399336 -0.00411587 -0.00154692 0.000498822 0.00104875 -0.00549655 0.000340679 -0.00484278 -0.00658104 -0.0104241 -0.00333272 -0.00117255 -0.00314196 0.00082742
internal_weight=30583 18655 4565 14090 4565 465 9525 9075 4732 4343 4257 3596 809 1542 1380 1136 964 2715 3109 11928 4100 1741 11521 1456 942 412 530 405 350 8601
internal_count=30583 18655 4565 14090 4565 465 9525 9075 4732 4343 4257 3596 809 1542 1380 1136 964 2715 3109 11928 4100 1741 11521 1456 942 412 530 405 350 8601
cat_boundaries=0 1 2 3 4 5
cat_threshold=8400932 8653360 33771522 43524096 5026
is_linear=0
shrinkage=0.05


Tree=59
num_leaves=31
num_cat=0
split_feature=4 2 43 51 2 34 40 51 13 36 11 18 52 29 32 9 55 36 43 45 48 38 18 19 43 37 35 42 32 27
split_gain=7.65997 4.46822 4.58876 3.41593 3.85247 3.127 3.23114 2.82617 2.78293 2.75833 2.96868 3.37386 2.75237 2.73657 3.85243 3.73419 3.42161 3.87555 3.21203 3.12919 5.3267 3.06122 6.23351 4.52679 3.19203 2.91981 2.71331 2.64986 2.51579 2.86384
threshold=0.083333333333333356 0.95000000000000007 -7.5499999999999989 -0.69999999999999973 5.2500000000000009 98.583333333333357 39.500000000000007 -0.59999999999999598 -0.99963164097526602 -0.83591788935300626 -0.37940952255126015 -25.168549999999996 -41.499999999999993 6.1463363866261949 1007.5166666666668 6.5000000000000009 43.166666666666679 -0.65590848391727885 9.4500000000000011 11.350000000000001 35.500000000000007 0.44166666666660609 3.6281500000000002 54.500000000000007 31.050000000000004 -0.9305993610142741 7.5212361663282543 2.2500000000000004 1021.6166666666668 1.2
decision_type=2 8 8 8 10 2 10 8 2 2 2 2 10 2 2 2 2 2 10 8 10 8 2 2 10 2 2 10 2 2
left_child=13 12 -3 4 5 8 -7 -5 -4 10 -10 -12 26 16 15 18 17 -1 -15 -19 -21 23 -23 24 -16 -18 -2 -22 -11 -30
right_child=1 2 3 7 -6 6 -8 -9 9 28 11 -13 -14 14 21 -17 25 19 -20 20 27 22 -24 -25 -26 -27 -28 -29 29 -31
leaf_value=-0.0014339561038060487 0.021725375762757348 0.0086764056103557346 -0.017090249233380327 0.0096762713722794557 0.073899052742555857 -0.01016790358364968 0.0032796284910213361 0.0010770307933931744 7.2352133819092446e-05 -0.00042786498247338603 0.0065376233434642139 -0.00452508681899607 -0.00057759001487571189 -0.0021673380257163466 -0.001819284102198615 0.003103441081861143 -0.00098330660851523861 0.00024264109286851467 -0.00092449862021076192 -0.0036373894907172745 -0.00048873091163579294 -0.00086309850181931144 0.0019840156250750724 -0.00077754967384761073 -0.00024670335380534979 0.0033658139490514495 -0.00024867939315253995 -0.0047234772090416852 -0.0040690685861672279 0.0080682399373050995
leaf_weight=850 31 46 27 249 66 24 1070 7857 180 2694 33 250 11507 23 704 286 28 1675 124 60 917 196 333 634 108 376 31 27 156 21
leaf_count=850 31 46 27 249 66 24 1070 7857 180 2694 33 250 11507 23 704 286 28 1675 124 60 917 196 333 634 108 376 31 27 156 21
internal_value=-0.000530522 -0.000125814 0.000522761 0.000465269 -0.000635907 -0.000813674 0.00150809 0.00107943 -0.00156943 -0.00143967 -0.00502051 -0.00821265 -0.000836279 -0.00207772 -0.00340517 0.000865851 -0.00126491 -0.00176391 -0.00560843 -0.000830503 -0.00303755 -0.00434155 -0.00108675 -0.00553212 -0.00800394 0.00309329 0.00966184 -0.00211842 -0.000862039 -0.00663467
internal_weight=30583 24242 12673 12627 4521 4455 1094 8106 3361 3334 463 283 11569 6341 2408 433 3933 3529 147 2679 1004 1975 529 1446 812 404 62 944 2871 177
internal_count=30583 24242 12673 12627 4521 4455 1094 8106 3361 3334 463 283 11569 6341 2408 433 3933 3529 147 2679 1004 1975 529 1446 812 404 62 944 2871 177
is_linear=0
shrinkage=0.05


Tree=60
num_leaves=31
num_cat=7
split_feature=4 16 4 36 16 32 32 37 53 31 16 33 34 45 16 2 9 14 2 16 11 28 39 12 51 32 39 49 14 54
split_gain=7.51371 5.37121 4.7923 4.47617 5.18131 3.84453 3.72869 6.04065 4.65527 3.75627 4.34833 4.35172 4.25636 3.56173 3.54875 4.75319 3.37746 3.37162 3.34244 3.32926 3.30731 3.21603 3.25871 3.20499 3.19661 4.04776 3.13032 3.3938 3.13373 3.58776
threshold=0.75833333333333341 0 0.083333333333333356 -0.73108535899963101 1 1011.2166666666668 1014.6166666666668 0.61257450875465891 -13.049999999999997 0.25000000000000033 2 0.40960461199756165 95.833333333333357 45.000000000000007 3 1.9500000000000002 21.500000000000004 4 0.75000000000000011 5 -0.60355339059327384 95.833333333333357 4.4500000000000011 -0.99863729997741457 -3.2999999999999989 1022.1416666666668 2.9500000000000006 11.15 6 1.8000000000000012
decision_type=2 9 2 2 9 2 2 2 10 2 9 2 2 10 9 8 2 1 8 9 2 2 10 2 8 2 10 10 1 2
left_child=1 2 5 4 21 -1 9 8 -8 14 11 12 -11 24 -5 -16 -14 20 -9 26 -4 22 -2 -20 25 -3 -10 -28 -29 -30
right_child=3 13 17 6 -6 -7 7 18 19 10 -12 -13 16 -15 15 -17 -18 -19 23 -21 -22 -23 -24 -25 -26 -27 27 28 29 -31
leaf_value=-0.00069206016000931134 0.014446380921961599 -0.00095610691245885671 9.7003438980068637e-05 0.0034312924321897257 -0.0087919690845894138 -0.0012636736351603383 -0.012206276739452116 0.0027530580723921284 -0.013554728282341128 -0.0044002014761711228 0.0020143834984958616 0.02108651376556361 0.0076525033031570157 0.013823530306274307 -0.0087750922004450806 0.00076818053817088181 0.029282742280783237 -7.9587843953331247e-05 0.027033040989556417 -0.0032608224387971011 -0.0034293374285717898 -0.022520717703401451 0.0015044049407692218 -0.012527023507264002 -0.00028301044002568 -0.0035176173447274157 0.017710268227831585 -0.008686930150345884 -0.0024726167376347367 0.036023163992803545
leaf_weight=265 36 1936 146 627 513 469 37 45 45 453 2678 687 614 67 304 528 75 1042 34 410 286 21 448 210 17687 154 335 109 113 85
leaf_count=265 36 1936 146 627 513 469 37 45 45 453 2678 687 614 67 304 528 75 1042 34 410 286 21 448 210 17687 154 335 109 113 85
internal_value=-0.000471944 -0.000956825 -0.0032911 0.000799919 -0.00230822 -0.00660673 0.00122816 -0.0010716 0.000573142 0.00177671 0.00249051 0.00436355 0.0024954 -0.000695071 -0.000428346 -0.00255314 0.00497025 -0.00166203 -0.00752335 0.00116215 -0.00531554 0.00131043 0.00216897 -0.00983204 -0.000734435 -0.00258361 0.00326352 0.00420495 0.000407034 0.00408457
internal_weight=30459 22052 2208 8407 1018 734 7389 1423 1134 5966 4507 1829 1142 19844 1459 832 689 1474 289 1097 432 505 484 244 19777 2090 687 642 307 198
internal_count=30459 22052 2208 8407 1018 734 7389 1423 1134 5966 4507 1829 1142 19844 1459 832 689 1474 289 1097 432 505 484 244 19777 2090 687 642 307 198
cat_boundaries=0 1 2 3 4 5 6 7
cat_threshold=12292 9132548 16990802 43307526 2564 17078816 6952
is_linear=0
shrinkage=0.05


Tree=61
num_leaves=31
num_cat=7
split_feature=6 2 16 4 38 14 16 52 47 54 2 16 54 14 31 33 36 16 16 51 35 47 31 49 44 31 45 40 51 52
split_gain=6.96807 4.56321 4.23286 4.73203 3.2258 4.31857 3.72924 4.60294 3.17375 3.93667 3.87733 5.17017 3.46614 3.9702 4.50171 3.29984 3.15709 4.00669 3.55565 4.15123 4.13148 4.0084 3.85118 3.95807 3.13936 3.23608 3.67642 3.03675 3.02753 3.63294
threshold=0.15000000000000005 3.9500000000000006 0 0.083333333333333356 -1.6666666666665717 1 2 -4.4999999999999991 27.250000000000004 3.6499999999999999 0.95000000000000007 3 3.2333333333333369 4 1.3072447700751724 0.12472191289251335 -0.73808650892452377 5 6 -3.5999999999999983 2.4032561733691682 19.450000000000003 0.61824123303304745 7.3000000000000016 28.500000000000004 1.7999999999999998 28.250000000000004 97.500000000000014 -3.1499999999999999 26.500000000000004
decision_type=2 10 9 2 8 1 9 10 8 2 8 9 2 1 2 2 2 9 9 8 2 8 2 8 8 2 10 10 10 10
left_child=2 16 3 -1 5 6 -4 -8 10 28 -6 12 15 -14 -15 -12 17 -2 19 21 -20 -18 23 27 -21 26 -26 -22 29 -10
right_child=1 -3 4 -5 8 -7 7 -9 9 -11 11 -13 13 14 -16 -17 18 -19 20 24 22 -23 -24 -25 25 -27 -28 -29 -30 -31
leaf_value=-0.0010583393178613023 -0.0049856144080344892 0.024506999096263433 0.0063639150753189546 -0.0007284525226812083 -0.0006466451272632318 -0.00075378112372562482 0.0036654708388322329 -0.001309886547508453 -0.0060591052137687791 -0.0022860785198680097 -0.0017020299581411826 -0.00045394122699844719 0.0039763909480748432 -0.0044776451877038105 0.013397525394164578 0.010673500142037544 -0.0052327622334462755 -0.00016656261423627641 0.0058389365070385894 0.012062680817671754 0.0065599031591236315 0.00077961256872993712 0.0053594950487424603 -0.0022065502806358785 0.00013280048012850876 -0.0056657548258216414 0.0094316091744736409 -0.020477779489912685 0.0022868242242702857 0.0058898812687576216
leaf_weight=734 485 420 524 1147 8111 887 142 294 62 1930 150 2834 231 311 72 604 279 1141 1641 20 503 161 909 1306 4822 82 76 29 520 32
leaf_count=734 485 420 524 1147 8111 887 142 294 62 1930 150 2834 231 311 72 604 279 1141 1641 20 503 161 909 1306 4822 82 76 29 520 32
internal_value=-0.000470303 0.000475826 -0.00107479 -0.00331817 -0.000819667 0.00115045 0.00345325 0 -0.00106515 -0.00267285 -0.000732959 0.00049975 0.00301139 0.00024426 -0.00286187 0.00530434 0.000288106 -0.00175266 0.000625757 -0.000229354 0.00168254 -0.00488525 0.000500528 -0.00081606 0.000179996 0.0001004 0.000265409 0.00281902 0.0008142 -0.00743889
internal_weight=30459 11874 18585 1881 16704 1847 960 436 14857 2544 12313 4202 1368 614 383 754 11454 1626 9828 5440 4388 440 2747 1838 5000 4980 4898 532 614 94
internal_count=30459 11874 18585 1881 16704 1847 960 436 14857 2544 12313 4202 1368 614 383 754 11454 1626 9828 5440 4388 440 2747 1838 5000 4980 4898 532 614 94
cat_boundaries=0 1 2 3 4 5 6 7
cat_threshold=12292 3212 58720864 34144786 6322 51126274 43657284
is_linear=0
shrinkage=0.05


Tree=62
num_leaves=31
num_cat=6
split_feature=4 16 4 38 2 16 53 32 14 3 24 6 49 36 5 16 14 51 2 48 36 45 45 51 48 14 29 36 53 41
split_gain=6.16011 4.7529 4.82051 4.18427 4.1258 3.75056 3.79083 3.5251 3.38056 3.7086 3.17806 3.19725 3.27861 3.55205 3.10612 3.09625 3.01142 2.99168 3.10056 3.85404 2.94898 2.83972 2.87705 3.68574 3.60937 3.35735 3.13199 3.12541 4.24713 2.91025
threshold=0.81666666666666676 0 0.083333333333333356 -0.60000000000007947 4.0500000000000007 1 -1.7999999999999978 1011.2166666666668 2 0.8500000000000002 5.437035083783722 1.3500000000000003 8.4500000000000011 -0.24626963813713779 0.52808988664221446 3 4 -0.99999999999999978 3.0500000000000003 35.500000000000007 0.36905459482559522 45.000000000000007 23.600000000000005 -2.6999999999999997 40.500000000000007 5 1.1236095644623239 0.73487454758381598 -7.8499999999999988 38.95000000000001
decision_type=2 9 2 10 10 9 10 2 1 2 2 2 10 2 2 9 1 8 8 8 2 10 10 10 10 1 2 2 10 8
left_child=1 2 7 4 15 6 10 20 9 -7 -5 12 13 14 -12 -2 -4 -17 -19 -20 -1 22 29 26 -25 27 -24 28 -26 -3
right_child=3 21 16 5 -6 8 -8 -9 -10 -11 11 -13 -14 -15 -16 17 -18 18 19 -21 -22 -23 23 24 25 -27 -28 -29 -30 -31
leaf_value=-0.00077244804211150169 0.0087017563378319514 -0.00030316150874502433 -0.0017727099251148765 0.017903612420054071 0.041061977006191255 -0.011513759586092616 -0.0015093982210272361 -0.0011475729875092559 -0.0018430176473381576 -0.0045128286754840402 0.024140394204128085 0.029244328422454571 -0.0038853605682654226 0.020236846279629111 -0.011544720902898244 -0.0022870442860016215 0.000580257637833255 -0.00038667262673146855 -0.015888832036624147 0.010832771813004616 0.010947979761945441 0.013141039686289059 -0.0083317862088567868 -0.0040474758037135766 0.0050779300098549255 -0.0012922605682076371 -0.0025873858560676965 -0.0025892457426486635 -0.00040234419471310849 0.0065170268665979596
leaf_weight=238 1600 18696 717 134 283 157 1380 469 1125 181 28 115 386 174 61 641 822 902 25 560 27 68 38 77 202 671 280 69 233 100
leaf_count=238 1600 18696 717 134 283 157 1380 469 1125 181 28 115 386 174 61 641 822 902 25 560 27 68 38 77 202 671 280 69 233 100
internal_value=-0.000475227 -0.000890691 -0.00305506 0.000741734 0.00186358 -0.000461094 0.000808531 -0.0064024 -0.00242685 -0.00675093 0.00334039 0.00209397 0.000731782 0.00503611 -0.00308642 0.00142164 -0.00147814 0.000163697 0.00139533 0.00423005 -0.00179178 -0.000648109 -0.000682507 -0.00273868 -0.00151745 -0.000829717 -0.0075448 0.00223692 0.00384969 -0.000510744
internal_weight=30459 22707 2273 7752 4011 3741 2278 734 1463 338 898 764 649 263 89 3728 1539 2128 1487 585 265 20434 20366 1570 1252 1175 318 504 435 18796
internal_count=30459 22707 2273 7752 4011 3741 2278 734 1463 338 898 764 649 263 89 3728 1539 2128 1487 585 265 20434 20366 1570 1252 1175 318 504 435 18796
cat_boundaries=0 1 2 3 4 5 6
cat_threshold=12292 26565136 2120 54952466 2598 1254
is_linear=0
shrinkage=0.05


Tree=63
num_leaves=31
num_cat=6
split_feature=6 16 34 4 32 14 51 16 33 31 42 16 35 12 27 31 2 32 28 43 16 44 27 7 14 10 42 28 54 39
split_gain=5.87797 4.81494 3.75179 3.18722 5.65594 5.63875 2.79303 2.67869 4.57714 4.39034 3.31722 3.15856 2.98758 3.22864 3.10002 2.86303 2.83987 3.39334 3.73707 3.53912 3.72858 4.12266 3.60186 3.25232 3.16571 2.87593 3.52265 3.14246 3.11486 3.01685
threshold=1.0000000180025095e-35 0 14.16666666666667 3.2416666666666676 1001.5583333333335 1 10.050000000000002 2 0.59066817155563078 1.4712049055310803 0.15000000000000005 3 2.4032561733691682 -0.9852642654427487 0.12472191289246436 0.21602468994692872 1.3500000000000003 1017.3166666666668 92.416666666666671 -1.8499999999999999 4 51.500000000000007 0.80000000000000027 3.7500000000000004 5 0.37940952255126054 0.25000000000000006 90.416666666666671 1.6333333333333346 29.650000000000002
decision_type=2 9 2 2 2 1 8 9 2 2 8 9 2 2 2 2 8 2 2 8 9 10 2 2 1 2 10 2 2 8
left_child=1 2 -1 7 -5 -6 -3 8 9 12 11 -10 -2 -14 -15 -9 23 18 19 -18 21 -21 -23 -17 -19 29 27 28 -27 -22
right_child=3 6 -4 4 5 -7 -8 15 10 -11 -12 -13 13 14 -16 16 17 24 -20 20 25 22 -24 -25 -26 26 -28 -29 -30 -31
leaf_value=-0.00076066198106293232 0.0049986289033995216 -0.00044594849064749924 -0.00093684477544838665 0.059691768525198044 0.027141624028339657 -0.011839405062869679 -0.011584291068651912 -0.0015619683431637972 -0.0032571135955945007 0.015496523945701168 0.022179707173166138 0.013218375555968821 0.010470888679625324 -0.0068423599596567552 -0.00077090916834152709 -0.00033834863773458956 0.0088395613090327032 0.0038379128442211142 0.0070323189991234993 -0.0077206051051278649 0.0037931507005469684 0.00023065048105040261 -0.0049404273049596581 -0.013961873031462142 -0.0041587072161966276 -0.018597781297870708 0.0050704244188039234 0.013827002226124742 -0.0039805322966701001 0.019019114614135732
leaf_weight=77 880 12446 1529 193 234 261 26 2428 110 142 103 221 257 174 2004 4712 38 151 929 45 1422 270 102 73 447 26 392 110 605 52
leaf_count=77 880 12446 1529 193 234 261 26 2428 110 142 103 221 257 174 2004 4712 38 151 929 45 1422 270 102 73 447 26 392 110 605 52
internal_value=-0.000486718 -0.00123596 -0.00380546 0.000157193 0.00348787 0.000656433 -0.000901291 1.11514e-05 0.00114711 0.000542362 0.0059894 0.00354878 0.000173449 -0.000728923 -0.00135439 -0.000364033 3.20031e-05 0.00092066 0.00144697 0.000604161 0.000413346 -0.0039218 -0.00228433 -0.000820255 -0.00259154 0.00111765 -0.000772218 -0.00279989 -0.0041594 0.00257784
internal_weight=30459 14078 1606 16381 688 495 12472 15693 3891 3457 434 331 3315 2435 2178 11802 9374 4589 3991 3062 3024 417 372 4785 598 2607 1133 741 631 1474
internal_count=30459 14078 1606 16381 688 495 12472 15693 3891 3457 434 331 3315 2435 2178 11802 9374 4589 3991 3062 3024 417 372 4785 598 2607 1133 741 631 1474
cat_boundaries=0 1 2 3 4 5 6
cat_threshold=536580 5684 17072688 17039360 5775360 1026
is_linear=0
shrinkage=0.05


Tree=64
num_leaves=31
num_cat=5
split_feature=4 16 32 51 16 33 2 51 3 52 14 43 32 38 11 24 29 26 16 27 11 47 14 45 1 40 45 1 40 35
split_gain=5.20018 4.96025 3.87354 4.20844 3.60005 5.21441 3.8565 4.34853 3.84994 3.59584 3.54839 3.49985 3.41337 3.33315 4.64224 3.63379 3.87812 4.5907 3.53171 3.30383 3.25999 3.1823 3.17099 4.24974 3.64202 3.16176 3.07825 2.96901 2.94246 3.50596
threshold=0.058333333333333341 0 1020.2166666666668 -2.1999999999999971 1 0.59066817155563078 0.75000000000000011 -3.0999999999999983 1.5500000000000003 11.500000000000002 2 -7.5499999999999989 997.75833333333333 -0.94999999999998852 -0.60355339059327384 4.2109958236137706 3.529513042005219 -1.5833333333333328 3 1.2119772641798561 -0.78656609248549325 30.550000000000004 4 3.8500000000000005 0.15000000000000005 41.500000000000007 21.800000000000004 1.5250000000000001 53.500000000000007 22.16353233746651
decision_type=2 9 2 10 9 2 8 8 2 10 1 8 2 10 2 2 2 2 9 2 2 10 1 10 2 10 10 2 10 2
left_child=1 9 4 -4 5 12 13 20 22 -1 -5 -9 19 14 -6 16 -16 -18 -17 -2 -8 27 -7 -24 -25 -22 -26 28 29 -15
right_child=2 -3 3 10 6 8 7 11 -10 -11 -12 -13 -14 21 15 18 17 -19 -20 -21 25 -23 23 24 26 -27 -28 -29 -30 -31
leaf_value=-0.00095551410441268171 0.0069639590733805773 -0.00043463675179720301 -0.0032427136907683509 -0.0024450160547520696 -0.0027849045770041215 0.0078685765739911623 -0.0077002844936653898 0.0078206944470369417 0.027894633626415723 0.00094115665306155065 0.00058255278023700008 0.00040516083166114301 1.2112543872611071e-05 0.00031962382126830559 -0.0027505326371978613 0.00053061380657792032 0.0044343526280471402 -0.0020085838617512515 0.0070653009556510653 -0.009571897326991749 -0.012696046373524256 -0.0054139111815981692 0.0092147824262973198 -0.0057554538081081522 -0.00028849676845336405 -0.00086309693910211491 0.018034201060919301 -0.0073825528093286021 -0.0011224446005852699 0.01452333582022061
leaf_weight=546 408 4522 383 505 541 421 144 38 315 137 825 6632 8019 205 138 944 32 90 478 32 22 169 78 153 270 643 26 202 3476 65
leaf_count=546 408 4522 383 505 541 421 144 38 315 137 825 6632 8019 205 138 944 32 90 478 32 22 169 78 153 270 643 26 202 3476 65
internal_value=-0.000496568 -0.0019356 -0.000199968 -0.00249548 -3.29211e-05 0.000703856 -0.000551374 0.000217272 0.00370121 -0.00587938 -0.00116533 0.000637172 0.00025712 -0.00145897 0.00010121 0.00139706 -0.00403691 0.002457 0.00239083 0.00454442 -0.00324435 -0.00230138 0.00210948 -0.000512009 -0.00239368 -0.00176665 0.000844309 -0.00201363 -0.0016951 0.0033321
internal_weight=30459 5205 25254 1713 23541 9722 13819 7479 1263 683 1330 6670 8459 6340 2223 1682 260 122 1422 440 809 4117 948 527 449 665 296 3948 3746 270
internal_count=30459 5205 25254 1713 23541 9722 13819 7479 1263 683 1330 6670 8459 6340 2223 1682 260 122 1422 440 809 4117 948 527 449 665 296 3948 3746 270
cat_boundaries=0 1 2 3 4 5
cat_threshold=536580 16927344 5424 38866948 2834
is_linear=0
shrinkage=0.05


Tree=65
num_leaves=31
num_cat=4
split_feature=6 16 32 4 14 44 52 16 33 52 48 29 30 41 13 2 52 51 44 52 31 51 29 27 1 53 53 16 38 31
split_gain=5.88083 3.75093 4.06534 3.72241 3.51671 3.35898 3.32203 3.24149 4.26794 4.32939 3.56726 5.95495 3.10888 3.20181 2.94178 2.8566 3.32454 3.26041 4.14552 3.39428 2.93655 2.78737 5.31963 4.11479 3.49341 3.39549 3.33875 3.37021 3.01413 3.45781
threshold=1.0000000180025095e-35 0 1011.4166666666669 0.083333333333333356 1 67.500000000000014 -11.499999999999998 2 0.59066817155563078 -19.499999999999996 88.500000000000014 8.1717642867670648 5.5416666666666687 12.800000000000002 0.76785215827905995 0.95000000000000007 15.500000000000002 -4.2999999999999972 37.500000000000007 42.500000000000007 0.25000000000000033 -1.2999999999999992 7.6518811931770907 0.55000000000000027 0.8500000000000002 27.350000000000005 12.950000000000005 3 -1.6999999999998747 2.4500000000000011
decision_type=2 9 2 2 1 8 10 9 2 10 10 2 2 10 2 8 10 8 10 10 2 10 2 2 2 8 10 9 8 2
left_child=1 2 5 4 12 14 -5 8 10 -10 -2 -12 13 -4 -1 16 -9 18 -17 -19 -20 22 23 -3 -24 28 27 -25 -23 -30
right_child=7 21 3 6 -6 -7 -8 15 9 -11 11 -13 -14 -15 -16 17 -18 19 20 -21 -22 25 24 26 -26 -27 -28 -29 29 -31
leaf_value=0.0057968281756050335 0.0060496917283751539 -0.0016345778474668518 -0.00011290233607274201 -0.0065960001437403567 -0.0011527892804927429 -0.00097555472737542595 9.5785662114358802e-05 -0.00083896488804368621 -0.0080313558771338313 0.021287065226928692 -0.007766015241209831 0.019336319127620336 -0.0022731481791321145 0.0049364294662881131 -0.0010409512498533197 0.014726655002253243 0.0018528528641244741 0.00063687870366646582 -0.0079255211803079713 -0.011169064353481735 -0.0024915301076238283 0.0020341290002611119 -0.0030690444662177935 -0.00087567586818220052 0.055390219760665195 0.0068378897166348519 0.0076543455531712136 0.0032208780090527637 -0.00051044731298108823 0.0039868268658145413
leaf_weight=208 1460 1327 32 46 337 406 253 4853 20 283 414 44 57 40 24 63 771 8077 111 23 286 929 792 481 20 38 52 709 8165 157
leaf_count=208 1460 1327 32 46 337 406 253 4853 20 283 414 44 57 40 24 63 771 8077 111 23 286 929 792 481 20 38 52 709 8165 157
internal_value=-0.000431457 -0.00118133 -0.00362678 -0.00611031 -0.00890367 -0.000705219 -0.00175527 0.000211824 0.00198333 0.00750577 0.0011209 -0.00272866 -0.00125809 0.00554785 0.00409306 -6.69292e-05 -0.000942373 0.000508172 -0.00358618 0.000740732 -0.00547721 -0.000906933 -0.00213688 -0.00102176 -0.00566433 -0.000460217 0.00104661 0.000504159 -0.00052156 -0.00082311
internal_weight=30478 14073 1403 765 466 638 299 16405 2221 303 1918 458 129 72 232 14184 5624 8560 460 8100 397 12670 3381 2569 812 9289 1242 1190 9251 8322
internal_count=30478 14073 1403 765 466 638 299 16405 2221 303 1918 458 129 72 232 14184 5624 8560 460 8100 397 12670 3381 2569 812 9289 1242 1190 9251 8322
cat_boundaries=0 1 2 3 4
cat_threshold=12292 42 16777744 25266272
is_linear=0
shrinkage=0.05


Tree=66
num_leaves=31
num_cat=4
split_feature=6 16 4 7 32 12 36 27 47 32 36 27 16 43 39 6 16 47 33 50 13 33 35 37 42 31 37 38 16 53
split_gain=5.63914 4.07392 4.04769 3.07462 4.08074 3.0844 3.11732 3.0702 3.05935 3.30829 2.74737 3.18564 3.5905 5.99274 3.47484 3.45422 2.73882 3.88627 4.75314 4.14552 3.75544 3.38112 2.79636 3.25272 2.79198 3.87949 2.70664 3.21681 3.55637 3.4713
threshold=1.0000000180025095e-35 0 1.0000000180025095e-35 4.9500000000000011 1001.3416666666668 -0.87448095783103963 -0.1036944255787824 0.44999999999999957 5.9500000000000011 1012.0166666666668 -0.69883244822623503 0.049999999999999885 1 28.050000000000004 4.4500000000000011 0.55000000000000016 2 5.9500000000000011 0.55577773335110592 1.0000000180025095e-35 -0.98053927088909909 0.049999999999982954 1.7926456271808611 0.95705734522615671 0.75000000000000011 0.32998316455372256 -0.97143282014716392 -1.6333333333333824 3 21.750000000000004
decision_type=2 9 2 2 2 2 2 2 8 2 2 2 9 10 8 2 9 10 2 10 2 2 2 2 10 2 2 8 9 10
left_child=1 2 8 10 -5 6 -6 -4 -1 -10 11 15 13 14 -13 -2 17 -12 19 21 -21 -19 -23 -24 -18 -26 -3 28 -28 -29
right_child=3 26 7 4 5 -7 -8 -9 9 -11 16 12 -14 -15 -16 -17 24 18 -20 20 -22 22 23 -25 25 -27 27 29 -30 -31
leaf_value=0.00017563825795888639 0.0084868789874341793 -0.0012577365223545925 -0.001509022900278237 0.043142065260162649 -0.026465227984116543 -0.0030085307885544979 0.080848553709114326 9.2743944243731113e-05 -0.00042318465581645264 -0.0010391702484717103 -0.0012927706777510319 0.0036451673012142306 -0.0023840921284538187 0.046130983280820492 -0.0016785254719561507 -0.016919262784054197 -0.00022003704034342377 0.015593789505492665 0.017238151210413426 0.064434019289222128 -0.007035508263442675 0.012731498939652842 0.00012667616933377535 0.011550871997638974 -0.0019205500677031641 0.0059242884220699274 -0.0018799154734240016 -0.0005441102992350934 0.0025555058186764127 0.0064959952308031093
leaf_weight=69 94 648 417 192 36 432 86 564 100 253 393 199 1733 46 616 30 9240 118 280 33 313 321 1010 88 385 760 161 10632 1137 92
leaf_count=69 94 648 417 192 36 432 86 564 100 253 393 199 1733 46 616 30 9240 118 280 33 313 321 1010 88 385 760 161 10632 1137 92
internal_value=-0.000415052 -0.00114936 -0.00369754 0.000214872 0.00335076 0.00117307 0.00819001 -0.00196208 -0.00781805 -0.0096998 6.54571e-05 -0.00137964 -0.00175398 0.00088968 -9.20132e-05 0.00644641 0.000368979 0.00183157 0.00266978 0.00176571 -0.00317827 0.0028788 0.0022021 0.00100173 7.21494e-06 0.00233604 -0.000863558 -0.000694554 0.00165627 -0.000979103
internal_weight=30478 14073 1403 16405 746 554 122 981 422 353 15659 2718 2594 861 815 124 12941 2556 2163 1883 346 1537 1419 1098 10385 1145 12670 12022 1298 10724
internal_count=30478 14073 1403 16405 746 554 122 981 422 353 15659 2718 2594 861 815 124 12941 2556 2163 1883 346 1537 1419 1098 10385 1145 12670 12022 1298 10724
cat_boundaries=0 1 2 3 4
cat_threshold=12292 8931428 16810514 1116160
is_linear=0
shrinkage=0.05


Tree=67
num_leaves=31
num_cat=6
split_feature=6 16 4 27 12 47 32 1 16 36 32 14 51 29 27 14 1 11 48 16 14 31 43 42 38 9 52 48 23 47
split_gain=5.03116 3.49677 3.39818 2.81551 2.72608 2.69457 2.79436 2.62784 4.02556 2.85964 2.6168 3.95298 2.56426 4.80561 3.50884 2.87646 2.60902 2.54959 2.53752 2.52407 4.38732 3.77285 2.49339 2.47777 2.46751 2.45804 2.43988 2.38218 2.81276 2.33285
threshold=1.0000000180025095e-35 0 1.0000000180025095e-35 0.44999999999999957 -0.99937381720471408 5.9500000000000011 1009.4166666666669 4.9500000000000011 1 0.70669012007085708 1010.6166666666668 2 -1.2999999999999992 7.6518811931770907 0.55000000000000027 3 0.8500000000000002 0.78656609248549303 35.500000000000007 4 5 2.4500000000000011 10.65 0.45000000000000007 -1.7333333333331777 17.500000000000004 -11.499999999999998 67.500000000000014 0.93118786026104405 20.150000000000002
decision_type=2 9 2 2 2 8 2 2 9 2 2 1 10 2 2 1 2 2 10 9 1 2 8 8 10 2 8 8 2 10
left_child=1 2 5 22 -2 -1 -7 -6 24 17 11 -5 13 14 18 -16 -15 -10 -3 21 -21 -14 -4 -8 -9 -13 -12 -17 -29 -23
right_child=4 12 3 10 7 6 23 8 9 -11 26 25 19 16 15 27 -18 -19 -20 20 -22 29 -24 -25 -26 -27 -28 28 -30 -31
leaf_value=0.00016685634506094228 0.0093921922457654745 -0.0058468332332434264 -0.0018148333368604832 -0.00097755761752659496 1.4574356592732264e-05 0.0014487773840043017 -0.0010840470790902557 0.083657104707586458 -0.019023118121658245 0.035755138386930341 -0.0061612279296712549 0.0027786454934586816 -0.00060054759683191852 -0.0029199576955687328 -0.0010444196678885715 -0.00045267541856063579 0.052570423884645903 0.035783893949046561 -0.0012561455088630333 0.0022116914014379237 -0.00054850771156105406 -0.00040889517649729534 -0.00083667982266373846 0.0017990492236949819 0.02244559606537256 0.014381038343290492 -0.00028608459169047752 -0.0034830078701348216 0.0039482012959735973 0.01096054928146931
leaf_weight=69 225 61 172 113 15804 55 272 100 88 32 44 101 5218 792 490 293 20 30 1266 1579 2378 44 245 26 126 49 257 40 419 70
leaf_count=69 225 61 172 113 15804 55 272 100 88 32 44 101 5218 792 490 293 20 30 1266 1579 2378 44 245 26 126 49 257 40 419 70
internal_value=-0.000395366 -0.00108896 -0.00344986 -0.00186016 0.000199633 -0.00722578 -0.00899179 0.000123609 0.00425419 -0.00218613 0.000443184 0.0040859 -0.000824126 -0.00200379 -0.00094391 0.000966106 -0.00535648 -0.00592718 -0.00273152 -0.000395625 0.000560863 -0.00110443 -0.00497483 -0.0109024 0.00825921 0.00905684 -0.00273995 0.00288676 0.00517316 0.00788782
internal_weight=30478 14073 1403 981 16405 422 353 16180 376 150 564 263 12670 3381 2569 1242 812 118 1327 9289 3957 5332 417 298 226 150 301 752 459 114
internal_count=30478 14073 1403 981 16405 422 353 16180 376 150 564 263 12670 3381 2569 1242 812 118 1327 9289 3957 5332 417 298 226 150 301 752 459 114
cat_boundaries=0 1 2 3 4 5 6
cat_threshold=12292 16973910 5956 3128 51806306 2218
is_linear=0
shrinkage=0.05


Tree=68
num_leaves=31
num_cat=7
split_feature=36 16 32 34 16 51 14 31 12 33 41 34 16 10 48 14 16 14 2 47 29 12 13 13 50 19 45 28 31 40
split_gain=4.93869 5.57942 4.54109 5.56313 4.30715 3.74169 3.8345 3.40961 3.37454 3.22981 3.0606 3.43278 3.33578 4.65572 3.73313 3.1733 2.9073 3.70897 4.36175 3.01953 3.01824 2.90586 3.02252 3.392 3.79419 4.20501 3.65285 3.53272 3.63042 3.47202
threshold=-0.66555580647281209 0 1010.9833333333335 78.583333333333357 1 -2.2999999999999989 2 1.8999999999999992 -0.99863729997741457 1.0306365808897704 5.2000000000000011 43.166666666666679 3 0.91597561503675362 59.500000000000007 4 5 6 0.35000000000000003 3.2500000000000004 8.5893894102775175 -0.99275167208229986 0.82964644928663589 -0.93262014971044682 0.25000000000000006 392.00000000000006 10.250000000000002 76.166666666666671 0.29439202887759508 97.500000000000014
decision_type=2 9 2 2 9 10 1 2 2 2 10 2 9 2 8 1 9 1 10 10 2 2 2 2 10 2 10 2 2 10
left_child=16 2 10 -4 5 -5 -7 -6 -3 21 11 -2 14 -14 -12 -15 17 18 -1 -18 -20 -10 23 26 29 27 -23 -26 -29 -25
right_child=1 8 3 4 7 6 -8 -9 9 -11 12 -13 13 15 -16 -17 19 -19 20 -21 -22 22 -24 24 25 -27 -28 28 -30 -31
leaf_value=-0.0027797847474447471 0.018396157821015318 0.0094734379049335286 -0.0011690035602361863 -0.0025736228803322284 -0.0021234020289937665 -0.0024751468818569045 0.0017931002734798225 -0.006068967512135987 -0.002742707495600333 0.011513748393596644 -0.0014745142389404123 0.0023790655993021674 -0.0023289507862024341 0.0069871139519920916 0.0071380297896035567 -0.00090309102885357271 -0.0018185877217708952 -0.0006160819847208205 -0.00071124808918814899 -0.00014564157788208716 0.017545452595756524 -0.0030863449573564797 -0.00035905967104312434 0.001815606218542365 -0.0040194176967141117 0.0060006666443978398 0.0015033174507638513 -0.0035076148616662306 0.00078113202470421895 -0.001673379843960307
leaf_weight=588 39 246 830 366 913 523 1355 66 305 155 224 750 2132 506 450 443 377 1806 147 3254 28 755 3739 8169 204 113 478 301 620 596
leaf_count=588 39 246 830 366 913 523 1355 66 305 155 224 750 2132 506 450 443 377 1806 147 3254 28 755 3739 8169 204 113 478 301 620 596
internal_value=-0.000393725 -7.20814e-05 -0.00109503 -0.00231304 -0.0013729 -0.000155273 0.000745434 -0.00411991 0.000489131 0.000396823 -1.10033e-05 0.00281967 -0.000605843 -0.00130213 0.00255811 0.00160679 -0.0016532 -0.00293707 -0.00585306 -0.000734668 0.000999429 0.000323951 0.000422368 0.000832139 0.00113715 -0.00145384 -0.0016422 -0.00237757 -0.00105852 0.00150312
internal_weight=30478 24278 8597 4053 3223 2244 1878 979 15681 15435 4544 789 3755 3081 674 949 6200 2569 763 3631 175 15280 14975 11236 10003 1238 1233 1125 921 8765
internal_count=30478 24278 8597 4053 3223 2244 1878 979 15681 15435 4544 789 3755 3081 674 949 6200 2569 763 3631 175 15280 14975 11236 10003 1238 1233 1125 921 8765
cat_boundaries=0 1 2 3 4 5 6 7
cat_threshold=46149668 12587040 316 8388612 7272 21639254 3616
is_linear=0
shrinkage=0.05


Tree=69
num_leaves=31
num_cat=6
split_feature=6 16 13 16 30 50 44 37 14 16 16 27 37 12 30 13 40 2 28 24 2 53 51 37 41 33 53 27 32 14
split_gain=4.18575 2.85085 2.88019 4.26975 3.50908 3.47038 3.31451 3.36542 6.71267 3.46075 3.31618 3.30821 3.28457 3.54835 3.27721 3.92252 3.70639 3.22696 3.21031 3.11566 3.05614 4.37048 3.26727 3.05459 3.0376 3.01815 2.93523 2.88175 2.85357 2.78559
threshold=1.0000000180025095e-35 0 0.98376170968447496 1 23.058333333333337 1.7500000000000002 87.500000000000014 -0.47585115647872406 2 3 4 0.69999999999999962 -0.11936289362961368 0.96247800481268331 14.54166666666667 -0.94445443497892134 87.500000000000014 0.75000000000000011 87.833333333333357 3.319157983503374 1.0000000180025095e-35 6.9000000000000021 3.3000000000000003 -0.97532933412343292 16.650000000000002 0.6289097420718115 14.450000000000003 0.16329931618554575 1005.4416666666668 5
decision_type=2 9 2 9 2 10 8 2 1 9 9 2 2 2 2 2 10 10 2 2 10 10 10 2 10 2 8 2 2 1
left_child=1 -1 6 5 -5 19 7 8 11 17 -8 -3 24 18 25 -16 -17 -9 27 -4 23 22 -22 -10 -11 -13 -21 -14 -12 -29
right_child=-2 2 3 4 -6 -7 10 9 20 12 28 14 13 -15 15 16 -18 -19 -20 26 21 -23 -24 -25 -26 -27 -28 29 -30 -31
leaf_value=-0.00063456939086565948 0.00010144382521614093 -0.00097764164245429399 -0.0026864406929270421 -0.0042260053016553419 0.0081421029782163985 -0.0093180244863556097 0.0028512361897105238 -0.0011099630546560547 -0.0040081702706131735 0.0039391272437406064 -0.0026833528854399076 0.0084045937631394684 -0.0033115745494649339 -0.0034818021506754686 -0.0041798238271614635 0.0064204287740930307 -0.007367644973528745 -0.0091523836197474132 0.0048470132150105014 0.00064547099798480676 -0.0025935754363311304 0.0064416415735537805 0.013213728294948671 -0.0015985179084949037 -0.00090875956646048472 -0.0015197941326534252 0.0205748803643898 0.0012118631048746041 0.00030015494536479449 -0.00088196528537205646
leaf_weight=2667 16405 498 23 318 55 20 1109 1031 207 552 348 143 136 228 74 172 23 44 303 291 425 74 33 1509 171 26 22 936 1673 962
leaf_count=2667 16405 498 23 318 55 20 1109 1031 207 552 348 143 136 228 74 172 23 44 303 291 425 74 33 1509 171 26 22 936 1673 962
internal_value=-0.000410131 -0.00104277 -0.000696385 -0.00373748 -0.00737405 0.000273149 -0.000489365 -0.0010567 -0.00229264 -0.000154707 0.000878566 0.00126836 0.00065189 -0.000185178 0.00445104 0.00102192 0.00474116 -0.00260345 0.00039579 0.00148765 -0.00376423 -0.000469836 -0.00229208 -0.00480741 0.0036302 0.00990538 0.00279463 -0.000319552 -0.000332332 0.000184395
internal_weight=30478 14073 11406 729 373 356 10677 7547 3184 4363 3130 936 3288 2565 438 269 195 1075 2337 336 2248 532 458 1716 723 169 313 2034 2021 1898
internal_count=30478 14073 11406 729 373 356 10677 7547 3184 4363 3130 936 3288 2565 438 269 195 1075 2337 336 2248 532 458 1716 723 169 313 2034 2021 1898
cat_boundaries=0 1 2 3 4 5 6
cat_threshold=21508100 9586722 4264 18496 9456128 2650
is_linear=0
shrinkage=0.05


Tree=70
num_leaves=31
num_cat=4
split_feature=6 36 32 47 37 14 16 42 18 37 14 40 47 32 35 47 32 10 38 7 16 5 44 12 52 51 41 27 13 38
split_gain=3.99923 3.66401 4.12666 6.68275 4.32657 4.44243 4.20365 4.16298 3.91756 3.49705 3.9786 4.83274 3.61426 4.33256 3.40545 4.84775 4.12913 3.71492 3.23752 4.5287 3.19417 4.23368 3.16474 3.05897 3.04507 2.91919 2.90445 2.72316 3.07376 2.72052
threshold=4.9500000000000011 -0.66555580647281209 1014.5166666666668 24.950000000000003 -0.84467840701774743 0 1 0.45000000000000007 -25.168549999999996 -0.97532933412343292 2 98.500000000000014 6.4500000000000011 1024.4416666666668 2.7265482080417307 14.950000000000001 1013.5583333333335 0.25881904510252091 -0.29999999999989763 0.65000000000000002 3 0.84918236151132753 87.500000000000014 -0.61383352812826175 -8.4999999999999982 5.9000000000000021 28.900000000000002 0.09999999999999977 -0.91281223188962002 -7.066666666666662
decision_type=2 2 2 10 2 1 9 8 2 2 1 10 10 2 2 8 2 2 10 2 9 2 10 2 8 10 10 2 2 10
left_child=1 -1 4 9 5 -3 7 -6 -5 22 26 12 -12 20 15 16 17 25 -10 -20 -14 23 -4 -22 -17 -8 -11 28 -16 -19
right_child=-2 2 3 8 6 -7 14 -9 18 10 11 -13 13 -15 27 24 -18 29 19 -21 21 -23 -24 -25 -26 -27 -28 -29 -30 -31
leaf_value=-0.00072038815512574523 0.093913512932442419 0.0031147761191087225 -0.0024512720588019069 -0.0032084381343551738 -0.00068353363441150949 -0.0011646405844822183 -0.0009207884067079287 0.0030571575585935707 -0.0036061782615444227 -0.00098720531927816305 0.0034552406650567666 -0.0050577976866176717 -0.00013838654938925222 -0.0013347425382189985 -0.017787588541474227 -0.0014077584463605298 -0.0062131951923268761 -0.019999413502668897 0.0045289182397595957 -0.0066101232855100339 0.0018057500814765148 -0.015960342097306592 0.00055387142251111664 0.0057326943028701248 0.016534747258308058 0.015052173998618235 0.0050671726729383587 0.00097049523079133226 -0.0023905549585434174 0.0045069017978225604
leaf_weight=6247 52 1092 200 215 4703 3692 674 1253 140 2659 375 103 1453 314 33 129 44 23 124 74 554 61 70 380 641 24 71 4417 155 557
leaf_count=6247 52 1092 200 215 4703 3692 674 1253 140 2659 375 103 1453 314 33 129 44 23 124 74 554 61 70 380 641 24 71 4417 155 557
internal_value=-0.000405351 -0.000429011 -0.000150639 -0.00119607 0.000256637 -0.00102423 0.000740925 -0.000226278 -0.00646357 -0.000729155 -0.000477379 0.000707671 0.0010599 0.000434452 0.00159905 0.00327422 0.00143711 0.00195603 -0.00310559 0.00100959 0.00114374 0.00330813 -0.00629397 0.00417514 0.00642774 -0.000501361 -0.00187949 0.000841458 -0.00505051 0.00491295
internal_weight=30529 30477 24230 6793 17437 4784 12653 5956 553 6240 5970 3240 3137 2762 6697 2092 1322 1278 338 198 2448 995 270 934 770 698 2730 4605 188 580
internal_count=30529 30477 24230 6793 17437 4784 12653 5956 553 6240 5970 3240 3137 2762 6697 2092 1322 1278 338 198 2448 995 270 934 770 698 2730 4605 188 580
cat_boundaries=0 1 2 3 4
cat_threshold=1120 38451232 4198 13834260
is_linear=0
shrinkage=0.05


Tree=71
num_leaves=31
num_cat=8
split_feature=6 32 47 41 38 16 28 47 35 16 16 26 16 49 16 36 44 47 29 14 3 52 14 41 44 49 47 14 29 3
split_gain=3.9945 3.50931 5.43854 3.93656 3.75033 3.78377 3.48727 7.11761 4.65238 4.29025 4.17867 4.93141 3.87039 3.3135 4.90099 3.47081 3.16332 3.13661 3.26393 3.13066 3.11664 3.10207 3.04443 3.16424 2.99893 2.99886 3.01271 2.88715 4.81444 2.99763
threshold=4.9500000000000011 1014.9166666666669 24.450000000000003 42.850000000000009 -0.33333333333308696 0 84.416666666666671 15.050000000000002 3.0456030825826179 1 2 30.683333333333341 3 14.600000000000003 4 0.71991144170526133 94.500000000000014 4.9500000000000011 4.0960461199756422 5 0.65000000000000002 -6.4999999999999991 6 2.3500000000000005 70.500000000000014 9.3500000000000032 27.450000000000003 7 1.9428090415820636 1.3500000000000003
decision_type=2 2 10 8 10 9 2 8 2 9 9 2 9 10 9 2 10 8 2 1 2 10 1 8 10 10 10 1 2 2
left_child=1 6 3 13 -4 -6 10 -8 9 16 11 22 -10 14 19 27 -9 18 -12 -3 25 -20 -1 -24 -21 26 -14 28 -16 -30
right_child=-2 2 4 -5 5 -7 7 8 12 -11 17 -13 20 -15 15 -17 -18 -19 21 24 -22 -23 23 -25 -26 -27 -28 -29 29 -31
leaf_value=-0.0004213797687004903 0.08921783728582032 0.0021072346862681958 -0.0032320487723948993 0.018391298027697824 0.0047098019880160158 -0.0019127639996642993 -0.00024786750632588284 0.016441909371607621 -0.0022958455618669882 0.003891032939272765 -0.0041380899554460133 0.0032031831629910899 -0.0024625073681076521 -0.00083996582132092818 -0.0050376793503149088 0.0010602606136463633 -0.0037426743936253381 0.00040237056564873254 -0.0025634166681168581 0.0011662290789983571 0.011371244351720308 0.0018274438670402545 0.006996900268256512 -0.0016818573478035886 -0.00078543626641459647 0.0058195357490892722 0.0085142266254225885 -0.00093015919105498147 -0.0013725418205401104 -0.016042559158158495
leaf_weight=2460 52 1164 292 63 105 254 6981 565 799 1276 136 312 816 1788 149 560 66 4548 69 661 808 142 120 3162 936 475 139 998 585 48
leaf_count=2460 52 1164 292 63 105 254 6981 565 799 1276 136 312 816 1788 149 560 66 4548 69 661 808 142 120 3162 936 475 139 998 585 48
internal_value=-0.000397162 -0.000420808 -0.00135142 -0.000942161 -0.00572109 -0.00229741 -0.00011148 0.00048008 0.0019316 0.00386713 -0.00075577 -0.00163256 0.000716144 -0.00105602 -0.000406775 -0.00208502 0.00721416 0.000331288 -0.0042495 0.00101945 0.00177928 -0.000355282 -0.00196792 -0.00296164 -0.000420011 0.000384588 -0.00123024 -0.00317398 -0.00542861 -0.00359343
internal_weight=30529 30477 7603 6952 651 359 22874 11925 4944 1907 10949 6054 3037 6889 5101 2340 631 4895 347 2761 2238 211 5742 3282 1597 1430 955 1780 782 633
internal_count=30529 30477 7603 6952 651 359 22874 11925 4944 1907 10949 6054 3037 6889 5101 2340 631 4895 347 2761 2238 211 5742 3282 1597 1430 955 1780 782 633
cat_boundaries=0 1 2 3 4 5 6 7 8
cat_threshold=295504 8538198 55078994 856676 17340454 3338 6248 7200
is_linear=0
shrinkage=0.05


Tree=72
num_leaves=31
num_cat=6
split_feature=32 47 36 37 16 14 40 38 16 42 4 32 14 16 42 15 37 2 14 34 36 41 49 28 40 28 49 49 31 35
split_gain=3.73776 5.31761 3.53299 3.81674 4.0368 3.82862 3.55294 3.45131 3.48057 3.27918 3.12509 3.45017 2.89879 2.88356 3.89071 4.0549 3.30241 3.38551 4.17259 3.73566 4.12476 2.94977 2.90915 3.10149 2.87212 2.83455 2.81365 3.28505 3.51794 3.32126
threshold=1014.9166666666669 24.450000000000003 -0.66555580647281209 -0.84467840701774743 0 1 44.500000000000007 -0.33333333333308696 2 0.8500000000000002 1.4583333333333337 999.48333333333346 3 4 1.0000000180025095e-35 2022.5000000000002 -0.97532933412343292 0.35000000000000003 5 67.583333333333357 0.96832384298290353 43.750000000000007 8.8000000000000025 68.166666666666671 39.500000000000007 81.833333333333357 3.6500000000000008 11.15 1.7448335275691453 27.005143053255267
decision_type=2 10 2 2 9 1 8 10 9 8 2 2 1 9 10 2 2 8 1 2 2 10 10 2 10 2 10 10 2 2
left_child=2 13 6 5 9 -4 -1 -3 -9 12 -6 -12 -5 14 15 -2 -15 18 22 -19 21 -21 23 -18 -10 -16 -20 29 -29 -28
right_child=1 7 3 4 10 -7 -8 8 24 -11 11 -13 -14 16 25 -17 17 19 26 20 -22 -23 -24 -25 -26 -27 27 28 -30 -31
leaf_value=0.0047516356247512218 -0.00093241730474867145 -0.0030704463337751539 0.0026740381377514059 -0.0015143773421424367 0.00082805546909254656 -0.0011661231741352169 -0.00081756576949671702 0.0044743118886152126 0.015618536745429686 0.0035109101722364312 0.028719042612842683 0.008603535234392912 0.00010365646514239602 -0.0018041728899809485 -0.00053101309018673275 0.00018259628966609543 0.015812229485906184 -0.0014257792667172822 -0.0033187501459133574 0.0018323490661872471 -0.0040269007417681191 0.029941508311317186 -0.00018074924561856389 0.0015487049003813952 -0.0026033975694049472 -0.0043190477387355401 -0.00013345918712661111 -0.0011302971454978765 -0.0043490889223270239 0.011221737507884881
leaf_weight=283 1226 292 1121 1811 5362 3741 4751 105 20 845 202 870 3937 129 222 1330 40 214 85 1931 115 33 377 175 234 329 295 404 23 27
leaf_count=283 1226 292 1121 1811 5362 3741 4751 105 20 845 202 870 3937 129 222 1330 40 214 85 1931 115 33 377 175 234 329 295 404 23 27
internal_value=-0.000439744 -0.00140019 -0.000121057 0.000208227 0.000654405 -0.000987228 -0.00129119 -0.00572109 -0.00243665 -0.000215808 0.00154405 0.00401082 -0.000643691 -0.000995672 -0.00212537 -0.00131059 -7.77585e-05 0.00019494 -0.00171797 0.00138459 0.00203213 0.00257115 0.00149477 0.00615993 -0.00549034 -0.00594266 -0.00396872 -0.00303698 -0.00591196 0.000776156
internal_weight=30529 7606 22923 17889 13027 4862 5034 651 359 6593 6434 1072 5748 6955 3107 2556 3848 3719 1426 2293 2079 1964 592 215 254 551 834 749 427 322
internal_count=30529 7606 22923 17889 13027 4862 5034 651 359 6593 6434 1072 5748 6955 3107 2556 3848 3719 1426 2293 2079 1964 592 215 254 551 834 749 427 322
cat_boundaries=0 1 2 3 4 5 6
cat_threshold=38451236 1120 295504 2216 13004884 2892
is_linear=0
shrinkage=0.05


Tree=73
num_leaves=31
num_cat=8
split_feature=32 47 6 16 40 38 37 14 16 28 37 7 16 13 13 23 31 14 41 49 16 43 14 29 43 29 50 39 16 36
split_gain=4.25351 5.32865 4.35425 3.67453 3.445 3.0471 5.40387 6.16867 4.00735 4.0757 3.61206 3.36079 3.25469 5.18856 3.94375 3.41435 3.25469 3.13509 3.02638 2.96047 3.78305 3.69235 4.2674 3.64645 3.15026 3.13138 2.80233 2.83672 2.75548 3.03903
threshold=1014.9166666666669 24.450000000000003 4.9500000000000011 0 36.500000000000007 -1.5166666666666513 0.33269392308884688 1 2 92.416666666666671 -0.96361021254472401 0.95000000000000007 3 -0.62058661934845294 -0.92628984363228806 0.30496688342842942 0.14999999999999999 4 4.5000000000000009 14.600000000000003 5 19.050000000000004 6 0.87965281125489481 -0.24999999999999997 12.758438729595214 0.8500000000000002 28.750000000000004 7 0.90231874244136201
decision_type=2 10 2 9 10 8 2 1 9 2 2 2 9 2 2 2 2 1 10 10 9 10 1 2 10 2 10 10 9 2
left_child=2 19 5 -3 -5 6 7 -1 9 10 11 -9 14 18 -7 -15 17 -16 -14 20 24 22 -22 -24 -2 -23 27 -19 -20 -30
right_child=1 3 -4 4 -6 12 -8 8 -10 -11 -12 -13 13 15 16 -17 -18 26 28 -21 21 25 23 -25 -26 -27 -28 -29 29 -31
leaf_value=-0.0023153648157053794 -0.00099782484624347809 -0.00025291902055225998 0.091637309699140801 0.017155566855671989 -0.0037136751030169834 -0.0023446655306142237 0.0058646508176527423 -0.0028705316757214857 0.002346217349453482 0.0043623479467974546 -0.0030065926968123424 0.011534953800745679 0.0056785973052328525 0.0056182235677926838 -0.0047465200383686864 -0.001006660561848588 0.0011446941817273599 0.00084938911966254971 0.0030996179864457743 -0.00071620988357348346 0.00089758424457989376 -0.0035478747974777348 -0.0050918920638105105 -0.0010539986826567191 0.00071801835821085069 0.0054128916748109046 -0.0097692974166939672 -0.014292013148316818 -0.00069173744397557082 -0.0083677744369811107
leaf_weight=970 142 253 49 27 371 1012 993 59 1684 435 750 85 519 122 124 7139 6301 550 794 1822 977 453 81 1026 2433 21 61 21 1212 43
leaf_count=970 142 253 49 27 371 1012 993 59 1684 435 750 85 519 122 124 7139 6301 550 794 1822 977 453 81 1026 2433 21 61 21 1212 43
internal_value=-0.000447933 -0.0014725 -0.00010797 -0.00579788 -0.00869885 -0.000139896 0.000954563 0.000131807 0.00124872 -0.000802778 -0.00274019 0.00451076 -0.000444181 -0.00105447 0.000300157 -0.00173872 0.000719134 -0.00238064 0.000876134 -0.00106756 -0.000452943 -0.00181068 -0.000911665 -0.00302122 0.000899385 -0.00580046 -0.000856564 0.000218876 1.22005e-05 -0.00144257
internal_weight=30529 7606 22923 651 398 22874 4976 3983 3013 1329 894 144 17898 9829 8069 7261 7057 756 2568 6955 5133 2558 2084 1107 2575 474 632 571 2049 1255
internal_count=30529 7606 22923 651 398 22874 4976 3983 3013 1329 894 144 17898 9829 8069 7261 7057 756 2568 6955 5133 2558 2084 1107 2575 474 632 571 2049 1255
cat_boundaries=0 1 2 3 4 5 6 7 8
cat_threshold=33392 530 4806662 26298896 34 17405986 1738 45094
is_linear=0
shrinkage=0.05


Tree=74
num_leaves=31
num_cat=4
split_feature=6 32 47 38 28 47 35 43 39 23 43 14 40 24 30 12 42 39 51 14 14 1 12 3 45 32 34 49 14 36
split_gain=4.00207 3.31393 4.73127 3.9968 2.92895 5.46154 3.59847 3.22852 2.99732 2.95883 2.86273 3.23328 3.01526 2.8866 2.96418 2.80517 2.76183 2.72766 3.33537 3.15732 2.85048 4.23628 2.71892 2.71754 2.99167 2.63202 2.62897 2.62471 2.83345 3.07306
threshold=4.9500000000000011 1014.9166666666669 24.450000000000003 -0.33333333333308696 84.416666666666671 15.050000000000002 3.0456030825826179 11.950000000000001 20.550000000000004 0.82828813931001355 21.950000000000003 0 89.500000000000014 12.17337661858274 23.216666666666672 0.7396616116502498 11.350000000000003 25.450000000000003 1.3999999999999992 1 2 1.4500000000000002 -0.93568234840038322 1.2500000000000002 23.200000000000003 1009.1416666666668 99.833333333333357 18.850000000000005 3 -0.69883244822623503
decision_type=2 2 10 10 2 10 2 10 10 2 10 1 10 2 2 2 8 8 10 1 1 2 2 2 10 2 2 10 1 2
left_child=1 4 27 -4 16 7 8 -6 25 15 22 13 -13 -12 26 -9 -1 18 23 -20 21 -19 -10 24 -8 -7 -15 -3 29 -29
right_child=-2 2 3 -5 5 6 17 9 10 -11 11 12 -14 14 -16 -17 -18 20 19 -21 -22 -23 -24 -25 -26 -27 -28 28 -30 -31
leaf_value=-0.0004044324386632298 0.079242015490391407 -0.00019697598902816487 -0.0027433232526768801 -0.00073842152304609836 1.6589628229626842e-05 0.0055983690622825105 -0.0018466616933481145 -0.0052152662773145399 -0.011800389376740873 -0.0015311911409553016 0.048603742350095305 0.0085709736145131079 0.02840791078517247 -0.0011567131891995791 0.0072385605765107833 -0.012713936946214671 -0.0043222176037108649 0.0011160205516061172 0.020627415608480394 0.0010460765559094961 0.0087867471144586796 -0.016046041695179453 -0.00073505162939780386 0.0068970881411716152 -0.0086775314104327421 0.020513978301361008 -0.016614193113685425 -0.0018472402590213129 -0.0013233265157687954 0.0011307371126385941
leaf_weight=10849 52 6066 292 359 5864 377 1244 140 32 1120 23 394 176 92 173 33 100 225 102 352 658 49 144 288 60 315 64 69 562 255
leaf_count=10849 52 6066 292 359 5864 377 1244 140 32 1120 23 394 176 92 173 33 100 225 102 352 658 49 144 288 60 315 64 69 562 255
internal_value=-0.000410264 -0.000433932 -0.00133827 -0.00541391 -0.000133339 0.000408802 0.00171976 -0.000464574 0.00349143 -0.00272601 0.00186686 0.00298232 0.00525771 -0.0008285 -0.00205105 -0.00880994 -0.000723804 0.00065478 -0.000366551 0.00341335 0.00289668 -0.00140795 -0.00397501 -0.00144463 -0.00241546 0.00606849 -0.00704676 -0.000956546 -0.00349848 0.000299312
internal_weight=30529 30477 7603 651 22874 11925 4768 7157 1790 1293 1098 922 570 352 329 173 10949 2978 2046 454 932 274 176 1592 1304 692 156 6952 886 324
internal_count=30529 30477 7603 651 22874 11925 4768 7157 1790 1293 1098 922 570 352 329 173 10949 2978 2046 454 932 274 176 1592 1304 692 156 6952 886 324
cat_boundaries=0 1 2 3 4
cat_threshold=6312 2186 2180 2212
is_linear=0
shrinkage=0.05


Tree=75
num_leaves=31
num_cat=4
split_feature=16 13 31 32 12 45 44 29 54 11 1 48 5 30 12 26 47 32 10 10 14 16 26 47 37 2 34 33 3 14
split_gain=2.81397 4.19288 2.87403 2.54554 2.87654 2.43118 2.90418 4.27873 2.60703 2.58577 2.56334 2.52736 2.22437 4.04986 3.4223 2.1999 2.70399 6.24941 4.20632 4.94846 4.20404 3.32401 3.23347 3.57368 4.11739 3.50543 3.74672 3.30832 3.18528 3.75113
threshold=0 0.97702786266997033 0.12472191289246477 1025.116666666667 -0.9092740615363033 3.8500000000000005 98.500000000000014 2.4719640003162362 1.7666666666666646 0.37940952255126048 9.8500000000000032 88.500000000000014 8.3266726846886753e-17 8.4166666666666696 0.11988119229922754 30.541666666666671 24.050000000000004 1014.1166666666668 0.25881904510252091 0.91597561503675362 1 2 13.933333333333335 13.550000000000002 -0.95815825154132439 2.3500000000000001 98.833333333333357 1.6213848676020473 0.25000000000000006 3
decision_type=9 2 2 2 2 10 10 2 2 2 2 10 2 2 2 2 10 2 2 2 1 9 2 8 2 10 2 2 2 1
left_child=1 5 -3 15 -5 6 8 9 11 -8 -7 -1 13 14 -6 16 22 18 28 -20 -21 -19 25 -24 -25 -2 -27 -26 29 -18
right_child=3 2 -4 4 12 10 7 -9 -10 -11 -12 -13 -14 -15 -16 -17 17 21 19 20 -22 -23 23 24 27 26 -28 -29 -30 -31
leaf_value=0.0079223533679314683 -0.00040635959750787989 -0.0092433975335871384 -0.0020379360180498604 -0.003289549591532312 0.0021879255229861855 0.00024728784752450219 -0.010437821508938037 0.030981805792305878 0.0038260774645625939 0.027133080694964541 0.072211431007486213 -0.0093686500236734426 -0.0012884284720087167 -0.0018267461885304844 -2.5961636898211295e-05 0.0024681594016537859 0.0023880217643333494 -0.0035822271137792767 -0.0038214472495368499 -0.0040339226020750336 0.0040155901057791436 -0.0017029874453005128 0.004684363637026622 -0.002088923569028124 0.00039040288892532309 0.029866402991973701 0.00066365280439188441 0.017174913683737907 0.0048203113332789599 -0.0026428865093717641
leaf_weight=145 10663 39 380 54 48 6545 28 70 462 23 33 66 405 44 57 316 398 359 1608 294 653 286 676 432 4392 160 320 43 1103 547
leaf_count=145 10663 39 380 54 48 6545 28 70 462 23 33 66 405 44 57 316 398 359 1608 294 653 286 676 432 4392 160 320 43 1103 547
internal_value=-0.000310776 0.000509544 -0.00435457 -0.000590342 -0.00378227 0.00078675 0.00340008 0.0105285 0.00211707 -0.000489237 0.000471261 -0.00248697 -0.00270709 0.00251509 0.00784967 -0.000503369 -0.00056305 -0.00155294 -0.000906997 -0.00226019 0.000607116 -0.00616184 -0.000251707 0.000735148 0.000261963 -0.000742612 0.00343678 0.00071588 0.000781212 -0.00134906
internal_weight=30649 7791 419 22858 608 7372 794 121 673 51 6578 211 554 149 105 22250 21934 5248 4603 2555 947 645 16686 5543 4867 11143 480 4435 2048 945
internal_count=30649 7791 419 22858 608 7372 794 121 673 51 6578 211 554 149 105 22250 21934 5248 4603 2555 947 645 16686 5543 4867 11143 480 4435 2048 945
cat_boundaries=0 1 2 3 4
cat_threshold=17105424 912 42090502 1394
is_linear=0
shrinkage=0.05


Tree=76
num_leaves=31
num_cat=4
split_feature=38 4 16 43 48 47 39 54 42 14 19 40 5 26 26 37 16 31 14 41 50 35 37 43 43 51 32 49 51 4
split_gain=2.71742 5.42911 4.74149 3.79866 3.48087 2.8321 5.98512 3.91165 4.3048 3.80053 5.11314 3.35961 3.30611 2.98069 2.78924 4.32944 3.27911 3.6807 5.56789 3.23194 3.13297 3.04009 3.8997 2.8199 2.79294 2.79267 2.74985 2.6887 2.81809 2.93711
threshold=-1.6666666666665717 8.4750000000000032 0 -7.5499999999999989 35.500000000000007 25.050000000000004 17.550000000000004 3.0000000000000018 1.9500000000000002 1 102.00000000000001 39.500000000000007 8.3266726846886753e-17 25.81666666666667 13.71666666666667 -0.95815825154132439 2 0.14999999999999972 3 42.850000000000009 2.1500000000000008 5.9533408577782261 0.12101397700441012 21.450000000000003 12.65 0.40000000000000013 1029.3833333333337 8.1000000000000032 -1.7000000000000017 1.2416666666666669
decision_type=8 2 9 10 8 10 10 2 10 1 2 10 2 2 2 2 9 2 1 10 8 2 2 10 8 10 2 10 10 2
left_child=1 2 4 -4 -1 14 -7 8 9 10 -8 -11 13 -13 16 -16 17 18 25 24 23 -22 -23 -18 -17 -2 -19 28 29 -14
right_child=5 -3 3 -5 -6 6 7 -9 -10 11 -12 12 27 -15 15 19 20 26 -20 -21 21 22 -24 -25 -26 -27 -28 -29 -30 -31
leaf_value=-0.010141105366748769 -0.0015893562415774554 0.11790577629042134 -0.0037145942914299126 0.0017473475856780831 -0.00067255249843324323 -0.0056656219296668227 0.0090783592725379031 -0.0013335970879087265 0.014746941540440844 0.075277139560176343 -0.0058058155266376898 -0.00071408750046443039 -0.0027335280482363336 0.014062611396292097 -0.0017405915734092434 0.0040438608465250435 -0.00070648293691300966 0.00039901632845614908 -0.0043858055353295953 0.025112981044230976 0.0071085280951870486 0.0057250098053495905 -0.0049914879689145659 -0.0071540027950740999 0.0002212701428370545 0.0063059364250210139 -0.0022948665399625257 -0.0004196115310772769 -0.0083626742347579774 0.03640640046940604
leaf_weight=68 162 27 23 3137 1789 59 570 3780 138 21 46 43 82 30 725 647 5818 4488 245 54 96 84 63 46 7298 153 84 412 439 22
leaf_count=68 162 27 23 3137 1789 59 570 3780 138 21 46 43 82 30 725 647 5818 4488 245 54 96 84 63 46 7298 153 84 412 439 22
internal_value=-0.000317301 0.000743443 0.00062287 0.00179805 -0.00137914 -0.000526262 -0.00151539 -0.00134782 0.000568465 -0.000135127 0.0029548 -0.00195921 -0.00238304 0.00786594 -0.000246705 0.000424113 -0.00076741 0.000165302 -0.00366006 0.00075946 -0.00154894 0.0040107 -0.000509857 -0.00178203 0.000676518 0.000845894 0.000634282 -0.00316721 -0.00547781 0.00192123
internal_weight=30649 5044 5017 3160 1857 25605 5642 5583 1803 1665 616 1049 1028 73 19963 8724 11239 5132 560 7999 6107 243 147 5864 7945 315 4572 955 543 104
internal_count=30649 5044 5017 3160 1857 25605 5642 5583 1803 1665 616 1049 1028 73 19963 8724 11239 5132 560 7999 6107 243 147 5864 7945 315 4572 955 543 104
cat_boundaries=0 1 2 3 4
cat_threshold=5265412 630 1313332 3180
is_linear=0
shrinkage=0.05


Tree=77
num_leaves=31
num_cat=3
split_feature=2 16 32 16 48 36 43 14 33 27 33 5 38 10 37 51 52 50 28 38 43 44 31 43 35 7 33 32 51 38
split_gain=2.6555 4.63402 6.49834 3.8454 3.57 3.49599 3.39937 3.05227 2.94097 2.91073 2.92067 2.90223 2.78251 2.74936 2.76131 2.75627 4.03961 3.08882 2.71357 3.61484 3.2413 2.70891 3.73044 3.57308 3.2929 3.44414 3.18222 2.91334 2.67281 2.61675
threshold=0.95000000000000007 0 1015.0166666666668 1 36.500000000000007 -0.58460764026683132 -7.5499999999999989 2 1.0515189666310472 0.45000000000000068 1.2391753530294098 0.97695258843005095 -1.2999999999998975 0.91597561503675362 -0.98973143254385143 -3.2999999999999989 15.500000000000002 3.1500000000000008 83.416666666666671 -0.34999999999996584 27.750000000000004 92.500000000000014 1.7594190960528862 1.4500000000000002 1.0000000180025095e-35 1.6500000000000001 0.09999999999999433 1009.4166666666669 8.6500000000000039 -0.93333333333333701
decision_type=8 9 2 9 8 2 8 1 2 2 2 2 10 2 2 10 10 10 2 10 10 10 2 8 2 2 2 2 10 10
left_child=3 2 4 5 -2 -1 -6 -4 21 -10 -11 18 -13 15 -15 -7 17 -17 29 20 -20 23 24 -3 25 -23 27 -26 -5 -8
right_child=1 8 7 28 6 13 11 -9 9 10 -12 12 -14 14 -16 16 -18 -19 19 -21 -22 22 -24 -25 26 -27 -28 -29 -30 -31
leaf_value=-0.0020896784887523973 -0.0051323645607193385 -0.0057236153996941212 -0.0035262138107771054 -4.9420173770550749e-05 0.0089513496990582444 -0.0028617771804628589 0.00033810589795017499 -0.00084691585063918914 0.067449480433970921 0.015899915103945571 -0.0019126312537006904 0.0019690483148536941 -0.010083631606435502 -0.0058181028937861453 0.0017595259845098743 -0.00081765878953681123 0.0039040431994778555 -0.0078614245927715841 -0.0008242941230697285 0.0051148281099618166 0.026219735149663737 -0.0038943029373522454 -0.0047671446659432451 0.00032981454839933755 -0.0064070734535339076 0.0035346385671684356 0.0063993488422421337 0.0032033476913223531 0.0079995719234024019 -0.0013200064848373938
leaf_weight=1451 103 198 276 8713 36 394 1026 584 31 41 52 191 265 25 893 3602 349 32 848 968 39 109 30 7687 97 225 1124 155 46 1059
leaf_count=1451 103 198 276 8713 36 394 1026 584 31 41 52 191 265 25 893 3602 349 32 848 968 39 109 30 7687 97 225 1124 155 46 1059
internal_value=-0.000309144 0.000161779 -0.00101293 -0.000769102 -0.00025909 -0.00166516 -4.51253e-05 -0.00499942 0.000812063 0.00846092 0.00402793 -0.000170606 -0.0039465 -0.00107175 0.00141597 -0.00159352 -0.00119881 -0.0016923 0.000266491 0.00165759 -0.000648179 0.000714278 0.00249986 0.000320224 0.00280685 -0.00164621 0.0038878 -0.00119 -7.69748e-05 -0.000971176
internal_weight=30649 15144 5395 15505 4535 6746 4432 860 9749 124 93 4396 456 5295 918 4377 3983 3634 3940 1855 887 9625 1740 7885 1710 334 1376 252 8759 2085
internal_count=30649 15144 5395 15505 4535 6746 4432 860 9749 124 93 4396 456 5295 918 4377 3983 3634 3940 1855 887 9625 1740 7885 1710 334 1376 252 8759 2085
cat_boundaries=0 1 2 3
cat_threshold=43016196 38606850 2316
is_linear=0
shrinkage=0.05


Tree=78
num_leaves=31
num_cat=3
split_feature=38 4 16 1 52 13 43 54 11 49 37 51 23 47 28 14 39 24 10 52 13 14 6 29 51 39 27 29 38 52
split_gain=2.28838 5.46292 3.98927 3.86158 3.28811 3.20149 3.07123 2.79227 4.64776 2.95091 2.93161 2.72798 2.80193 2.61985 3.70852 3.05296 2.79106 3.58624 2.58859 2.54296 3.63749 3.23132 3.18315 2.73162 2.59833 2.68352 2.52537 2.52202 2.47999 2.47472
threshold=-1.6666666666665717 8.4750000000000032 0 2.2500000000000004 -20.499999999999996 0.93262014971044704 1.0000000180025095e-35 1.1333333333333342 0.1294095225512602 17.450000000000006 0.2738550911530867 -1.0999999999999959 1.0365148152003412 28.450000000000003 87.416666666666671 1 33.050000000000004 17.86437656249031 0.91597561503675362 6.5000000000000009 0.66012780149078465 2 0.35000000000000003 5.1422346211470673 2.4000000000000017 7.2500000000000009 0.14999999999999972 3.529513042005219 1.2666666666668223 -12.499999999999998
decision_type=8 2 9 2 10 2 10 2 2 8 2 10 2 10 2 1 8 2 2 8 2 1 2 2 10 10 2 2 10 10
left_child=1 2 3 7 5 -4 -5 8 11 10 26 -1 -13 16 15 18 -2 -18 28 21 23 24 -22 27 -9 -26 -10 -21 -15 -23
right_child=13 -3 4 6 -6 -7 -8 19 9 -11 -12 12 -14 14 -16 -17 17 -19 -20 20 22 29 -24 -25 25 -27 -28 -29 -30 -31
leaf_value=-0.0016223667140262375 -0.00019505589124788893 0.1119939967484803 -0.00040362172982222615 -0.011503382446195504 0.0025367089507631782 -0.0085404071597366786 0.020106337778185636 -0.0043324935765327727 0.0098035584507445463 -0.0051786551376179829 -0.01324326481837404 0.0053593744742270232 0.022719824403411998 -0.0015401287493895092 0.0090844399068160924 -0.0023502417430484104 0.016058749074592742 -0.0089749953182896806 0.0059556460105705316 -0.0012487228322046297 -0.0028549503825699516 -0.0035316651419050066 -0.013775370108426905 -0.0058840044689124904 -0.0043759394058586476 0.0050111330345318341 -0.00021127369859451768 0.012711966458060706 0.035405820417633016 0.0023537171123056673
leaf_weight=64 22749 27 170 45 2275 50 320 294 39 91 38 228 31 524 265 1686 69 24 265 144 131 144 64 67 23 97 190 49 23 463
leaf_count=64 22749 27 170 45 2275 50 320 294 39 91 38 228 31 524 265 1686 69 24 265 144 131 144 64 67 23 97 190 49 23 463
internal_value=-0.000299356 0.000674055 0.000553108 -0.000849098 0.00196599 -0.00386188 0.00390304 -0.00165732 0.000991044 -0.00293214 -0.000280794 0.0053389 0.00762254 -0.000491113 -0.00194528 -0.00254193 -0.000315207 0.00832438 0 -0.00287921 -0.0059877 -0.00149349 -0.0111481 -0.00211457 -0.00483377 0.00124896 0.00185509 0.000906266 -0.00196491 0.000850754
internal_weight=30649 5044 5017 2522 2495 220 365 2157 681 358 267 323 259 25605 2763 2498 22842 93 812 1476 455 1021 195 260 414 120 229 193 547 607
internal_count=30649 5044 5017 2522 2495 220 365 2157 681 358 267 323 259 25605 2763 2498 22842 93 812 1476 455 1021 195 260 414 120 229 193 547 607
cat_boundaries=0 1 2 3
cat_threshold=5855236 5224 4792
is_linear=0
shrinkage=0.05


Tree=79
num_leaves=31
num_cat=3
split_feature=36 28 14 16 53 33 33 2 24 29 47 52 45 3 16 40 34 13 13 55 26 26 23 12 35 32 27 24 13 34
split_gain=2.11769 3.7772 3.3382 3.53274 3.25053 3.00341 5.87118 3.64678 2.97989 2.74895 2.83091 2.72832 2.70644 2.53336 2.52388 3.34026 4.09527 4.40428 3.41254 3.33861 2.84759 2.76491 2.67916 4.23402 2.6583 2.63965 2.91634 2.81094 2.53983 2.52602
threshold=-0.73808650892452377 96.833333333333357 0 1 -1.7999999999999992 0.54365021434332073 0.5887840577552016 0.45000000000000007 9.9686936573400526 2.0274023338281633 22.550000000000004 2.5000000000000004 11.350000000000001 0.95000000000000007 2 94.500000000000014 39.166666666666679 0.66012780149078465 0.5510813381777947 40.166666666666679 6.116666666666668 27.31666666666667 0.56786343333613087 -0.27947533894953891 1.3307163456488713 1013.5583333333335 0.45000000000000068 4.165317896453236 0.36874934642598439 99.833333333333357
decision_type=2 2 1 9 8 2 2 10 2 2 8 10 10 2 9 10 2 2 2 2 2 2 2 2 2 2 2 2 2 2
left_child=1 2 4 -4 8 -6 -7 11 9 13 -11 -8 -9 -1 15 16 -2 18 -18 -19 -20 25 23 24 -16 -17 -27 -28 -26 -29
right_child=14 -3 3 -5 5 6 7 12 -10 10 -12 -13 -14 -15 22 21 17 19 20 -21 -22 -23 -24 -25 28 26 27 29 -30 -31
leaf_value=-0.00030114517771734215 -0.0030727238397323222 -0.0053469547742126186 -0.002666998262208631 -0.0008241551528744784 -0.0012319828761501791 0.011285367447544204 0.0012698307540480404 0.026430377439116109 0.0074864687053920577 0.0011173195597442398 -0.0038455663959305443 -0.0049246115495775594 -0.0080753426063327194 -0.010865774648779053 0.0013383637452902969 -6.1826970119968625e-05 0.0020646585991999089 -0.00072692404627850706 0.01790346281890241 0.0052749012124948067 0.010079539418266611 -0.0070626870533807814 -0.00031672930016456158 0.0046437299467573957 0.0036454708907611949 -0.003777664083427253 0.0031274413542213275 -0.00088160557669393906 -0.0067059274573991415 -0.011822478463018149
leaf_weight=195 221 86 481 1740 1318 55 162 43 327 498 63 105 23 47 106 985 4229 1429 36 39 222 30 17303 520 20 102 21 159 63 21
leaf_count=195 221 86 481 1740 1318 55 162 43 327 498 63 105 23 47 106 985 4229 1429 36 39 222 30 17303 520 20 102 21 159 63 21
internal_value=-0.00030425 -0.0012298 -0.00105298 -0.00249877 8.78395e-05 -0.00128949 0.00257666 7.50525e-05 0.00216795 0.000529199 0.00245054 -0.00252714 0.01059 -0.003924 -0.000117619 0.000652976 0.0011415 0.00138957 0.00216732 -0.000987671 0.00774893 -0.00163114 -0.000438351 0.00257368 -0.00383395 -0.00128096 -0.00536127 -0.00186474 -0.0105295 -0.00388673
internal_weight=30649 5143 5057 2221 2836 1706 388 333 1130 803 561 267 66 242 25506 7494 6176 5955 4487 1468 258 1318 18012 709 189 1288 303 201 83 180
internal_count=30649 5143 5057 2221 2836 1706 388 333 1130 803 561 267 66 242 25506 7494 6176 5955 4487 1468 258 1318 18012 709 189 1288 303 201 83 180
cat_boundaries=0 1 2 3
cat_threshold=5510 22024272 16876112
is_linear=0
shrinkage=0.05


Tree=80
num_leaves=31
num_cat=8
split_feature=2 14 1 51 14 16 49 2 32 43 16 16 12 5 37 12 36 38 3 26 14 37 49 39 23 16 48 52 14 44
split_gain=2.77375 4.1517 3.59354 2.52607 3.65989 4.16274 2.81368 2.72622 3.09046 3.30246 2.76935 2.63548 3.52663 3.04561 2.68637 2.63798 2.58983 2.53039 2.5437 2.50859 2.69593 2.9184 2.41475 2.72052 2.47908 2.41328 4.4097 3.18817 4.12122 2.9588
threshold=4.8500000000000005 0 1.4500000000000002 -4.0999999999999979 1 2 21.050000000000001 0.24000000000000005 1025.116666666667 5.4500000000000011 3 4 0.28771676722616696 1.5549203410968537 -0.41531836356647228 -0.37671401544963062 0.23877751871674405 1.0999999999999661 1.4500000000000002 0.23333333333333336 5 -0.33196279136655754 7.7500000000000009 19.150000000000002 1.7113082802368573 6 36.500000000000007 -18.499999999999996 7 96.500000000000014
decision_type=10 1 2 10 1 9 10 8 2 10 9 9 2 2 2 2 2 10 2 2 1 2 8 8 2 9 8 10 1 10
left_child=3 -2 -3 4 5 -1 -7 10 25 -10 17 12 14 -13 -6 16 -16 18 19 -5 -21 -22 24 -24 -14 26 -9 28 -27 -30
right_child=1 2 -4 7 11 6 -8 8 9 -11 -12 13 22 -15 15 -17 -18 -19 -20 20 21 -23 23 -25 -26 27 -28 -29 29 -31
leaf_value=-0.0011946696546434156 -0.010406747642575077 -0.0054078769019492608 0.064558998778477844 -0.0015692557347528767 -0.0050456794859895142 -0.0044297653507835875 0.00044432161669940228 -0.0036503472005173596 0.00044710902808234033 -0.0027890227545555759 -0.00031566012613863659 0.00015621389164071771 -0.0069657737960676135 -0.023473033451593284 -0.0036610865273105117 -0.0048538604523041713 0.053402307262862374 -0.0011439210749831328 -0.019929889566815278 -0.0027319388673000366 -0.0010378747286521066 0.0022597802321721039 0.0084209760635912505 -0.011722049281735578 0.0045277709618095968 0.007535306121984265 -0.0001311947262062213 0.0010933195568299415 -0.0023696810791974223 -0.0074577021725970478
leaf_weight=363 128 51 122 35 130 160 32 242 115 240 8117 1202 24 25 31 50 30 180 20 128 386 245 74 20 22 145 10634 7171 431 64
leaf_count=363 128 51 122 35 130 160 32 242 115 240 8117 1202 24 25 31 50 30 180 20 128 386 245 74 20 22 145 10634 7171 431 64
internal_value=-0.000374791 0.00440053 0.00914801 -0.000422218 -0.00206879 -0.00552999 -0.0113805 -0.000295705 4.46379e-05 -0.00457618 -0.00100701 -0.000834312 -0.00441064 0.000303128 -0.00819162 -0.00247525 0.00450082 -0.00348571 -0.00233387 -0.00188893 -0.00128442 0.000116986 0.00178444 0.0063762 -0.00759219 0.000132444 -0.000349069 0.000802317 -0.00257772 -0.00470204
internal_weight=30617 301 173 30316 2163 555 192 28153 19042 355 9111 1608 381 1227 241 111 61 994 814 794 759 631 140 94 46 18687 10876 7811 640 495
internal_count=30617 301 173 30316 2163 555 192 28153 19042 355 9111 1608 381 1227 241 111 61 994 814 794 759 631 140 94 46 18687 10876 7811 640 495
cat_boundaries=0 1 2 3 4 5 6 7 8
cat_threshold=2218 1284 59794002 4231168 30547984 1072 43546660 2080
is_linear=0
shrinkage=0.05


Tree=81
num_leaves=31
num_cat=5
split_feature=3 32 51 32 51 32 16 2 16 32 39 53 13 36 16 33 29 41 4 16 50 46 29 16 3 48 52 12 35 27
split_gain=2.71569 2.80971 2.4974 3.38259 2.30856 2.90181 3.36181 2.49632 3.68248 2.9528 2.96152 2.8906 2.8491 2.80157 2.43222 3.69366 2.97029 2.48832 3.17825 3.56195 3.07506 2.98559 2.71732 4.17936 3.63445 2.908 2.70741 2.79465 2.6935 2.42137
threshold=5.3500000000000005 1001.9833333333335 -0.49999999999999989 1010.7583333333333 -3.8999999999999986 994.45000000000016 0 0.15000000000000005 1 1025.116666666667 17.650000000000002 21.750000000000004 0.98376170968447496 0.97602702400571972 2 1.0515189666310472 1.0000000180025095e-35 6.6500000000000012 0.083333333333333356 3 5.1500000000000012 3.2500000000000004 1.4571067811865477 4 4.3500000000000005 81.500000000000014 -18.499999999999996 0.90199700731761234 41.522416432059053 1.0000000000000004
decision_type=2 2 10 2 10 2 9 8 9 2 10 10 2 2 9 2 2 10 2 9 10 10 2 9 2 10 10 2 2 2
left_child=4 -2 3 -3 5 -1 -7 8 -6 14 -11 12 13 -10 15 16 -9 21 19 -19 22 28 23 25 -24 26 -20 -28 -16 -25
right_child=1 2 -4 -5 7 6 -8 9 11 10 -12 -13 -14 -15 17 -17 -18 18 20 -21 -22 -23 24 29 -26 -27 27 -29 -30 -31
leaf_value=0.0027480501447908813 0.085139888212264703 0.10345536005148417 -0.013755630805928516 -0.023185769632249588 -0.0008803742978017254 -0.0027036870197638899 -0.00035193413361492981 -0.0057545153535395813 -3.185307103445445e-05 -0.00050902506322041336 -0.0045392262567597874 0.0081812663010435559 -0.0017915112782102588 0.0079763710443822421 0.00053222365397606055 0.023891830046000609 0.0013255731880519761 -0.00130997789971469 -0.0057824815149933265 -1.153497942873033e-05 0.024020491439855931 0.024481086536607077 -0.00047804536749494059 0.0027969319531553475 -0.015589901725299317 -0.0039963730893559602 0.0053991911895314715 -0.0046549441327773614 0.016159335851768968 0.023369313058867382
leaf_weight=141 83 67 77 21 2855 539 1934 114 4133 340 49 52 463 75 3987 43 4515 649 40 542 68 50 7856 1074 36 344 369 38 22 41
leaf_count=141 83 67 77 21 2855 539 1934 114 4133 340 49 52 463 75 3987 43 4515 649 40 542 68 50 7856 1074 36 344 369 38 22 41
internal_value=-0.000373157 0.00483676 0.00105996 0.00681044 -0.000415719 -0.0018362 -0.00223404 -0.00028193 -0.00105567 8.6732e-06 -0.00430481 -0.000195432 -0.000326476 8.31729e-05 9.34905e-05 0.00108925 0.000955909 -0.00021486 -0.000603685 -0.00304341 -0.000309139 0.000843783 -0.000382727 0.00131158 -0.000791931 -0.00146673 0.00117423 0.00239499 0.000692175 0.00326638
internal_weight=30617 248 165 88 30369 2614 2473 27755 7578 20177 389 4723 4671 4208 19788 4672 4629 15116 11057 1191 9866 4059 9798 1906 7892 791 447 407 4009 1115
internal_count=30617 248 165 88 30369 2614 2473 27755 7578 20177 389 4723 4671 4208 19788 4672 4629 15116 11057 1191 9866 4059 9798 1906 7892 791 447 407 4009 1115
cat_boundaries=0 1 2 3 4 5
cat_threshold=13836288 5148722 4522544 35149828 17973316
is_linear=0
shrinkage=0.05


Tree=82
num_leaves=31
num_cat=7
split_feature=6 49 10 37 32 41 14 16 36 1 48 16 14 35 50 18 48 47 14 16 45 33 32 53 14 37 38 47 40 27
split_gain=2.66752 2.11774 2.86792 5.48175 4.04861 3.94215 3.84526 3.82292 3.6625 3.21398 3.10596 3.31934 3.9752 3.76749 3.30318 3.08639 2.74909 2.74707 2.71106 3.14251 3.412 3.30802 3.21863 3.49698 2.83897 3.415 2.64341 2.62354 2.9316 3.09326
threshold=4.8500000000000005 7.3000000000000016 -0.60355339059327362 0.03145523644492728 997.75833333333333 17.150000000000002 0 1 -0.88842501231685755 2.0500000000000003 91.500000000000014 2 3 10.354803868458292 0.55000000000000016 -25.168549999999996 61.500000000000007 31.950000000000003 4 5 14.600000000000003 0.39293061504651011 1009.1416666666668 -3.8499999999999988 6 -0.71259037319876939 1.5416666666667427 12.050000000000002 95.500000000000014 0.74087035902976328
decision_type=2 8 2 2 2 10 1 9 2 2 10 9 1 2 8 2 10 10 1 9 10 2 2 10 1 2 10 10 10 2
left_child=1 2 4 17 9 -6 15 8 -5 -1 11 12 13 -10 26 -7 -9 18 19 -4 21 22 23 -21 25 -23 -13 -18 29 -29
right_child=-2 -3 3 7 5 6 -8 16 10 -11 -12 14 -14 -15 -16 -17 27 -19 -20 20 -22 24 -24 -25 -26 -27 -28 28 -30 -31
leaf_value=0.0031720917551885165 0.052902381710165883 -0.00032657879218826182 0.0090562447701712373 -0.0033078818214473645 -0.001599182504413066 -0.0060807921932650392 0.0074389133262701915 -0.0040958962980510273 0.026508515451659366 0.042203721397634633 0.0045622534904282367 -0.0032458748412038385 -0.0010794113150122285 0.00051494182045522805 0.0052747999654012088 0.00082461211161657391 -0.0013161784545443506 -0.0044717735428164871 0.00059750819140951959 0.012778994063568194 -0.0018620896454722203 0.007543729663235986 0.0082361790519020935 -0.00016104569481035225 -0.0018840661133158855 -0.0012033450128404893 0.0045131967096786185 0.0051114117307036249 -0.0047817417093564078 -0.0025827793747520453
leaf_weight=140 58 20872 752 148 2321 25 173 186 60 29 626 742 120 45 72 95 471 79 1892 31 201 102 381 243 199 132 55 242 31 94
leaf_count=140 58 20872 752 148 2321 25 173 186 60 29 626 742 120 45 72 95 471 79 1892 31 201 102 381 243 199 132 55 242 31 94
internal_value=-0.000376424 -0.000396772 0.000214202 0.000760418 -0.00114081 -0.0016258 0.00383828 -0.000899001 0.000452585 0.00635719 0.00110459 -0.000502696 0.0047852 0.0115117 -0.00190536 -0.00307456 -0.00333623 0.00195658 0.00214208 0.00340061 0.00186668 0.00298686 0.00522821 0.00109449 -0.000404064 0.00327735 -0.0028541 -0.00214772 0.00102152 0.00238024
internal_weight=30617 30559 9687 6904 2783 2614 293 2892 1868 169 1720 1094 225 105 869 120 1024 4012 3933 2041 1289 1088 655 274 433 234 797 838 367 336
internal_count=30617 30559 9687 6904 2783 2614 293 2892 1868 169 1720 1094 225 105 869 120 1024 4012 3933 2041 1289 1088 655 274 433 234 797 838 367 336
cat_boundaries=0 1 2 3 4 5 6 7
cat_threshold=1618 46467664 12911104 6344 3640 16845318 2568
is_linear=0
shrinkage=0.05


Tree=83
num_leaves=31
num_cat=6
split_feature=3 32 3 51 24 51 32 2 40 53 36 16 12 34 13 41 14 36 24 51 16 12 14 9 51 41 16 13 45 14
split_gain=2.50475 2.66539 2.2137 3.08391 2.21658 2.12476 3.22531 2.08659 2.72345 3.55805 3.14371 2.56305 3.19072 3.21147 3.59822 3.2873 2.72976 2.98066 4.40741 2.47812 3.24299 3.98253 3.43385 3.10556 6.62616 2.96787 3.12097 3.00059 3.50096 2.93292
threshold=5.3500000000000005 1000.6416666666668 4.3500000000000005 -1.5999999999999985 8.6774685044169075 -0.49999999999999989 1010.7583333333333 0.24000000000000005 48.500000000000007 1.8000000000000027 0.40425265885236339 0 0.94159970902280288 94.833333333333357 -0.10281720934011651 13.150000000000002 1 0.95341649529180106 10.73821592971378 -0.6999999999999974 2 -0.89445413044074662 3 4.5000000000000009 -3.9999999999999982 6.3000000000000007 4 -0.99815866078541837 15.050000000000002 5
decision_type=2 2 2 10 2 8 2 8 10 10 2 9 2 2 2 10 1 2 2 10 9 2 1 2 10 10 9 2 10 1
left_child=2 -2 7 -4 -5 6 -3 8 9 -1 -11 12 -10 15 -15 -14 -13 -18 -19 20 22 -22 23 24 -9 -21 27 28 -27 -28
right_child=1 5 3 4 -6 -7 -8 19 11 10 -12 16 13 14 -16 -17 17 18 -20 25 21 -23 -24 -25 -26 26 29 -29 -30 -31
leaf_value=0.0024462785184424605 0.078237774716143182 0.095637472963401693 -0.025592846684796389 -0.017296587212051451 0.0073236268765302318 -0.0091655147528144198 -0.0220101522110277 -0.0068242789401495273 -0.00013263946826547608 0.00010694022664583803 -0.0032162399122331988 -0.0014525447529232128 -0.0029961827508219688 -0.0056422625438532466 0.0071247402536545662 0.011749619597002409 -0.00065333122302367467 -0.00053755968312741158 0.014759860990115808 0.0017933908052840813 -0.0019655146571468276 0.0010665313031093541 -0.0013360294954681163 0.00075636783278366373 -0.00027581326156529419 0.0010958412197202728 -0.00076566015990215406 -0.00060380357074438229 0.037276258925551246 0.0019209357789946202
leaf_weight=481 73 71 42 49 83 83 21 80 1872 228 71 1391 38 23 51 91 5388 101 78 2956 521 2300 2766 1611 300 137 997 5767 43 2904
leaf_count=481 73 71 42 49 83 83 21 80 1872 228 71 1391 38 23 51 91 5388 101 78 2956 521 2300 2766 1611 300 137 997 5767 43 2904
internal_value=-0.000368258 0.00463523 -0.000409133 -0.00603102 -0.00227101 0.00128498 0.00651466 -0.000376717 -0.000975737 0.00185874 -0.00242394 -0.00122051 0.000323725 0.0062777 -0.00202429 0.011038 -0.00167908 -0.00117893 0.00516471 -8.83128e-05 -0.000804951 0.00053866 -0.0015995 -1.24931e-05 -0.00407787 0.00033583 -8.12339e-05 -0.000801565 0.00555247 0.00101634
internal_weight=30617 248 30369 174 132 175 92 30195 9813 780 299 9033 2075 203 74 129 6958 5567 179 20382 7578 2821 4757 1991 380 12804 9848 5947 180 3901
internal_count=30617 248 30369 174 132 175 92 30195 9813 780 299 9033 2075 203 74 129 6958 5567 179 20382 7578 2821 4757 1991 380 12804 9848 5947 180 3901
cat_boundaries=0 1 2 3 4 5 6
cat_threshold=1051140 1072 43624468 5920 51529830 4360
is_linear=0
shrinkage=0.05


Tree=84
num_leaves=31
num_cat=2
split_feature=6 38 16 33 26 4 13 35 45 24 48 27 47 35 10 13 27 27 14 42 32 4 24 36 24 12 24 27 17 51
split_gain=2.6667 2.08867 4.34357 3.05621 3.43436 2.81254 2.74648 2.52545 2.34198 2.28652 2.71537 2.52855 3.38132 3.97483 2.44998 2.54441 2.16759 3.58156 2.09071 3.19855 3.11885 2.90928 3.13492 2.89908 2.79078 3.04097 3.54266 2.62529 2.4802 3.17102
threshold=4.8500000000000005 -1.7333333333331777 0 1.0208928554075638 6.6416666666666684 5.0833333333333348 0.99815866078541859 3.2829089846240636 1.9000000000000001 4.0395379898082178 57.500000000000007 0.5499999999999996 -3.8499999999999992 12.526056794587578 0.98296291314453421 0.71010885522459966 1.6499999999999992 1.45 1 1.4500000000000002 1008.0833333333335 0.65833333333333344 4.1193932357119438 -0.04050421338444022 7.9917925853450695 0.79462857753386984 10.654378092537405 0.44969125210773481 38.991650000000007 3.3000000000000003
decision_type=2 8 9 2 2 2 2 2 10 2 10 2 10 2 2 2 2 2 1 10 2 2 2 2 2 2 2 2 2 10
left_child=1 2 3 6 -5 8 9 -8 -4 11 -11 -1 -13 -14 16 -16 17 -12 20 27 21 -10 -23 -24 -22 26 -26 28 -20 -30
right_child=-2 -3 5 4 -6 -7 7 -9 18 10 14 12 13 -15 15 -17 -18 -19 19 -21 24 22 23 -25 25 -27 -28 -29 29 -31
leaf_value=-0.0025325202345826778 0.045910381432668949 -0.00029214003854162728 -0.0033928502966804903 -0.0034525344121395492 0.026472486403199692 0.10562822559603964 -0.0082468902297305538 0.0039010741206580895 0.0027581799533114683 -0.0024474845052234631 0.00022150818680553576 0.021433666873602722 -0.0032696117737613748 0.0038747394133926169 0.012097475055663201 -0.0029377939306414469 -0.0041712331323845676 0.011801317325007854 0.0057634588006605092 -0.0061694427167410613 -0.0036601825292603809 0.016530600349142589 -0.009714892435283071 0.005199386229551517 0.023753197301015178 -0.005099754186796937 0.001415886147553136 0.0097984291367162555 -0.00021391765451743707 -0.01283601702233764
leaf_weight=279 58 25855 76 21 57 38 76 30 267 335 1508 37 121 23 48 32 32 29 129 70 157 23 72 108 32 63 183 658 178 22
leaf_count=279 58 25855 76 21 57 38 76 30 267 335 1508 37 121 23 48 32 32 29 129 70 157 23 72 108 32 63 183 658 178 22
internal_value=-0.000374791 -0.000395136 0.000573967 -0.000777074 0.00896287 0.00227698 -0.00107839 -0.00895382 0.00203621 -0.000736467 0 -0.00391219 0.000690226 -0.00277585 0.000833788 0.0093633 0.000398318 0.00066684 0.00236991 0.00386562 0.000573708 0.00340353 -0.00110783 -0.00333148 -0.0024707 0.000539374 0.00337053 0.00463479 0.000987542 -0.00249875
internal_weight=30617 30559 4704 2628 78 2076 2550 106 2038 2444 1984 460 181 144 1649 80 1569 1537 1962 1057 905 470 203 180 435 278 215 987 329 200
internal_count=30617 30559 4704 2628 78 2076 2550 106 2038 2444 1984 460 181 144 1649 80 1569 1537 1962 1057 905 470 203 180 435 278 215 987 329 200
cat_boundaries=0 1 2
cat_threshold=5363812 5140
is_linear=0
shrinkage=0.05


Tree=85
num_leaves=31
num_cat=5
split_feature=36 37 16 51 16 51 47 51 14 44 33 36 9 36 31 14 31 41 28 50 7 47 13 31 18 14 42 51 7 47
split_gain=2.25828 2.83891 4.00968 4.70603 3.59247 3.48146 3.70519 3.46795 3.4025 3.24569 3.57552 3.42949 3.52992 3.38104 2.90224 2.85566 3.33523 2.84556 2.80888 2.69316 2.68201 2.71974 2.70023 2.62755 3.11484 2.5991 4.4328 3.46309 3.30868 2.59319
threshold=-0.73808650892452377 -0.85389900617944248 0 -1.3499999999999994 1 -8.8499999999999979 20.050000000000004 1.3999999999999992 2 93.500000000000014 0.40276819911981504 -0.20211927372851737 14.500000000000002 0.0094083884483197374 0.12472191289246477 3 1.0461503839711841 21.050000000000001 96.833333333333357 1.7500000000000002 4.4500000000000011 19.950000000000003 0.96011450294824419 1.1045361017187265 8.7002500000000023 4 1.5500000000000003 -0.29999999999999982 1.6500000000000001 10.750000000000002
decision_type=2 2 9 8 9 10 10 8 1 8 2 2 2 2 2 1 2 10 2 8 2 10 2 2 2 1 8 8 2 8
left_child=18 2 19 5 7 -4 29 -3 20 11 14 17 15 -14 -11 16 -13 -9 -1 -2 -6 22 -22 -8 -25 28 27 -27 -5 -7
right_child=1 4 3 25 8 6 23 9 -10 10 -12 12 13 -15 -16 -17 -18 -19 -20 -21 21 -23 -24 24 -26 26 -28 -29 -30 -31
leaf_value=-0.00052493426391497235 -8.3193624151511888e-05 -0.00058757241040005299 0.012033598458195694 -0.00057501919964871311 -0.00023578910911423723 -0.0030695003496987411 -0.0051909372246617793 0.00096002791294400036 0.0010480791586678431 0.015419976189279434 -3.9568700149077154e-05 -0.0023696957988275148 -0.0046706257055039949 -0.0019578202907908557 0.003894144449443518 0.0032860239930152637 0.0041507771286379211 0.0090982591653253377 -0.0036459817956661297 0.0072602172950168775 0.031013247995192585 -0.040125455964835979 -0.014833830926440248 0.0022857612610958341 -0.0055153560576440223 0.0011810407628962947 0.0059809001382918562 -0.0027732183710318299 0.015897417265381988 -0.00011708947383224922
leaf_weight=4983 2867 7979 31 799 1695 226 193 701 6592 35 346 423 53 512 374 671 82 54 88 152 33 57 20 21 47 218 39 779 229 232
leaf_count=4983 2867 7979 31 799 1695 226 193 701 6592 35 346 423 53 512 374 671 82 54 88 152 33 57 20 21 47 218 39 779 229 232
internal_value=-0.000402049 -0.000210133 -0.00117862 -0.00253178 7.76987e-05 -0.00593254 -0.00664024 -0.000507113 0.000859393 0.000868937 0.00374123 0 -0.00122049 -0.00446824 0.0069054 0.000340107 -0.00247525 0.0028142 -0.00136558 9.0786e-05 -0.00106055 -0.00862852 -0.00047081 -0.0113941 -0.00293686 -0.00130808 -0.00305898 -0.00373583 0.000481649 -0.00392927
internal_weight=30531 25460 5833 2814 19627 750 719 11230 8397 3251 755 2496 1741 565 409 1176 505 755 5071 3019 1805 110 53 261 68 2064 1036 997 1028 458
internal_count=30531 25460 5833 2814 19627 750 719 11230 8397 3251 755 2496 1741 565 409 1176 505 755 5071 3019 1805 110 53 261 68 2064 1036 997 1028 458
cat_boundaries=0 1 2 3 4 5
cat_threshold=51009632 42498148 1154 4614 3808
is_linear=0
shrinkage=0.05


Tree=86
num_leaves=31
num_cat=4
split_feature=47 45 41 49 32 12 40 16 13 27 9 13 36 34 23 48 52 47 46 27 9 41 43 3 14 16 14 28 54 13
split_gain=2.18999 4.18262 3.42006 2.9447 2.34226 3.4786 2.18354 4.10743 4.43234 3.25848 3.35141 2.98719 2.95224 2.89964 2.32897 2.15962 2.11406 2.3983 2.17203 2.05045 2.19238 2.52288 1.99124 1.94348 3.26067 3.06693 3.17552 5.14299 3.46058 3.1476
threshold=-2.9499999999999997 17.150000000000002 14.200000000000001 8.8000000000000025 993.23333333333346 0.99466323211226848 98.500000000000014 0 0.98933596577443728 0.94162979278837 1.5000000000000002 -0.22968774213179594 0.94068450187639108 50.833333333333336 2.7146811278763892 69.500000000000014 -11.499999999999998 -7.6499999999999995 0.25000000000000006 0.28674417556808846 9.5000000000000018 5.2000000000000011 23.050000000000004 1.0000000180025095e-35 1 2 3 74.583333333333357 0.66666666666666674 -0.91968655568559032
decision_type=8 10 10 10 2 2 10 9 2 2 2 2 2 2 2 10 10 10 10 2 2 10 10 2 1 9 1 2 2 2
left_child=1 2 16 -3 5 -2 23 8 9 12 -11 19 13 -8 -13 -12 -1 -18 -19 -9 21 -21 -22 24 -6 26 27 29 -29 -25
right_child=4 3 -4 -5 6 -7 7 11 -10 10 15 14 -14 -15 -16 -17 17 18 -20 20 22 -23 -24 25 -26 -27 -28 28 -30 -31
leaf_value=-0.0043924386676478079 0.0014703273734698542 0.0036893718688348399 -0.0037534980994870086 -0.00039126827864442715 0.00017879043404974982 -0.0044146777553060014 0.0353333036682194 -0.01116449316111086 -0.0066657786248865676 -0.0051215614345868805 0.0014943139529281864 -0.0036996027368754961 0.01345983669951213 -0.0021304651818487993 -0.0052177626202071122 0.023007631724684532 0.0034866834733441598 -0.0016120864984163182 0.0058142403314114244 0.021016996686382058 -0.0023681990202128024 -0.010018916314920873 0.023882703955043178 -0.0064063017655870275 -0.00050580394979811427 -0.00021730128828335027 0.004202982947369943 0.018602339096225485 -0.0041283471387084684 0.013298214203260323
leaf_weight=31 1122 65 146 101 1793 62 22 24 56 20 53 183 49 682 50 88 64 201 47 20 29 31 39 24 3867 18706 2227 25 605 99
leaf_count=31 1122 65 146 101 1793 62 22 24 56 20 53 183 49 682 50 88 64 201 47 20 29 31 39 24 3867 18706 2227 25 605 99
internal_value=-0.000384035 -0.00324378 -0.00557146 0.00361228 -0.000321327 0.00185795 -0.000411263 -0.00237724 -0.000612182 0.000218794 0.00667287 -0.00673401 -0.00116186 -0.00198835 -0.0104033 0.0093905 -0.00284174 -0.00160205 -0.0038291 -0.00122292 0.00146935 -0.00636008 0.00734214 -0.000314487 -0.00113956 -9.91418e-05 0.00138791 -0.00140873 -0.00325345 0.00792039
internal_weight=30531 655 489 166 29876 1184 28692 1346 970 914 161 376 753 704 233 141 343 312 248 143 119 51 68 27346 5660 21686 2980 753 630 123
internal_count=30531 655 489 166 29876 1184 28692 1346 970 914 161 376 753 704 233 141 343 312 248 143 119 51 68 27346 5660 21686 2980 753 630 123
cat_boundaries=0 1 2 3 4
cat_threshold=42732038 4642 16777744 4230
is_linear=0
shrinkage=0.05


Tree=87
num_leaves=31
num_cat=5
split_feature=36 40 16 44 3 37 16 1 28 48 45 31 39 40 12 9 16 26 36 23 3 4 2 32 16 36 45 51 16 4
split_gain=2.09325 3.89314 3.54548 3.1152 2.40615 2.80823 4.48243 2.8468 4.5924 2.72034 2.71458 2.89347 3.66072 2.94419 2.85015 3.13327 2.75997 2.73593 2.72115 3.0901 3.47445 3.02645 2.67969 2.84411 2.65246 3.2963 2.56338 4.27261 2.55474 2.50221
threshold=-0.70811972747828034 48.500000000000007 0 70.500000000000014 0.25000000000000006 -0.7677960035556467 1 0.55000000000000016 90.833333333333357 81.500000000000014 3.0500000000000003 1.8999999999999992 9.5500000000000025 93.500000000000014 -0.32853027881941038 13.500000000000002 2 20.058333333333337 -0.37948629897559888 2.8055124542658887 0.95000000000000007 0.54166666666666685 2.7500000000000004 996.98333333333346 3 -0.40677470093480234 24.050000000000004 -4.4499999999999993 4 2.2833333333333341
decision_type=2 8 9 10 2 2 9 2 2 10 8 2 10 10 2 2 9 2 2 2 2 2 10 2 9 2 8 10 9 2
left_child=1 2 3 -1 5 6 7 8 -2 -10 29 16 -13 14 -14 -16 -12 -17 19 20 21 -18 23 -22 -21 -26 28 -28 -7 -6
right_child=4 -3 -4 -5 10 26 -8 -9 9 -11 11 12 13 -15 15 17 18 -19 -20 24 22 -23 -24 -25 25 -27 27 -29 -30 -31
leaf_value=0.00012889960422883819 -0.0017134644099969247 -0.00077600935171759095 0.0069954426408735271 -0.005152400963811074 -0.0015306069720872118 -0.00041364509939221112 -8.0439732674450481e-05 -0.0081902301056874603 0.0057132684200401733 -0.00018657130723441219 -0.00028745808865905388 -0.0053160128350861818 -0.0058544349987245288 0.037266297977570084 0.030604144470152833 -0.0097055817406610581 0.0022955804805683227 0.023718845963928693 0.00070889331664153595 0.0059452945595390638 0.049805881802543729 -0.002244935222512501 -0.01341795913590459 0.017176971512801006 -0.0043820094904139795 0.023086349259810755 -0.0031508763219014915 -0.00068934001123226174 0.00026920553709554318 -0.012184080872902703
leaf_weight=207 906 5060 260 30 826 1329 2053 208 68 131 5925 93 123 20 34 23 300 30 5968 126 41 232 36 274 188 20 49 383 5515 73
leaf_count=207 906 5060 260 30 826 1329 2053 208 68 131 5925 93 123 20 34 23 300 30 5968 126 41 232 36 274 188 20 49 383 5515 73
internal_value=-0.000377484 -0.00125515 0.00296721 -0.0015176 -0.000182189 -0.000751731 -0.00194587 -0.00421359 -0.003235 0.00364139 0.000240718 0.000418742 -0.00425565 -0.000869187 -0.0026178 0.0043054 0.000533939 -0.00329567 0.00119178 0.00334812 0.00489752 0.00234918 0.00875819 0.0102348 -0.000748279 -0.00412655 -0.000199283 -0.00393427 3.65278e-05 -0.00241909
internal_weight=30531 5557 497 237 24974 10642 3366 1313 1105 199 14332 13433 323 230 210 87 13110 53 7185 1217 883 532 351 315 334 208 7276 432 6844 899
internal_count=30531 5557 497 237 24974 10642 3366 1313 1105 199 14332 13433 323 230 210 87 13110 53 7185 1217 883 532 351 315 334 208 7276 432 6844 899
cat_boundaries=0 1 2 3 4 5
cat_threshold=16834626 27001426 46217280 148000 585764
is_linear=0
shrinkage=0.05


Tree=88
num_leaves=31
num_cat=5
split_feature=36 40 39 16 43 27 40 16 38 43 53 33 34 7 4 27 14 51 5 34 26 41 32 37 14 40 39 16 24 23
split_gain=1.89543 2.89321 2.57124 3.23725 3.18179 3.1597 2.97775 2.4944 3.05041 2.56783 2.46998 3.01625 2.96971 2.81334 3.56804 2.64998 2.40378 3.58597 4.21632 3.114 3.02192 2.39461 2.5346 2.52581 3.42834 3.328 3.78577 3.19412 3.14455 2.99347
threshold=-0.70811972747828034 55.500000000000007 4.8500000000000005 0 28.250000000000004 0.047140452079103064 98.500000000000014 1 1.433333333333451 -2.9499999999999997 -13.499999999999998 0.34999999999999437 20.583333333333339 1.7500000000000002 0.81666666666666676 0.44969125210773481 2 1.7500000000000002 0.050000000000000162 35.166666666666679 11.34166666666667 41.650000000000006 998.44166666666683 -0.85389900617944248 3 99.500000000000014 8.6500000000000004 4 19.706131798300429 12.656504203271469
decision_type=2 10 10 9 10 2 10 9 10 10 8 2 2 2 2 2 1 10 2 2 2 8 2 2 1 10 10 9 2 2
left_child=1 10 6 4 -4 -5 7 -3 9 -9 -1 12 -12 14 -14 -13 17 19 -19 -7 -20 23 -23 24 28 29 -27 -25 -2 -26
right_child=21 2 3 5 -6 16 -8 8 -10 -11 11 15 13 -15 -16 -17 -18 18 20 -21 -22 22 -24 27 25 26 -28 -29 -30 -31
leaf_value=0.016703388642397468 0.00029253419855803379 0.0030062470886928583 -0.0026239784271877651 0.010391105065756637 0.0040235219568614316 0.0048677858673851111 -0.0038352862943654338 -0.0025692500290454877 -0.0012272735002617332 0.00020522391820617519 -0.0015132100615503769 0.008805670991434084 -0.00042999502955906881 -0.018467948062856267 0.01138120250745428 0.0018366447474986059 -0.00048621666988363514 0.0042594782194687823 -0.004167399397808841 -0.0031145085497870208 0.0023006791467783077 -0.010568686771621314 0.014054831306129384 -0.00028606725181604955 -0.00099935772399070699 0.0098763052831561237 -0.0073016826096172736 0.00053441650167651155 0.024048987924141441 0.0077367346511890509
leaf_weight=34 1876 267 635 62 83 21 32 22 56 426 37 87 323 39 31 314 2152 75 112 643 106 21 157 10928 3691 29 100 8122 27 23
leaf_count=34 1876 267 635 62 83 21 32 22 56 426 37 87 323 39 31 314 2152 75 112 643 106 21 157 10928 3691 29 100 8122 27 23
internal_value=-0.000348006 -0.00118317 -0.00167302 -0.00220488 -0.00521906 -0.00150105 0.000902752 0.0015238 -0.000583544 0.000781076 0.00147382 0.000932499 -0.00197628 -0.000699568 0.000706015 0.00405136 -0.0017288 -0.00380002 0.000767656 -0.00587261 -0.00275103 -0.000162168 0.00561482 -0.000203661 -0.0011225 -0.00197893 -0.00987607 7.34904e-05 0.000614186 -0.0017097
internal_weight=30531 5557 4692 3889 718 3171 803 771 504 448 865 831 430 393 354 401 3109 957 293 664 218 24974 178 24796 5746 3843 129 19050 1903 3714
internal_count=30531 5557 4692 3889 718 3171 803 771 504 448 865 831 430 393 354 401 3109 957 293 664 218 24974 178 24796 5746 3843 129 19050 1903 3714
cat_boundaries=0 1 2 3 4 5
cat_threshold=21102660 69700 2074 1248 42498148
is_linear=0
shrinkage=0.05


Tree=89
num_leaves=31
num_cat=1
split_feature=47 45 41 49 52 12 23 51 37 36 52 32 12 40 16 27 9 13 13 36 48 42 34 30 31 45 24 53 13 29
split_gain=1.80609 3.47556 2.89178 2.72235 2.21439 2.01558 2.43508 2.20022 3.13388 2.41182 2.32252 1.92092 3.32765 2.11964 4.0044 3.42793 3.37843 3.07498 2.50186 2.4668 2.25255 2.12859 4.70649 2.7591 2.79872 3.29958 2.96471 2.20219 2.62192 2.64211
threshold=-2.9499999999999997 17.150000000000002 14.200000000000001 8.1000000000000032 -11.499999999999998 0.9294892378951588 1.2391055102395685 3.6000000000000014 -0.022243433579717451 0.64745047856346993 2.5000000000000004 993.23333333333346 0.99628166032228249 98.500000000000014 0 0.94162979278837 1.5000000000000002 0.98933596577443728 -0.22968774213179594 0.94068450187639108 75.500000000000014 0.8500000000000002 48.166666666666679 24.216666666666672 0.2494438257849296 21.800000000000004 6.7077869103049412 -16.799999999999994 -0.98053927088909909 4.9944382578492954
decision_type=8 10 10 10 10 2 2 10 2 2 10 2 2 10 9 2 2 2 2 2 10 8 2 2 2 8 2 10 2 2
left_child=1 2 4 -3 -1 6 7 8 9 10 -6 12 -2 21 15 17 -17 19 -16 20 -15 27 -23 24 25 26 -24 28 -13 -30
right_child=11 3 -4 -5 5 -7 -8 -9 -10 -11 -12 13 -14 14 18 16 -18 -19 -20 -21 -22 22 23 -25 -26 -27 -28 -29 29 -31
leaf_value=-0.0039782908391901876 0.0014089464216415243 0.0034624460175100291 -0.0034610687773537208 -0.00023699981334058263 -0.0036863772360250791 -0.0040377277813471489 0.0027747760141369317 -0.0048909966204583322 -0.0035377961363285307 0.0082080516094238387 0.0034646302277495686 0.015868219210277593 -0.0054819739095985703 -0.0042670490393080978 -0.0021999795456816296 -0.0043130068770876415 0.0114497618329596 -0.0073598842721637747 -0.0040804334378717333 0.012724679373620618 -0.00026677399005016201 -0.0032143561213211422 0.0011663808507482484 0.019078005689552247 0.0022855660835497476 0.01087462163058547 -0.0065564916619612681 -0.00017400291530729473 -0.0028456977139894313 0.00036777387298428805
leaf_weight=31 1144 63 146 103 37 22 109 29 49 31 35 24 40 176 143 23 147 47 233 49 528 112 136 101 1922 56 244 24262 335 154
leaf_count=31 1144 63 146 103 37 22 109 29 49 31 35 24 40 176 143 23 147 47 233 49 528 112 136 101 1922 56 244 24262 335 154
internal_value=-0.000341455 -0.00293848 -0.00506031 0.00331126 -0.00255028 -0.00128164 -0.000172354 -0.00372722 -0.00131492 0.00363725 -0.00138696 -0.000284508 0.00168905 -0.000365954 -0.00230295 -0.000561167 0.00587889 -0.00193726 -0.00660451 -0.00116186 -0.00191734 -0.000270605 0.00109875 0.00155545 0.0012086 -0.0024077 -0.00407787 -0.000412713 -0.00365426 -0.00444694
internal_weight=30531 655 489 166 343 312 290 181 152 103 72 29876 1184 28692 1346 970 170 800 376 753 704 27346 2571 2459 2358 436 380 24775 513 489
internal_count=30531 655 489 166 343 312 290 181 152 103 72 29876 1184 28692 1346 970 170 800 376 753 704 27346 2571 2459 2358 436 380 24775 513 489
cat_boundaries=0 1
cat_threshold=42732038
is_linear=0
shrinkage=0.05


Tree=90
num_leaves=31
num_cat=3
split_feature=2 16 46 48 5 33 35 53 14 4 27 2 5 14 39 10 45 44 51 49 10 35 6 32 33 49 43 32 38 28
split_gain=2.45055 4.16525 3.27577 2.83793 2.62384 3.83881 2.39485 3.05415 2.60114 3.21887 2.80636 2.56865 2.31538 3.51707 3.14603 2.37845 2.39923 2.35195 3.98206 2.31255 2.27503 2.91983 2.24522 2.20599 2.19274 4.67673 3.28982 2.69757 2.41249 2.15753
threshold=1.9500000000000002 0 1.8500000000000003 34.500000000000007 0.60733743993530054 0.48989794855663105 8.5122372841814755 4.7500000000000018 1 2.9833333333333338 1.1860297916438132 3.8500000000000001 1.0515189666310443 2 27.550000000000004 0.98296291314453421 18.200000000000003 78.500000000000014 3.2000000000000011 3.0500000000000003 0.37940952255126054 8.9969125210773502 0.25000000000000006 996.11666666666679 1.0499338582674451 17.450000000000006 32.050000000000004 1007.6166666666668 -5.6166666666666734 62.166666666666679
decision_type=10 9 8 10 2 2 2 10 1 2 2 10 2 1 10 2 10 10 10 10 2 2 2 2 2 8 10 2 8 2
left_child=12 4 3 -3 5 -2 8 -8 11 10 -10 -6 24 14 17 16 -15 19 -19 -14 -16 -22 -21 -5 28 26 27 -26 -1 -29
right_child=1 2 -4 23 6 -7 7 -9 9 -11 -12 -13 13 15 20 -17 -18 18 -20 22 21 -23 -24 -25 25 -27 -28 29 -30 -31
leaf_value=-0.0048857704756732822 0.021427822602261615 -0.025115617740678633 0.032581416077763915 0.015070138763009933 0.010775409636561241 -0.016790984063991855 -0.011156892208728598 0.046033692781029464 0.025041116404260429 0.087553034866487411 -0.014355273474457387 -0.033357562174817668 0.062373824630163902 -0.012909245921492622 -0.028139161680805266 0.035586696040119138 0.0062680396725841529 -0.0051713003453633727 0.043797149232587797 -0.0068804386124500794 0.014776579393707879 -0.016982918826676886 0.021923021631662959 -0.0027479982325302938 0.006386313214041206 0.0095543964834937049 -0.0093992542524131764 0.011580923429966444 -0.00016057228501441118 -0.0027042396040953334
leaf_weight=155 99 41 50 75 81 52 87 40 234 95 31 26 29 482 30 32 56 233 33 95 31 23 152 914 176 225 29 91 26378 516
leaf_count=155 99 41 50 75 81 52 87 40 234 95 31 26 29 482 30 32 56 233 33 95 31 23 152 914 176 225 29 91 26378 516
internal_value=-0.000283579 0.00149307 -0.000504541 -0.0011164 0.00433717 -0.00148908 0.00589126 -0.000196696 0.00754656 0.0094569 0.00688419 0.000213493 -0.0003963 -0.00254995 7.8604e-05 -0.00534391 -0.00622561 0.00147574 -0.00187899 0.00470844 -0.00891795 -0.00277264 0.00313638 -0.000581337 -0.000302864 0.00195256 0.000184706 0.00079811 -0.000391021 -0.000782408
internal_weight=30591 1825 1080 1030 745 151 594 127 467 360 265 107 28766 1196 626 570 538 542 266 276 84 54 247 989 27570 1037 812 783 26533 607
internal_count=30591 1825 1080 1030 745 151 594 127 467 360 265 107 28766 1196 626 570 538 542 266 276 84 54 247 989 27570 1037 812 783 26533 607
cat_boundaries=0 1 2 3
cat_threshold=1513488 2080 3876
is_linear=0
shrinkage=0.05


Tree=91
num_leaves=31
num_cat=5
split_feature=31 14 16 50 49 45 6 40 46 47 39 55 11 14 2 32 38 44 55 54 14 33 27 32 47 46 14 13 48 31
split_gain=2.16349 3.61392 4.21755 4.68911 3.13834 2.72144 2.55269 2.97134 3.13575 2.52993 4.40451 5.76204 4.58094 3.82061 3.52989 3.3169 3.22502 3.02042 3.14162 3.0103 3.09199 2.97974 2.94133 3.09378 2.74061 2.69486 2.56882 3.23265 2.56751 3.25985
threshold=0.14999999999999999 0 1 5.6500000000000012 9.5500000000000025 29.350000000000005 0.65000000000000002 98.500000000000014 0.25000000000000006 23.950000000000003 25.050000000000004 15.416666666666666 0.37940952255126048 2 0.75000000000000011 1008.6166666666668 1.1333333333334965 40.500000000000007 37.833333333333336 4.2000000000000028 3 0.54365021434330318 0.24944382578492955 1003.2833333333335 31.250000000000004 4.4500000000000011 4 -0.75113193087051977 78.500000000000014 1.4981468200377777
decision_type=2 1 9 8 8 10 2 10 10 8 8 2 2 1 8 2 10 8 2 2 1 2 2 2 10 10 1 2 8 2
left_child=1 -1 4 5 -3 6 7 8 -4 -2 17 14 19 16 26 22 -14 -11 24 21 -21 -13 -16 -24 25 28 -12 -28 29 -19
right_child=9 2 3 -5 -6 -7 -8 -9 -10 10 11 12 13 -15 15 -17 -18 18 -20 20 -22 -23 23 -25 -26 -27 27 -29 -30 -31
leaf_value=0.00012622183553964996 5.1590977926259386e-05 -0.002409130788961128 -0.0001564516036144853 0.015361013532015933 -0.0044981528310092198 0.022140414891766828 -0.011025679529569621 0.015211511221329854 -0.0072711542999509037 0.0015866894954991051 0.0037662601636004808 -0.00070664775374528757 -0.0017640138727459788 -0.00373197426766273 -0.0089794375089807029 0.014409097643340578 0.02447825235520993 -0.0037108311359788388 -0.0020454063123494619 0.0047612104089082806 -0.0001661273459389323 -0.0055458948258129501 0.044102320370710803 0.0029273416443099665 0.0034407743189813406 -0.013137519526162678 -0.012610862369432558 -0.0036403594221245451 -0.00059604584615227663 0.0058078152668003258
leaf_weight=1406 20204 279 404 66 428 24 102 26 38 161 168 355 480 418 75 466 40 998 202 680 1839 208 58 243 85 22 22 216 801 77
leaf_count=1406 20204 279 404 66 428 24 102 26 38 161 168 355 480 418 75 466 40 998 202 680 1839 208 58 243 85 22 22 216 801 77
internal_value=-0.000281945 -0.00161372 -0.00343112 -0.00052231 -0.00610096 -0.0019357 -0.00263112 -0.00106815 -0.00203574 -0.000149183 -0.000925914 -0.000123384 -0.00104475 -0.00410404 0.00284432 0.00469065 -0.00113186 -0.00272793 -0.00321496 -0.000113559 0.000625223 -0.00341858 0.00119649 0.00340418 -0.00260955 -0.003003 -0.000984979 -0.00423216 -0.00279836 -0.00439494
internal_weight=30591 2773 1367 660 707 594 570 468 442 27818 7614 5268 4020 938 1248 842 520 2346 2185 3082 2519 563 376 301 1983 1898 406 238 1876 1075
internal_count=30591 2773 1367 660 707 594 570 468 442 27818 7614 5268 4020 938 1248 842 520 2346 2185 3082 2519 563 376 301 1983 1898 406 238 1876 1075
cat_boundaries=0 1 2 3 4 5
cat_threshold=1868 18156034 5856 7176 736
is_linear=0
shrinkage=0.05


Tree=92
num_leaves=31
num_cat=1
split_feature=28 36 43 12 12 23 37 49 48 16 32 53 37 36 6 18 49 23 53 50 1 37 44 13 52 53 42 43 31 31
split_gain=1.95328 3.45939 2.81859 3.41829 2.80554 2.59141 2.87403 2.58969 2.65 2.74927 4.19966 3.14227 2.97538 2.75438 3.86745 4.01009 3.54961 2.73641 2.66242 2.63616 2.60206 2.55291 3.61398 3.18251 2.84744 3.06818 2.52042 2.36331 2.33339 2.3273
threshold=92.583333333333357 -0.88842501231685755 0.25000000000000006 -0.49998158062385478 0.99628166032228249 1.1974415920599608 0.93044423416964328 32.20000000000001 99.500000000000014 0 1013.4833333333335 9.4500000000000028 -0.31203787227376695 0.1030105402675535 1.2500000000000002 79.545300000000012 5.4500000000000011 1.1376538558147085 -2.1499999999999999 2.2500000000000004 0.65000000000000002 0.098627053170538312 93.500000000000014 0.99374406038856467 16.500000000000004 -8.9499999999999975 0.25000000000000006 18.550000000000004 0.35590260840104365 0.40276819911981931
decision_type=2 2 8 2 2 2 2 10 10 9 2 8 2 2 2 2 10 2 8 10 2 2 10 2 10 10 8 10 2 2
left_child=5 -2 3 -3 21 6 -1 8 9 10 12 -11 18 16 15 -15 26 19 -4 27 -17 22 24 28 25 -5 -14 -12 -23 -29
right_child=1 2 7 4 -6 -7 -8 -9 -10 11 17 -13 13 14 -16 20 -18 -19 -20 -21 -22 23 -24 -25 -26 -27 -28 29 -30 -31
leaf_value=-0.0018900501993943672 -0.0027542744911135649 -0.0036801759537596346 -0.0016979719534651189 0.0043463074114679203 -0.0077126621533042394 -0.00017733680449956158 -0.0057809324963772231 -0.0035992341685578012 -0.0043569634865093191 0.00053194682744886067 1.3907807982838084e-05 -0.0047547193374827103 0.011102304722742297 0.0066618643618616222 0.033375360969062885 -0.0029957810605207138 0.016982351973243038 0.011671663223964466 0.0060281226276979599 0.020415565911812133 -0.024219620954344444 0.0016417954123783551 0.006098060624550242 0.0029990343540512603 0.010655388953496882 -0.0024756197015986196 -0.0061217703558418936 -0.0083980783593517235 -0.0033554572641576966 0.0015295426807114211
leaf_weight=380 280 105 222 40 22 24760 39 64 111 1728 642 127 83 304 95 39 266 46 395 31 24 53 93 20 40 271 26 75 169 41
leaf_count=380 280 105 222 40 22 24760 39 64 111 1728 642 127 83 304 95 39 266 46 395 31 24 53 93 20 40 271 26 75 169 41
internal_value=-0.000270504 0.000591268 0.000886577 -0.00181405 -0.000564892 -0.000455735 -0.00435457 0.00139497 0.0015452 0.00174948 0.00290331 0.000308294 0.00453889 0.00648071 0.00389526 0.00156633 0.00966409 8.98096e-05 0.00190407 -0.000601952 -0.00990491 0 0.00225175 -0.00413052 -7.12048e-05 -0.00168756 0.00206233 -0.00118718 -0.00585322 -0.00775194
internal_weight=30591 5412 5132 813 708 25179 419 4319 4255 4144 2289 1855 1454 837 462 367 375 835 617 789 63 686 444 242 351 311 109 758 222 116
internal_count=30591 5412 5132 813 708 25179 419 4319 4255 4144 2289 1855 1454 837 462 367 375 835 617 789 63 686 444 242 351 311 109 758 222 116
cat_boundaries=0 1
cat_threshold=42551350
is_linear=0
shrinkage=0.05


Tree=93
num_leaves=31
num_cat=1
split_feature=31 16 45 45 13 37 36 41 50 13 47 39 28 11 2 41 38 4 40 37 29 42 51 40 47 5 9 39 30 24
split_gain=1.90035 2.70117 3.60005 3.59986 3.17983 3.25303 3.01231 3.00961 2.69546 2.6441 2.39183 4.13762 5.22023 4.50881 3.57348 2.88043 4.29107 2.82172 3.8996 3.48539 3.5172 3.16301 2.77596 2.91124 3.43941 3.01782 2.6415 3.01212 2.69775 2.54733
threshold=0.14999999999999999 0 10.900000000000002 31.600000000000005 0.44707732260762362 0.44666906445222521 -0.98993647130761786 1.2500000000000002 15.900000000000002 0.82964644928663589 23.950000000000003 25.450000000000003 84.583333333333357 0.37940952255126048 0.75000000000000011 18.450000000000003 -1.9333333333332232 1.3166666666666669 55.500000000000007 0.74584090418902649 0.97140452079103179 0.15000000000000005 2.4000000000000017 84.500000000000014 27.250000000000004 0.10000000000000007 1.5000000000000002 31.250000000000004 21.916666666666675 17.305821374604403
decision_type=2 9 8 8 2 2 2 10 8 2 8 8 2 2 8 10 10 2 10 2 2 10 10 10 10 2 2 10 2 2
left_child=1 2 4 6 7 -6 -3 -1 -8 -4 -2 15 13 -13 22 -12 -17 -16 -19 20 -20 -22 23 25 -25 -14 28 -28 -15 -29
right_child=10 3 9 -5 5 -7 8 -9 -10 -11 11 12 14 26 17 16 -18 18 19 -21 21 -23 -24 24 -26 -27 27 29 -30 -31
leaf_value=0.013916143026461597 5.5018222417006769e-05 -0.003261505597279446 -0.002566074671274603 0.017355890460264378 0.0069303327820730001 -0.0044939272339237155 -0.00040436169615662432 -0.0025522458314553272 0.012388602282055418 -0.004098609092679578 -0.0022045195874588089 -4.7245338856535814e-05 0.0042899789790631143 -0.0033289823921840256 0.013515606865652017 0.053726269171182062 -9.7793058902814758e-05 -0.029542542799986596 0.026751456430196142 0.06995227966389006 -0.019853982573363987 0.038254935842255561 0.016452713091473271 -0.0035457525219369903 0.010910035401608648 -0.010979536642886187 -0.0038286873842551723 -0.0053110806426788261 0.0034102006481759733 0.0044891463108588797
leaf_weight=23 20204 23 424 45 220 50 1346 388 63 191 2146 3047 26 22 540 30 262 24 47 56 94 55 45 161 74 88 651 27 113 106
leaf_count=23 20204 23 424 45 220 50 1346 388 63 191 2146 3047 26 22 540 30 262 24 47 56 94 55 45 161 74 88 651 27 113 106
internal_value=-0.000275407 -0.00152357 -0.0031774 -5.04337e-05 -0.000697401 0.00351722 -0.000488793 -0.00346631 -0.00019516 -0.00597464 -0.000150981 -0.000906213 -0.000106258 -0.000983334 0.00276837 -0.00260449 0.00205409 0.00465629 0.000543281 0.00238001 -0.000764916 -0.00452716 -0.00114184 -0.00264967 0.000531689 -0.00920245 -0.00405288 -0.00516516 0.00240563 0.00169046
internal_weight=30591 2773 1296 1477 681 270 1432 411 1409 615 27818 7614 5176 3966 1210 2438 292 816 276 252 196 149 394 349 235 114 919 784 135 133
internal_count=30591 2773 1296 1477 681 270 1432 411 1409 615 27818 7614 5176 3966 1210 2438 292 816 276 252 196 149 394 349 235 114 919 784 135 133
cat_boundaries=0 1
cat_threshold=9504834
is_linear=0
shrinkage=0.05


Tree=94
num_leaves=31
num_cat=3
split_feature=36 43 53 32 4 42 14 39 16 31 4 46 46 30 9 47 52 4 14 33 2 31 49 52 43 37 28 47 5 9
split_gain=1.93202 2.28846 3.08091 2.70677 3.63225 3.13246 2.88556 2.8969 2.84482 2.68436 2.65689 2.67488 3.59463 2.79437 2.73008 2.69647 2.9408 2.90007 2.65361 3.40121 2.63701 2.7018 2.6022 2.47401 2.47389 2.34368 2.24058 2.20195 2.40211 2.14241
threshold=-0.70811972747828034 3.0500000000000003 16.350000000000005 1005.5583333333335 2.683333333333334 0.25000000000000006 0 26.250000000000004 1 0.84325757171114601 1.5583333333333336 1.0000000180025095e-35 0.55000000000000016 16.016666666666669 1.5000000000000002 23.950000000000003 10.500000000000002 0.34166666666666673 2 0.78457348639600388 1.0000000180025095e-35 0.61644140029689798 13.850000000000001 21.500000000000004 -3.5499999999999994 -0.35009362755304929 81.833333333333357 21.050000000000004 0.081649658092772678 15.500000000000002
decision_type=2 8 10 2 2 10 1 10 9 2 2 10 10 2 2 8 8 2 1 2 10 2 8 10 10 2 2 10 2 2
left_child=1 2 23 4 5 6 8 22 9 20 11 13 -13 18 -15 17 -17 27 -5 -20 21 -3 -8 24 -1 -18 -7 28 -16 -24
right_child=-2 3 -4 10 -6 26 7 -9 -10 -11 -12 12 -14 14 15 16 25 -19 19 -21 -22 -23 29 -25 -26 -27 -28 -29 -30 -31
leaf_value=-0.0017982986005454999 -2.9588169425415201e-05 -0.002881853473558313 0.0076132702242130744 0.00048388442142492248 0.066892598908525877 0.0019980401359820169 -0.0044977151510224482 0.010092042965396271 -0.0028634059330100701 -0.0027298156106460194 -0.0098542831483093285 -0.0023664846816816329 0.0010754404280594488 0.013786525045563958 0.013166331033465237 0.0022397892535482911 0.0025332716311952971 0.037780319810242713 -0.0012913237927928145 0.010611030219670366 0.010389509126371953 0.0092716967276610853 -0.0037661589279866462 -0.0038946650563958952 0.00077656964323855049 -0.0080847407376726157 -0.0016430702786135677 0.021578194836429945 -0.0058426868477111987 0.00066226340393658054
leaf_weight=38 25001 95 25 615 38 164 238 32 252 69 159 549 325 65 37 392 30 102 1214 32 96 23 125 32 529 62 117 41 35 59
leaf_count=38 25001 95 25 615 38 164 238 32 252 69 159 549 325 65 37 392 30 102 1214 32 96 23 125 32 529 62 117 41 35 59
internal_value=-0.00025089 -0.00109121 0.00176254 -0.00144983 -0.00340188 -0.00385796 -0.00518148 -0.00808016 -0.00252247 0.000938246 -0.000751756 -0.000464405 -0.00286008 0.000333321 0.0028792 0.00196681 -0.000103284 0.00662483 -0.000711945 -0.00203009 0.00373657 -0.00127011 -0.00935797 0.00104323 0.00180744 -0.00814332 0.000800427 0.00110522 -0.00416089 -0.00488865
internal_weight=30591 5590 624 4966 1308 1270 989 454 535 283 3658 3499 874 2625 764 699 484 215 1861 1246 214 118 422 599 567 92 281 113 72 184
internal_count=30591 5590 624 4966 1308 1270 989 454 535 283 3658 3499 874 2625 764 699 484 215 1861 1246 214 118 422 599 567 92 281 113 72 184
cat_boundaries=0 1 2 3
cat_threshold=3220 1785940 4134
is_linear=0
shrinkage=0.05


Tree=95
num_leaves=31
num_cat=3
split_feature=42 16 32 37 13 51 14 46 27 46 27 11 19 41 2 49 35 28 26 13 51 27 37 2 16 34 10 50 46 2
split_gain=1.88514 5.06852 4.18777 5.3839 3.68665 2.71723 3.16676 3.17405 3.60326 2.64339 2.65109 2.78751 3.81262 2.59323 4.47428 3.14616 2.5304 2.52706 3.16667 2.76794 2.71488 2.4944 2.82153 3.19816 2.45301 4.70704 3.5798 4.08637 3.52654 3.1575
threshold=0.25000000000000006 0 1011.4833333333335 -0.89892643256223159 -0.47751829461125794 2.3000000000000003 1 0.75000000000000011 0.15664965809277251 1.1500000000000001 0.24999999999999983 -0.70710678118654757 392.00000000000006 20.700000000000003 0.75000000000000011 34.400000000000013 2.2586347517122229 85.833333333333357 5.9583333333333339 -0.14540367380369007 -0.20000000000000059 0.28674417556808846 0.078432209755298604 1.0000000180025095e-35 2 42.166666666666679 -0.9159756150367534 0.75000000000000011 2.2500000000000004 0.35000000000000003
decision_type=8 9 2 2 2 10 1 8 2 8 2 2 2 8 10 8 2 2 2 2 8 2 2 8 9 2 2 10 10 8
left_child=24 2 3 -2 -4 13 7 8 -7 10 -6 12 -12 15 16 -3 -15 -18 -19 20 -20 -10 -23 -24 25 26 -1 -28 29 -27
right_child=1 5 4 -5 9 6 -8 -9 21 -11 11 -13 -14 14 -16 -17 17 18 19 -21 -22 22 23 -25 -26 28 27 -29 -30 -31
leaf_value=-0.0012098016477091094 -0.0049760142529220123 0.00097524806836606364 -0.0054638016061593023 0.0014952494185327904 -0.0039682053602248801 -0.0048219409644211734 -0.0033755631256702835 -0.0052790852412198611 0.012799975411408676 -0.007710299654484787 0.0082803119956702757 0.00067066892749137463 -0.0036904168577464426 0.014240804713682029 0.024369856751191833 -0.0070387682912772843 0.0021884754261324302 0.0009138413379353727 0.0039704486699142063 -0.0071587953583790616 -0.010521438441888843 0.01004106748490073 0.096411860151371209 -0.0072933898810283232 2.9925926047005838e-05 -0.00094141711491658737 0.0022115922601999294 -0.0024050846690534481 0.0060405334522934248 -0.00038287186679796252
leaf_weight=48 85 3262 137 719 63 33 375 76 37 53 53 309 71 138 129 53 335 49 20 47 24 149 21 56 11952 3718 321 23 254 7932
leaf_count=48 85 3262 137 719 63 33 375 76 37 53 53 309 71 138 129 53 335 49 20 47 24 149 21 56 11952 3718 321 23 254 7932
internal_value=-0.000230829 0.000540188 -0.00199987 0.000435269 -0.00488267 0.00132943 -0.0014389 0.00183198 0.00422155 -0.00305045 -0.00191494 -0.000519511 -0.00684932 0.00184245 0.00451422 0.00124431 0.00273202 0.00099979 -0.00463954 -0.0101537 -0.00113379 0.00617636 0.00420168 -0.0035668 -0.000430962 -0.00092637 0.00446315 0.00624818 -0.00110466 -0.00123175
internal_weight=30542 6294 1490 804 686 4804 747 372 296 549 496 433 124 4057 742 3315 613 475 140 91 44 263 226 77 24248 12296 392 344 11904 11650
internal_count=30542 6294 1490 804 686 4804 747 372 296 549 496 433 124 4057 742 3315 613 475 140 91 44 263 226 77 24248 12296 392 344 11904 11650
cat_boundaries=0 1 2 3
cat_threshold=13262928 5316 39401506
is_linear=0
shrinkage=0.05


Tree=96
num_leaves=31
num_cat=4
split_feature=2 36 16 47 4 16 33 41 38 37 52 5 14 9 45 38 27 4 31 33 2 40 24 38 54 51 29 49 13 14
split_gain=1.6915 2.46752 6.44805 2.74445 2.72721 2.59764 2.73502 2.69088 3.59256 4.78179 3.53108 3.29697 2.85034 2.80111 2.7483 2.71191 2.65778 2.63283 2.85728 2.60239 2.50267 3.55825 3.15486 2.4938 3.49614 2.98893 3.40186 2.79169 2.66771 2.5447
threshold=0.35000000000000003 0.97602702400571972 0 7.9500000000000011 0.65833333333333344 1 1.0208928554075638 5.2000000000000011 -1.033333333333246 -0.44902958237991314 18.500000000000004 0.21075257835628067 2 5.5000000000000009 29.950000000000003 1.8666666666667313 0.33993463423951903 0.11333333333333336 1.2823586447220416 1.2238369799572635 0.95000000000000007 60.500000000000007 6.6315794293105457 -0.1666666666665719 1.066666666666668 0.7999999999999996 7.0197853469904805 28.050000000000004 -0.99963164097526602 3
decision_type=8 2 9 10 2 9 2 10 10 2 10 2 1 2 10 10 2 2 2 2 10 10 2 10 2 10 2 8 2 1
left_child=-1 5 3 4 -3 7 23 11 9 10 17 12 -2 -11 -10 -13 -14 -9 -19 -8 -4 -22 -23 24 27 28 -27 -7 -25 -26
right_child=1 2 20 -5 -6 6 19 8 14 13 -12 15 16 -15 -16 -17 -18 18 -20 -21 21 22 -24 25 29 26 -28 -29 -30 -31
leaf_value=-0.00027825919978786837 0.00090278054648550718 -0.0046321584881600765 -0.0049518568045619007 0.014693230489765525 0.021638873746333272 0.0061236131768916992 0.017348584145372072 -0.0017120966422983137 -0.0011965780434874064 -0.001379916175000813 0.0048366745403634476 -0.00042995365165398317 0.0091016801432408038 0.0055870177170619928 0.0069350493047196596 -0.011190164254733879 0.0025295542467298803 -0.0010924849892952144 0.01159241754881061 0.0071883958152952456 -0.011503191147192244 -0.0053156233900669703 0.014807326938844168 -0.011032938354237671 -0.0019616857682664525 -0.00091194235589208143 0.0039406688390066892 -0.0071058486323164471 0.0021511682097672125 0.00015823969894321332
leaf_weight=11044 462 20 276 57 26 886 59 219 4304 212 167 928 141 987 35 22 248 1100 86 65 30 40 43 36 1767 1499 309 52 2848 2574
leaf_count=11044 462 20 276 57 26 886 59 219 4304 212 167 928 141 987 35 22 248 1100 86 65 30 40 43 36 1767 1499 309 52 2848 2574
internal_value=-0.000239014 4.10296e-05 -0.00345458 0.00729443 -0.0010846 0.000131537 0.00068035 -0.00049041 -0.000928257 0.000478149 -0.00133579 0.00123536 0.00349548 0.00285631 -0.00182642 -0.000789391 0.0065773 -0.00215287 -0.00122249 0.00805802 -0.00632674 -0.000221043 0.00511432 0.000589203 -0.000156277 0.00142793 -0.00016592 0.00261166 0.0024271 -0.000754417
internal_weight=30542 19498 492 103 46 19006 10095 8911 7110 2771 1572 1801 851 1199 4339 950 389 1405 1186 124 389 113 83 9971 5279 4692 1808 938 2884 4341
internal_count=30542 19498 492 103 46 19006 10095 8911 7110 2771 1572 1801 851 1199 4339 950 389 1405 1186 124 389 113 83 9971 5279 4692 1808 938 2884 4341
cat_boundaries=0 1 2 3 4
cat_threshold=5783552 47865924 6976 4748
is_linear=0
shrinkage=0.05


Tree=97
num_leaves=31
num_cat=4
split_feature=2 16 44 44 34 42 23 32 39 40 16 13 10 23 47 48 51 10 14 48 44 42 5 31 13 35 27 48 14 40
split_gain=1.58725 4.56863 3.63131 6.43524 3.15923 2.37688 2.25477 2.13427 1.93909 1.80068 2.92843 3.03612 2.81396 2.56502 3.02138 2.35519 2.02275 2.57487 2.43279 5.0746 2.2076 2.02196 1.93056 1.83577 1.76887 1.73988 4.5579 4.38639 4.95942 3.11458
threshold=2.5500000000000003 0 76.500000000000014 86.500000000000014 99.583333333333357 3.2500000000000004 1.3605900040689491 989.04166666666674 11.250000000000002 98.500000000000014 1 0.98933596577443728 -0.70710678118654735 2.7146811278763892 22.950000000000003 92.500000000000014 2.7999999999999985 0.98296291314453421 2 78.500000000000014 77.500000000000014 1.0000000180025095e-35 0.34496731711975953 0.14142135623730961 0.99168614031016866 1.3307163456488713 1.5478015412913082 80.500000000000014 3 66.500000000000014
decision_type=10 9 10 10 2 8 2 2 10 10 9 2 2 2 8 10 10 2 1 10 10 10 2 2 2 2 2 10 1 10
left_child=9 2 -2 -4 8 7 -6 -3 -5 25 11 12 15 14 -12 -11 17 18 19 -14 -21 -13 -16 -20 -9 26 27 28 -1 -29
right_child=1 5 3 4 6 -7 -8 24 -10 10 13 21 16 -15 22 -17 -18 -19 23 20 -22 -23 -24 -25 -26 -27 -28 29 -30 -31
leaf_value=-0.00048716990176955743 0.052553335575155125 0.024743077327433693 -0.019693387921593489 0.057994325814082481 0.024996825138176484 0.08461649960203832 -0.024919614365409345 -0.0015967671762467828 0.019103092246923161 -0.00078736915817297917 -0.0026092491143317729 -0.0017697151701052184 -0.0074415876437394701 -0.0041181112711447419 0.022385626318688099 -0.0089867740194212072 -0.0092356005593577737 0.027221367125055348 -0.0053690977385988607 -0.0071295243033432879 0.0054067604459871361 -0.0089213899942614944 -0.014870313708353712 0.0062725678424042424 -0.029134090300546908 -0.00018468861501373391 -0.0034497178767579906 -0.0053347354147385735 0.0056120014473199035 -2.1747119785708869e-05
leaf_weight=893 77 26 43 58 32 25 24 812 38 125 396 32 72 81 29 59 26 43 20 25 141 34 21 305 21 23302 200 203 1381 1998
leaf_count=893 77 26 43 58 32 25 24 812 38 125 396 32 72 81 29 59 26 43 20 25 141 34 21 305 21 23302 200 203 1381 1998
internal_value=-0.000260296 0.00155696 0.00708968 0.00371604 0.00854701 -0.000223689 -0.000891266 -0.000669305 0.0140479 -0.00033179 -0.00207579 -0.000280238 0.000551403 -0.00498045 -0.00358664 -0.00488865 0.00213574 0.00272232 0.00182028 -0.00201532 0.00270921 -0.01059 0.00798403 0.00455088 -0.00111031 -0.00024395 0.00063635 0.000966459 0.00250649 -0.000624688
internal_weight=30542 1156 272 195 152 884 56 859 96 29386 1409 882 816 527 446 184 632 606 563 238 166 66 50 325 833 27977 4675 4475 2274 2201
internal_count=30542 1156 272 195 152 884 56 859 96 29386 1409 882 816 527 446 184 632 606 563 238 166 66 50 325 833 27977 4675 4475 2274 2201
cat_boundaries=0 1 2 3 4
cat_threshold=1247232 42207750 2168 174
is_linear=0
shrinkage=0.05


Tree=98
num_leaves=31
num_cat=4
split_feature=38 47 53 23 14 52 51 13 47 39 14 51 16 41 11 16 33 35 30 4 49 33 52 24 44 34 12 36 12 26
split_gain=1.6135 4.17255 3.95521 3.44087 3.54566 3.9745 3.01178 2.66882 2.37756 3.63438 3.45508 3.7929 4.3458 3.14235 2.78152 2.69866 2.4222 2.88751 4.73038 2.75783 2.43184 2.37818 2.35244 2.28256 2.25499 2.24124 2.48739 2.92101 2.22175 2.43915
threshold=-1.4666666666666399 9.4500000000000011 18.450000000000006 2.0306640074515365 0 -3.4999999999999996 -3.3999999999999986 0.98933596577443728 25.050000000000004 18.050000000000004 1 -0.79999999999999927 2 1.9000000000000001 -0.37940952255126015 3 0.5887840577552016 1.5664965809277263 22.283333333333339 0.25833333333333336 14.600000000000003 0.28284271247465659 -1.4999999999999998 18.020560183386852 67.500000000000014 96.833333333333357 -0.55822315702467107 -0.8949002852437673 0.42389877423262928 22.81666666666667
decision_type=8 10 10 2 1 8 10 2 10 10 1 10 9 10 2 9 2 2 2 2 10 2 8 2 10 2 2 2 2 2
left_child=1 6 3 7 -5 -6 -1 -3 -2 -10 11 13 14 -11 -13 21 17 18 -17 -20 23 -12 24 -21 -18 26 -16 -28 -19 -30
right_child=8 2 -4 4 5 -7 -8 -9 9 10 15 12 -14 -15 25 16 22 28 19 20 -22 -23 -24 -25 -26 -27 27 -29 29 -31
leaf_value=-0.0025040568839141187 -7.0202851944505681e-05 0.0084407914717959057 -0.005810295365448942 -0.00090620917803536103 -0.00049703391357355526 0.0040999011980899867 -0.00021358044976731925 -0.014950173694498182 -0.0042775391099709598 0.005195176289408643 -0.0042619717910130908 0.0006899451881410446 0.0061088355487091796 -0.0041167992131033188 -0.0064628074236402827 0.035779895246188957 -0.0056384897294229804 -0.00012008000217713505 0.015408428667748964 -0.013934361560562009 0.019773080623231402 -0.00028647485018636206 -1.2446343173308505e-05 0.004080930468765189 -0.0034182222775281951 -8.6768764520006594e-05 0.0044587561075612129 -0.0034826137729179643 -0.0055209808514310958 0.0094452580381133838
leaf_weight=315 19126 1127 51 733 582 1014 2344 24 75 64 192 383 203 634 47 88 55 1502 65 55 34 275 473 134 198 178 23 361 23 164
leaf_count=315 19126 1127 51 733 582 1014 2344 24 75 64 192 383 203 634 47 88 55 1502 65 55 34 275 473 134 198 178 23 361 23 164
internal_value=-0.000268482 0.000452335 0.00157883 0.00178156 0.000676227 0.0019924 -0.00104359 0.0040179 -0.000451706 -0.00139684 -0.0012376 -0.00292943 -0.00123421 -0.00587308 -0.00259455 -0.000244791 0.000348078 0.0012227 0.00518479 0.00208261 -0.000560287 -0.00372039 -0.00213469 -0.00277631 -0.00602529 -0.00472008 -0.00666899 -0.00533715 0.000340418 0.00547835
internal_weight=30542 6190 3531 3480 2329 1596 2659 1151 24352 5226 5151 1893 1195 698 992 3258 2791 2065 376 288 223 467 726 189 253 609 431 384 1689 187
internal_count=30542 6190 3531 3480 2329 1596 2659 1151 24352 5226 5151 1893 1195 698 992 3258 2791 2065 376 288 223 467 726 189 253 609 431 384 1689 187
cat_boundaries=0 1 2 3 4
cat_threshold=1136 2204 58720294 12632582
is_linear=0
shrinkage=0.05


Tree=99
num_leaves=31
num_cat=4
split_feature=2 16 44 44 34 42 32 23 13 40 16 31 13 12 2 23 27 53 53 32 51 44 45 42 16 32 16 34 51 44
split_gain=1.56326 4.35 3.77813 6.24345 2.3945 2.37688 2.13427 1.81616 1.76887 1.74145 2.66292 2.59271 2.5289 2.66334 3.09617 1.9498 2.10557 1.91408 2.95769 1.69406 2.10232 1.68194 1.60967 1.60326 3.15464 4.56563 3.10434 3.18943 2.9658 3.32287
threshold=2.5500000000000003 0 76.500000000000014 86.500000000000014 99.583333333333357 3.2500000000000004 989.04166666666674 1.3605900040689491 0.99168614031016866 98.500000000000014 1 0.09999999999999977 0.98053927088909931 0.83440738405450643 0.24000000000000005 0.6209387409021575 0.28674417556808846 3.5999999999999996 -7.3499999999999988 1015.6166666666668 -2.9999999999999982 96.500000000000014 11.700000000000001 0.25000000000000006 2 1011.4833333333335 3 42.166666666666679 4.8500000000000014 98.500000000000014
decision_type=10 9 10 10 2 8 2 2 2 10 9 2 2 2 10 2 2 8 10 2 10 10 10 8 9 2 9 2 10 10
left_child=9 2 -2 -4 22 6 -3 -6 -8 23 11 -11 13 -12 -15 21 -17 18 -14 20 -18 -13 -5 26 25 -25 27 -1 -29 -30
right_child=1 5 3 4 7 -7 8 -9 -10 10 12 15 17 14 -16 16 19 -19 -20 -21 -22 -23 -24 24 -26 -27 -28 28 29 -31
leaf_value=0.00038027839361561569 0.049936347818885743 0.023405181002408373 -0.018705208382916585 0.051995796460300669 0.023541303605716934 0.07996363504834661 -0.0015091581780240062 -0.023882898362635158 -0.027673875642922337 0.00206749666472609 0.00054714258179326127 -0.0042555397553273398 0.00064514636711252851 0.00081639516650725138 -0.010442436884239631 -0.005268276543577588 -0.0073594354058277526 0.00080297414673789205 -0.0051633896579032839 -0.0045363315119157505 -0.00085613859806021051 0.0071992270799927345 0.029623602615847823 0.00058422582615491885 0.00071984083608710311 -0.0027943231204472369 7.8956305168381702e-05 -0.00062213775208016522 0.0014928710418272762 -0.0037751285590277295
leaf_weight=516 77 26 43 38 32 25 812 24 21 25 808 25 29 78 68 45 30 35 95 37 114 20 58 605 4442 479 10877 10559 452 47
leaf_count=516 77 26 43 38 32 25 812 24 21 25 808 25 29 78 68 45 30 35 95 37 114 20 58 605 4442 479 10877 10559 452 47
internal_value=-0.000289764 0.00151371 0.00691244 0.00345976 0.00821828 -0.000223689 -0.000669305 0 -0.00111031 -0.000360715 -0.00207579 -0.00620712 -0.000912652 5.24054e-05 -0.00616016 -0.00783844 -0.00973021 -0.00675676 -0.00966962 -0.0073164 -0.00485774 0.00166297 0.0130073 -0.000274332 0.000488591 -0.00191939 -0.000462115 -0.00103159 -0.00121178 0.0025546
internal_weight=30542 1156 272 195 152 884 859 56 833 29386 1409 296 1113 954 146 271 226 159 124 181 144 45 96 27977 5526 1084 22451 11574 11058 499
internal_count=30542 1156 272 195 152 884 859 56 833 29386 1409 296 1113 954 146 271 226 159 124 181 144 45 96 27977 5526 1084 22451 11574 11058 499
cat_boundaries=0 1 2 3 4
cat_threshold=1247232 17973328 9060432 34682918
is_linear=0
shrinkage=0.05


Tree=100
num_leaves=31
num_cat=8
split_feature=31 14 16 2 16 34 2 13 34 26 38 10 16 16 3 32 30 3 14 29 34 39 14 48 40 24 31 14 38 44
split_gain=1.81739 3.27429 6.57131 3.00115 2.28595 3.17283 2.95138 2.98841 3.44219 2.86211 2.74596 2.63521 4.58655 3.07265 3.24316 3.30301 3.4262 2.84912 2.85352 2.78067 2.75533 3.43281 2.66684 3.57334 3.17949 2.64872 2.62868 2.57421 3.5283 2.87048
threshold=0.14999999999999999 0 1 2.1500000000000008 2 54.416666666666679 2.2500000000000004 0.30410362911654193 98.833333333333357 10.183333333333335 -0.94999999999998852 0.37940952255126054 3 4 3.4500000000000006 1008.3416666666668 -1.9833333333333332 0.55000000000000016 5 0.87965281125489481 63.583333333333336 27.750000000000004 6 75.500000000000014 50.500000000000007 15.164785056850901 0.37416573867739472 7 1.5666666666666631 81.500000000000014
decision_type=2 1 9 10 9 2 10 2 2 2 10 2 9 9 2 2 2 2 1 2 2 10 1 10 8 2 2 1 10 10
left_child=1 2 -1 -3 5 26 -7 -8 9 -9 -6 13 19 14 15 16 -12 18 -18 -13 21 25 24 -24 -17 -14 -2 -28 29 -29
right_child=4 3 -4 -5 10 6 7 8 -10 -11 11 12 20 -15 -16 22 17 -19 -20 -21 -22 -23 23 -25 -26 -27 27 28 -30 -31
leaf_value=-0.0041938567295908653 0.01661407967071853 4.0227789417326966e-06 0.00032145057095328555 -0.010948943598223949 0.000198559651917727 6.8075676798079468e-05 0.038892030225046205 0.039905472281621605 -0.0074602795540249962 -0.018270576913154101 0.0026179340333693738 0.0036804008480715634 -0.0020092354327943792 -0.00039467433480532975 0.050365581327489209 -0.00058483720125688534 -0.0037078380142836101 0.00074359753470920609 -0.00080383668970231831 -0.0022615773873256063 7.6610265396556694e-06 0.0065217453226600487 0.0021165653295606018 -0.0012557277822762142 0.0026677927279896776 -0.0041232198491973513 0.011236045311847642 -0.0012857274850439776 -0.00599008389529868 0.0070506764709079434
leaf_weight=536 83 1820 325 59 6812 6070 120 53 137 33 72 118 240 4186 56 314 417 533 436 1852 2754 76 640 997 1552 25 104 95 24 73
leaf_count=536 83 1820 325 59 6812 6070 120 53 137 33 72 118 240 4186 56 314 417 533 436 1852 2754 76 640 997 1552 25 104 95 24 73
internal_value=-0.000285835 -0.00151454 -0.00404661 -0.000330845 -0.00016504 0.000632158 0.000370336 0.00488196 0.00145675 0.00929152 -0.000421999 -0.000816507 -0.00173244 -0.000312395 0.00052217 0.000388019 -0.00161169 -0.00216435 -0.00395616 -0.00361093 -0.000523333 -0.004764 0.00122035 -0.000258029 0.0025052 -0.00745002 0.00507782 0.00287065 -0.000742207 0.00178465
internal_weight=30612 2740 861 1879 27872 6792 6413 343 223 86 21080 14268 5065 9203 5017 4961 1458 1386 853 1970 3095 341 3503 1637 1866 265 379 296 192 168
internal_count=30612 2740 861 1879 27872 6792 6413 343 223 86 21080 14268 5065 9203 5017 4961 1458 1386 853 1970 3095 341 3503 1637 1866 265 379 296 192 168
cat_boundaries=0 1 2 3 4 5 6 7 8
cat_threshold=4146 60098624 1116672 33599490 33865810 3666 1746 4272
is_linear=0
shrinkage=0.05


Tree=101
num_leaves=31
num_cat=4
split_feature=31 16 10 3 45 5 13 31 13 27 12 42 16 12 33 53 34 31 16 47 39 26 26 29 16 46 23 36 10 49
split_gain=1.63907 3.08516 3.64871 2.61498 2.5554 2.30343 2.25022 2.46788 3.70227 3.3735 2.72288 2.13168 4.30532 3.43037 2.71559 2.45056 2.28624 2.83719 2.68855 3.20673 2.29276 3.61935 2.4745 2.23683 2.2309 3.50725 3.20786 2.92386 2.75007 3.57679
threshold=0.14999999999999999 0 0.60355339059327384 2.2500000000000004 29.350000000000005 2.0341510068429858 0.9551754620460815 0.12472191289246397 0.1369010144751204 0.1247219128924648 0.57238288608965349 0.25000000000000006 1 -0.65365639399891895 0.09999999999999433 0.39999999999999908 94.166666666666671 1.96948931775767 2 27.450000000000003 11.65 20.81666666666667 8.3166666666666682 2.9056810222284128 3 0.75000000000000011 2.5284193373396957 -0.42682801469498721 0.37940952255126054 20.700000000000003
decision_type=2 9 2 2 10 2 2 2 2 2 2 10 9 2 2 10 2 2 9 10 10 2 2 2 9 10 2 2 2 10
left_child=1 2 3 6 5 -3 7 9 -9 -1 -10 24 14 -14 15 -13 17 20 -18 -20 22 -22 -15 -17 25 28 -27 -28 29 -2
right_child=11 4 -4 -5 -6 -7 -8 8 10 -11 -12 12 13 16 -16 23 18 -19 19 -21 21 -23 -24 -25 -26 26 27 -29 -30 -31
leaf_value=-0.0032549858617626493 -3.612434410450727e-06 0.0002224859155485648 0.00039894863028062667 0.027901108649130663 0.019141211506085578 -0.038335892818678309 -0.0060777335616894086 -0.0055636078134811279 -0.0038669835984861678 -0.00018987464172213198 0.0016477823663712144 0.0029418833375603327 -0.0023138017891200487 -0.00087167048385512627 0.0010764274764079652 0.022091487463290153 -0.001217066011664536 0.019983856487106079 0.002304994067498789 0.036285001873588962 -0.004984594099003834 -0.00041634194611425148 0.0055846239549375426 0.0015094784181182846 3.5984722127885287e-05 0.012290416600016941 -0.0029181346199339017 0.00091256099528023863 -0.0011657116662020801 -0.001347415248321373
leaf_weight=131 4530 1139 407 80 27 22 133 121 82 541 57 152 703 127 2869 62 153 28 583 53 256 383 83 69 13322 171 102 252 3426 548
leaf_count=131 4530 1139 407 80 27 22 133 121 82 541 57 152 703 127 2869 62 153 28 583 53 256 383 83 69 13322 171 102 252 3426 548
internal_value=-0.000256435 -0.00142331 -0.00288074 -0.0043446 0.000500793 0.000150719 -0.00499953 -0.00413046 -0.00826605 -0.00252939 -0.0026959 -0.000141719 0.000738078 -0.000872179 0.00194491 0.0066231 0.000360122 -0.00139665 0.00231276 0.0037146 -0.00191379 -0.00340322 0.0026178 0.0116323 -0.000359043 -0.000965251 0.00299943 0.000282406 -0.00121118 -0.000472618
internal_weight=30612 2740 1552 1145 1188 1161 1065 932 260 672 139 27872 5521 2369 3152 283 1666 877 789 636 849 639 210 131 22351 9029 525 354 8504 5078
internal_count=30612 2740 1552 1145 1188 1161 1065 932 260 672 139 27872 5521 2369 3152 283 1666 877 789 636 849 639 210 131 22351 9029 525 354 8504 5078
cat_boundaries=0 1 2 3 4
cat_threshold=26552384 34715682 655380 34123814
is_linear=0
shrinkage=0.05


Tree=102
num_leaves=31
num_cat=3
split_feature=36 14 16 2 34 23 38 9 54 53 43 32 29 31 48 5 41 13 13 16 32 26 13 9 5 48 31 52 54 53
split_gain=1.48356 2.13173 3.34543 3.27285 3.59711 2.75586 3.19962 2.97556 4.17375 2.74717 2.64015 2.80766 2.36335 2.43681 2.72135 2.80457 2.29971 2.26579 4.67148 2.25327 3.34072 2.97471 2.3016 2.14601 2.0814 2.0646 2.62087 2.37822 2.24035 3.39073
threshold=-0.66555580647281209 0 1 0.45000000000000007 20.583333333333339 1.4024416977335854 1.0333333333333601 15.500000000000002 10.31666666666667 3.7000000000000002 10.050000000000002 1011.7833333333335 10.499338582674541 0.69999999999999962 85.500000000000014 0.649037034920393 40.150000000000013 -0.28770616809944943 -0.11987677602567985 2 1010.6166666666668 29.416666666666675 -0.99815866078541837 8.5000000000000018 0.10000000000000007 93.500000000000014 0.32659863237109066 11.500000000000002 5.4500000000000028 1.0000000180025095e-35
decision_type=2 1 9 8 2 2 10 2 2 8 10 2 2 2 8 2 8 2 2 9 2 2 2 2 2 10 2 10 2 10
left_child=1 19 3 -3 -5 9 7 8 12 10 -6 -12 13 14 15 -7 -4 23 -19 20 -1 22 -21 -8 -16 27 -27 28 -24 -30
right_child=-2 2 16 4 5 6 17 -9 -10 -11 11 -13 -14 -15 24 -17 -18 18 -20 21 -22 -23 25 -25 -26 26 -28 -29 29 -31
leaf_value=0.0015301915852041785 -3.1520626816916585e-05 -0.0018501964628780815 0.00010221842078821097 -0.0017138855088927618 0.0013951907540352083 -0.0022707515225142195 0.030275674419234351 0.0015074277862395791 0.010933958755614002 -0.012707694814987481 -0.0096231273268718477 0.001359323106271855 0.0068078330826096996 -0.0045904914443708677 -0.0005931358818127147 -0.014527643947777761 -0.0045642554360601625 -0.011170333444195281 0.0033342885315320869 0.0039071112117989365 -0.00036677404841353733 0.010088829647373071 -0.0034042511300569817 0.010066706405176519 0.0080951572487550777 -0.003760817734010366 0.0026797580665981341 0.00056323322921936756 0.0058875906875117184 -0.0029043682470968461
leaf_weight=738 24329 765 1809 34 68 257 27 300 22 39 59 28 51 243 31 32 28 27 111 65 405 34 495 61 64 44 94 175 87 90
leaf_count=738 24329 765 1809 34 68 257 27 300 22 39 59 28 51 243 31 32 28 27 111 65 405 34 495 61 64 44 94 175 87 90
internal_value=-0.000258068 -0.000943006 -0.00162318 -0.00292719 -0.00154735 -0.00116189 -0.000285458 -0.00149985 -0.00328524 -0.00669758 -0.00370729 -0.00947187 -0.00398171 -0.00482379 -0.00234314 -0.00475614 -4.06042e-05 0.00508625 0.00108617 0.00030173 0.00184286 -0.00132529 -0.00180935 0.0113507 0.00499474 -0.00241092 0.00325851 -0.00333491 -0.0046868 0.000141163
internal_weight=30612 6283 4056 2219 1454 1420 1226 1000 700 194 155 87 678 627 384 289 1837 226 138 2227 1143 1084 1050 88 95 985 138 847 672 177
internal_count=30612 6283 4056 2219 1454 1420 1226 1000 700 194 155 87 678 627 384 289 1837 226 138 2227 1143 1084 1050 88 95 985 138 847 672 177
cat_boundaries=0 1 2 3
cat_threshold=4236 37924950 34126436
is_linear=0
shrinkage=0.05


Tree=103
num_leaves=31
num_cat=3
split_feature=53 10 31 45 32 36 14 53 53 49 16 40 40 16 31 47 28 43 12 49 34 4 29 31 11 47 43 4 53 13
split_gain=1.51079 2.54518 1.80743 1.65615 1.62152 1.59793 2.88119 3.26003 3.24266 2.91249 2.80405 3.29457 2.65672 2.80961 2.57238 3.30341 2.93088 2.89973 3.00364 2.90503 2.66935 2.5767 2.69818 3.36679 2.76161 2.32992 2.23773 2.35207 2.38473 2.18725
threshold=-23.949999999999996 0.12940952255126045 0.30456030825826186 45.000000000000007 1011.1166666666668 -0.70811972747828034 0 -1.7999999999999992 11.050000000000002 37.250000000000007 1 40.500000000000007 56.500000000000007 2 0.14999999999999972 11.350000000000003 84.166666666666671 27.950000000000003 0.36075750887067765 7.5000000000000009 80.833333333333357 0.083333333333333356 4.1497721826524154 0.46784206501525138 0.37940952255126048 0.75000000000000011 2.8500000000000001 1.0583333333333336 -4.3500000000000005 0.78938882915716768
decision_type=8 2 2 10 2 2 1 8 10 8 9 10 8 9 2 10 2 10 2 10 2 2 2 2 2 10 10 2 10 2
left_child=1 4 -3 5 -1 6 7 9 12 -2 29 -12 13 -9 15 -14 -16 18 19 21 -21 -18 23 24 -23 -13 -27 -28 -29 -8
right_child=3 2 -4 -5 -6 -7 10 8 -10 -11 11 25 14 -15 16 -17 17 -19 -20 20 -22 22 -24 -25 -26 26 27 28 -30 -31
leaf_value=-0.0028000285119164888 0.00091638374673441161 -0.0029167731319230008 0.0046287245174715863 0.010442065378026361 -0.0043262174702144883 -2.8872803519695846e-05 -0.0027257549147499311 -0.0014725878861503118 0.0014343188883803315 -0.0023160866860100697 0.0092526532628937671 -0.0040161576319532547 -7.1968591035578849e-05 0.0056177466307901994 -0.0017434329502270336 -0.008166512868608344 -0.0018559064406556442 0.030197965140295203 0.0023314081580231879 0.0022248995202193258 -0.0039678368926432507 0.0047781860816705768 -0.0049188623071337693 0.015474904288449371 -0.0061015829663688464 0.0032160317246937424 -0.00054221635652508266 -0.020030837298563364 -0.0061105036799087714 0.0029489123498072506
leaf_weight=44 1179 23 48 64 39 24784 533 104 223 40 84 40 56 145 691 66 35 28 113 37 192 43 42 62 44 88 1523 41 176 25
leaf_count=44 1179 23 48 64 39 24784 533 104 223 40 84 40 56 145 691 66 35 28 113 37 192 43 42 62 44 88 1523 41 176 25
internal_value=-0.000253168 -0.00519143 0.00175809 -0.000228182 -0.0111312 -0.000245113 -0.00100711 1.60767e-05 -0.00128914 0.00203019 -0.00226182 -0.00135059 -0.00205054 0.00270976 -0.00289192 -0.00982801 -0.0022337 0.000335514 -0.000440063 -0.00225225 -0.00621999 0.00176913 0.00405547 0.00720993 0.000861079 -0.00179327 -0.00153164 -0.00192518 -0.0067941 -0.00536877
internal_weight=30612 154 71 30458 83 30394 5610 3100 1881 1219 2510 1952 1658 249 1409 122 1287 596 568 455 229 226 191 149 87 1868 1828 1740 217 558
internal_count=30612 154 71 30458 83 30394 5610 3100 1881 1219 2510 1952 1658 249 1409 122 1287 596 568 455 229 226 191 149 87 1868 1828 1740 217 558
cat_boundaries=0 1 2 3
cat_threshold=5510 22052944 278596
is_linear=0
shrinkage=0.05


Tree=104
num_leaves=31
num_cat=0
split_feature=36 33 24 31 42 26 43 10 24 49 54 51 46 26 10 5 49 47 34 39 38 48 47 41 11 53 10 33 2 34
split_gain=1.639 2.95545 4.64703 2.54682 2.74204 2.79177 2.48078 3.79498 2.90401 2.69497 2.68028 2.87221 2.5244 2.64401 2.82054 2.48715 2.35599 2.33821 2.24108 2.05606 2.55129 2.36277 2.20364 2.05343 2.45703 2.04164 3.54196 2.08375 2.00789 2.81404
threshold=-0.70811972747828034 0.68231194397574702 18.511008123044874 0.52493385826745487 0.65000000000000002 8.7166666666666703 4.6500000000000012 0.25881904510252091 19.246333677181045 37.250000000000007 1.0000000000000009 1.1000000000000005 0.15000000000000005 0.61666666666666681 0.37940952255126054 0.33495889939662077 11.050000000000002 15.550000000000002 86.833333333333357 25.950000000000003 2.7666666666667088 99.500000000000014 7.5500000000000007 20.450000000000003 -0.98296291314453399 -23.949999999999996 0.12940952255126045 0.34999999999999437 0.8500000000000002 70.833333333333357
decision_type=2 2 2 2 10 2 8 2 2 8 2 10 8 2 2 2 10 8 2 10 10 10 10 10 2 8 2 2 8 2
left_child=1 6 3 -3 5 -5 12 9 -9 10 11 16 13 18 15 -15 17 -8 -1 20 21 -12 -22 24 -21 26 -2 -28 -26 -30
right_child=25 2 -4 4 -6 -7 7 8 -10 -11 19 -13 -14 14 -16 -17 -18 -19 -20 23 22 -23 -24 -25 28 -27 27 -29 29 -31
leaf_value=0.0014744423774996089 -0.0045170527900153861 0.0072678751693023491 -0.0094807391172583681 -0.0013205907658088685 -0.0086448044766716525 0.0047142207640451239 -0.0063498878086167311 -0.0022828631814077239 0.022959615089102325 -0.0021159390143822621 -0.00022472668705298128 -0.0069706937844809082 0.0020303080146207657 7.2098432057340903e-06 0.0017639856216819961 -0.0093697645682790601 0.014296930542577441 0.00084388461848973202 -0.0020336656646558759 0.022934957167840365 -0.0003037663992133094 -0.0061878773414453794 0.0057518519571360229 -0.0043959974806385997 -0.00094283499126375796 -2.488332451023867e-05 -0.002086038128064939 0.010582811896585404 -0.0016953819912415139 0.013093127905048536
leaf_weight=24 49 241 52 67 53 328 41 1563 39 56 1819 52 126 290 261 53 32 48 86 26 25 24 43 22 108 24833 30 22 52 147
leaf_count=24 49 241 52 67 53 328 41 1563 39 56 1819 52 126 290 261 53 32 48 86 26 25 24 43 22 108 24833 30 22 52 147
internal_value=-0.000254801 -0.00102147 0.00192282 0.00301117 0.000781076 0.00221463 -0.00146341 -0.00197091 -0.00386992 -0.000751473 -0.000502234 -0.00649913 0.00101178 -0.000140036 0.00115875 -0.00182163 -0.00227085 -0.00645342 -0.00726612 -4.41287e-05 -0.000693318 -0.00104444 0.00881057 0.00344973 0.0044281 -8.02114e-05 -0.00717112 0.00191939 0.00317486 0.00615269
internal_weight=30612 5678 741 689 448 395 4937 4097 1602 2495 2439 173 840 714 604 343 121 89 110 2266 1911 1843 68 355 333 24934 101 52 307 199
internal_count=30612 5678 741 689 448 395 4937 4097 1602 2495 2439 173 840 714 604 343 121 89 110 2266 1911 1843 68 355 333 24934 101 52 307 199
is_linear=0
shrinkage=0.05


Tree=105
num_leaves=31
num_cat=1
split_feature=38 7 43 32 31 47 11 54 53 37 2 51 36 13 32 39 49 32 16 47 12 39 43 52 35 41 43 34 40 29
split_gain=1.81739 4.34235 3.14829 3.22706 2.94005 2.55073 2.3483 3.1872 2.62116 2.9152 2.55395 2.95412 2.47817 2.33524 2.54783 2.32772 3.38454 3.23579 3.53359 2.95486 3.1928 3.63844 3.17412 2.94041 2.86714 2.61813 2.42418 2.53206 2.3918 3.83036
threshold=-1.7499999999999429 10.350000000000003 15.450000000000001 997.41666666666686 2.1231527757815765 28.450000000000003 0.37940952255126048 2.3000000000000025 5.7500000000000009 -0.49414420032659917 1.3500000000000003 -0.35000000000000137 -0.022848531569531535 0.27122391875406221 1009.4833333333335 25.050000000000004 14.200000000000001 1009.2833333333335 0 23.950000000000003 0.57238288608965349 18.050000000000004 16.750000000000004 -21.499999999999996 0.97140452079103179 9.3500000000000032 27.450000000000003 99.833333333333357 87.500000000000014 7.2876732428628994
decision_type=8 2 10 2 2 10 2 2 10 2 10 10 2 2 2 8 8 2 9 10 2 10 10 10 2 10 10 2 10 2
left_child=1 2 4 -4 -1 15 -7 10 9 13 11 -8 -10 14 -9 19 17 28 25 -2 21 -21 -23 -20 -18 -19 27 -24 -17 -30
right_child=5 -3 3 -5 -6 6 7 8 12 -11 -12 -13 -14 -15 -16 16 24 18 23 20 -22 22 26 -25 -26 -27 -28 -29 29 -31
leaf_value=-6.0723686869856858e-05 -8.2231800051127404e-05 0.10220283216768272 0.036415626483998639 0.0026836971906809338 -0.0042746791697266173 -0.00051085361514904566 -0.011253309561946138 -0.0038655634221645696 -0.0029769872308385657 -0.0037931980226881563 0.033610916876800456 0.01355259999429489 0.0056851253494391608 -0.0042142658974797147 0.00082872050734495166 -0.0034402493562379457 0.025328809681540512 -0.0086418458647777568 -0.0033352513886228037 -0.0048753376342433596 -0.0047896034343364096 -0.010426643956278642 -0.0014509317861856399 0.0033291004590488061 0.0022039343431942138 -0.0025072165938885534 0.0027597619097671417 0.01285230498471583 0.0072955059084047758 -0.0064199953898657573
leaf_weight=3141 18227 39 44 1287 64 2023 26 104 41 268 24 39 69 20 200 894 94 29 41 111 292 24 1012 1105 600 79 132 124 273 81
leaf_count=3141 18227 39 44 1287 64 2023 26 104 41 268 24 39 69 20 200 894 94 29 41 111 292 24 1012 1105 600 79 132 124 273 81
internal_value=-0.000246664 0.000672116 0.000529089 0.00257306 -0.000319803 -0.00040876 -0.00183007 -0.00413981 -0.0052699 -0.00658673 0.00476992 -0.000384025 0.00181653 -0.00339401 -0.00230187 -0.000235746 0.00101686 0.000159866 0.00195359 -0.000436701 -0.00243348 -0.00144323 -0.000696541 0.00276793 0.00410604 -0.00635055 -0.000354862 -0.00110026 -0.0016425 0.00183564
internal_weight=30507 4575 4536 1331 3205 25932 2814 791 702 592 89 65 110 324 304 23118 3196 2502 1254 19922 1695 1403 1292 1146 694 108 1268 1136 1248 354
internal_count=30507 4575 4536 1331 3205 25932 2814 791 702 592 89 65 110 324 304 23118 3196 2502 1254 19922 1695 1403 1292 1146 694 108 1268 1136 1248 354
cat_boundaries=0 1
cat_threshold=8389120
is_linear=0
shrinkage=0.05


Tree=106
num_leaves=31
num_cat=0
split_feature=36 10 52 41 33 48 1 49 1 38 24 6 13 3 13 51 32 44 29 27 32 37 12 45 40 34 36 27 29 34
split_gain=1.66595 2.35327 2.68171 2.35584 2.23346 2.21705 2.9576 2.75846 2.46225 2.30041 2.71511 2.58166 2.4265 2.26883 2.41703 2.21355 3.34176 3.17592 2.77746 3.90696 2.5451 2.46506 3.15723 2.88444 2.39715 2.91509 2.35728 2.30194 2.98663 2.71192
threshold=-0.66555580647281209 0.91597561503675362 20.500000000000004 5.2000000000000011 0.77888809636988798 51.500000000000007 1.4500000000000002 19.250000000000004 0.95000000000000007 -1.4999999999999429 5.1294586999739042 1.3500000000000003 0.1369010144751204 3.6500000000000008 -0.57240397273781507 -4.1499999999999986 994.45000000000016 40.500000000000007 11.185237245927743 0.6944222218666557 1017.1166666666668 -0.12943824472539392 -0.78409092058138996 7.7500000000000009 82.500000000000014 90.166666666666671 -0.1036944255787824 1.2270100694512844 6.5404667744423213 86.833333333333357
decision_type=2 2 10 10 2 8 2 8 2 10 2 2 2 2 2 8 2 10 2 2 2 2 2 10 10 2 2 2 2 2
left_child=-1 15 4 -4 5 8 13 9 -3 11 -11 -8 -13 14 -7 16 -2 -18 19 21 27 22 23 -19 -24 -26 -22 28 -21 -30
right_child=1 2 3 -5 -6 6 7 -9 -10 10 -12 12 -14 -15 -16 -17 17 18 -20 20 26 -23 24 -25 25 -27 -28 -29 29 -31
leaf_value=-0.00032395309469709921 0.0029310738313368407 -0.00040784479190959235 -0.0037616265795717752 0.0072469659574664839 0.0097743267796836803 0.0034188346517250671 0.042646815473543001 0.022463492183111153 -0.013896138791354979 0.015876900219241818 -0.0032754599270484242 0.033878998302437839 -0.016567878731020436 -0.018333508518809695 -0.0002340826617914571 -6.3788423399556429e-05 0.0014135226437617223 0.00068075024150795755 -0.0033658924641282841 0.0033187497098940075 -0.0021696528111450511 -0.0041370827521887898 0.0055261796200152509 -0.0047059091369246273 0.002193186746622687 -0.0038168470080867213 0.0030452627170845809 -0.0052084298537032475 -0.0061644979336419525 0.0055550265718658613
leaf_weight=6181 76 151 53 279 196 541 89 58 51 31 206 21 36 25 1753 19562 183 28 58 170 25 207 79 61 42 111 89 73 36 36
leaf_count=6181 76 151 53 279 196 541 89 58 51 31 206 21 36 25 1753 19562 183 28 58 170 25 207 79 61 42 111 89 73 36 36
internal_value=-0.000241747 -5.54959e-05 0.0011461 0.00542005 0.000696621 0.000354478 0.000724611 0.00447744 -0.00470064 0.00293657 -0.000105441 0.00787132 -0.000437828 1.078e-05 0.00017436 -0.000256766 -0.00227612 -0.00292129 -0.00401438 -0.00336955 0.000174784 -0.00624882 -0.00350358 -0.0115039 -0.000430849 -0.0040823 0.00657318 -0.00214218 0.000206526 -0.00832178
internal_weight=30507 24326 3490 332 3158 2962 2760 441 202 383 237 146 57 2319 2294 20836 1274 1198 1015 957 429 528 321 89 232 153 114 315 242 72
internal_count=30507 24326 3490 332 3158 2962 2760 441 202 383 237 146 57 2319 2294 20836 1274 1198 1015 957 429 528 321 89 232 153 114 315 242 72
is_linear=0
shrinkage=0.05


Tree=107
num_leaves=31
num_cat=3
split_feature=16 51 14 48 48 48 24 32 31 53 46 42 33 38 1 11 32 33 31 32 7 11 14 42 5 51 46 42 9 31
split_gain=1.63315 2.50755 2.72561 3.13562 2.70965 2.58708 3.1381 2.94545 2.76546 2.5493 4.51022 2.7007 2.64172 3.02111 3.4619 2.75242 2.51219 2.40994 3.77699 2.39078 2.3857 2.42275 2.31799 3.35885 2.33698 2.38177 2.33159 2.54748 2.28238 2.24782
threshold=0 3.149999999999999 1 34.500000000000007 83.500000000000014 47.500000000000007 7.3263899295565151 1004.9166666666669 0.87305339024725381 1.1000000000000005 4.2500000000000009 1.2500000000000002 0.4994438257849122 1.5416666666667427 3.1500000000000008 -0.9159756150367534 1001.9833333333335 0.995543132428235 1.0338708279513893 987.74166666666667 2.3500000000000001 -0.60355339059327384 2 1.0000000180025095e-35 0.094280904158206405 6.7000000000000028 1.5500000000000003 1.4500000000000002 10.500000000000002 0.14999999999999972
decision_type=9 10 1 10 8 8 2 2 2 8 8 8 2 10 2 2 2 2 2 2 2 2 1 8 2 10 8 10 2 2
left_child=1 2 5 -4 22 6 16 8 -7 10 12 -11 -9 14 15 -14 -1 18 29 -5 21 -19 -3 24 -24 -26 27 -25 -10 -17
right_child=-2 4 3 19 -6 7 -8 9 28 11 -12 -13 13 -15 -16 17 -18 20 -20 -21 -22 -23 23 26 25 -27 -28 -29 -30 -31
leaf_value=0.0076986500706119594 1.5121029476003467e-05 -0.00080306261833253752 -0.0032662304563414804 0.0040626633445324965 -0.00044017887326629483 -0.0016161583213968184 0.0086330361154760091 0.001579853324087205 -0.0014003334602053054 -0.0012980124325962517 -0.0048398667567004132 0.0065971610540770109 -0.0035145307822570847 0.014044278229456232 -0.018650684848196597 -0.0088697718242468256 -0.0042621217456215435 -0.0021200326248742188 -0.0054134072069056726 -0.0007975958512369208 -0.011482656260852951 0.013726299389683245 0.0071977891488652279 -0.0040480364407524073 0.0068396825326935869 -0.0056487221583133703 0.012381831168263796 0.011851385244116001 0.0056781492861064419 0.00067433982913021331
leaf_weight=20 18792 346 228 51 496 591 242 1165 53 1265 38 179 60 54 29 27 50 69 76 5395 26 131 124 150 216 30 29 29 88 458
leaf_count=20 18792 346 228 51 496 591 242 1165 53 1265 38 179 60 54 29 27 50 69 76 5395 26 131 124 150 216 30 29 29 88 458
internal_value=-0.000238469 -0.000701487 -0.000973764 -0.00170651 0.00126752 -7.01777e-05 0.00432554 -0.000388712 -0.00327824 0.000202678 0.00130092 -0.00141957 0.0016109 -0.000376304 -0.00108435 -0.000501712 -0.00499287 0.000285859 -0.00147033 -0.00146894 0.00464396 0.00649675 0.00286766 0.0047611 0.00770062 0.00487607 -0.000240269 -0.00237298 0.00301205 0.000154607
internal_weight=30507 11715 10295 5674 1420 4621 312 4309 732 3577 2133 1444 2095 930 876 847 70 787 561 5446 226 200 924 578 370 246 208 179 141 485
internal_count=30507 11715 10295 5674 1420 4621 312 4309 732 3577 2133 1444 2095 930 876 847 70 787 561 5446 226 200 924 578 370 246 208 179 141 485
cat_boundaries=0 1 2 3
cat_threshold=46690368 5258 4752
is_linear=0
shrinkage=0.05


Tree=108
num_leaves=31
num_cat=4
split_feature=16 32 5 11 33 49 33 41 49 16 41 27 43 14 12 35 5 33 5 43 4 26 14 27 5 33 35 41 33 46
split_gain=1.83089 3.63688 2.72881 2.54941 2.22445 2.67196 3.06195 2.30786 2.28269 2.61897 2.28033 2.01544 1.98005 2.16545 3.52235 2.61507 2.35938 2.83157 2.57707 2.66021 2.25128 3.47901 2.21092 3.92946 3.23719 2.58511 2.36792 2.48884 2.45761 2.29962
threshold=0 1022.8166666666668 8.3266726846886753e-17 0.37940952255126048 1.0306365808897704 19.600000000000005 1.2238369799572635 5.9000000000000012 19.600000000000005 1 14.600000000000003 0.20000000000000015 -1.8499999999999999 2 -0.99054754357789199 21.507426375403288 1.3511820925033602 1.4507180352359004 1.5478015412913084 15.550000000000002 0.31666666666666671 -1.5833333333333328 3 0.25000000000000028 0.16663331665265244 0.15000000000006256 11.318616833313392 5.9000000000000012 0.2027402333828163 0.35000000000000003
decision_type=9 2 2 2 2 10 2 10 10 9 10 2 10 1 2 2 2 2 2 10 2 2 1 2 2 2 2 10 2 8
left_child=1 12 3 -3 8 6 -6 -8 -2 11 -9 -10 -1 14 15 -14 17 20 -18 -20 22 -22 26 25 -25 -24 29 28 -28 -16
right_child=4 2 -4 -5 5 -7 7 10 9 -11 -12 -13 13 -15 16 -17 18 -19 19 -21 21 -23 23 24 -26 -27 27 -29 -30 -31
leaf_value=-0.0018224581811149805 7.4416799842007283e-05 -0.00013857608737212896 -0.0020593048797693178 0.0033067300454898961 0.0076740832007577992 0.01175745647961232 0.022445398196643273 -0.011894328564056304 -0.0051148181920881251 -0.00024291438222339424 0.00020538305633857197 -0.0014108760659948595 0.0080285472199773649 -0.00060471374594812672 -0.0010061945058728095 -0.0037207463472378743 -0.017382124567684034 0.013908648417202929 -0.016949882933137584 0.0043149834647837502 0.0046890138838322007 0.00077168915661463564 -0.0019742792197550304 0.0015041590396550121 -0.003593722107755984 -0.0008598879218453038 -0.0039897251325969026 -0.0027774685521011646 0.00360139475638729 0.0059444602292296591
leaf_weight=203 16616 41 126 23 106 62 20 42 43 2527 28 294 206 5093 508 23 54 90 33 108 26 2397 62 932 275 191 20 197 63 98
leaf_count=203 16616 41 126 23 106 62 20 42 43 2527 28 294 206 5093 508 23 54 90 33 108 26 2397 62 932 275 191 20 197 63 98
internal_value=-0.000248303 -0.000772328 -0.00762756 0.000780031 3.79783e-05 0.00464936 0.0017848 -0.00499445 -2.31005e-05 -0.00132677 -0.00927247 -0.0054019 -0.000649866 -0.000554158 0.000155863 0.00621999 -0.000118715 9.77547e-05 -0.00550999 -0.00194897 -6.8147e-05 0.00100078 -0.00117216 3.40113e-05 0.00122194 -0.00563019 -0.00312465 -0.0069618 0.000300842 -0.00140241
internal_weight=30507 10769 190 64 19738 258 196 90 19480 2864 70 337 10579 10376 5283 229 5054 4859 195 141 4769 2423 2346 1460 1207 253 886 280 83 606
internal_count=30507 10769 190 64 19738 258 196 90 19480 2864 70 337 10579 10376 5283 229 5054 4859 195 141 4769 2423 2346 1460 1207 253 886 280 83 606
cat_boundaries=0 1 2 3 4
cat_threshold=46166080 557072 5322 5120
is_linear=0
shrinkage=0.05


Tree=109
num_leaves=31
num_cat=2
split_feature=16 32 39 38 33 49 41 33 36 49 10 10 37 26 3 13 38 43 34 2 34 3 27 32 14 35 2 40 49 52
split_gain=1.87559 2.91369 3.03238 3.03969 2.26761 2.46218 2.6032 2.24346 2.05008 2.50335 3.53913 2.25513 2.25305 2.24716 2.26713 2.12614 2.35864 2.60582 2.84371 2.25495 2.12232 1.94408 1.91975 2.84044 5.70759 2.97311 2.94189 2.44523 2.42725 3.23239
threshold=0 1022.8166666666668 13.550000000000002 0.63333333333361008 1.0306365808897704 10.600000000000003 5.6500000000000012 1.2526056794587517 0.8663331045613889 2.3500000000000005 -0.60355339059327362 0.60355339059327384 -0.13921532422141411 26.31666666666667 1.0000000180025095e-35 0.94995492655104974 -1.1999999999999884 28.950000000000003 88.833333333333357 0.35000000000000003 86.416666666666671 3.5500000000000003 0.62360956446232407 1001.7833333333335 1 4.9440812476641245 2.3500000000000001 67.500000000000014 19.250000000000004 14.500000000000002
decision_type=9 2 10 10 2 10 10 2 2 8 2 2 2 2 2 2 10 10 2 8 2 2 2 2 1 2 10 8 10 10
left_child=1 8 3 -3 22 6 -6 -8 9 10 13 -12 -10 14 -1 16 19 18 -18 -14 -21 -11 -2 24 25 26 -24 -27 -25 -30
right_child=4 2 -4 -5 5 -7 7 -9 12 21 11 -13 15 -15 -16 -17 17 -19 -20 20 -22 -23 23 28 -26 27 -28 -29 29 -31
leaf_value=-0.0029440616121128877 -0.00019924684649786362 -0.00064164313724173058 -0.0035629888464157352 0.0021491634422358958 0.01503065082592569 0.010481672339167422 0.0028259534860571589 -0.011510880589589129 0.010008978733898151 -0.00044820070523772932 0.010753182598210644 -0.0013083197629491896 -0.0054747929664702884 -0.0093331371054513924 0.0037026475455446241 0.014527749742058137 0.010668839127882036 -0.0088092003729379805 -0.0023027851352628854 -0.00016764436723430907 0.028329226688680154 -0.015185038170625852 -0.0051702492115888289 0.00020415198339252818 0.0044133068352272048 0.01362340650769292 0.02979535189129754 8.0388820893748108e-05 -0.001880938374891699 0.0020658345329836957
leaf_weight=28 12293 75 62 40 26 144 55 42 163 7920 212 65 23 39 107 70 40 52 106 24 30 78 211 6691 605 54 38 289 766 159
leaf_count=28 12293 75 62 40 26 144 55 42 163 7920 212 65 23 39 107 70 40 52 106 24 30 78 211 6691 605 54 38 289 766 159
internal_value=-0.000248303 -0.000847541 -0.00719932 -0.00238923 8.18403e-06 0.0045863 -0.000609261 -0.00437693 -0.00072289 -0.000908381 0.00271558 0.00622519 0.00236174 -0.00287191 0.000185048 7.24428e-05 -0.0019084 -0.00479556 -0.00136893 0.00551232 0.0110906 -0.00111276 -4.97487e-05 0.00051344 0.00277755 -0.000747384 -0.0049177 0.00225882 0.000157561 -0.002243
internal_weight=30507 9134 177 115 21373 267 123 97 8957 8449 451 277 508 174 135 345 275 198 146 77 54 7998 21106 8813 1197 592 249 343 7616 925
internal_count=30507 9134 177 115 21373 267 123 97 8957 8449 451 277 508 174 135 345 275 198 146 77 54 7998 21106 8813 1197 592 249 343 7616 925
cat_boundaries=0 1 2
cat_threshold=46166016 3594
is_linear=0
shrinkage=0.05


Tree=110
num_leaves=31
num_cat=4
split_feature=49 37 9 16 51 40 51 3 36 41 44 3 33 38 32 48 38 36 16 31 14 6 33 28 38 6 16 2 39 49
split_gain=1.98111 2.92348 2.98682 5.05954 5.02216 2.88552 2.87122 2.6144 2.4117 2.37362 3.338 2.29264 2.19771 2.19291 2.56187 2.09791 3.45335 2.99707 2.0705 2.56718 3.53095 3.67011 3.27677 2.79897 2.69975 2.95935 3.03178 3.076 2.82603 2.72945
threshold=7.3000000000000016 0.19346526796401059 8.5000000000000018 0 4.0000000000000009 98.500000000000014 0.2999999999999981 5.0500000000000007 0.96832384298290353 8.1000000000000032 83.500000000000014 1.3500000000000003 0.087965281125455888 -0.64999999999992031 1006.3416666666668 84.500000000000014 -0.14999999999992039 0.17644524747975698 1 0.65159863237109028 2 0.55000000000000016 1.0499338582674451 89.166666666666671 0.50000000000005695 1.0000000180025095e-35 3 0.24000000000000005 29.850000000000005 17.800000000000004
decision_type=8 2 2 9 10 10 10 2 2 10 10 2 2 10 2 10 10 2 9 2 1 2 2 2 10 2 9 10 10 8
left_child=1 2 3 9 5 8 -7 -4 15 11 13 -1 -12 14 -11 -5 17 -17 -2 22 21 -21 -20 -23 25 28 27 -27 29 -22
right_child=18 -3 7 4 -6 6 -8 -9 -10 10 12 -13 -14 -15 -16 16 -18 -19 19 20 24 23 -24 -25 -26 26 -28 -29 -30 -31
leaf_value=0.0029293752735058704 -0.00043927332398426282 -0.00053019714051975593 -6.63300887461929e-05 0.010175884806673214 -0.0020023433362281922 0.00089106817045594153 -0.008640710728808022 0.066654424313818877 -0.001857416485671748 -0.0072946139345291261 0.0082043407441500515 -0.012251807735082193 -0.0045548667535151525 0.0027567883147916195 3.3604513399818073e-05 0.00072040038515612807 -0.00025008330555878618 0.015436967824264236 -0.00037361822511252642 -0.00098264061502307274 -0.0013306137051537451 -0.00077534670307101709 0.017995810414189708 0.030401119022833923 0.0028778866409161887 0.0023561474537638627 0.0031377900060645145 -0.0037705937251862917 0.0085982801069139549 0.00042007723797212463
leaf_weight=554 10496 3431 3712 513 94 84 39 51 69 45 21 67 133 121 128 194 200 207 6078 1316 676 78 50 113 750 103 667 158 94 304
leaf_count=554 10496 3431 3712 513 94 84 39 51 69 45 21 67 133 121 128 194 200 207 6078 1316 676 78 50 113 750 103 667 158 94 304
internal_value=-0.000330648 0.000261303 0.000906596 0.00225791 0.00421956 0.00505321 -0.00223396 1.99304e-05 0.005811 -0.000347512 -0.0031243 0.0016503 -0.00908501 0 -0.00361063 0.00637286 0.00436699 0.00704313 -0.000604556 -0.000103394 0.000839379 -0.00110408 -0.0007588 0.00536368 0.00190073 0.000949004 0.00301692 -0.00156769 -0.000837911 -0.00163249
internal_weight=30546 9663 6232 2469 1400 1306 123 3763 1183 1069 448 621 154 294 173 1114 601 401 20883 10387 4259 1507 6128 191 2752 2002 928 261 1074 980
internal_count=30546 9663 6232 2469 1400 1306 123 3763 1183 1069 448 621 154 294 173 1114 601 401 20883 10387 4259 1507 6128 191 2752 2002 928 261 1074 980
cat_boundaries=0 1 2 3 4
cat_threshold=55066688 46413830 1376 17842176
is_linear=0
shrinkage=0.05


Tree=111
num_leaves=31
num_cat=1
split_feature=49 37 10 4 51 38 26 16 11 31 29 2 2 29 40 36 10 31 29 40 44 48 10 36 4 12 33 41 10 45
split_gain=1.78545 2.5911 3.53352 3.29241 2.61939 4.07973 2.60922 2.68417 3.05931 2.87887 2.80359 2.6924 2.64644 2.80111 2.72913 3.34483 2.54561 2.68246 2.50088 2.47379 3.04731 2.46614 2.66383 2.21164 2.16986 2.24835 3.40426 2.18837 2.97947 2.16891
threshold=7.3000000000000016 0.19346526796401059 -0.60355339059327362 2.9166666666666674 3.9000000000000017 -0.93333333333333701 27.683333333333341 0 -0.70710678118654757 0.79302515022468856 10.91879687789954 4.0500000000000007 1.0000000180025095e-35 11.100540382949655 40.500000000000007 -0.70811972747828034 0.60355339059327384 0.50000000000000044 2.2586347517122229 98.500000000000014 90.500000000000014 83.500000000000014 0.78656609248549325 -0.76329264905945993 1.8166666666666669 0.25467112024122879 0.19428090415819368 9.5500000000000025 0.78656609248549325 7.3000000000000016
decision_type=8 2 2 2 10 10 2 9 2 2 2 8 10 2 10 2 2 2 2 10 10 10 2 2 2 2 2 10 2 10
left_child=1 2 3 -1 6 18 7 12 -9 11 23 19 14 -14 -4 29 -17 -18 -6 20 -10 -22 -23 -11 25 -13 -27 -28 -29 -16
right_child=-2 -3 4 -5 5 -7 -8 8 9 10 -12 24 13 -15 15 16 17 -19 -20 -21 21 22 -24 -25 -26 26 27 28 -30 -31
leaf_value=-0.00088361068442655846 -0.00022446787652499192 -0.00050368728349377008 0.019883233896098085 0.063321703098127943 -0.0091756774103670478 0.0010462193253666361 -0.0011779074284486006 2.4488646908354952e-05 -0.00010154527954763237 -0.00040924170899497018 -0.0020717310348077711 0.012385173583229677 0.0018699708437793284 0.029921961550869344 -0.0049108822571128589 0.0020942446562624423 -4.2948239983355009e-05 -0.0047611133163439597 -0.0016176026023882158 -0.0051866241940752098 0.019945535833719431 -0.00077507644580339244 0.0089345719642500831 0.012098979306946093 0.035693878472007126 -0.0018303128972850372 0.014316160033491138 -0.0025876544326143727 0.010501935382525598 -0.0017598757020160284
leaf_weight=1716 20883 3431 35 59 66 238 326 567 416 53 34 290 662 22 68 354 108 78 94 83 66 94 55 358 72 94 88 27 31 78
leaf_count=1716 20883 3431 35 59 66 238 326 567 416 53 34 290 662 22 68 354 108 78 94 83 66 94 55 358 72 94 88 27 31 78
internal_value=-0.000311005 0.000250955 0.000858459 -0.00102811 0.00160979 -0.00226074 0.00198936 0.00236399 0.0034002 0.00444325 0.00791957 0.00326723 0.000618331 0.00285046 -0.00149078 -0.00218627 -0.000370302 -0.00510478 -0.00843223 0.00119031 0.00225796 0.00708973 0.00352113 0.00906106 0.00572995 0.00462177 0.00104123 0.00581793 -0.00172117 -0.00889802
internal_weight=30546 9663 6232 1775 4457 398 4059 3733 2328 1761 445 1316 1405 684 721 686 540 186 160 714 631 215 149 411 602 530 240 146 58 146
internal_count=30546 9663 6232 1775 4457 398 4059 3733 2328 1761 445 1316 1405 684 721 686 540 186 160 714 631 215 149 411 602 530 240 146 58 146
cat_boundaries=0 1
cat_threshold=30031936
is_linear=0
shrinkage=0.05


Tree=112
num_leaves=31
num_cat=5
split_feature=40 16 39 32 28 44 2 47 37 35 48 11 2 36 42 16 7 31 11 14 39 16 40 14 42 9 4 38 38 52
split_gain=1.74707 2.83676 3.48948 3.48448 3.44186 2.82186 3.12935 2.69767 2.6181 5.128 2.96985 2.17725 1.94055 1.88665 1.8515 2.86897 2.75299 3.33454 2.79097 2.74205 2.52586 4.55479 3.27801 2.4971 3.33249 3.09047 2.61574 2.46111 3.14285 3.00472
threshold=98.500000000000014 0 -0.94999999999999984 997.75833333333333 83.416666666666671 77.500000000000014 1.0000000180025095e-35 16.250000000000004 -0.21330875455639212 3.711722196251515 89.500000000000014 -0.37940952255126015 0.65000000000000002 -0.0096982781739341026 0.25000000000000006 1 4.8500000000000005 0.19999999999999954 -0.78656609248549325 2 11.15 3 45.500000000000007 4 1.7500000000000002 16.500000000000004 1.5833333333333337 -1.7333333333331777 0.95000000000015927 35.500000000000007
decision_type=10 9 10 2 2 8 10 8 2 2 8 2 10 2 8 9 2 2 2 1 10 9 10 1 10 2 2 8 10 8
left_child=14 2 -2 13 -3 6 -5 -6 -7 10 -10 -11 -12 -4 -1 19 17 27 -18 -16 -19 23 -23 24 25 -22 -25 -17 29 -29
right_child=1 4 3 5 7 8 -8 -9 9 11 12 -13 -14 -15 15 16 18 20 -20 -21 21 22 -24 26 -26 -27 -28 28 -30 -31
leaf_value=-0.00018267073158281176 -0.0055263589999420609 -0.0039780843471036789 0.010850370432834414 0.00017379755319596181 -0.002775749338047119 -0.0015536669283222006 -0.005752303877283458 0.0035210902464598796 -0.0076444225486665632 0.02845252414753693 0.007971591820551677 0.0030099161055146526 -0.0033833296547793965 0.001413842961472045 0.00040482431590078836 0.0087732092155867591 -0.0080774980646649789 0.0012218901184657461 0.033407703368395027 0.002526787384944685 -0.0052104366995214292 0.011461545194636481 0.00015483484878362765 -0.0045355186143468257 0.042566195407073182 0.016094514618571743 0.035977741405256329 -0.0045795307018516029 0.0019974804017906275 0.0058730942967496497
leaf_weight=23244 25 82 27 82 274 391 94 97 71 67 61 146 27 38 328 71 29 1372 143 310 56 21 2491 365 21 29 37 403 122 22
leaf_count=23244 25 82 27 82 274 391 94 97 71 67 61 146 27 38 328 71 29 1372 143 310 56 21 2491 365 21 29 37 403 122 22
internal_value=-0.000315916 -0.00199042 -0.000505245 -4.97958e-05 -0.00523645 -0.000825258 -0.00653038 -0.003301 0.000491417 0.00349368 -0.00329981 0.00856405 0.00283768 0.0111367 -0.000230525 0.000567001 0.00017334 -3.99194e-05 0.00639163 0.00370313 0.000443979 -0.000364226 0.000515443 -0.00463231 0.00215332 -0.0020564 -0.00643048 -0.0034784 -0.00461524 -0.0066455
internal_weight=30546 1482 1029 1004 453 939 176 371 763 372 159 213 88 65 29064 5820 5182 5010 172 638 4392 3020 2512 508 106 85 402 618 547 425
internal_count=30546 1482 1029 1004 453 939 176 371 763 372 159 213 88 65 29064 5820 5182 5010 172 638 4392 3020 2512 508 106 85 402 618 547 425
cat_boundaries=0 1 2 3 4 5
cat_threshold=42732038 1081378 2744 19008 4244
is_linear=0
shrinkage=0.05


Tree=113
num_leaves=31
num_cat=4
split_feature=29 40 53 25 5 40 49 16 14 32 31 39 43 26 34 31 16 27 33 6 37 31 12 12 40 19 42 34 44 16
split_gain=1.73588 2.37727 2.82627 1.73385 1.62097 1.57361 2.9149 2.36912 3.09062 2.09873 2.39377 2.41259 2.07405 1.96518 1.89845 1.88927 3.17583 2.66756 2.53149 2.15832 2.45408 2.09963 2.98766 3.54075 2.07987 1.98244 1.82947 1.74003 1.73046 1.72624
threshold=15.031415685130005 84.500000000000014 0.80000000000000016 657.52009805466503 0.36817870057290886 98.500000000000014 22.250000000000004 0 1 997.75833333333333 0.25000000000000033 2.0500000000000003 2.4500000000000006 24.31666666666667 47.166666666666679 1.8999999999999992 2 0.28479344402135359 0.69880749227424721 0.25000000000000006 -0.91315444281795954 2.4500000000000011 -0.31226905285971468 0.25467112024122879 39.500000000000007 35.000000000000007 0.25000000000000006 85.833333333333357 96.500000000000014 3
decision_type=2 10 10 2 2 10 10 9 1 2 2 10 10 2 2 2 9 2 2 2 2 2 2 2 10 2 10 2 10 9
left_child=5 2 -2 -4 -5 15 7 8 12 10 -9 -12 -7 27 -11 29 18 -18 19 20 -17 22 24 -24 -19 -26 -15 -10 -8 -1
right_child=1 -3 3 4 -6 6 28 9 13 14 11 -13 -14 26 -16 16 17 21 -20 -21 -22 -23 23 -25 25 -27 -28 -29 -30 -31
leaf_value=-0.00024104376832475988 0.0092888653793540815 -0.0037917732343694683 0.0089027994127453998 0.00020880899349938199 -0.0076196275598879402 5.6849893223701042e-05 -0.0056584025035802876 -0.0097099218443229187 0.015322547074102711 0.023929585499126396 -0.00045968510902811291 0.033139311954560879 -0.0054678512892061722 0.0012361887320900601 -0.00054742590273396119 -0.0052885207597629484 -0.0042052604244020384 0.0022808019304524307 -0.003614108228447141 -0.0070114694891365258 -0.00024200806250112563 0.0093577381947977881 0.01224884772450267 -0.0014562710775827882 0.013093695766605812 -0.0036744242707134169 -0.0086410930969904164 -7.3114040623029061e-05 -0.00051743225103653429 6.969020734256329e-05
leaf_weight=14848 154 32 22 57 28 25 56 20 21 22 21 39 101 26 985 26 30 28 67 46 299 87 38 57 26 81 25 115 24 13140
leaf_count=14848 154 32 22 57 28 25 56 20 21 22 21 39 101 26 985 26 30 28 67 46 299 87 38 57 26 81 25 115 24 13140
internal_value=-0.000332285 0.0034971 0.00507468 -0.00116713 -0.00440658 -0.000369384 -0.00195933 -0.00142847 -0.00518415 -0.000296236 0.00749064 0.0124792 -0.0110213 -0.000887874 -0.000918479 -0.000287595 -0.00270666 0.000910109 -0.00546753 -0.00397467 -0.00253768 0.00228635 -0.000217297 0.00657203 -0.0049963 -0.00816993 -0.0092955 0.00220426 -0.011236 -0.000219736
internal_weight=30546 293 261 107 85 30253 1480 1400 313 1087 80 60 126 187 1007 28773 785 347 438 371 325 317 230 95 135 107 51 136 80 27988
internal_count=30546 293 261 107 85 30253 1480 1400 313 1087 80 60 126 187 1007 28773 785 347 438 371 325 317 230 95 135 107 51 136 80 27988
cat_boundaries=0 1 2 3 4
cat_threshold=17973328 7208 18106388 46299170
is_linear=0
shrinkage=0.05


Tree=114
num_leaves=31
num_cat=2
split_feature=3 34 31 50 29 16 51 29 12 41 49 38 27 5 3 35 16 27 31 13 51 38 4 53 29 53 36 26 43 13
split_gain=1.49857 3.04911 1.58737 2.86983 4.39281 2.75368 3.40016 2.62521 2.43472 2.40955 2.39047 2.32967 3.36402 2.42761 2.46947 2.32361 3.78085 2.78249 3.43401 2.5986 2.30217 2.12887 2.07036 1.99729 1.94483 1.93572 1.91288 1.8598 2.71525 2.1859
threshold=7.3500000000000005 98.583333333333357 0.14999999999999999 1.0000000180025095e-35 8.9690741426172966 0 -3.1499999999999999 4.0138409955990966 -0.042903177641794764 0.90000000000000013 26.800000000000004 -0.10000000000007957 0.18856180831641331 0.081649658092772678 0.95000000000000007 12.251983127241358 1 0.40276819911981931 0.065824829046386521 0.077175462126646319 0.59999999999999887 0.63333333333361008 0.31666666666666671 4.6500000000000021 4.9944382578492954 -0.70000000000000184 0.13305652916123537 1.541666666666667 4.8500000000000005 0.67292423355342834
decision_type=2 2 2 10 2 9 10 2 2 10 8 10 2 2 2 2 9 2 2 2 10 10 2 10 2 10 2 2 10 2
left_child=2 -2 3 4 5 6 -1 15 -8 -7 27 -10 -13 21 22 16 -5 23 -19 -17 -21 -14 -15 -18 -9 -26 -25 -11 -29 -30
right_child=1 -3 -4 7 -6 9 8 24 11 10 -12 12 13 14 -16 19 17 18 -20 20 -22 -23 -24 26 25 -27 -28 28 29 -31
leaf_value=-0.0066220368633276962 -0.0098560049610566698 0.088737322051302789 -8.6259644827212109e-05 0.0077469738012198161 0.024297813047324968 0.011277479095094269 0.00026162345392119479 -0.0088014479058158932 -0.0038904999163387483 -0.0019404349359003342 0.0084374037786423602 -0.0051198596287475653 0.0046877500109726829 0.0022025686867206823 -0.0033282898060112312 -0.0060423487018067355 -0.0021088194482467358 0.0029806693341418835 -0.0060427515911305116 -0.0058222283160542067 0.0071081449874061207 -0.0036842619806454011 0.012383602396602106 -0.00052988254470020537 0.0078481817740987374 -0.0074713027265022247 0.022613029179077884 0.0052317745091402818 2.8757591068499791e-05 -0.0032589122486550316
leaf_weight=85 51 77 27668 106 27 56 410 23 172 29 62 34 20 20 28 66 156 25 54 29 28 21 30 25 20 48 28 122 852 174
leaf_count=85 51 77 27668 106 27 56 410 23 172 29 62 34 20 20 28 66 156 25 54 29 28 21 30 25 20 48 28 122 852 174
internal_value=-0.000322463 0.00507416 -0.000345189 -0.00149085 -0.000630223 -0.000886483 -0.00313215 -0.00452228 -0.00207455 0.000555513 0.00010088 -0.00530606 -0.00081646 0.00314861 0.00832266 -0.00314253 -0.00126871 -0.00419322 -0.0123262 -0.00913891 -0.00131349 -0.006691 0.0149701 -0.00131516 -0.0123491 -0.00807636 0.00706215 -0.000403534 -8.71004e-05 -0.000925836
internal_weight=30546 128 30418 2750 2142 2115 820 608 735 1295 1239 325 153 119 78 517 394 288 79 123 57 41 50 209 91 68 53 1177 1148 1026
internal_count=30546 128 30418 2750 2142 2115 820 608 735 1295 1239 325 153 119 78 517 394 288 79 123 57 41 50 209 91 68 53 1177 1148 1026
cat_boundaries=0 1 2
cat_threshold=30474274 34341472
is_linear=0
shrinkage=0.05


Tree=115
num_leaves=31
num_cat=1
split_feature=45 13 50 4 12 19 49 16 31 43 40 9 47 51 32 39 34 53 39 29 39 38 38 53 36 41 37 47 37 36
split_gain=1.89478 3.68634 2.46938 2.41952 2.63001 3.93022 3.21075 2.88971 2.739 4.34912 3.10345 2.37839 2.9411 2.19345 2.62935 2.22353 2.33897 2.18797 2.07224 2.33613 2.03521 1.98491 1.94585 2.99337 2.07275 2.79036 2.54633 2.22253 1.91311 1.8571
threshold=22.500000000000004 -0.98053927088909909 1.3500000000000003 1.4166666666666672 -0.5074150932938456 17.000000000000004 32.20000000000001 0 0.09999999999999977 5.2500000000000009 83.500000000000014 8.5000000000000018 20.650000000000002 -2.4000000000000004 1005.0416666666669 19.550000000000004 81.416666666666671 -5.3999999999999995 21.950000000000003 6.1734131666497243 9.4500000000000011 -0.59999999999996578 0.66666666666679941 -12.149999999999999 -0.95866536036051864 24.050000000000004 -0.35009362755304929 3.2500000000000004 -0.34122636676478468 -0.72386810152872527
decision_type=8 2 10 2 2 2 10 9 2 10 10 2 8 8 2 8 2 10 8 2 10 10 10 10 2 10 2 10 2 2
left_child=29 -2 3 4 5 6 21 -6 9 -9 13 -5 20 14 -10 16 -15 -7 -17 -20 -13 -3 24 -24 -18 26 27 -26 -22 -1
right_child=1 2 -4 11 7 17 -8 8 10 -11 -12 12 -14 15 -16 18 22 -19 19 -21 28 -23 23 -25 25 -27 -28 -29 -30 -31
leaf_value=-0.00042464928024593673 0.012257492647935828 -0.003776556238262957 -0.003637534081805133 -0.0087516838838271448 0.007689892440538768 -0.0023411420621541807 0.015622397113940485 0.0060411609100375855 -0.0020867365202910828 -0.0046795937580560651 -0.0018167983162602028 0.024685853119934355 0.065681049482838996 0.0033959532992568296 9.0924046536025602e-05 -0.0018622646554657509 -0.0038927569634960219 -0.0043920328094332927 -0.0023035170762200062 0.0084924572200856564 -0.016829245407706982 0.00068762572084834226 0.025298001712809416 0.00082401133563004549 0.00026768416518729301 0.0028757455729307561 0.002906140919281239 -0.0040446304883850785 0.036867402667050943 3.069858017928917e-05
leaf_weight=4723 113 71 61 81 142 301 31 21 53 54 454 39 33 68 71 43 23 148 116 24 32 160 30 67 27 118 55 54 30 23293
leaf_count=4723 113 71 61 81 142 301 31 21 53 54 454 39 33 68 71 43 23 148 116 24 32 160 30 67 27 118 55 54 30 23293
internal_value=-0.0002145 -0.00152772 -0.00194217 -0.00168365 -0.0021937 -0.00467585 0.000190767 -0.000950637 -0.00170794 -0.0109854 -0.00114288 0.00337053 0.00745712 0.000834335 -0.00523771 0.00203967 0.00395838 -0.00751503 -0.00259421 0.000356888 0.00321464 -0.00183903 0.00240577 0.0084964 0.00027066 0.00157418 -0.00330639 -0.00893958 -0.00241546 -9.63732e-05
internal_weight=30536 2520 2407 2346 2131 711 262 1420 1278 75 1203 215 134 749 124 625 442 449 183 140 101 231 374 97 277 254 136 81 62 28016
internal_count=30536 2520 2407 2346 2131 711 262 1420 1278 75 1203 215 134 749 124 625 442 449 183 140 101 231 374 97 277 254 136 81 62 28016
cat_boundaries=0 1
cat_threshold=131604
is_linear=0
shrinkage=0.05


Tree=116
num_leaves=31
num_cat=2
split_feature=45 13 54 39 10 14 19 53 49 32 54 51 38 44 13 33 33 41 18 10 34 46 13 5 35 36 13 16 23 45
split_gain=1.80498 2.95468 2.29265 2.06172 2.20784 1.89672 3.48231 3.12742 2.7746 2.68956 2.2178 2.00117 2.12651 1.83594 1.96051 1.89095 2.16976 2.83214 2.78687 2.71858 2.25645 2.3521 2.48568 2.5474 2.49819 1.83887 1.80584 2.67122 2.43344 2.13909
threshold=22.500000000000004 -0.98053927088909909 0.43333333333333357 15.550000000000002 0.60355339059327384 0 54.500000000000007 -8.2499999999999982 29.350000000000005 1016.9166666666669 1.6500000000000008 -4.9500000000000002 -0.76666666666648087 70.500000000000014 0.99168614031016866 0.77888809636988798 0.09999999999999433 9.5500000000000025 19.961115000000003 1.0000000180025095e-35 48.833333333333336 1.9500000000000002 0.085727341951035305 0.29056810222284135 7.0197853469904805 -0.91450428498405845 0.99904236206516794 1 4.9036607822263392 20.100000000000005
decision_type=8 2 2 10 2 1 2 10 10 2 2 8 10 8 2 2 2 8 2 2 2 10 2 2 2 2 2 9 2 10
left_child=26 3 -3 -2 -5 6 7 9 -9 10 -4 12 -7 14 -13 16 25 18 19 -18 -19 22 24 -24 -22 -15 29 -28 -29 -1
right_child=1 2 5 4 -6 11 -8 8 -10 -11 -12 13 -14 15 -16 -17 17 20 -20 -21 21 -23 23 -25 -26 -27 27 28 -30 -31
leaf_value=-5.8678638081416382e-05 -0.00025350576940322278 0.0071630683767225541 -0.0079681456018513945 0.040210830816689726 -0.00032636493339833209 -0.0062087345356353438 -0.0041194350922836116 -0.0036142874127476025 0.018255138959259443 -0.0025107873520816178 0.008522555305434899 0.00054230707560769535 -0.00099549575528732346 0.0036458727772312642 -0.0040807555808350078 -0.0033068272825993077 -0.0059441200924894265 0.0024175991228852891 -0.0057094856742969883 0.00069837755204198995 -0.0064318112479689361 0.011224371562605306 -0.00052731917596065549 0.0068192392911838101 -0.00044505170806882213 -0.0032678035483583198 0.0011849896213286222 -0.0032747540428602895 -0.0036548945912948357 0.00078497358371666659
leaf_weight=26102 47 54 28 42 24 39 136 160 29 30 85 622 72 23 32 60 44 36 29 45 59 43 367 217 80 117 109 158 28 1619
leaf_count=26102 47 54 28 42 24 39 136 160 29 30 85 622 72 23 32 60 44 36 29 45 59 43 367 217 80 117 109 158 28 1619
internal_value=-0.000206313 -0.00148804 -0.00185908 0.00641026 0.0121029 -0.00209298 -0.00491529 -0.00225836 -0.00647805 0.00331936 0.00685234 -0.00135877 -0.00787579 -0.000958232 0.00114661 -0.0021873 -0.00169795 -0.000815129 -0.00804403 -0.00364759 0.000249345 -0.000326328 -0.00100263 0.000428009 -0.00700935 -0.00749465 -9.10191e-05 -0.0039817 -0.00739419 -4.96012e-05
internal_weight=30536 2520 2407 113 66 2353 468 332 189 143 113 1885 111 1774 654 1120 1060 920 118 89 802 766 723 584 139 140 28016 295 186 27721
internal_count=30536 2520 2407 113 66 2353 468 332 189 143 113 1885 111 1774 654 1120 1060 920 118 89 802 766 723 584 139 140 28016 295 186 27721
cat_boundaries=0 1 2
cat_threshold=2560 51905056
is_linear=0
shrinkage=0.05


Tree=117
num_leaves=31
num_cat=3
split_feature=45 13 54 36 31 9 12 4 41 16 24 3 14 31 50 9 35 14 47 45 31 47 24 51 28 30 32 1 48 28
split_gain=1.93754 2.90568 2.25225 1.98747 2.04931 2.44172 1.80579 1.75961 3.22243 1.98879 2.86 2.73645 3.10706 3.46428 2.45016 2.08635 2.08233 1.93136 2.74409 2.71909 2.95414 2.72228 2.63241 2.49757 2.11829 1.91905 2.34272 2.02513 1.91203 1.90376
threshold=22.500000000000004 -0.99815866078541837 0.43333333333333357 -0.9793795751206521 0.20548046676563272 10.500000000000002 -0.99628166032228227 1.1583333333333337 10.600000000000003 0 4.0805921140047454 0.95000000000000007 1 0.09999999999999977 1.0500000000000003 14.500000000000002 2.4972191289246477 2 2.6500000000000008 36.850000000000009 0.90921211313239081 5.6500000000000012 7.7035294389757762 -0.35000000000000137 71.833333333333357 0.78333333333333355 998.11666666666679 0.55000000000000016 66.500000000000014 86.833333333333357
decision_type=8 2 2 2 2 2 2 2 10 9 2 2 1 2 8 2 2 1 8 10 2 8 2 10 2 2 2 2 10 2
left_child=-1 -2 -3 4 -4 -6 -5 9 28 10 -8 12 14 -14 25 -13 -15 22 -19 21 -21 -20 24 -24 -12 27 -27 -11 -9 -18
right_child=1 2 3 6 5 -7 7 8 -10 11 17 15 13 16 -16 -17 29 18 19 20 -22 -23 23 -25 -26 26 -28 -29 -30 -31
leaf_value=-3.2007926316135471e-05 0.04808797458875208 0.0068049149578864269 -0.0023081518191910648 -0.0030977729195353909 -0.0011409236639791044 0.010891983651578431 0.00077766146378786122 0.0010323960800308119 0.011879657357903313 -0.0024387786518980134 0.012083715178161137 -0.01128697824012112 -0.0055953660008366936 -0.0032214652763320863 -0.0050843217337810361 -0.00045151063669705561 0.00023652312209304917 0.0082002099189064266 -0.0027777569629393612 0.0091066905599057873 -0.0026082403376291559 -0.0019322739244328896 0.0054535910541450849 -0.0022910794932221356 0.0012209338098307335 0.001236983216620885 -0.001884849932727084 0.00025804780382384095 -0.02190539448921593 0.01123698437285222
leaf_weight=28016 51 54 21 89 28 40 96 26 235 63 42 65 23 54 37 35 201 25 64 52 21 475 32 96 66 99 294 23 26 87
leaf_count=28016 51 54 21 89 28 40 96 26 235 63 42 65 23 54 37 35 201 25 64 52 21 475 32 96 66 99 294 23 26 87
internal_value=-0.000199764 -0.00152772 -0.0017719 -0.00199785 0.00533109 0.00954479 -0.00227849 -0.00200036 0.00165448 -0.00253833 -0.000893678 -0.00411159 -0.00326297 0.000333244 -0.00570234 -0.011988 0.00160772 -0.00180392 -0.00320661 -0.00392093 0.00512996 -0.00514747 0.00203169 -0.00273224 0.00786309 -0.00485285 -0.00337064 -0.0116144 -0.00959693 0.00329747
internal_weight=30536 2520 2469 2415 89 68 2326 2237 287 1950 969 981 881 365 516 100 342 873 637 612 73 539 236 128 108 479 393 86 52 288
internal_count=30536 2520 2469 2415 89 68 2326 2237 287 1950 969 981 881 365 516 100 342 873 637 612 73 539 236 128 108 479 393 86 52 288
cat_boundaries=0 1 2 3
cat_threshold=34093616 6410 4296
is_linear=0
shrinkage=0.05


Tree=118
num_leaves=31
num_cat=2
split_feature=45 13 51 14 16 36 4 47 34 48 36 24 47 49 24 42 23 32 45 42 46 12 53 49 34 37 33 33 31 48
split_gain=1.8895 2.89592 2.31926 2.08725 2.80419 2.63068 4.65255 3.5393 2.64439 2.61865 2.2491 2.88676 2.98093 2.16889 2.14679 2.07369 2.42576 1.99308 2.00539 1.9658 1.88586 1.82002 2.1507 2.22965 2.52283 2.33081 2.42472 1.91607 2.10283 1.89864
threshold=22.500000000000004 -0.99815866078541837 -4.7999999999999972 0 1 0.75461379195228384 1.4583333333333337 -0.6499999999999998 52.416666666666679 59.500000000000007 0.63232724901282089 4.7640378779746628 13.250000000000002 29.350000000000005 6.9121853913871725 0.95000000000000007 2.7851003445000093 1007.7166666666668 24.650000000000002 1.7500000000000002 1.5500000000000003 0.93568234840038345 -8.9499999999999975 12.800000000000002 91.583333333333357 -0.55072437456407475 0.22586347517122932 0.36817870057292212 0.5734883511361758 86.500000000000014
decision_type=8 2 8 1 9 2 2 10 2 10 2 2 8 10 2 8 2 2 8 8 10 2 8 10 2 2 2 2 2 10
left_child=-1 -2 15 13 17 8 7 -7 -6 10 11 -10 -13 19 -15 16 -3 18 -5 -4 21 22 23 24 -11 29 -27 -28 -29 -25
right_child=1 2 3 4 5 6 -8 -9 9 20 -12 12 -14 14 -16 -17 -18 -19 -20 -21 -22 -23 -24 25 -26 26 27 28 -30 -31
leaf_value=-3.0407530000331473e-05 0.045683575859314478 -0.0038746908835585489 -0.0023226870286656822 -0.0027297001680162292 0.00074802514544415198 0.0037202239233702808 0.023122770437928732 -0.0037770270762797669 -0.0038771726479475965 0.0078178286112697334 0.013359600859666441 0.0098686939249219632 -0.0028238812228731148 0.013122936127302261 -0.0017982893728887312 -0.0043657327332887455 0.0010556368157657648 0.00024840751728082144 0.012458728004400569 0.0034599106569735806 0.010207618071145034 -0.0028968965220818794 -0.00045117887553922933 -0.0019396855650854223 0.0016283530715538288 0.0071176300782542007 -0.0025458757230219066 0.0068174368884321157 -0.00047758556125762912 0.0036133724804856106
leaf_weight=28016 51 83 671 20 60 22 21 140 38 33 33 36 137 30 48 24 85 115 99 32 55 97 338 59 36 34 36 21 27 39
leaf_count=28016 51 83 671 20 60 22 21 140 38 33 33 36 137 30 48 24 85 115 99 32 55 97 338 59 36 34 36 21 27 39
internal_value=-0.000196489 -0.00150788 -0.00175165 -0.00130649 -0.00019919 -0.00113985 -0.00669033 -0.009562 -0.000208507 -0.000809538 -0.00532569 -0.00722406 -0.00447718 -0.00338137 0.00448143 -0.00702759 -0.00505651 0.00471118 0.00944584 -0.00430238 0.000612824 -6.94348e-05 0.000922805 0.00412136 0.0119392 0.00161962 0.00635055 0.00178359 0.00831601 -0.00407747
internal_weight=30536 2520 2469 2277 1496 1262 183 162 1079 1019 244 211 173 781 78 192 168 234 119 703 775 720 623 285 69 216 118 84 48 98
internal_count=30536 2520 2469 2277 1496 1262 183 162 1079 1019 244 211 173 781 78 192 168 234 119 703 775 720 623 285 69 216 118 84 48 98
cat_boundaries=0 1 2
cat_threshold=6912 655892
is_linear=0
shrinkage=0.05


Tree=119
num_leaves=31
num_cat=0
split_feature=45 13 54 4 11 32 4 38 47 3 11 52 26 44 19 51 54 34 34 35 33 9 5 46 46 7 36 12 31 9
split_gain=2.02507 2.91545 2.26129 1.78061 2.26275 2.58759 2.50179 2.20203 2.71375 2.10786 2.09918 2.01873 1.95504 1.93163 2.12895 1.99675 2.17201 1.9425 1.92412 2.12538 1.93742 1.91666 1.75157 1.84179 1.72341 1.86265 1.71623 3.06674 4.3594 2.47699
threshold=22.500000000000004 -0.99815866078541837 0.43333333333333357 1.4166666666666672 -0.60355339059327384 1013.8166666666668 2.183333333333334 -0.74999999999994305 1.0500000000000003 1.6500000000000001 -0.5 11.500000000000002 9.5833333333333375 50.500000000000007 138.00000000000003 -3.1499999999999999 4.2000000000000028 97.583333333333357 75.416666666666671 2.2586347517122229 0.41096093353126945 6.5000000000000009 0.15000000000000011 1.5500000000000003 0.15000000000000005 0.15000000000000005 -0.72386810152872527 -0.99863729997741457 1.0992419017761368 20.500000000000004
decision_type=8 2 2 2 2 2 2 10 8 2 2 10 2 8 2 8 2 2 2 2 2 2 2 8 8 2 2 2 2 2
left_child=26 -2 -3 7 6 11 12 8 10 13 -4 -6 -5 17 15 16 -15 -10 21 20 -20 -17 24 -24 25 -21 -1 28 29 -28
right_child=1 2 3 4 5 -7 -8 -9 9 -11 -12 -13 -14 14 -16 18 -18 -19 19 22 -22 -23 23 -25 -26 -27 27 -29 -30 -31
leaf_value=-0.00036719288914717767 0.043399397066348759 0.0062112681855987333 -0.0014451556184890873 0.021395294518882821 -0.0054671432025627303 -0.014336925951291447 -0.0067477800115395671 -0.00026952477599491225 0.0021604975094835859 0.0085741257577752923 0.0051410130564065962 0.016218039867412583 0.026121975192754623 -0.0059243241164255531 -0.0038292193774193935 -0.0031189358434500882 0.00037473065945914656 -0.0026087467338072549 -0.0011406549542679056 0.0021263943847271956 -0.0044585244946289239 -0.0010789307093165314 8.6147976214312472e-05 0.01778027798536827 -0.0015281413495503696 -0.0013250323625041028 0.012030668611726908 8.2008902513780461e-06 -0.0026281662499318586 -0.003401239655449223
leaf_weight=4723 51 54 36 26 67 21 26 1360 47 25 40 31 29 92 59 34 27 23 85 26 51 24 137 28 82 39 310 22861 82 40
leaf_count=4723 51 54 36 26 67 21 26 1360 47 25 40 31 29 92 59 34 27 23 85 26 51 24 137 28 82 39 310 22861 82 40
internal_value=-0.000189939 -0.00154756 -0.00179215 -0.00201855 0.00249875 -0.00188917 0.00893958 -0.00242653 -0.00441469 -0.00529457 0.00459921 0.00152905 0.0149728 -0.00576847 -0.00657799 -0.00571908 -0.0115449 0.0021398 -0.00434697 -0.00323588 -0.00844967 -0.0129088 -0.00096123 0.0025742 -0.00492862 0.00115207 -6.78181e-05 0.000108401 0.00428142 0.00671237
internal_weight=30536 2520 2469 2415 200 119 81 2215 855 779 76 98 55 754 684 625 119 70 506 448 136 58 312 165 147 65 28016 23293 432 350
internal_count=30536 2520 2469 2415 200 119 81 2215 855 779 76 98 55 754 684 625 119 70 506 448 136 58 312 165 147 65 28016 23293 432 350
is_linear=0
shrinkage=0.05


Tree=120
num_leaves=31
num_cat=3
split_feature=47 28 40 48 37 35 35 41 11 16 37 34 32 36 52 31 14 23 36 35 40 40 33 14 38 5 52 49 36 26
split_gain=1.83992 3.00268 3.50388 5.12492 3.65553 3.23671 3.08582 3.04923 3.00524 3.12425 3.97595 4.22918 2.98545 3.6299 3.03587 3.67595 2.9278 2.70243 2.6904 2.77834 3.60887 2.91644 2.66602 2.63616 3.07558 2.94102 2.92928 2.68478 2.58558 3.31923
threshold=23.950000000000003 86.583333333333357 79.500000000000014 59.500000000000007 -0.90957566906863307 0.97140452079103179 18.251327701404787 4.8500000000000005 0.37940952255126048 0 0.19346526796401059 23.583333333333339 1014.0166666666668 0.069374340482214733 -5.4999999999999991 0.52493385826745487 1 1.8693202147520467 0.31532220742153078 23.598489133155713 56.500000000000007 40.500000000000007 1.6995096624916297 2 -0.46666666666664008 0.35295130420052201 9.5000000000000018 3.6500000000000008 -0.44550326209418395 18.116666666666671
decision_type=8 2 10 8 2 2 2 10 2 9 2 2 2 2 10 2 1 2 2 2 10 10 2 1 10 2 10 8 2 2
left_child=22 8 5 17 7 -3 16 -5 12 -10 11 -11 18 14 -14 -16 -7 -4 19 -2 21 -21 -1 24 27 -26 -27 -6 -13 -30
right_child=1 2 3 4 23 6 -8 -9 9 10 -12 28 13 -15 15 -17 -18 -19 -20 20 -22 -23 -24 -25 25 26 -28 -29 29 -31
leaf_value=-1.1956766715501278e-05 -0.0014639655809201083 0.025562281051358889 -0.010108597899862602 0.0092419276946022928 -0.011745525081699293 -0.0047349258364245694 0.027084743732091299 -0.0081357922055931616 -0.0044349428849245051 0.0093148559547888404 -0.0032825028237700562 -0.0027564537183869392 -0.002132949535148026 -0.0022956489811868613 0.0088501165939376177 -0.00048671671471284261 0.0076532367985235016 0.00017452208890055278 0.0011593418440822608 -0.0042427388644469544 -0.00038688393086357066 0.015006544692266669 0.0086502364563745531 -0.00062243825897453366 0.021758254294170887 -0.0052764722967413085 0.033134965280345152 0.011977580956278456 0.024460068323847894 -0.00015249477269323465
leaf_weight=22398 2008 173 78 27 43 239 75 63 226 29 332 293 98 251 59 183 160 35 1356 47 406 123 54 667 219 117 65 73 24 614
leaf_count=22398 2008 173 78 27 43 239 75 63 226 29 332 293 98 251 59 183 160 35 1356 47 406 123 54 667 219 117 65 73 24 614
internal_value=-0.000228426 -0.000875283 0.000786589 -0.000630812 0.000274704 0.00382476 0.00168741 -0.00943396 -0.0014341 -0.00335946 -0.00234237 -0.000729091 -0.000788992 -0.00410252 -0.000735078 0.00227179 -6.26409e-05 -0.0108311 -0.000291871 -0.00123834 0.0018226 0.00793651 4.45393e-06 0.00101343 0.00365206 0.00579656 0.0010983 -0.00344531 -0.00131565 0.000470146
internal_weight=30535 8083 2034 1387 1274 647 474 90 6049 1518 1292 960 4531 591 340 242 399 113 3940 2584 576 170 22452 1184 517 401 182 116 931 638
internal_count=30535 8083 2034 1387 1274 647 474 90 6049 1518 1292 960 4531 591 340 242 399 113 3940 2584 576 170 22452 1184 517 401 182 116 931 638
cat_boundaries=0 1 2 3
cat_threshold=25430016 5536 1904
is_linear=0
shrinkage=0.05


Tree=121
num_leaves=31
num_cat=2
split_feature=47 41 31 38 7 33 24 52 16 32 14 40 46 31 10 36 36 11 35 40 12 53 23 3 33 38 43 3 51 53
split_gain=1.84925 2.79233 2.77668 2.68985 3.69436 2.66495 2.6633 2.47405 2.35293 3.99267 2.43641 4.42103 3.09597 2.66439 2.64721 4.41275 2.87945 2.59606 3.60869 2.42876 2.38823 2.4507 2.3202 2.78488 2.73773 2.32149 2.36445 2.287 2.4238 2.28653
threshold=23.950000000000003 1.9000000000000001 0.77602978178818771 -1.8000000000000111 7.8500000000000005 1.6995096624916297 11.157966999374231 -35.499999999999993 0 1013.6416666666668 1 55.500000000000007 4.9500000000000011 0.38149242336291639 -0.78656609248549292 -0.83591788935300626 -0.29232203331489143 -0.12940952255126037 1.7926456271808611 53.500000000000007 -0.33663728424691025 2.1500000000000012 1.620607744358334 1.2500000000000002 0.80069384267236665 1.0000000180025095e-35 23.550000000000004 0.25000000000000006 -0.30000000000000043 1.8999999999999997
decision_type=8 10 2 10 2 2 2 8 9 2 1 10 10 2 2 2 2 2 2 8 2 10 2 2 2 10 10 2 10 10
left_child=5 2 -2 4 6 -1 -3 -5 -9 10 11 13 17 -10 16 -16 -12 -13 20 -17 -19 -22 24 -24 25 -21 -27 -11 -29 -15
right_child=1 3 -4 7 -6 -7 -8 8 9 27 14 12 -14 29 15 19 -18 18 -20 22 21 -23 23 -25 -26 26 -28 28 -30 -31
leaf_value=-1.1358928379726075e-05 0.0095746272546982768 -0.0014211175399210395 -0.00089969596085724419 -0.0060694316487228204 0.11313331260903302 0.0082177246335558268 0.0031382846583833282 0.0003398261464572117 -0.0094187005750737216 -0.00071647134840155044 0.010787614414594492 -0.0014370193746173765 0.032519039417477712 0.016094620176179918 -0.0040356512023978471 -0.004944658114105379 0.00011031303297353024 0.011459834387037427 -0.0043463467798964097 0.030924927353348192 0.0033890969196566758 -0.0084386439795805443 -0.0001544552026810711 -0.0085625128180784518 -0.010067667337249476 -0.012522894865345042 0.0070562251057642829 -0.0082720560333753197 -0.0056231199433063933 3.7480984642415671e-05
leaf_weight=22398 354 132 217 65 28 54 545 779 24 428 184 703 21 83 271 138 331 68 647 142 55 26 2094 182 31 25 152 159 141 58
leaf_count=22398 354 132 217 65 28 54 545 779 24 428 184 703 21 83 271 138 331 68 647 142 55 26 2094 182 31 25 152 159 141 58
internal_value=-0.000226788 -0.000875283 0.00249518 -0.00113151 0.00180825 6.68089e-06 0.00107074 -0.001436 -0.00134231 -0.00167836 -0.00119864 -0.00275795 -0.00361818 0.00499697 -0.000449426 -0.00101315 0.00286352 -0.00388566 -0.00584097 -0.000416049 0.00117371 -0.00462392 -7.61586e-05 -0.000659022 0.00371322 0.00509245 0.00127047 -0.00515039 -0.00849717 0.00761871
internal_weight=30535 8083 571 7512 705 22452 677 6807 6742 5963 5235 1685 1520 165 3550 3035 515 1499 796 2764 149 81 2626 2276 350 319 177 728 300 141
internal_count=30535 8083 571 7512 705 22452 677 6807 6742 5963 5235 1685 1520 165 3550 3035 515 1499 796 2764 149 81 2626 2276 350 319 177 728 300 141
cat_boundaries=0 1 2
cat_threshold=1970272 2196
is_linear=0
shrinkage=0.05


Tree=122
num_leaves=31
num_cat=3
split_feature=47 28 43 14 32 5 33 29 33 11 11 40 27 39 48 13 33 9 31 12 18 48 38 38 14 44 11 14 47 53
split_gain=1.8234 2.69902 3.50801 3.42027 3.90732 3.69857 3.15181 3.0118 2.84813 2.78677 2.73909 2.73782 3.32187 2.747 2.78817 2.72574 2.66495 2.44738 3.4435 2.6058 2.33737 3.0002 2.17275 2.37948 2.1686 2.46238 2.87288 2.11868 2.3121 2.10471
threshold=23.950000000000003 86.833333333333357 17.350000000000005 0 1015.2166666666668 0.64288914274887643 0.69442222186666414 0.97140452079103179 0.54999999999998306 0.37940952255126048 -0.9159756150367534 81.500000000000014 0.14571067811865424 28.050000000000004 48.500000000000007 0.99963164097526624 1.6995096624916297 1.0000000180025095e-35 0.89938250421546984 -0.99054754357789199 18.489315000000001 79.500000000000014 -2.7166666666666965 -1.6999999999998747 1 73.500000000000014 0.91597561503675351 2 27.950000000000003 5.7500000000000009
decision_type=8 2 8 1 2 2 2 2 2 2 2 10 2 10 10 2 2 2 2 2 2 10 10 10 1 10 2 1 10 10
left_child=16 2 8 5 11 6 10 -7 -2 15 -3 12 -5 14 -13 22 -1 18 -11 -19 -12 -22 -4 27 25 29 -27 28 -24 -21
right_child=1 3 9 4 -6 7 -8 -9 -10 17 20 13 -14 -15 -16 -17 -18 19 -20 24 21 -23 23 -25 -26 26 -28 -29 -30 -31
leaf_value=-1.0790981960738522e-05 -0.0045832633415091167 0.016216156909930685 -0.005620083319383096 -0.01623200388986323 -0.0039597286858616548 0.032632047989700944 0.019145957136747972 -0.011363956400862846 0.0017486241101472982 0.0083334773734661145 -0.0085660212012489828 -0.0030354176807228187 0.017825256794378741 -0.013999591418464741 0.0063226550595466176 -0.0074962872391150671 0.007806838401878036 0.0017521657950293576 -0.003575241940587988 -0.0019632974168441557 0.0067913333941843519 -0.0035830844697364306 -0.007207531227526035 -0.000558438277354778 -0.0013842267534058983 -0.0053237547689164071 -0.00069733802648633833 0.0050586896229410042 -0.00057588206787951852 0.0020166676853343667
leaf_weight=22398 101 59 31 38 108 32 89 172 36 70 24 129 388 33 647 22 54 66 36 228 62 215 23 3687 748 230 78 607 86 38
leaf_count=22398 101 59 31 38 108 32 89 172 36 70 24 129 388 33 647 22 54 66 36 228 62 215 23 3687 748 230 78 607 86 38
internal_value=-0.000225151 -0.000869097 -0.00139229 0.000726417 0.0021617 -0.0022244 0.000278334 -0.00783929 -0.00929978 -0.00121006 -0.00180505 0.00297547 0.0062192 0.00126684 0.00186832 -0.00058347 6.68089e-06 -0.00307878 0.00424128 -0.00363807 -0.0037363 -0.00243594 -0.000496155 -0.000403125 -0.00412223 -0.00642013 -0.00957481 0.00223432 -0.00398825 -0.00300639
internal_weight=30535 8083 6087 1996 1343 653 449 204 137 5950 360 1235 426 809 776 4456 22452 1494 106 1388 301 277 4434 4403 1322 574 308 716 109 266
internal_count=30535 8083 6087 1996 1343 653 449 204 137 5950 360 1235 426 809 776 4456 22452 1494 106 1388 301 277 4434 4403 1322 574 308 716 109 266
cat_boundaries=0 1 2 3
cat_threshold=6280 3340 48
is_linear=0
shrinkage=0.05


Tree=123
num_leaves=31
num_cat=2
split_feature=47 41 31 38 7 40 9 35 33 16 32 10 33 42 45 41 54 10 13 47 14 5 10 27 50 29 41 28 54 29
split_gain=1.61442 2.56006 2.39437 2.32202 3.75359 2.3399 2.70787 2.57946 2.24004 2.23872 3.59405 2.54885 2.83437 2.76682 2.46789 2.43735 3.1052 2.87246 2.73615 3.17286 2.62683 2.60066 2.42556 2.36303 3.32797 2.70779 3.06087 2.22993 3.5616 2.24879
threshold=23.950000000000003 1.9000000000000001 0.77602978178818771 -1.8000000000000111 7.8500000000000005 71.500000000000014 17.500000000000004 10.790937791605295 1.6995096624916297 0 1013.9166666666669 -0.78656609248549292 0.2027402333828163 1.0000000180025095e-35 4.8500000000000005 14.600000000000003 1.8500000000000025 0.25881904510252091 -0.92628984363228806 31.250000000000004 1 3.1757742457374323 -0.78656609248549292 0.56073157915017025 0.75000000000000011 6.6248212027472233 28.600000000000005 85.166666666666671 3.1666666666666679 6.2890974207183605
decision_type=8 10 2 10 2 10 2 2 2 9 2 2 2 8 8 10 2 2 2 10 1 2 2 2 10 2 10 2 2 2
left_child=8 2 -2 4 5 -3 7 -7 -1 10 11 12 -5 -13 -12 17 -17 18 19 -11 22 -19 -20 24 27 -25 -27 28 -18 -30
right_child=1 3 -4 9 -6 6 -8 -9 -10 15 14 13 -14 -15 -16 16 23 21 20 -21 -22 -23 -24 25 -26 26 -28 -29 29 -31
leaf_value=-1.025143286270125e-05 0.0085906457950287677 0.0030786678139534812 -0.00082678924894664387 -0.0016845055460490118 0.10658538413886241 0.0061073345930904915 -0.01075086399654689 -0.0023615667624257695 0.007416496481784135 -0.0030589637059863593 -0.0031847130688262837 -0.00097567858546553923 0.0039669679556388129 -0.0076332292299024253 -0.0019559703846075221 0.022529297918021853 0.01747632087957748 -0.0020069962372419761 -0.0022484617510528217 0.0084442101503324537 7.7563130498337074e-05 -0.037960690341394959 0.012031313803920946 0.003451062175301868 0.0042318319173497267 0.00017799496248873672 -0.012192016701965989 -0.0097751731035075687 -0.0037004811812572647 0.0083181860941188897
leaf_weight=22398 354 406 217 29 28 137 24 110 54 356 25 221 268 69 307 99 30 2513 37 23 1371 28 104 351 55 541 29 45 274 32
leaf_count=22398 354 406 217 29 28 137 24 110 54 356 25 221 268 69 307 99 30 2513 37 23 1371 28 104 351 55 541 29 45 274 32
internal_value=-0.000213689 -0.000819611 0.00240763 -0.00106495 0.00166643 0.000923054 -0.00267429 -0.00111291 4.45393e-06 -0.00134786 -0.00363255 -0.00132005 0.00193538 -0.00465357 -0.00782897 -0.000983368 0.000789781 -0.00156811 -9.25387e-05 -0.00389079 0.000859731 -0.00266617 0.00711449 0.000165795 -0.00286632 0.00160135 -0.000526223 -0.00452637 -0.00312407 -0.00473701
internal_weight=30535 8083 571 7512 705 677 271 247 22452 6807 919 587 297 290 332 5888 1456 4432 1891 379 1512 2541 141 1357 436 921 570 381 336 306
internal_count=30535 8083 571 7512 705 677 271 247 22452 6807 919 587 297 290 332 5888 1456 4432 1891 379 1512 2541 141 1357 436 921 570 381 336 306
cat_boundaries=0 1 2
cat_threshold=8464390 144
is_linear=0
shrinkage=0.05


Tree=124
num_leaves=31
num_cat=3
split_feature=47 39 23 38 14 1 12 11 37 16 34 14 52 30 52 36 42 51 12 51 45 27 24 45 49 41 40 13 24 30
split_gain=1.58163 2.63788 3.81457 3.43941 3.47818 5.41835 2.97471 2.84931 4.69941 2.63276 3.45754 3.27201 3.90209 2.43677 2.42295 2.41732 2.36181 2.32607 2.26107 2.22574 2.27893 3.52875 3.23041 3.29272 2.38171 2.86553 2.31536 3.40574 2.25794 2.331
threshold=23.950000000000003 25.450000000000003 2.1891561595709415 -1.9333333333332232 0 1.4500000000000002 -0.72800098152115733 0.37940952255126048 0.28618046588557489 1 99.833333333333357 2 -29.499999999999996 24.416666666666675 -27.499999999999996 0.96125852260395661 0.95000000000000007 -3.9999999999999982 -0.89445413044074662 -9.5499999999999989 11.050000000000002 1.3042647642296683 4.9812737448717321 7.7500000000000009 16.400000000000002 9.3500000000000032 82.500000000000014 -0.88264628153994396 11.395950373576857 18.783333333333339
decision_type=8 8 2 10 1 2 2 2 2 9 2 1 10 2 10 2 8 10 2 8 10 2 2 10 10 10 10 2 2 2
left_child=-1 9 3 -3 5 13 -6 -4 14 11 19 15 -13 -5 -9 -2 -8 -16 -10 -11 21 22 -21 26 -22 -26 27 -24 -28 -30
right_child=1 2 7 4 6 -7 16 8 18 10 -12 12 -14 -15 17 -17 -18 -19 -20 20 24 -23 23 -25 25 -27 28 -29 29 -31
leaf_value=2.1044141990153589e-06 -0.0029482065647830169 0.15655330269183601 -1.9214177653339992e-05 0.0080541332792947486 0.027648031341633218 -0.019248651569301847 0.0011605781282387068 -0.005284738383455662 0.0015223912693620599 0.0010965819428431888 0.010892344996185322 -0.0067412376954976566 0.0014576067482473477 -0.0078234195637506224 -0.0048973685855113807 0.0037307287550791841 0.015697682229857797 2.6681592049604409e-06 -0.0042489077799491683 0.01532231050717188 -0.0034940798551610641 -0.0048184637327529289 0.0063265055575464418 0.0043775478216598078 -0.0048399425610626962 0.00099742328559742082 -0.0043080151910652514 -0.0014950982859140843 0.010792265432190615 -0.0070149878579998859
leaf_weight=22452 538 29 3408 181 116 57 377 33 24 31 95 26 705 23 37 26 82 810 263 30 497 76 50 161 27 115 47 123 20 76
leaf_count=22452 538 29 3408 181 116 57 377 33 24 31 95 26 705 23 37 26 82 810 263 30 497 76 50 161 27 115 47 123 20 76
internal_value=-0.000213689 -0.000813426 -0.00018382 0.00286094 0.00227246 -0.00248986 0.00440096 -0.000759546 -0.00289178 -0.00210927 -0.0036448 -0.000478891 0.00172042 0.00122489 -0.00107942 -0.00330953 0.00266826 -0.000560737 -0.00844653 -0.00436916 -0.00470502 -0.00244383 -0.000936699 -0.0019388 -0.00676733 -0.00105559 -0.00490351 -0.00101098 -0.00960867 -0.00520291
internal_weight=30535 8083 5440 865 836 261 575 4575 1167 2643 1348 1295 731 204 880 564 459 847 287 1253 1222 583 507 477 639 142 316 173 143 96
internal_count=30535 8083 5440 865 836 261 575 4575 1167 2643 1348 1295 731 204 880 564 459 847 287 1253 1222 583 507 477 639 142 316 173 143 96
cat_boundaries=0 1 2 3
cat_threshold=3200 35033136 6252
is_linear=0
shrinkage=0.05


Tree=125
num_leaves=31
num_cat=1
split_feature=47 39 32 51 39 44 12 39 38 44 32 51 16 48 49 52 37 43 43 47 46 43 37 31 5 23 49 32 48 12
split_gain=1.52416 3.72764 3.24322 3.30741 2.24511 2.79522 2.0833 2.04818 2.92828 2.61829 2.46755 2.41007 2.43946 2.02101 2.57863 1.89628 1.8898 1.76919 2.96293 2.68824 2.61215 2.37071 2.35565 2.31655 2.08931 2.60622 2.07342 2.83534 2.4234 2.47206
threshold=24.750000000000004 24.950000000000003 998.78333333333353 -9.5499999999999989 24.650000000000002 38.500000000000007 -0.9880514961658321 21.150000000000002 -1.0999999999999657 99.500000000000014 1014.7166666666668 -6.0999999999999979 0 61.500000000000007 10.600000000000003 -6.4999999999999991 0.18096705959923337 25.650000000000002 24.450000000000003 15.950000000000001 0.25000000000000006 24.150000000000002 -0.82952460121737182 0.8041558721209886 0.40000000000000013 5.4662687081572834 14.200000000000001 1009.0166666666668 93.500000000000014 -0.64716066732660604
decision_type=10 10 2 10 10 8 2 10 10 10 2 10 9 10 10 10 2 8 10 10 10 10 2 2 2 2 10 2 10 2
left_child=17 2 -2 -4 5 -5 13 8 10 11 -8 -9 15 14 -7 -13 -11 18 21 -20 26 -1 -21 -22 25 -23 28 -28 29 -19
right_child=1 -3 3 4 -6 6 7 9 -10 16 -12 12 -14 -15 -16 -17 -18 20 19 22 23 24 -24 -25 -26 -27 27 -29 -30 -31
leaf_value=-3.2187205992653682e-05 0.021819519358219241 -0.00017511876119905568 0.002789815191238762 0.0012195064032323455 -0.0032711756535563257 -0.0076963209251258383 0.028973183063938188 0.0089054528235602681 -0.0034570831906334089 0.045892158578062225 -0.00092969442771424077 -0.0027528659299173117 -0.0038640274586845881 0.0097547140497515079 0.003144339523722707 0.0030247704302163395 -0.0030611669124910369 0.0096120719219233881 -0.0042056167160238744 -0.0058377318181338069 0.013111840913104507 -0.004407578932868206 -0.00053009542893824729 -2.3857499643714642e-05 0.035101484945558939 0.0077149571760821815 0.018855794701958948 0.00025613752430877769 -0.004732181732415271 -0.0010877231403889826
leaf_weight=22023 22 5628 39 84 54 35 39 45 287 20 22 26 564 38 36 86 23 132 31 86 89 37 290 47 20 27 83 185 124 349
leaf_count=22023 22 5628 39 84 54 35 39 45 287 20 22 26 564 38 36 86 23 132 31 86 89 37 290 47 20 27 83 185 124 349
internal_value=-0.000234699 -0.00087967 -0.00316879 -0.00346899 -0.00388124 -0.00346717 -0.0040742 -0.0047208 -0.00790003 -0.00327182 0.00204583 -0.00398696 -0.00473303 0.00252062 -0.00246132 0.0020475 0.0087007 -4.14486e-05 -0.00013325 -0.00436011 0.00200674 -5.54121e-05 -0.00319064 0.00844967 0.00832342 0.00390016 0.00100218 0.00466244 -0.000619732 0.000987321
internal_weight=30571 7048 1420 1398 1359 1305 1221 1112 348 764 61 721 676 109 71 112 43 23523 22514 407 1009 22107 376 136 84 64 873 268 605 481
internal_count=30571 7048 1420 1398 1359 1305 1221 1112 348 764 61 721 676 109 71 112 43 23523 22514 407 1009 22107 376 136 84 64 873 268 605 481
cat_boundaries=0 1
cat_threshold=278624
is_linear=0
shrinkage=0.05


Tree=126
num_leaves=31
num_cat=2
split_feature=47 39 32 42 42 51 44 42 34 31 16 32 39 40 45 36 43 41 26 12 14 9 28 41 12 32 34 45 29 34
split_gain=1.52677 3.81977 2.96564 3.08482 3.11593 3.05541 2.70519 2.58729 2.92145 2.70158 2.69828 2.63842 2.48001 2.15775 3.31047 2.58754 2.31081 2.0133 1.94972 2.7229 2.2996 3.34483 3.09762 2.67505 2.5688 2.45741 3.53516 3.45033 2.66635 2.38196
threshold=24.750000000000004 24.950000000000003 998.11666666666679 2.1500000000000008 0.45000000000000007 -6.0999999999999979 99.500000000000014 0.25000000000000006 51.416666666666679 1.2 0 1004.7833333333335 20.150000000000002 79.500000000000014 4.5000000000000009 0.46597219294817316 25.950000000000003 28.600000000000005 30.683333333333341 -0.41612469599147489 1 5.5000000000000009 85.416666666666671 16.400000000000002 -0.85283291294431784 1013.6416666666668 37.166666666666679 1.9000000000000001 2.4972191289246477 95.833333333333357
decision_type=10 10 2 10 8 10 10 8 2 2 9 2 10 10 10 2 10 10 2 2 1 2 2 10 2 2 2 10 2 2
left_child=-1 2 -2 4 6 12 -4 10 9 -9 -3 -10 -6 -13 15 16 -15 18 20 -20 22 23 -12 29 -24 26 -23 -28 -27 -22
right_child=1 7 3 -5 5 -7 -8 8 11 -11 17 13 -14 14 -16 -17 -18 -19 19 -21 21 25 24 -25 -26 28 27 -29 -30 -31
leaf_value=-2.0781956347282195e-05 0.022564413037462462 0.0123343937239949 -0.0016438289025079407 0.0046406916014110752 -0.0043230523963895652 -0.0076567796156869084 0.024048565536385326 -0.0059741821770517905 -0.0043061949859476535 0.0031293684794058726 -0.00067959347172125151 0.00057723758636084592 0.0039258428294458225 0.0056018741776553199 0.010708990540036739 0.02970321962837907 -0.011111212925884684 -0.0075616569594561256 -0.00098435683305119772 0.0064946102068109864 -0.0043801511386784122 0.0097347705990372072 0.02591075876073631 0.0055071818703153284 0.0025714793198474586 0.010413277829964093 -0.0076474724105620511 -0.00034835699641166121 -0.0037563784835979333 -0.0031038919382378933
leaf_weight=23523 21 142 1011 106 20 204 35 63 71 34 1281 825 23 39 412 27 70 37 125 133 305 51 120 69 391 22 108 1052 82 169
leaf_count=23523 21 142 1011 106 20 204 35 63 71 34 1281 825 23 39 412 27 70 37 125 133 305 51 120 69 391 22 108 1052 82 169
internal_value=-0.000241241 -0.000886764 -0.003204 -0.00348438 -0.00415668 -0.0092068 -0.00296339 -0.000302056 0.00144377 -0.0069516 -0.000960339 0.00200817 0.00290023 0.00249436 0.00492611 -0.00183688 -0.00527039 -0.0012073 -0.00110028 0.00309957 -0.00139722 -0.00262299 -0.000110982 -0.00593813 0.00317942 -0.00127367 -0.000639914 -0.00120679 -0.00864553 -0.00727695
internal_weight=30571 7048 1420 1399 1293 247 1046 5628 1541 97 4087 1444 43 1373 548 136 109 3945 3908 258 3650 1858 1792 543 511 1315 1211 1160 104 474
internal_count=30571 7048 1420 1399 1293 247 1046 5628 1541 97 4087 1444 43 1373 548 136 109 3945 3908 258 3650 1858 1792 543 511 1315 1211 1160 104 474
cat_boundaries=0 1 2
cat_threshold=147552 872
is_linear=0
shrinkage=0.05


Tree=127
num_leaves=31
num_cat=2
split_feature=47 39 28 42 30 37 50 32 53 47 44 48 37 16 29 43 52 24 10 23 50 36 36 12 53 14 1 13 24 6
split_gain=1.72929 3.31293 2.9524 2.8907 3.31908 3.57572 2.82987 2.79164 2.61161 2.52263 2.35443 2.137 2.65457 2.60593 2.80844 2.18223 2.23389 2.05285 2.27343 2.6332 2.49143 2.07396 2.62759 3.48418 2.97575 2.02957 2.7364 2.62847 2.58864 1.99192
threshold=24.750000000000004 25.450000000000003 87.833333333333357 0.8500000000000002 21.716666666666672 0.66977196339239786 2.0500000000000003 997.75833333333333 -2.4999999999999982 31.050000000000004 39.500000000000007 76.500000000000014 0.94735318170203897 0 0.97140452079103179 25.250000000000004 19.500000000000004 10.3804699048875 0.37940952255126054 1.3605900040689491 1.0000000180025095e-35 0.27836708965836177 0.081233854742572983 -0.36876293119226017 -3.149999999999999 1 1.8500000000000003 -0.94445443497892134 19.424479768959049 0.55000000000000016
decision_type=10 10 2 10 2 2 8 2 10 10 10 10 2 9 2 10 10 2 2 2 10 2 2 2 10 1 2 2 2 2
left_child=-1 7 -3 4 5 -4 25 -2 -5 10 -9 13 -13 15 -15 29 -17 -16 19 -19 -20 22 23 24 -21 27 28 -6 -27 -12
right_child=1 2 3 8 6 -7 -8 9 -10 -11 11 12 -14 14 17 16 -18 18 20 21 -22 -23 -24 -25 -26 26 -28 -29 -30 -31
leaf_value=-1.9742858529919752e-05 0.02305259120005302 -0.00051236388792345606 0.0036677875136868487 -0.006522438350081078 -0.0056687833970411085 0.08145167358486885 -0.012326265650161379 0.00076891294387345104 0.03275489601064039 0.00098242415769151932 -0.00029539326890505385 0.00010210301857347671 -0.0081261328674884399 0.010951625364573064 -0.0029079536637838274 0.011518086973309772 -0.0014132498332956546 0.03123737251619197 -0.0059257701269062506 -0.0050515804733987542 -0.00038745202029893678 -0.0038526594195505541 0.037503458633352596 -0.0045604530835435158 0.017055348956751686 0.0058830822914206216 -0.017878140514182073 0.025621878430588566 -0.0069985516725100116 -0.016562152557866739
leaf_weight=23523 21 4343 51 23 44 41 27 118 64 164 190 481 97 34 162 31 27 24 174 29 66 148 31 94 42 269 77 86 69 21
leaf_count=23523 21 4343 51 23 44 41 27 118 64 164 190 481 97 34 162 31 27 24 174 29 66 148 31 94 42 269 77 86 69 21
internal_value=-0.000249419 -0.000936423 -0.000265012 0.00262948 0.0015058 0.0103149 8.73973e-05 -0.00268666 0.011194 -0.00288397 -0.00343395 -0.00392163 -0.00147033 -0.00524182 -0.00663309 -0.000806163 0.00774527 -0.00733671 -0.0060023 -0.00353165 -0.00978759 -0.00464981 -0.00127486 -0.00378558 0.00457103 0.0008714 -0.000882145 0.00606709 0.0010352 -0.00319754
internal_weight=30571 7048 5094 751 664 92 572 1954 87 1933 1769 1651 578 1073 804 269 58 770 608 368 240 344 196 165 71 545 415 130 338 211
internal_count=30571 7048 5094 751 664 92 572 1954 87 1933 1769 1651 578 1073 804 269 58 770 608 368 240 344 196 165 71 545 415 130 338 211
cat_boundaries=0 1 2
cat_threshold=409636 596
is_linear=0
shrinkage=0.05


Tree=128
num_leaves=31
num_cat=1
split_feature=47 39 32 42 42 51 39 39 37 42 34 31 32 16 2 5 6 50 42 12 28 52 42 24 50 36 23 53 54 36
split_gain=1.82116 3.04889 2.62824 2.2853 3.22828 2.95418 2.48001 1.96958 2.24064 1.80279 2.63533 2.70158 2.39166 2.1997 1.93294 2.12389 2.91444 2.67407 2.60835 2.43525 2.37232 2.33873 2.25015 2.24959 1.97817 1.86287 1.83013 2.19281 1.82713 2.38378
threshold=24.750000000000004 24.950000000000003 997.75833333333333 2.1500000000000008 0.45000000000000007 -6.0999999999999979 20.150000000000002 24.750000000000004 0.97960922699878561 0.25000000000000006 51.416666666666679 1.2 1004.7833333333335 0 3.9500000000000006 0.31785962444380711 0.8500000000000002 0.25000000000000006 0.8500000000000002 -0.84374447618434878 87.416666666666671 19.500000000000004 2.4500000000000006 19.097176846349473 3.1500000000000008 -0.44550326209418395 2.7592965462289887 5.5000000000000018 5.5000000000000036 0.23877751871674405
decision_type=10 10 2 10 8 10 10 10 2 8 2 2 2 9 10 2 2 10 10 2 2 10 10 2 10 2 2 10 2 2
left_child=-1 2 -2 4 7 6 -6 8 -4 13 11 -11 25 26 15 19 17 -17 -18 -14 21 22 23 28 -19 -12 -3 -28 29 -21
right_child=1 9 3 -5 5 -7 -8 -9 -10 10 12 -13 14 -15 -16 16 18 24 -20 20 -22 -23 -24 -25 -26 -27 27 -29 -30 -31
leaf_value=-1.8755715603424596e-05 0.021091762232818525 0.060772011300834587 -0.0014587142180042319 0.0044804129028869974 -0.003920189607886905 -0.0071283489571942462 0.0036911050407798574 -0.0020343087311766733 0.012102027060262708 -0.0056498548738030258 0.0025533916738377099 0.0029985182498317472 0.013408414491422986 -0.00078999859699049879 0.087091458133395527 -0.0051007153204389926 0.003524241760079544 0.0052527428072795482 0.08442911979912858 -0.0036596511024995812 0.014599699958234281 0.010139895660202292 -0.0055247751463556906 -0.0058618549995478166 -0.0065797755076664084 -0.0078703845749938193 0.010790150473339923 -0.003237115657279506 0.0037230017087187708 0.010143608306173941
leaf_weight=23523 20 26 992 106 20 204 23 21 34 63 32 34 118 3945 20 317 42 179 37 85 97 66 79 49 29 39 96 20 214 41
leaf_count=23523 20 26 992 106 20 204 23 21 34 63 32 34 118 3945 20 317 42 179 37 85 97 66 79 49 29 39 96 20 214 41
internal_value=-0.00025269 -0.000957705 -0.00302796 -0.00328548 -0.00386369 -0.00900445 0.00290023 -0.00265018 -0.00233895 -0.000435316 0.001022 -0.0069516 0.00155806 -0.000984806 0.00202097 0.00179218 -0.000413839 -0.00176157 0.0085335 0.00357095 0.00233719 0.00102977 -0.00021363 0.00134927 0.00264296 -0.00738397 0.00493097 0.00258398 0.0027933 -0.00198255
internal_weight=30571 7048 1420 1400 1294 247 43 1047 1026 5628 1541 97 1444 4087 1373 1353 604 525 79 749 631 534 468 389 208 71 142 116 340 126
internal_count=30571 7048 1420 1400 1294 247 43 1047 1026 5628 1541 97 1444 4087 1373 1353 604 525 79 749 631 534 468 389 208 71 142 116 340 126
cat_boundaries=0 1
cat_threshold=147552
is_linear=0
shrinkage=0.05


Tree=129
num_leaves=31
num_cat=4
split_feature=47 39 28 14 37 39 13 5 42 47 38 16 52 47 10 46 28 5 32 38 13 14 45 35 47 16 38 48 34 30
split_gain=1.84659 2.86143 2.43814 2.9383 3.19211 2.88446 3.96093 2.47233 2.75638 2.3863 2.38217 2.3251 4.2402 2.5716 2.62484 2.48009 2.46715 2.24729 2.22712 2.41922 3.33523 2.95272 4.29482 3.22606 2.66173 2.46093 2.38083 2.29534 2.25211 2.20429
threshold=24.750000000000004 25.450000000000003 87.833333333333357 0 0.79491628080332577 27.250000000000004 -0.69177136461422195 0.31785962444380711 0.65000000000000002 27.050000000000004 -0.34999999999996584 1 -13.499999999999998 31.050000000000004 0.60355339059327384 4.4500000000000011 92.166666666666671 1.3707251403810272 1002.1833333333335 -0.36666666666661735 0.15388490756722689 2 7.7500000000000009 20.505080041943444 26.150000000000002 3 -0.19999999999987492 69.500000000000014 93.416666666666671 23.216666666666672
decision_type=10 10 2 1 2 10 2 2 10 10 10 9 10 10 2 10 2 2 2 10 2 1 10 2 10 9 10 10 2 2
left_child=-1 11 -3 4 5 10 -7 8 9 -5 -4 12 -2 14 15 16 18 29 -13 21 25 23 -23 24 -20 -21 -22 -28 -27 -16
right_child=1 2 3 7 -6 6 -8 -9 -10 -11 -12 13 -14 -15 17 -17 -18 -19 19 20 26 22 -24 -25 -26 28 27 -29 -30 -31
leaf_value=-1.7817929823255032e-05 -0.0048320751358267551 -0.00048550491239232607 -0.012849976416049673 -0.0012523743835634816 0.047560674093650994 -0.01408206923301733 0.020887329384234023 -0.0046725512181973071 0.042362893943306563 0.018711757585741645 0.035066871732983861 0.020845373528409445 0.000870882365650362 0.0017905327155933988 -0.0036472503652889956 -0.013507774596972997 0.0064214795560326278 -0.026290475914739316 -0.0034716760695232469 0.0029788911654586416 0.0080677260701792104 -0.0048647094755365624 -0.0026807802927612148 -0.0015858449245576959 0.017594307454432866 -0.0036442447702189022 -0.0085484182777088493 -0.0046930181262848343 0.0021937943804800049 0.0022418237557329662
leaf_weight=23523 29 4343 22 133 60 76 49 252 29 52 78 23 246 132 235 24 185 28 42 253 21 108 174 26 51 108 44 112 47 66
leaf_count=23523 29 4343 22 133 60 76 49 252 29 52 78 23 246 132 235 24 185 28 42 253 21 108 174 26 51 108 44 112 47 66
internal_value=-0.000247783 -0.000957705 -0.000333719 0.00229663 0.00618434 0.00366504 -0.00139888 -0.00021004 0.00373657 0.00148568 0.00999001 -0.00258431 0.00166608 -0.00327097 -0.00386206 -0.00279123 -0.00247048 -0.00782437 -0.00344366 -0.00380286 -0.00175184 -0.00679382 -0.00941458 0.000193648 0.00456498 0.000735114 -0.00748165 -0.00960922 -0.00408843 -0.00655928
internal_weight=30571 7048 5094 751 285 225 125 466 214 185 100 1954 275 1679 1547 1218 1194 329 1009 986 585 401 282 119 93 408 177 156 155 301
internal_count=30571 7048 5094 751 285 225 125 466 214 185 100 1954 275 1679 1547 1218 1194 329 1009 986 585 401 282 119 93 408 177 156 155 301
cat_boundaries=0 1 2 3 4
cat_threshold=772 409632 7192 33587284
is_linear=0
shrinkage=0.05


Tree=130
num_leaves=31
num_cat=4
split_feature=30 49 29 45 38 49 24 24 37 16 27 16 38 12 11 32 33 16 1 47 12 41 26 16 29 27 11 49 34 38
split_gain=1.86833 3.3487 3.38313 2.198 1.94851 3.39572 3.09662 3.01168 3.51987 3.99558 3.60425 3.6282 3.43364 3.32626 2.95046 2.95966 2.89285 3.27523 3.34224 3.68821 2.85319 3.9465 3.17738 2.83003 3.54543 3.73676 3.17574 4.03721 2.89311 3.48222
threshold=-4.6833333333333327 7.5000000000000009 3.2829089846240636 14.900000000000002 -1.033333333333246 27.550000000000001 4.5500626538648872 4.7254561066028433 0.76377188768740967 0 0.25000000000000028 1 1.900000000000148 -0.49998158062385478 0.25881904510252057 1012.0833333333335 0.299999999999983 2 1.5250000000000001 27.750000000000004 0.86167001593038561 7.5000000000000009 2.5833333333333339 3 2.0274023338281633 0.29999999999999943 0.25881904510252057 7.7500000000000009 75.416666666666671 -0.34166666666669693
decision_type=2 10 2 8 10 10 2 2 2 9 2 9 10 2 2 2 2 9 2 8 2 10 2 9 2 2 2 10 2 10
left_child=1 3 -3 -1 5 6 -2 8 9 -6 12 14 -10 -11 -12 -16 23 -18 19 -19 -15 -22 -23 -9 -25 26 27 -26 -29 -30
right_child=4 2 -4 -5 7 -7 -8 16 10 13 11 -13 -14 20 15 -17 17 18 -20 -21 21 22 -24 24 25 -27 -28 28 29 -31
leaf_value=-0.0013868315634314261 -0.00039975099756668631 -0.0015498712401094961 0.0012815981616392663 0.0013085658348775718 8.527017878551397e-05 -0.0017349908491819041 0.00066085818547747816 -0.0012030725008168514 -0.0022471997476112763 -0.00098133829580804581 -6.5989560159912536e-05 -0.0010143414100667069 0.0011043407148176811 0.0023982919297038385 0.0070604904146679527 -0.00033593816607577144 0.00038482695413379899 7.9059180142132537e-05 -0.0060898898838663623 -0.0016774690870765858 -0.0029511922338450597 0.011433307669415228 5.4229991950566214e-05 -0.0019234409899642618 -0.003473081216045257 -0.00031841576848039012 0.0055079649917013935 -0.002022642673640948 -0.0033910145620319717 0.0087248725662579397
leaf_weight=121 1363 47 177 34 1544 412 7344 3233 132 59 129 232 48 499 65 40 4731 3055 491 1054 37 24 89 1573 148 3292 272 68 63 178
leaf_count=121 1363 47 177 34 1544 412 7344 3233 132 59 129 232 48 499 65 40 4731 3055 491 1054 37 24 89 1573 148 3292 272 68 63 178
internal_value=-0.000256921 0.00323134 0.00713967 -0.00241779 -0.000300745 0.000309789 0.000519691 -0.000565157 0.000931645 0.00186493 -0.00232162 0 -0.00832871 0.0049436 0.00430152 0.0107041 -0.000804049 -0.000190224 -0.0011388 -0.00067533 0.00604683 0 0.00464191 -0.00145291 -0.000767295 1.86516e-05 0.00325744 0.000711004 0.00396312 0.00653256
internal_weight=30554 379 224 155 30175 9119 8707 21056 2898 2252 646 466 180 708 234 105 18158 9331 4600 4109 649 150 113 8827 5594 4021 729 457 309 241
internal_count=30554 379 224 155 30175 9119 8707 21056 2898 2252 646 466 180 708 234 105 18158 9331 4600 4109 649 150 113 8827 5594 4021 729 457 309 241
cat_boundaries=0 1 2 3 4
cat_threshold=18663426 856130 17128048 12728390
is_linear=0
shrinkage=0.05


Tree=131
num_leaves=31
num_cat=2
split_feature=40 16 27 23 27 27 5 32 49 10 34 32 12 36 52 13 3 10 51 14 27 6 5 53 19 30 49 52 52 51
split_gain=1.65544 3.00432 2.63964 4.02587 2.41152 2.52268 2.89543 2.46312 3.14522 2.42165 2.24301 2.27592 2.09813 2.07936 1.94917 2.09432 2.2681 1.71791 3.58536 2.89368 2.13846 1.88042 2.02453 1.69726 1.79125 1.62773 3.2259 2.79095 1.97997 1.86762
threshold=98.500000000000014 0 0.24944382578492927 2.1374132784555071 0.94162979278837 1.2119772641798561 0.081649658092772678 997.41666666666686 13.150000000000002 -0.70710678118654735 99.416666666666671 1002.1833333333335 -0.37671401544963062 0.48288961753131837 17.500000000000004 0.76785215827905995 1.0000000180025095e-35 0.25881904510252091 1.7 1 0.28479344402135359 0.45000000000000007 0.44087031600079618 -5.4500000000000002 48.500000000000007 -4.6833333333333327 7.5000000000000009 -15.499999999999998 -11.499999999999998 -3.0999999999999983
decision_type=10 9 2 2 2 2 2 2 8 2 2 2 2 2 10 2 2 2 10 1 2 2 2 10 2 2 10 10 8 10
left_child=25 2 -2 10 7 6 -6 8 13 -9 11 -4 -13 -3 17 16 -16 20 19 -19 -11 22 23 -21 -25 26 28 -28 -1 -29
right_child=1 4 3 -5 5 -7 -8 9 -10 14 -12 12 -14 -15 15 -17 -18 18 -20 21 -22 -23 -24 24 -26 -27 27 29 -30 -31
leaf_value=-0.0028361865256870179 -0.0054257080788563949 0.01683805579338497 0.031272170013899724 -0.0044890539392250682 -0.0026365635192270712 -0.00025968919423600414 0.024209460077999439 -0.0041236914142093019 -0.0017060112145342839 -0.0028861033951715579 -0.0031872870382992553 0.0072699773929192444 -0.0029555348550865251 -0.00097833719607610405 0.0061695909804929151 -0.0078075046588488911 -0.0044351841625948516 0.008033884467821507 -0.0085805518027583967 0.0010467459406988649 0.0057976918855644878 -0.014805402018830903 0.026660028863813065 -0.0045919045048036572 -0.00044288744109739487 -8.7291357998511845e-05 0.0068157261494611243 0.0017171645798776587 0.00016099507767938434 0.00027497910712866863
leaf_weight=39 54 39 32 94 20 81 84 197 44 73 24 40 35 20 22 33 97 106 43 22 165 25 40 47 42 28703 33 32 116 152
leaf_count=39 54 39 32 94 20 81 84 197 44 73 24 40 35 20 22 33 97 106 43 22 165 25 40 47 42 28703 33 32 116 152
internal_value=-0.000278195 -0.00190995 -0.00648565 -0.00433141 -0.000785059 0.00445705 0.00960615 -0.0017486 0.00557711 -0.00257647 0.00133486 0.00443511 -0.000332889 0.0131134 -0.00122361 -0.00624589 -0.00314861 0.000133191 -0.00223008 -0.000177242 0.00335993 -0.00403009 -0.00215089 -0.00562556 -0.00869809 -0.000195184 0.00309057 0.00702441 -0.00241779 0.00461706
internal_weight=30554 1479 279 225 1200 185 104 1015 103 912 131 107 75 59 715 152 119 563 325 282 238 176 151 111 89 29075 372 217 155 184
internal_count=30554 1479 279 225 1200 185 104 1015 103 912 131 107 75 59 715 152 119 563 325 282 238 176 151 111 89 29075 372 217 155 184
cat_boundaries=0 1 2
cat_threshold=213072 2626
is_linear=0
shrinkage=0.05


Tree=132
num_leaves=31
num_cat=2
split_feature=40 16 27 55 47 33 36 14 26 37 51 33 50 27 47 35 36 30 36 3 3 38 39 10 13 32 47 26 31 41
split_gain=1.61041 2.99919 2.71174 2.48199 2.50704 2.27485 2.17077 2.10654 2.69057 2.65739 2.60174 2.52311 1.98701 2.86884 2.02485 2.39902 2.83928 2.15502 1.92723 1.88576 2.51046 2.16794 2.10438 2.05631 2.43669 2.09899 1.85255 2.79062 2.07114 2.6055
threshold=98.500000000000014 0 0.24999999999999983 12.166666666666666 17.550000000000004 0.3299831645537456 0.18643143386230168 1 10.316666666666668 -0.24508283052116928 2.149999999999999 0.12472191289247284 0.65000000000000002 0.57154760664940785 -3.8499999999999992 2.4032561733691682 0.76209635587767155 23.683333333333341 -0.82208759889033367 0.8500000000000002 0.25000000000000006 -0.59999999999996578 15.050000000000002 0.25881904510252091 0.22131713103510547 1010.9833333333335 25.050000000000004 18.341666666666672 0.47842333648024354 7.5000000000000009
decision_type=10 9 2 2 8 2 2 1 2 2 10 2 10 2 8 2 2 2 2 2 2 10 10 2 2 2 8 2 2 10
left_child=-1 2 -2 4 5 6 -4 11 9 -9 19 -3 14 -14 -13 -16 17 18 -17 20 -10 -21 -23 25 -25 -22 27 28 -20 -30
right_child=1 7 3 -5 -6 -7 -8 8 10 -11 -12 12 13 -15 15 16 -18 -19 26 21 23 22 -24 24 -26 -27 -28 -29 29 -31
leaf_value=-6.3157839983213335e-05 -0.0042129594482144097 0.0029859531584756588 -0.0018405319008055207 -0.0036021581396504217 0.017145495259663867 -0.0048914341440617617 0.0035098467297469908 -0.0018386642083384323 0.0021677688745771169 0.0090364611422681217 -0.0081515242126204753 0.0011135461630752076 0.055703928828730778 -0.0035121123417554108 -0.0066435155874985281 -0.0029719355616932455 -0.0040247602959215924 0.032552754230187608 0.0041218428058563293 0.03368909969818757 -0.0033360879997762884 -0.016071909845357557 0.0078275938676264315 0.014972513365847141 -0.0041753687076574791 -0.01097559006699436 -0.0078899498895607517 0.025165078050375173 -0.0056264018872177789 -0.000105973181439184
leaf_weight=29075 50 54 40 95 58 42 33 32 168 70 29 33 23 38 151 20 47 30 43 56 58 21 45 41 39 37 36 38 22 30
leaf_count=29075 50 54 40 95 58 42 33 32 168 70 29 33 23 38 151 20 47 30 43 56 58 21 45 41 39 37 36 38 22 30
internal_value=-0.00026674 -0.00187614 -0.0060957 -0.00428944 -0.000722126 -0.00499566 0.000341997 -0.000661771 0.00140241 0.00881489 -0.000101194 -0.0028256 -0.00396204 0.00450082 -0.00510998 -0.0060537 -0.00319429 -0.000798722 -0.00277631 0.000806278 -0.00109298 0.00614251 0 -0.0052827 0.00062422 -0.0102524 -0.00103489 0.00169046 -0.00289169 -0.00959693
internal_weight=30554 1479 318 268 173 115 73 1161 596 102 494 565 511 61 450 417 266 219 189 465 343 122 66 175 80 95 169 133 95 52
internal_count=30554 1479 318 268 173 115 73 1161 596 102 494 565 511 61 450 417 266 219 189 465 343 122 66 175 80 95 169 133 95 52
cat_boundaries=0 1 2
cat_threshold=17973328 4378
is_linear=0
shrinkage=0.05


Tree=133
num_leaves=31
num_cat=2
split_feature=40 16 14 33 3 45 3 44 37 43 33 28 34 32 10 11 38 31 52 35 37 33 4 29 10 52 52 47 13 40
split_gain=2.33031 3.03997 1.77974 3.04112 2.3174 2.2238 2.19949 2.18787 2.02667 3.34867 2.42485 1.70632 1.8984 3.52635 1.83716 1.70505 1.60265 2.48842 1.99566 2.01631 2.49735 2.34772 1.90847 2.03957 1.83329 1.56619 1.48163 3.24537 2.98502 2.41706
threshold=98.500000000000014 0 1 0.12472191289247284 0.8500000000000002 8.8000000000000025 0.15000000000000005 76.500000000000014 0.44666906445222521 10.950000000000001 0.49665548085836891 83.416666666666671 96.833333333333357 1006.3416666666668 0.37940952255126054 -0.12940952255126037 -1.033333333333246 0.65996632910744524 19.500000000000004 2.7265482080417307 0.054117130680653575 0.39293061504651011 0.88333333333333353 2.4972191289246477 0.60355339059327384 29.500000000000004 15.500000000000002 4.0500000000000007 -0.99992632385251334 97.500000000000014
decision_type=10 9 1 2 2 10 2 8 2 10 2 2 2 2 2 2 10 2 8 2 2 2 2 2 2 10 10 8 2 10
left_child=26 11 4 5 6 -4 -3 -6 9 -9 -11 -2 13 -13 -15 -14 17 24 19 22 -21 -22 23 -18 -5 -8 -1 29 -29 -28
right_child=1 2 3 16 7 -7 25 8 -10 10 -12 12 15 14 -16 -17 18 -19 -20 20 21 -23 -24 -25 -26 -27 27 28 -30 -31
leaf_value=-0.00013083151021918706 -0.0031819700526270591 0.0032349885316365541 -0.00017229985089346479 0.0044453972707880372 -0.0066486084985564967 0.015708081428158417 -0.0018696530475964092 -0.01072062574313506 0.032265102121359066 0.031406042305365568 -0.00063153771537302064 0.0087495248479065018 -0.0057301706168736144 -0.0055729007584565246 4.0057030717793875e-05 -0.0024032180472866095 -0.0044106630892341639 0.011840556499920949 -0.0068053445605393663 -0.002790891665027247 -0.0013262761288394599 0.026230161715996875 -0.01404217276613553 0.00039426288392499926 -0.0064293470612533325 -0.0027425388500347814 0.001579399277703153 -0.012053215946484997 0.00010949895518789916 0.0067149883538336454
leaf_weight=24839 70 139 40 51 21 34 203 20 27 47 29 56 37 40 35 81 46 42 66 136 50 48 27 38 61 35 401 22 3790 23
leaf_count=24839 70 139 40 51 21 34 203 20 27 47 29 56 37 40 35 81 46 42 66 136 50 48 27 38 61 35 401 22 3790 23
internal_value=-0.000278195 -0.00221418 -0.000982822 -0.00273456 0.0011768 0.00674764 -0.00086184 0.00659264 0.00913891 0.0057232 0.0105125 -0.006457 -0.00471698 -0.000572082 -0.00765646 -0.00931414 -0.00402584 0.000324465 -0.00565556 -0.00412924 -0.00149509 0.00458716 -0.00967597 -0.0059453 -0.00356824 -0.00377992 -0.000179707 0.000684592 0.000222974 0.00483377
internal_weight=30554 1479 1160 639 521 74 377 144 123 96 76 319 249 131 75 118 565 154 411 345 234 98 111 84 112 238 29075 4236 3812 424
internal_count=30554 1479 1160 639 521 74 377 144 123 96 76 319 249 131 75 118 565 154 411 345 234 98 111 84 112 238 29075 4236 3812 424
cat_boundaries=0 1 2
cat_threshold=16990288 3300
is_linear=0
shrinkage=0.05


Tree=134
num_leaves=31
num_cat=4
split_feature=40 16 27 9 27 5 5 14 16 35 33 33 45 1 26 32 38 41 11 39 49 27 13 32 5 7 31 6 16 31
split_gain=2.4124 2.7408 2.30091 2.33774 2.20318 2.37357 2.21694 2.16689 1.96007 2.50808 3.02497 2.02973 2.12539 1.96172 1.96041 1.90596 2.22023 2.25687 1.97647 2.24027 1.8391 1.81805 2.16855 1.98267 1.73212 1.57101 1.56504 1.52611 1.49586 2.62532
threshold=98.500000000000014 0 0.94162979278837 1.5000000000000002 1.2364824660660945 0.47491392863563792 0.10000000000000007 1 2 5.6861651579932326 0.39293061504651011 0.28674417556810655 7.5000000000000009 1.0250000000000001 10.71666666666667 997.41666666666686 -2.366666666666617 12.800000000000002 1.0000000180025095e-35 24.950000000000003 11.050000000000002 0.28674417556808757 -0.21294651993841582 1008.0833333333335 0.24972191289246473 0.95000000000000007 0.78598713689858479 1.0000000180025095e-35 3 0.98994949366116713
decision_type=10 9 2 2 2 2 2 1 9 2 2 2 10 2 2 2 10 10 2 10 10 2 2 2 2 2 2 2 9 2
left_child=28 21 7 -4 6 26 -5 15 9 13 11 12 -11 -9 -15 20 -17 18 27 24 -3 -2 -23 -24 -20 -25 -6 -18 29 -1
right_child=1 2 3 4 5 -7 -8 8 -10 10 -12 -13 -14 14 -16 16 17 -19 19 -21 -22 22 23 25 -26 -27 -28 -29 -30 -31
leaf_value=-4.3086946230096183e-05 -0.0061753311299919834 0.026046962917404461 -0.0040363367198577678 -0.0010501912062579001 -0.0012682799336989625 -0.013340064127828755 0.022534107980010983 0.0041498086679510422 -0.0021685495966731194 -0.0051457845090940764 0.004055295248814878 -0.0061827261445624162 0.0099669259171491949 0.022356250933481897 -0.015423666934574002 -0.013337549025790841 0.0025017539094733146 -0.0044119590248597176 0.00076782818923094029 -0.0047300849374551524 8.2588887323931104e-05 -6.0833264736148698e-05 -0.0033547547690067681 -0.00046877140629884715 0.028437443044120547 -0.012195560056891902 0.012000953275673848 -0.0036455236791429592 -0.00020949411325497659 0.00078714122686717326
leaf_weight=10764 46 26 20 25 24 21 82 76 470 21 21 28 22 24 20 22 42 36 68 28 29 98 29 42 62 23 23 51 15577 2734
leaf_count=10764 46 26 20 25 24 21 82 76 470 21 21 28 22 24 20 22 42 36 68 28 29 98 29 42 62 23 23 51 15577 2734
internal_value=-0.000278195 -0.00224799 -0.00125889 0.00371604 0.00556825 -0.00146843 0.0100373 -0.00219864 -0.00382893 0.000225124 -0.00597177 -0.0109001 -0.00406032 0.00499584 -0.00340136 0.000935579 -0.00056616 0.000609544 0.00228992 0.0056926 0.00952813 -0.00705361 -0.00520562 -0.010627 0.00845503 -0.00576037 0.00477707 -0.00349087 -0.000177987 0.000207283
internal_weight=30554 1479 1241 195 175 68 107 1046 682 212 92 71 43 120 44 364 309 287 251 158 55 238 192 94 130 65 47 93 29075 13498
internal_count=30554 1479 1241 195 175 68 107 1046 682 212 92 71 43 120 44 364 309 287 251 158 55 238 192 94 130 65 47 93 29075 13498
cat_boundaries=0 1 2 3 4
cat_threshold=16924752 3264 297476 26841680
is_linear=0
shrinkage=0.05


Tree=135
num_leaves=31
num_cat=4
split_feature=40 36 36 40 16 43 34 3 14 37 16 35 33 34 36 27 54 23 26 30 30 16 30 11 29 2 12 39 26 28
split_gain=2.39131 2.10125 2.01468 2.37927 3.97325 2.89353 3.05139 2.50447 2.64887 3.01493 2.7296 2.34582 2.98831 2.08969 3.16675 2.50428 3.44402 2.2473 2.12621 2.82784 3.19366 2.02419 2.30555 2.07738 2.0744 2.56102 2.3694 2.00381 2.65075 1.97771
threshold=98.500000000000014 -0.85101448025623516 -0.69883244822623503 47.500000000000007 0 30.950000000000003 81.583333333333357 0.95000000000000007 1 -0.022243433579717451 2 18.393837316653293 0.94633797110520235 81.833333333333357 -0.92100952354946031 0.26246692913372732 9.3666666666666707 5.4662687081572834 27.558333333333337 18.141666666666669 23.683333333333341 3 24.458333333333339 -0.98296291314453399 7.5212361663282543 0.45000000000000007 0.79462857753386984 4.4500000000000011 9.1166666666666689 85.583333333333357
decision_type=10 2 2 8 9 10 2 2 1 2 9 2 2 2 2 2 2 2 2 2 2 9 2 2 2 8 2 10 2 2
left_child=2 -2 3 4 5 6 -1 8 21 10 -10 12 -12 14 15 -11 17 -17 19 29 -21 24 23 -23 26 -26 -5 -9 -29 -15
right_child=1 -3 -4 7 -6 -7 -8 27 9 13 11 -13 -14 18 -16 16 -18 -19 -20 20 -22 22 -24 -25 25 -27 -28 28 -30 -31
leaf_value=-0.0031359330846143785 -0.0024292047765723315 -0.00075076382095742584 3.1977726903831272e-05 9.0282531580726527e-05 0.00723685166812316 0.0259930669193843 0.00052688995515610688 0.0065853530132142461 0.0021692656046156944 -0.0053843838415751355 -0.0019773025973197841 0.0016884059328750979 0.0073290309564279926 -0.00012821544502086002 -0.002906640537893565 -0.00075119812582138956 -0.0026670158327928798 0.0065211808903487961 -0.0054029988166468734 0.021802532517972949 -0.0043507297033810481 0.0055363115999819889 0.021666491511833415 -0.00031037708185326502 0.00011319103922076274 0.012286323669380251 0.0073360451160364316 -0.011192768631273354 -0.0042274608801173424 -0.0032183657237230046
leaf_weight=83 88 1394 23468 809 231 31 127 47 475 25 525 159 25 326 142 55 29 38 25 65 23 47 21 1154 58 59 60 99 529 261
leaf_count=83 88 1394 23468 809 231 31 127 47 475 25 525 159 25 326 142 55 29 38 25 65 23 47 21 1154 58 59 60 99 529 261
internal_value=-0.000200144 -0.0021591 -0.000100013 -0.000958738 0.00243592 -0.0020908 -0.00428367 -0.00127569 -0.00083883 -0.00207274 -0.000380035 -0.0023293 -0.00390838 -0.00411991 -0.0076963 -0.00254929 0.0004095 0.00510204 -0.00264248 -0.0021108 0.00624291 0.000383211 -0.000973947 -0.00126967 0.00205803 0.00832622 0.00123691 -0.0041105 -0.00485591 -0.00336399
internal_weight=30478 1482 28996 5528 472 241 210 5056 4381 2173 1184 709 550 989 289 147 122 93 700 675 88 2208 1222 1201 986 117 869 675 628 587
internal_count=30478 1482 28996 5528 472 241 210 5056 4381 2173 1184 709 550 989 289 147 122 93 700 675 88 2208 1222 1201 986 117 869 675 628 587
cat_boundaries=0 1 2 3 4
cat_threshold=16826946 4326 1402912 9013856
is_linear=0
shrinkage=0.05


Tree=136
num_leaves=31
num_cat=3
split_feature=36 40 12 34 44 37 16 51 51 44 27 51 13 1 11 50 30 31 27 23 29 14 51 6 45 42 16 35 49 33
split_gain=2.17865 2.41982 3.91171 2.76081 2.27387 2.20034 3.26626 4.05598 4.51288 3.81647 2.6334 2.62565 2.44667 2.44622 3.55945 3.86822 2.71775 2.39957 2.33002 2.32816 2.26464 2.22802 2.96982 3.55821 2.77589 2.37892 2.18316 2.32771 2.37515 2.31316
threshold=-0.69883244822623503 39.500000000000007 -0.66015212067123163 88.833333333333357 40.500000000000007 -0.89139641255487434 0 -7.4999999999999973 -1.3999999999999995 66.500000000000014 0.12472191289246504 1.0000000000000009 -0.27948563485160954 1.0000000180025095e-35 0.60355339059327384 0.45000000000000007 19.341666666666672 0.20548046676563272 0.20000000000000065 1.6459124578213438 2.9056810222284128 1 -2.4000000000000004 0.75000000000000011 23.900000000000002 0.75000000000000011 2 15.849987749258029 12.4 0.45230302828310126
decision_type=2 8 2 2 10 2 9 10 10 10 2 10 2 2 2 10 2 2 2 2 2 1 10 2 10 10 9 2 10 2
left_child=1 2 -1 -4 -5 6 7 -2 10 11 -9 12 -10 17 15 18 20 -11 19 -15 -16 22 24 -24 -8 -25 27 29 -29 -23
right_child=5 -3 3 4 -6 -7 21 8 9 13 -12 -13 -14 14 16 -17 -18 -19 -20 -21 -22 26 23 25 -26 -27 -28 28 -30 -31
leaf_value=0.02719561014286781 0.0081525010509787832 -0.00038157120223949461 -0.0017328980320207967 -0.0015471429732044864 0.021124269919818139 8.9725717511388031e-05 -0.00056359217175601666 0.0034722357515676095 0.0010598145069486435 0.0072760003652503867 -0.0037393812921407118 0.006974518618227653 -0.0025033812145161915 -0.00083353750942792299 0.0038108892957533502 0.019059504623183527 -0.014702251891575114 -0.0037999299652373545 0.00043555663550304827 -0.0097140364512124273 -0.0074353022458527596 -0.0019394554332227228 0.00089866056850188567 0.034848899120665001 -0.0033964314660871078 -0.0037856654537081758 -1.0387963608026602e-05 -0.0038748039150597298 0.0078782790119345091 -0.0050860670054162496
leaf_weight=48 33 5470 111 30 37 20005 220 29 120 28 311 184 86 22 47 38 47 194 257 23 37 309 1177 101 56 22 1150 80 86 120
leaf_count=48 33 5470 111 30 37 20005 220 29 120 28 311 184 86 22 47 38 47 194 257 23 37 309 1177 101 56 22 1150 80 86 120
internal_value=-0.000206706 -0.00108846 0.00398054 0.000561482 0.0085693 -4.03517e-06 -0.000968161 -0.00293295 -0.00335535 -0.00177731 -0.00837989 0.00217893 -0.0016982 -0.00400375 -0.00196349 0.000735078 -0.00896262 -0.00832958 -0.00115856 -0.0116408 -0.00356718 -9.75654e-05 0.00126095 0.00226906 -0.00344078 0.0103574 -0.00132471 -0.00375971 0.00120409 -0.00576789
internal_weight=30478 5696 226 178 67 24782 4777 1456 1423 1083 340 390 206 693 471 340 131 222 302 45 84 3321 1576 1300 276 123 1745 595 166 429
internal_count=30478 5696 226 178 67 24782 4777 1456 1423 1083 340 390 206 693 471 340 131 222 302 45 84 3321 1576 1300 276 123 1745 595 166 429
cat_boundaries=0 1 2 3
cat_threshold=29401622 3300 35127296
is_linear=0
shrinkage=0.05


Tree=137
num_leaves=31
num_cat=1
split_feature=40 32 31 31 31 18 47 53 36 7 5 12 33 36 40 12 34 36 14 2 53 43 42 35 53 44 24 1 40 41
split_gain=2.16582 2.27766 2.78237 2.53185 4.08114 2.45319 2.20506 2.07595 2.81816 2.03093 1.74179 2.3475 1.90662 1.73606 2.37006 3.7036 2.76327 2.65087 3.12946 2.56759 2.34638 3.42941 2.97839 2.45229 2.40785 2.33159 2.16588 2.10419 2.53472 2.81944
threshold=98.500000000000014 999.14166666666677 0.30456030825826186 0.43204937989385789 0.778888096369862 133.33485500000003 5.5500000000000007 -5.0999999999999979 -0.051902215076503826 2.1500000000000008 0.66666458331705725 -0.99054754357789199 0.15000000000006256 -0.69883244822623503 40.500000000000007 -0.66015212067123163 88.416666666666671 -0.78019515524953797 0 2.6500000000000008 1.0000000180025095e-35 3.6500000000000008 3.0500000000000003 24.599004644533164 3.5999999999999996 95.500000000000014 18.511008123044874 1.0000000180025095e-35 73.500000000000014 12.800000000000002
decision_type=10 2 2 2 2 2 10 10 2 2 2 2 2 2 8 2 2 2 1 10 8 8 8 2 10 10 2 2 10 10
left_child=13 2 -2 -3 6 7 -5 -6 -9 10 11 -8 -13 14 15 -1 -17 18 20 26 22 -22 -16 -23 -25 27 -20 28 29 -19
right_child=1 3 -4 4 5 -7 9 8 -10 -11 -12 12 -14 -15 17 16 -18 25 19 -21 21 23 -24 24 -26 -27 -28 -29 -30 -31
leaf_value=0.02349884202032658 -0.0014695001802764918 -1.433453347580438e-05 0.0053206128964561729 -0.0038913011462474501 0.007796714263866961 -0.0039291601542228881 0.023637112345950024 -0.0028522135782430903 0.0012443767992346838 -0.013658973858340074 0.024942109932942359 0.002274160654833002 -0.0038239036555115765 3.1022625117284321e-05 0.00079744988145185052 -0.001761822715662264 0.0089224906410827701 -0.0026114710688030342 -0.00061860870328761812 0.044782178832169409 0.0014066354838965596 -0.0014648734184962453 -0.0016457076420719502 -0.0022104178337731483 0.0076541289129741759 -0.0036219199931742624 -0.004114114658100021 -0.0022809597730844597 0.0030601441485489907 0.00051441630372583839
leaf_weight=56 66 510 101 71 99 37 23 94 137 65 22 48 209 23468 1032 122 79 101 2114 51 197 530 27 26 59 70 129 645 197 93
leaf_count=56 66 510 101 71 99 37 23 94 137 65 22 48 209 23468 1032 122 79 101 2114 51 197 530 27 26 59 70 129 645 197 93
internal_value=-0.000193582 -0.00205789 0.00344105 -0.00275644 -0.00450255 -0.000612912 -0.00776079 0.000757346 -0.00183903 -0.00619722 -0.00446872 -0.00553374 -0.00690393 -9.82891e-05 -0.000895425 0.0037923 0.000621581 -0.00112405 -0.000546205 -0.00177944 0.000970177 -0.00104667 0.00252573 -0.00288571 0.00499412 -0.00329988 -0.00203959 -0.00270244 0.000191767 -0.00386399
internal_weight=30478 1482 167 1315 805 367 438 330 231 367 302 280 257 28996 5528 257 201 5271 4165 2294 1871 812 1059 615 85 1106 2243 1036 391 194
internal_count=30478 1482 167 1315 805 367 438 330 231 367 302 280 257 28996 5528 257 201 5271 4165 2294 1871 812 1059 615 85 1106 2243 1036 391 194
cat_boundaries=0 1
cat_threshold=4262
is_linear=0
shrinkage=0.05


Tree=138
num_leaves=31
num_cat=4
split_feature=40 16 32 27 53 14 37 47 38 45 53 24 48 36 40 12 34 44 12 16 3 45 5 24 9 2 53 16 44 31
split_gain=2.00455 2.21512 2.11419 1.99048 2.39763 2.58242 1.85743 2.03082 2.46826 2.70701 1.88873 2.41916 3.66958 1.82532 2.26688 3.91171 2.76081 2.27387 2.21058 3.9848 2.84649 2.58644 2.62963 3.23539 2.324 2.10756 3.02837 2.54761 2.00529 1.92969
threshold=98.500000000000014 0 997.41666666666686 0.30456030825826186 2.8999999999999999 1 -0.91315444281795954 8.0500000000000025 -0.50000000000005673 14.200000000000001 7.5500000000000007 12.37263119313195 72.500000000000014 -0.69883244822623503 39.500000000000007 -0.66015212067123163 88.833333333333357 40.500000000000007 -0.75677066334646248 2 1.8500000000000003 31.150000000000002 0.24719640003162371 18.237016043373533 7.5000000000000009 1.0000000180025095e-35 11.15 3 85.500000000000014 1.8999999999999992
decision_type=10 9 2 2 8 1 2 8 10 10 10 2 10 2 8 2 2 10 2 9 2 10 2 2 2 10 10 9 10 2
left_child=13 3 -3 -2 5 -5 -4 -8 9 -9 11 -10 -13 14 15 -1 -17 -18 19 -16 -20 22 25 24 28 26 27 -21 -24 -15
right_child=1 2 6 4 -6 -7 7 8 10 -11 -12 12 -14 29 18 16 17 -19 20 21 -22 -23 23 -25 -26 -27 -28 -29 -30 -31
leaf_value=0.02466088753470809 -0.0036349618522822386 0.0049913754422826785 -0.002675835192301081 -0.0050365162685389597 -0.0027982164959388933 0.0015929010045828127 -0.0010120413799001692 0.020124939976049364 -0.0015323928923393661 -0.0030370156312832909 -0.0080307527185649995 -0.0051558052478191639 0.020045599283033649 6.8033330823033536e-05 -0.0023402076715133531 -0.0015581619946366421 -0.0019159103565984008 0.019621931891773095 -5.8742810361878811e-05 6.4520010097400549e-05 -0.010326229635087787 0.0080599422549463302 0.012870917713593234 -0.0073108879798686275 0.0077035231978852788 -0.004076966131337875 0.01949226871486729 -0.0028976361192690316 -0.0069420436685886655 -0.00059141494151149503
leaf_weight=48 140 84 98 121 80 238 260 118 170 43 32 20 78 22701 370 111 30 37 3864 194 138 30 48 43 198 91 27 241 58 767
leaf_count=48 140 84 98 121 80 238 260 118 170 43 32 20 78 22701 370 111 30 37 3864 194 138 30 48 43 198 91 27 241 58 767
internal_value=-0.000196863 -0.00199042 -0.000410689 -0.00437107 -0.0027898 -0.00104428 -0.00119033 -0.000312023 0.00168076 0.00667287 -0.000999667 0.000372995 0.00662589 -0.000105187 -0.000922559 0.00398054 0.000561482 0.0085693 -0.00113163 -0.00292285 -0.000549711 -0.0011169 -0.00161093 0.00180063 0.00361723 -0.00375158 -0.00238044 -0.00339003 -0.00235627 8.73526e-05
internal_weight=30478 1482 903 579 439 359 819 721 461 161 300 268 98 28996 5528 226 178 67 5302 1300 4002 930 900 347 304 553 462 435 106 23468
internal_count=30478 1482 903 579 439 359 819 721 461 161 300 268 98 28996 5528 226 178 67 5302 1300 4002 930 900 347 304 553 462 435 106 23468
cat_boundaries=0 1 2 3 4
cat_threshold=51527760 3112 37444 50593794
is_linear=0
shrinkage=0.05


Tree=139
num_leaves=31
num_cat=3
split_feature=36 37 16 50 12 38 29 23 14 16 53 39 6 39 24 13 36 31 36 34 6 47 47 48 36 2 32 48 48 47
split_gain=1.88824 2.05379 2.93827 2.72849 2.6779 2.41005 2.32348 3.52088 2.68423 2.64455 3.01297 2.75343 2.79594 2.5792 2.39319 2.09659 2.36172 2.49822 2.07088 2.01524 2.03021 2.45766 2.23708 1.88394 2.73642 2.10654 2.53519 2.80363 2.96783 2.18358
threshold=-0.69883244822623503 -0.89139641255487434 0 1.8500000000000003 0.99863729997741479 0.050000000000011376 4.4087031600079616 6.436882868747051 1 2 -7.5999999999999979 24.650000000000002 0.55000000000000016 27.750000000000004 18.184393561762167 0.49252992309759819 -0.029707204690603149 1.0000000000000004 0.41339896026697981 14.16666666666667 3.3500000000000001 7.9500000000000011 14.15 98.500000000000014 -0.11303425048824235 1.4500000000000002 1000.4166666666669 60.500000000000007 95.500000000000014 18.050000000000004
decision_type=2 2 9 8 2 10 2 2 1 9 10 10 2 10 2 2 2 2 2 2 2 8 10 10 2 10 2 8 10 10
left_child=-1 2 3 6 23 -5 7 8 18 10 -10 12 -12 -11 -15 -8 -17 -18 -2 -3 -21 -22 -23 25 -25 26 27 -4 -29 -28
right_child=1 19 4 5 -6 -7 15 -9 9 13 11 -13 -14 14 -16 16 17 -19 -20 20 21 22 -24 24 -26 -27 29 28 -30 -31
leaf_value=-0.0003023533537306833 0.00086514049976032798 0.00067606248352844879 0.013213982471688153 0.013926224343103727 -0.0050005360729838194 -0.0070453745181505911 -0.0010472055427892661 0.0033220401865513729 -0.0075728462997227313 -0.0072605174707942623 0.0071837183945608844 -0.0096968760451079158 -0.01175248870969736 0.035014985459662501 -0.0064487464016017128 -0.0039792965636559971 -0.0043457428844311061 0.0040618791888181686 -0.0068987646394457793 4.2846058581436092e-05 0.082626821772110975 -0.024166840027539604 0.033387791754213358 -0.0052872052353417189 -3.8485599389107007e-05 0.0058713188033428128 0.001176633858990936 -0.0033709404515480227 0.0065387665740770711 -0.00028701902125577997
leaf_weight=5696 364 106 40 62 46 21 595 31 26 261 122 22 28 35 28 82 95 35 27 19763 20 32 84 35 56 208 1203 286 46 1023
leaf_count=5696 364 106 40 62 46 21 595 31 26 261 122 22 28 35 28 82 95 35 27 19763 20 32 84 35 56 208 1203 286 46 1023
internal_value=-0.000214908 -2.62286e-05 -0.000957694 -0.00252156 2.5397e-05 0.00631769 -0.00295529 -0.00127105 -0.00183441 -0.00413456 0.000480538 0.00290529 0.00532978 -0.00688417 0.00198098 -0.00492504 -0.00919378 -0.00499616 0.0013089 0.0001962 0.000159555 0.00624541 0.00344531 0.000215733 -0.00686059 0.000445458 5.77345e-05 -0.00376243 -0.0052695 0.000696285
internal_weight=30478 24782 4777 1834 2943 83 1751 944 913 522 198 172 150 324 63 807 212 130 391 20005 19899 136 116 2897 91 2806 2598 372 332 2226
internal_count=30478 24782 4777 1834 2943 83 1751 944 913 522 198 172 150 324 63 807 212 130 391 20005 19899 136 116 2897 91 2806 2598 372 332 2226
cat_boundaries=0 1 2 3
cat_threshold=29663766 7208 8397330
is_linear=0
shrinkage=0.05


Tree=140
num_leaves=31
num_cat=2
split_feature=47 50 49 24 24 47 16 52 33 41 52 36 28 36 31 37 30 23 35 45 36 18 46 46 48 26 23 30 29 14
split_gain=1.43501 2.79265 2.76678 2.33612 2.26273 2.09458 3.18738 2.91044 3.06188 2.71761 2.25468 2.11953 2.14258 1.97032 2.10015 1.91166 2.12165 2.04521 2.05882 2.44737 2.16878 2.82055 2.04635 4.08216 2.39033 2.75828 2.77426 2.24944 2.21367 2.03428
threshold=28.250000000000004 13.200000000000001 25.400000000000002 19.542208374385734 6.9121853913871725 29.850000000000005 0 9.5000000000000018 0.24944382578490007 11.15 26.500000000000004 -0.82208759889033367 78.833333333333357 0.82583453519975125 0.20000000000000065 -0.99170973494381631 -3.2833333333333328 7.9982934214933517 15.849987749258029 9.3500000000000032 1.0000000180025095e-35 3.6281500000000002 0.15000000000000005 0.75000000000000011 62.500000000000007 28.541666666666671 1.9373130758498953 22.741666666666671 6.4903703492039311 1
decision_type=8 8 8 2 2 8 9 8 2 10 8 2 2 2 2 2 2 2 2 8 2 2 8 10 10 2 2 2 2 1
left_child=1 -1 -3 5 -4 10 7 8 9 -7 13 12 -8 14 -2 -13 -17 18 20 -20 21 -18 24 -24 25 26 -22 -25 -27 -23
right_child=3 2 4 -5 -6 6 11 -9 -10 -11 -12 15 -14 -15 -16 16 17 -19 19 -21 22 29 23 27 -26 28 -28 -29 -30 -31
leaf_value=-5.1825129249771787e-05 -0.0057401704500799344 0.005005786665475697 0.00053442029243362665 0.0058345320341343376 -0.0081299962533277793 0.0079108049438478545 -0.0013183820360865045 -0.0020113046257005207 0.016861124738693462 -0.0063282099329832649 0.0034724060871421272 0.0059880396478528336 -0.0043271566606623126 -0.006943345346116664 -0.0012354407637442388 -0.0056040608223917382 0.013634897595948681 -0.0011632619919101591 0.0062042921419558222 -0.0001176365722176137 0.0061349363776280396 0.0022995722939840066 0.010172521895622478 -0.0076557055167318193 -0.0048603550822473585 -0.00098129178425148951 -0.002504124397815033 0.00039141421156532741 0.029757876172209086 -0.0044093352601881908
leaf_weight=26632 68 314 21 171 20 47 153 94 156 47 43 47 69 79 663 23 38 198 177 381 37 119 214 40 133 29 50 103 35 389
leaf_count=26632 68 314 21 171 20 47 153 94 156 47 43 47 69 79 663 23 38 198 177 381 37 119 214 40 133 29 50 103 35 389
internal_value=-0.00023537 -0.000110238 0.00429456 -0.0011726 -0.00790754 -0.00145683 -0.000746384 0.00367128 0.00659736 -0.00053135 -0.0036045 -0.00143646 -0.00607834 -0.00419701 -0.00338531 -0.000931399 -0.00116983 -0.000990685 -0.000444101 0.00206056 -0.0016216 -0.00393701 0.000350959 0.00287034 -0.00281591 0.00148908 -0.0043054 -0.00366876 0.00936037 -0.00492029
internal_weight=30590 26987 355 3603 41 3432 2579 344 250 94 853 2235 222 810 731 2013 1966 1943 1745 558 1187 546 641 357 284 151 87 143 64 508
internal_count=30590 26987 355 3603 41 3432 2579 344 250 94 853 2235 222 810 731 2013 1966 1943 1745 558 1187 546 641 357 284 151 87 143 64 508
cat_boundaries=0 1 2
cat_threshold=16945760 1096
is_linear=0
shrinkage=0.05


Tree=141
num_leaves=31
num_cat=3
split_feature=40 49 44 32 47 16 47 11 49 47 42 43 5 44 52 31 31 3 41 53 16 23 10 38 31 31 16 39 48 46
split_gain=2.27089 1.83848 2.25582 2.17313 2.47686 1.9038 2.10963 2.87061 2.4195 2.14604 1.95089 1.88989 1.7245 1.70896 2.22981 2.34809 2.5623 2.65251 2.58603 2.27044 3.75177 2.56424 2.32875 2.30958 2.19073 2.20763 2.74821 2.578 2.77826 3.52713
threshold=98.500000000000014 22.100000000000005 96.500000000000014 997.75833333333333 10.250000000000002 0 17.650000000000002 0.78656609248549303 3.4000000000000008 24.750000000000004 0.65000000000000002 10.15 0.21075257835628067 92.500000000000014 15.500000000000002 0.20000000000000065 0.049999999999999385 0.25000000000000006 11.050000000000002 -6.7999999999999972 1 1.7735324491460027 -0.78656609248549292 3.3499999999999663 1.7594190960528862 1.3000000000000007 2 28.050000000000004 88.500000000000014 3.1500000000000008
decision_type=10 8 8 2 10 9 10 2 10 10 10 10 2 10 10 2 2 2 10 10 9 2 2 8 2 2 9 10 8 10
left_child=13 3 -3 4 -2 6 7 8 -5 -8 -11 -9 -10 14 -1 16 17 -16 -18 20 -17 -22 -23 -21 25 26 -15 28 -28 -30
right_child=1 2 -4 5 -6 -7 9 11 12 10 -12 -13 -14 24 15 19 18 -19 -20 23 21 22 -24 -25 -26 -27 27 -29 29 -31
leaf_value=-0.00020362716895598877 5.1312227954204706e-05 -0.0043404285964933984 0.0013469945812243341 0.0005487624961226595 0.036280914466071248 -0.00034568789979187861 0.0046847976044771924 0.0065832320240123039 -0.0024106287510716517 0.00017973406312426501 -0.0084410301794201874 -0.0046668516798550217 -0.0084900002009406627 -0.0002098112995920526 -0.0022101630127285832 -0.00069701757229456989 -0.0029268580665967104 0.010320682417813844 0.00010632256889920242 0.00015971619536233052 0.0074687864011965064 0.0078205149735926099 0.0019366149047953586 0.0042974476809503493 -0.0028098062935387929 0.0033682109636659812 0.0034629181367377446 -0.0045788629070838667 0.00023397193832063181 -0.0076289981744488838
leaf_weight=19905 89 65 36 27 34 938 47 39 53 37 22 27 65 2574 37 240 264 53 234 2844 167 72 351 20 80 193 1168 21 867 21
leaf_count=19905 89 65 36 27 34 938 47 39 53 37 22 27 65 2574 37 240 264 53 234 2844 167 72 351 20 80 193 1168 21 867 21
internal_value=-0.00023537 -0.00214658 -0.0086548 -0.00166896 0.004671 -0.00229065 -0.00557933 -0.00864519 -0.0125775 0 -0.00634518 0 -0.0156647 -0.000138263 -0.000311116 0.000723944 -0.00221051 0.00554939 -0.00361373 0.00119109 0.00349355 0.0055824 0.00360435 0.000523725 0.00071079 0.00084639 0.000628883 0.00197643 0.00216429 5.63e-05
internal_weight=30590 1479 101 1378 123 1255 317 211 145 106 59 66 118 29111 24187 4282 588 90 498 3694 830 590 423 2864 4924 4844 4651 2077 2056 888
internal_count=30590 1479 101 1378 123 1255 317 211 145 106 59 66 118 29111 24187 4282 588 90 498 3694 830 590 423 2864 4924 4844 4651 2077 2056 888
cat_boundaries=0 1 2 3
cat_threshold=17973330 25505794 38638098
is_linear=0
shrinkage=0.05


Tree=142
num_leaves=31
num_cat=3
split_feature=40 16 34 35 36 1 30 23 44 13 53 29 44 51 28 45 45 43 47 26 53 45 43 47 16 32 40 45 33 16
split_gain=2.02894 1.86552 3.05207 2.62948 2.41572 2.29962 2.1183 2.24109 2.06505 2.06218 2.03547 1.94239 2.07474 2.96754 2.00517 1.95452 2.33307 2.09576 3.02156 2.09198 1.7493 1.67119 1.60878 3.21557 3.37721 3.10027 2.63114 2.54353 2.52415 3.99339
threshold=98.500000000000014 0 80.583333333333357 11.318616833313392 -0.092358908581720425 2.0500000000000003 23.683333333333341 1.0049644371351258 74.500000000000014 0.98933596577443728 -3.6000000000000001 6.2092539874768535 69.500000000000014 -3.3999999999999986 78.416666666666671 15.050000000000002 22.250000000000004 -1.0000000180025095e-35 3.4500000000000006 21.81666666666667 1.4000000000000015 1.6000000000000003 9.1500000000000004 7.7500000000000009 1 1023.5833333333334 74.500000000000014 5.9000000000000012 0.299999999999983 2
decision_type=10 9 2 2 2 2 2 2 10 2 10 2 8 10 2 10 10 10 10 2 8 8 8 10 9 2 8 8 2 9
left_child=22 2 8 4 21 6 7 -6 -2 11 -10 12 -3 -14 -15 17 -17 -16 -19 -20 -11 -4 -1 24 25 -24 27 -26 -25 -30
right_child=1 9 3 -5 5 -7 -8 -9 10 20 -12 -13 13 14 15 16 -18 18 19 -21 -22 -23 23 28 26 -27 -28 -29 29 -31
leaf_value=0.00011310178980948328 -0.0026764142787388174 -0.0032670501828259801 0.00075434823488555606 -0.0038374043996998149 0.00096218427311014489 0.052276987906444111 0.0075540555890545704 -0.0029511401913815101 0.022065467748924761 -0.0041492823540862532 0.00021974281477591951 0.0071422912171076672 0.0087882172048397329 -0.0037967206853768754 -0.0035486576704851589 -0.0037347630833967221 0.00059893294047534966 0.0057199331255950794 -0.00010342435448053023 0.03482522792678272 0.00047796070814179752 -0.0047806054836806167 -0.00013891069273554157 -0.00046815799757687074 5.7387986809065429e-05 0.003319135345504304 -0.0016878268081732561 -0.0036226102270312034 -0.00026963156758821329 0.00087712413408732324
leaf_weight=8667 34 64 26 86 39 21 23 102 32 55 50 110 93 31 33 56 25 48 327 21 23 180 417 8430 47 23 512 166 6665 4184
leaf_count=8667 34 64 26 86 39 21 23 102 32 55 50 110 93 31 33 56 25 48 327 21 23 180 417 8430 47 23 512 166 6665 4184
internal_value=-0.000238639 -0.00204516 -0.0041867 -0.00602599 -0.00428279 -0.000135062 -0.00213285 -0.00442948 0.00301464 -0.000557973 0.00730816 0.000185621 -0.000787853 7.88519e-05 -0.00133986 -0.00058812 -0.00770654 0.000757399 0.00176723 0.000143637 -0.00832266 -0.00800582 -0.000146851 -0.000388865 -0.00293966 0.000555432 -0.00499932 -0.00973721 -0.00023471 0.000269608
internal_weight=30590 1479 593 477 391 185 164 141 116 886 82 808 698 634 541 510 81 429 396 348 78 206 29111 20444 1165 440 725 213 19279 10849
internal_count=30590 1479 593 477 391 185 164 141 116 886 82 808 698 634 541 510 81 429 396 348 78 206 29111 20444 1165 440 725 213 19279 10849
cat_boundaries=0 1 2 3
cat_threshold=51527760 315910 47171584
is_linear=0
shrinkage=0.05


Tree=143
num_leaves=31
num_cat=2
split_feature=40 32 31 13 44 16 1 9 46 9 14 54 31 45 9 38 54 3 47 4 7 51 48 11 47 41 2 36 32 43
split_gain=2.40633 2.27755 2.35984 2.46848 2.19882 2.2803 1.93751 1.82358 2.28132 2.52168 2.22956 2.13164 2.36801 2.30999 1.97536 1.68344 1.67132 1.87384 1.64715 2.91185 1.65898 1.59352 2.14308 1.94057 1.56428 2.11266 2.09264 1.54782 2.87331 1.48135
threshold=98.500000000000014 999.14166666666677 0.45000000000000068 0.94445443497892156 81.500000000000014 0 0.65000000000000002 6.5000000000000009 1.3500000000000003 7.5000000000000009 1 2.7000000000000024 0.41096093353126545 7.1000000000000005 4.5000000000000009 -0.033333333333359853 3.0999999999999996 0.15000000000000005 20.750000000000004 0.75833333333333341 0.65000000000000002 -2.8000000000000016 86.500000000000014 0.1294095225512602 19.650000000000002 5.9000000000000012 0.8500000000000002 -0.41772542011260544 993.23333333333346 9.1500000000000004
decision_type=10 2 2 2 8 9 2 2 8 2 1 2 2 10 2 10 2 2 10 2 2 10 10 2 10 10 8 2 2 8
left_child=29 2 27 -4 6 7 21 14 9 -9 24 12 13 -12 18 -14 17 -7 19 20 -6 23 -23 -3 -11 26 -26 -2 -29 -1
right_child=1 4 3 -5 5 16 -8 8 -10 10 11 -13 15 -15 -16 -17 -18 -19 -20 -21 -22 22 -24 -25 25 -27 -28 28 -30 -31
leaf_value=0.00010744670031900827 0.0051305691849440511 -0.00059910167738178456 0.022666008229380297 -0.0016026344484936729 -0.00039159972561988998 0.00053241976384195563 -0.0090283008345355947 -0.0072437200623600654 -0.0063929263270212202 0.010250503490013765 0.038191119194852345 0.018401293802679554 -0.0067487113229959044 -0.00047564758306241768 0.013813105028381649 0.0014650131721148708 -0.0019519762667587538 -0.0017619367104767859 0.015530555127235333 0.012599171225648737 -0.012805125357868425 -0.0011038511003210517 0.016555509237362997 -0.00400054363619755 0.033451323925027587 -0.0091419329903567256 -0.0092920698961055422 0.00091407505945463878 -0.0030363956010763639 -0.00016250440779593881
leaf_weight=8667 30 94 45 21 39 98 105 29 44 28 34 55 48 28 52 67 39 239 44 24 33 41 24 46 28 28 36 49 31 20444
leaf_count=8667 30 94 45 21 39 98 105 29 44 28 34 55 48 28 52 67 39 239 44 24 33 41 24 46 28 28 36 49 31 20444
internal_value=-0.000246812 -0.00221418 0.00312323 0.01059 -0.00293531 -0.00178733 -0.00661077 0.000119598 -0.00170548 -0.000459197 0.000710026 0.00351095 0.000988142 0.00885668 0.0041645 -0.00325804 -0.0047915 -0.00378226 0.00107066 -0.00260146 -0.00762829 -0.00377864 0.00268817 -0.00678087 -0.00461184 -0.00814332 -0.00312012 -0.0013624 -0.00499376 -0.000146851
internal_weight=30590 1479 176 66 1303 993 310 617 425 381 352 232 177 62 192 115 376 337 140 96 72 205 65 140 120 92 64 110 80 29111
internal_count=30590 1479 176 66 1303 993 310 617 425 381 352 232 177 62 192 115 376 337 140 96 72 205 65 140 120 92 64 110 80 29111
cat_boundaries=0 1 2
cat_threshold=42207748 844
is_linear=0
shrinkage=0.05


Tree=144
num_leaves=31
num_cat=1
split_feature=40 16 38 39 32 43 36 33 32 12 9 27 50 35 55 36 2 12 3 27 33 53 46 55 9 38 37 11 45 31
split_gain=1.99355 1.94912 2.11385 2.32316 2.08895 2.54569 2.20133 2.10058 1.97337 3.41746 1.9622 2.00643 2.15787 3.12094 3.4751 2.07764 2.27024 2.77675 2.0569 1.83165 1.80455 1.76483 1.70252 1.68006 1.66051 1.63942 1.59264 1.63033 1.83054 2.01513
threshold=98.500000000000014 0 2.1166666666666178 -0.94999999999999984 1009.2166666666668 15.550000000000002 0.60691517311833276 0.15000000000006256 997.75833333333333 -0.37671401544963062 1.0000000180025095e-35 0.28674417556808757 0.15000000000000005 0.65824829046386313 17.833333333333339 0.048999293242038743 1.0000000180025095e-35 0.04290317764179518 0.95000000000000007 0.53953141390848469 0.64807406984078442 -4.2999999999999972 0.75000000000000011 3.4166666666666647 9.5000000000000018 -1.5333333333334733 -0.83950863889754479 0.91597561503675351 7.3000000000000016 0.53332926424530369
decision_type=10 9 10 10 2 8 2 2 2 2 2 2 10 2 2 2 10 2 2 2 2 10 8 2 2 10 2 2 10 2
left_child=-1 2 3 -2 5 6 8 -6 -5 -10 -3 20 13 18 15 16 17 -15 -13 -11 23 -9 26 -12 -8 -25 -23 28 -28 -30
right_child=1 10 -4 4 7 -7 24 21 9 19 11 12 -14 14 -16 -17 -18 -19 -20 -21 -22 22 -24 25 -26 -27 27 -29 29 -31
leaf_value=-4.4419679086621371e-05 -0.0045764046883809374 0.0037894344962281774 0.0045732000475231958 0.0040960064298738667 0.00508483451260553 0.034040719169688108 0.020073383493147662 0.00028698935441195673 -0.0037445903617167793 0.014868836653407403 0.00075747459050559132 -0.0033985049861106052 0.00038849114476707526 0.0046923392885360876 -0.0021558021312448384 0.0036402263191215507 -0.0035178726475535828 -0.0055624777949689064 -0.021386629141010412 -0.0011751949469802237 0.0094472164126280494 -0.0067624347573940098 -0.0093407705496309276 -0.00075590297608617578 -0.00018567739756760739 -0.0047009443019112836 0.00081624867585270995 -0.0058754139429697183 0.0009852197265266024 -0.0058153269092963006
leaf_weight=29111 20 26 21 39 69 48 56 107 68 28 20 52 99 49 89 134 61 21 26 22 20 35 21 29 43 101 77 31 34 33
leaf_count=29111 20 26 21 39 69 48 56 107 68 28 20 52 99 49 89 134 61 21 26 22 20 35 21 29 43 101 77 31 34 33
internal_value=-0.00022066 -0.00201136 -0.000196825 -0.000649706 -0.000175784 0.00295955 0.000976181 -0.00251781 -0.00270528 -0.00592718 -0.00383259 -0.00438596 -0.0028714 -0.00439713 -0.00240045 0.00047152 -0.00400458 0.0021398 -0.0134443 0.00399202 -0.00911229 -0.00414079 -0.00659887 -0.0109927 0.0068113 -0.0130669 -0.0052356 -0.00328384 -0.00104094 -0.00707899
internal_weight=30590 1479 752 731 711 304 256 407 157 118 727 701 531 432 354 265 131 70 78 50 170 338 231 150 99 130 210 175 144 67
internal_count=30590 1479 752 731 711 304 256 407 157 118 727 701 531 432 354 265 131 70 78 50 170 338 231 150 99 130 210 175 144 67
cat_boundaries=0 1
cat_threshold=9177606
is_linear=0
shrinkage=0.05


Tree=145
num_leaves=31
num_cat=4
split_feature=40 16 33 49 47 27 31 31 55 32 16 14 48 37 47 32 32 2 4 33 27 43 9 53 26 53 42 49 16 26
split_gain=2.52654 2.07964 2.14863 2.91963 2.19771 2.59047 2.09925 2.84125 3.19668 2.87706 3.50433 2.95146 4.43971 2.76849 2.39651 2.98063 3.0616 2.78267 2.76693 2.76901 2.45839 2.61321 2.34473 2.31733 2.91505 2.27743 2.26217 2.37883 2.21424 2.60215
threshold=98.500000000000014 0 1.0499338582674451 23.600000000000005 2.4500000000000006 0.59066817155564577 0.535412613473634 1.8999999999999992 13.833333333333337 1009.6833333333335 1 2 89.500000000000014 0.48748278228867731 23.750000000000004 1000.6416666666668 994.45000000000016 2.8500000000000001 3.683333333333334 0.12472191289244751 1.7966017038167368 20.050000000000004 20.500000000000004 -1.8500000000000012 11.84166666666667 -21.949999999999996 0.25000000000000006 4.5000000000000009 3 11.933333333333335
decision_type=10 9 2 10 10 2 2 2 2 2 9 1 10 2 10 2 2 10 2 2 2 10 2 10 2 8 10 8 9 2
left_child=1 -1 6 4 -4 -6 25 9 -9 11 -11 12 13 22 15 16 17 -13 19 23 21 -16 -8 24 -17 -3 27 -10 -21 -30
right_child=-2 2 3 -5 5 -7 7 8 26 10 -12 14 -14 -15 20 18 -18 -19 -20 28 -22 -23 -24 -25 -26 -27 -28 -29 29 -31
leaf_value=-0.00025808035984474232 -0.00076677696849180579 -0.0025665703890145118 -0.0021040884193662015 0.019427828098759606 0.036534995783248703 -0.00014388214279633659 0.0027061164498120164 -0.0052505801521601121 0.0039484242925736631 0.0014019698611457715 -0.00014864748631211456 0.00072882653735033005 -0.0010490557183013367 0.0082832223585359559 -0.0099003979864646877 -0.0029556406573218053 -0.0015345651945743778 0.072064640439107763 -0.046884899109978333 0.0061283348836052749 -0.004804858637227025 0.00019621262736875119 0.03515057044602151 -0.002979917748369529 0.018130815097722811 -0.00021211005759971119 0.0074311495941442266 -0.00055135663810776392 -1.0966609241805371e-05 0.01020666737582481
leaf_weight=13283 1474 68 23 40 44 92 302 77 53 1119 3209 293 150 102 21 34 408 22 25 442 45 474 28 123 44 7256 43 485 370 360
leaf_count=13283 1474 68 23 40 44 92 302 77 53 1119 3209 293 150 102 21 34 408 22 25 442 45 474 28 123 44 7256 43 485 370 360
internal_value=-0.000253203 -0.00015068 0.000237912 0.0053993 0.00235701 0.0047759 0.000171991 0.000720006 -0.00243124 0.000993911 0.000150181 0.00211989 0.00532005 0.00798426 0.00139456 0.0021569 -0.000449454 0.00325294 0.00350476 0.00380526 -0.00157378 -0.000555443 0.00575583 -0.00161611 0.00512164 -0.000443741 -0.00116159 -0.00204423 0.00473509 0.00290501
internal_weight=30509 29035 15752 199 159 136 15553 8229 658 7571 4328 3243 582 432 2661 2121 723 315 1398 1373 540 495 330 201 78 7324 581 538 1172 730
internal_count=30509 29035 15752 199 159 136 15553 8229 658 7571 4328 3243 582 432 2661 2121 723 315 1398 1373 540 495 330 201 78 7324 581 538 1172 730
cat_boundaries=0 1 2 3 4
cat_threshold=46430208 1114130 70 17498132
is_linear=0
shrinkage=0.05


Tree=146
num_leaves=31
num_cat=6
split_feature=40 14 27 34 53 11 16 53 14 41 51 53 38 49 2 4 39 27 44 16 52 39 52 50 14 50 16 11 40 32
split_gain=2.15656 1.65741 2.12575 2.09191 1.6745 2.62971 3.28023 2.21642 1.95319 2.04963 1.94843 1.89635 1.81576 1.78898 1.74544 1.80172 1.7984 1.84534 1.83488 1.62007 2.07975 2.97715 2.94481 2.74515 2.63837 2.93139 2.62874 3.74315 2.58177 2.45468
threshold=98.500000000000014 0 0.16329931618554575 94.166666666666671 -0.70000000000000051 -0.5 1 5.1500000000000012 2 14.200000000000001 -2.1999999999999971 -16.799999999999994 -0.86666666666673098 21.800000000000004 2.0500000000000003 1.6166666666666669 10.950000000000001 1.0143416036468631 98.500000000000014 3 -19.499999999999996 -0.54999999999999993 -3.4999999999999996 0.55000000000000016 4 0.15000000000000005 5 -0.37940952255126015 51.500000000000007 1011.7166666666668
decision_type=10 1 2 2 10 2 9 10 1 10 10 8 10 8 10 2 10 2 10 9 8 10 8 10 1 10 9 2 10 2
left_child=19 2 3 -2 11 7 12 -6 10 -10 -8 -3 -7 14 15 16 18 -18 -13 -1 21 -21 24 -23 26 -26 27 -22 -25 -29
right_child=1 4 -4 -5 5 6 8 -9 9 -11 -12 13 -14 -15 -16 -17 17 -19 -20 20 22 23 -24 28 25 -27 -28 29 -30 -31
leaf_value=-0.00022606267703871309 0.0021952926928539228 0.0055860212674912653 0.00034651136982507825 -0.0049835399743175107 0.015672106134546657 0.024887741417682092 -0.0077215016710267459 -0.0019223720885680918 -0.004401082710599415 1.7165800977869682e-05 0.00088220509798409149 -0.0019752321966253414 -4.553416710849634e-05 -0.0076470893261710781 0.016709852247480169 -0.01369592184928844 -0.002009673176258006 0.0082756994770529918 0.00022141109918733388 -0.0044003315543541645 -0.0016903424470189278 -0.00024135345133124986 -4.3912281104488417e-05 0.0004043613451004222 0.0014017366682908248 0.0086983495336893212 -0.00083175288998441348 0.0066263393372191816 -0.009609266971000216 0.00014090141296306815
leaf_weight=15683 21 22 439 35 66 38 23 32 106 29 92 129 73 43 38 25 191 40 32 25 201 963 8650 20 1955 333 822 218 38 127
leaf_count=15683 21 22 439 35 66 38 23 32 106 29 92 129 73 43 38 25 191 40 32 25 201 963 8650 20 1955 333 822 218 38 127
internal_value=-0.000271231 -0.0021369 0.000247476 -0.00891266 -0.00331109 -0.00114354 -0.00311548 0.00611621 -0.00615148 -0.0101654 -0.000999201 -0.00528744 0.00392238 -0.00592251 -0.0049989 -0.00593383 -0.00510074 -0.00227174 -0.0091558 -0.00017651 0.000228258 -0.00191186 0.000410366 -0.00149349 0.00160007 0.00263261 -0.000145127 0.00251753 -0.0120482 0.00572298
internal_weight=30509 1474 495 56 979 459 361 98 250 135 115 520 111 498 455 417 392 231 161 29035 13352 1046 12306 1021 3656 2288 1368 546 58 345
internal_count=30509 1474 495 56 979 459 361 98 250 135 115 520 111 498 455 417 392 231 161 29035 13352 1046 12306 1021 3656 2288 1368 546 58 345
cat_boundaries=0 1 2 3 4 5 6
cat_threshold=2692 295424 1106 46954560 4216 1049108
is_linear=0
shrinkage=0.05


Tree=147
num_leaves=31
num_cat=0
split_feature=40 32 39 49 23 47 52 30 48 41 27 31 27 53 53 39 38 38 54 31 50 53 11 40 35 38 49 36 29 31
split_gain=1.80303 2.1435 2.63006 1.85941 1.98803 1.60801 2.2403 2.23908 2.14346 2.08247 2.83391 3.71054 2.33237 2.58001 2.1859 2.24668 2.64936 2.12496 2.06286 2.02508 2.01949 2.80302 2.77964 3.20125 2.44084 2.37102 2.3173 2.21113 1.99986 2.92554
threshold=98.500000000000014 997.75833333333333 0.25000000000000006 11.15 1.620607744358334 24.050000000000004 -39.499999999999993 -3.2833333333333328 29.500000000000004 3.0500000000000003 0.34999999999999881 0.79302515022468856 0.70395706939809621 -5.4500000000000002 -5.7999999999999972 26.050000000000004 -0.10000000000007957 0.49999999999994321 1.8500000000000025 0.44969125210773497 3.0500000000000003 8.9500000000000028 -0.37940952255126015 65.500000000000014 13.682911746194675 -0.09999999999996588 18.200000000000003 0.30604743155635367 7.9651257511234403 0.80000000000000027
decision_type=10 2 10 10 2 8 8 2 8 10 2 2 2 10 8 8 10 10 2 2 8 10 2 10 2 8 10 2 2 2
left_child=5 2 -2 4 -4 20 -7 -8 -9 10 14 19 17 -14 -10 16 -16 -13 -17 -12 -1 22 23 25 28 26 -22 -26 29 -24
right_child=1 -3 3 -5 -6 6 7 8 9 -11 11 12 13 -15 15 18 -18 -19 -20 -21 21 -23 24 -25 27 -27 -28 -29 -30 -31
leaf_value=-9.8487715120942905e-06 -0.0014740853971481728 -0.00092388496858616248 0.015960105200158611 2.9480951115244681e-05 0.015372477644072414 -0.0073902501759956947 -0.0050128099438945251 0.0014887923081989066 -0.011867208088873588 -0.00059221174476396592 0.0025869243045945293 0.023544744345643603 0.0034426411512996032 -0.008528633052931783 -0.01167246228101829 0.025167582394148014 0.0021695141480562508 -0.0040955630527511515 -0.0025108841006161705 0.020768401785017626 0.015292179076080043 0.013296973480584199 0.0081776411762429224 -0.0045221260723581347 0.0026549905945280339 0.0052459020101485098 -0.0033207768298275115 -0.0082267613011140477 0.016875901689822486 -0.0051060787401589203
leaf_weight=21166 27 1332 32 58 25 43 20 242 22 6566 65 37 28 40 23 28 41 22 20 134 26 82 151 99 47 25 20 23 32 33
leaf_count=21166 27 1332 32 58 25 43 20 242 22 6566 65 37 28 40 23 28 41 22 20 134 26 82 151 99 47 25 20 23 32 33
internal_value=-0.000261397 -0.0019673 0.00387051 0.00716768 0.0135727 -0.000174788 -0.000815021 -0.000747794 -0.000701696 -0.000861075 0.00239078 0.00490647 -0.00177026 -0.00807636 -0.00372856 -0.000892061 -0.00702028 0.00549915 0.00727651 0.00916625 4.14668e-05 0.00306634 0.00153475 -0.00352734 0.00454387 0.00457103 -0.0021692 -0.00356633 0.00717261 0.00516024
internal_weight=30509 1474 142 115 57 29035 7331 7288 7268 7026 460 326 127 68 134 112 64 59 48 199 21704 538 456 170 286 71 46 70 216 184
internal_count=30509 1474 142 115 57 29035 7331 7288 7268 7026 460 326 127 68 134 112 64 59 48 199 21704 538 456 170 286 71 46 70 216 184
is_linear=0
shrinkage=0.05


Tree=148
num_leaves=31
num_cat=1
split_feature=40 47 52 52 41 16 34 53 53 9 48 33 40 33 31 38 38 51 13 9 53 34 30 13 38 43 33 46 32 38
split_gain=1.78231 1.59041 2.3163 2.00812 2.12024 3.31733 3.09647 3.13924 2.94715 2.86845 2.58138 3.45323 2.45785 3.74118 4.19404 2.22894 2.17455 2.17278 2.19506 2.17765 2.15224 2.4398 2.14812 2.11619 2.94571 2.67579 2.03016 2.47412 2.0676 2.02995
threshold=98.500000000000014 24.050000000000004 -48.499999999999993 -43.499999999999993 11.700000000000001 0 98.583333333333357 8.2500000000000018 7.4000000000000021 13.500000000000002 88.500000000000014 0.30912061651651412 70.500000000000014 0.2054804667656332 0.18856180831641331 -1.0000000180025095e-35 0.94166666666671983 -1.0000000180025095e-35 -0.94445443497892134 5.5000000000000009 4.7500000000000018 93.583333333333357 12.516666666666667 0.77335067770972976 0.75000000000005695 29.650000000000002 0.11236095644622753 0.15000000000000005 1013.2583333333336 -0.09999999999996588
decision_type=10 8 8 8 8 9 2 10 10 2 10 2 10 2 2 10 10 10 2 2 10 2 2 2 10 10 2 8 2 10
left_child=1 2 -1 -3 8 6 20 -8 -5 29 12 15 13 17 -15 -12 22 -7 -19 -20 -6 23 -16 24 25 -22 -14 -28 -29 -10
right_child=-2 3 -4 4 5 10 7 -9 9 -11 11 -13 26 14 16 -17 -18 18 19 -21 21 -23 -24 -25 -26 -27 27 28 -30 -31
leaf_value=0.017099278323304275 -0.00067938722329398968 -0.0093144762117308658 4.3681986899191118e-06 -0.00067122343880062505 0.003464454574331258 0.000202805411717355 0.045139165220621093 -0.0017015471532219552 -0.0091770384731869308 -0.0070026493539235464 -0.0081478352450619265 0.0070323533696768949 0.00093768959421736966 -0.0049987686736298505 -0.0021153363992849959 0.0034540492766356097 0.0089107875696205485 0.007381349496083359 -0.002179233383458394 -0.0078063861665419124 -0.00046171942448403617 -0.0054925276975767495 0.0013791793660412014 0.0047604352516270919 -0.0059109932496964335 0.01765692420202656 -0.0029364126417634698 0.00028788579675740613 -0.0062568318023177088 0.018043018800403113
leaf_weight=31 1474 25 21673 4526 287 99 61 23 32 41 28 164 64 49 32 36 34 31 42 71 100 60 834 28 27 39 322 222 30 24
leaf_count=31 1474 25 21673 4526 287 99 61 23 32 41 28 164 64 49 32 36 34 31 42 71 100 60 834 28 27 39 322 222 30 24
internal_value=-0.000271231 -0.000185121 2.99483e-05 -0.000821841 -0.000773326 0.00034475 0.00350339 0.0124851 -0.00142221 -0.0100412 -0.000628596 0.00438404 -0.00125676 8.38856e-05 0.00150142 -0.00546022 0.00227752 -0.00545043 -0.00936849 -0.0125995 0.0021715 -0.00118064 0.00178963 0.0015456 -0.000602047 0.00233645 -0.00376117 -0.00470301 -0.00099167 -0.0026738
internal_weight=30509 29035 21704 7331 7306 2683 625 84 4623 97 2058 228 1830 1192 949 64 900 243 144 113 541 254 866 194 166 139 638 574 252 56
internal_count=30509 29035 21704 7331 7306 2683 625 84 4623 97 2058 228 1830 1192 949 64 900 243 144 113 541 254 866 194 166 139 638 574 252 56
cat_boundaries=0 1
cat_threshold=17961060
is_linear=0
shrinkage=0.05


Tree=149
num_leaves=31
num_cat=2
split_feature=51 27 12 31 54 27 14 26 1 55 2 1 4 45 16 32 31 47 39 31 9 13 27 1 41 31 23 32 51 43
split_gain=1.84052 2.69495 3.25251 2.78386 5.3562 2.26063 2.29527 2.69796 2.22027 3.03827 2.21231 1.89039 3.51639 3.20592 2.29535 2.99471 2.60395 2.93807 2.44852 1.83543 1.8045 1.76476 1.93761 1.73147 1.90735 1.71975 2.37008 1.70261 1.73736 2.20599
threshold=-4.0999999999999979 0.68475461947247196 -0.84374447618434878 1.7594190960528862 9.6833333333333353 0.69999999999999962 0 18.458333333333339 0.8500000000000002 37.416666666666679 1.0500000000000003 0.65000000000000002 0.28333333333333338 11.050000000000002 1 1007.5166666666668 0.77602978178818771 9.9500000000000011 19.450000000000003 1.0252348086881751 8.5000000000000018 -0.60703521118548998 0.35000000000000103 0.45000000000000007 11.050000000000002 0.74087035902976317 4.7293433603500956 1022.8166666666668 -6.9499999999999993 25.950000000000003
decision_type=10 2 2 2 2 2 1 2 2 2 10 2 2 10 9 2 2 8 10 2 2 2 2 2 10 2 2 2 10 10
left_child=1 2 27 5 -5 -3 7 -7 9 10 23 12 13 21 15 20 17 -16 -19 -15 -13 22 -4 24 -8 26 -9 28 -1 -30
right_child=-2 3 11 4 -6 6 8 25 -10 -11 -12 14 -14 19 16 -17 -18 18 -20 -21 -22 -23 -24 -25 -26 -27 -28 -29 29 -31
leaf_value=-0.0047387748126521941 -5.9618256119682582e-05 0.016537289169324312 0.0032436399741502505 -0.0043202617854410791 0.003588829933995852 0.0028898928862380979 -0.0015601519872045272 -0.0012755244156186563 0.0098969342900969374 0.0011464204770907233 -0.012046885544676172 -0.0018076513717702914 0.0016100337029549092 -0.00084436575794151481 -0.01513492449459829 -0.0073441436803477261 0.0014438356311475137 -0.0019941323419409517 -0.014758480648808659 0.0053973527063005209 0.011232278110198069 -0.0015500514658228868 -0.0037896865549868863 -0.0062052221584622744 0.00076327610807180456 -0.0042644697086448155 0.01517837528375578 -0.0035397163713905529 -0.0031876454723853255 0.022167279433514188
leaf_weight=54 28353 35 29 59 23 128 192 27 153 45 28 21 256 171 43 53 44 70 46 50 29 116 28 58 127 76 20 25 129 21
leaf_count=54 28353 35 29 59 23 128 192 27 153 45 28 21 256 171 43 53 44 70 46 50 29 116 28 58 127 76 20 25 129 21
internal_value=-0.000261397 -0.00166968 -0.00326977 0.000283184 -0.00852619 0.00109661 0.000585412 0.00450019 -0.00110096 -0.00288825 -0.00425821 -0.00198724 -0.000461467 -0.00342553 -0.00522705 0.00110522 -0.00809479 -0.0114708 -0.00732127 0.000565355 0.00998004 -0.00852109 -0.00131349 -0.00324848 -0.00180194 -0.000609261 0.00690021 -0.00862069 -0.00710436 -0.00433045
internal_weight=30509 2156 1185 971 82 889 854 251 603 450 405 956 650 394 306 103 203 159 116 221 50 173 57 377 319 123 47 229 204 150
internal_count=30509 2156 1185 971 82 889 854 251 603 450 405 956 650 394 306 103 203 159 116 221 50 173 57 377 319 123 47 229 204 150
cat_boundaries=0 1 2
cat_threshold=4704 9453636
is_linear=0
shrinkage=0.05


Tree=150
num_leaves=31
num_cat=3
split_feature=3 26 41 2 36 30 54 16 14 42 34 43 29 41 47 30 33 11 10 2 26 36 48 41 30 40 49 26 14 36
split_gain=1.78857 3.29234 1.92704 2.97475 1.16847 2.31912 4.11131 2.84748 2.82225 2.5469 2.71531 2.9426 2.48873 2.34644 2.49955 2.33377 2.26509 2.1958 2.10933 2.69579 2.27402 2.08818 2.67773 2.27273 2.22858 2.95648 2.0593 2.11105 2.083 2.9268
threshold=7.3500000000000005 24.81666666666667 12.050000000000002 4.8500000000000005 -0.66555580647281209 23.558333333333337 6.6333333333333346 0 1 0.35000000000000003 80.416666666666671 1.6500000000000001 0.48570226039551589 6.6500000000000012 4.0500000000000007 24.31666666666667 0.78457348639600388 0.60355339059327384 0.25881904510252091 1.0000000180025095e-35 0.23333333333333336 -0.75461379195228384 73.500000000000014 11.050000000000002 23.158333333333335 89.500000000000014 7.5000000000000009 1.541666666666667 2 -0.94754805020618516
decision_type=2 2 10 8 2 2 2 9 1 8 2 10 2 10 10 2 2 2 2 8 2 2 10 10 2 10 8 2 1 2
left_child=4 2 3 -2 5 7 15 8 12 13 17 -12 -1 14 -9 -7 -10 -11 -14 -20 -21 23 -23 24 25 -13 28 -28 29 -15
right_child=1 -3 -4 -5 -6 6 -8 9 16 10 11 21 18 26 -16 -17 -18 -19 19 20 -22 22 -24 -25 -26 -27 27 -29 -30 -31
leaf_value=0.0020538901022365635 -0.026220389008127801 -0.035613069342385555 0.079853424049378161 0.14253603272258536 -6.1832287870799979e-05 -0.0050174951552354047 0.020588631552657926 -0.0016752787015738681 -0.0012613348256465089 -0.0044198066772711793 -0.0056740740380721022 -0.0090599035449123681 0.00017530361143264646 -0.003688457421358933 0.0038579782602623405 0.0021831439042158201 0.0052178355685289423 0.0031877830183223072 -0.0023268429465205173 -0.0030133311542812542 -7.1244756134726525e-05 -0.0025180975386705135 0.026893499332912192 0.0021003039758153001 0.0015626476566120819 -0.0011421806627452903 0.0027642593986342391 0.00019761499764935355 -0.00037704935474580648 -0.0018288151526676421
leaf_weight=44 30 23 44 43 24189 236 22 36 1256 127 22 51 938 32 416 72 54 36 144 29 398 38 50 142 23 50 23 1519 393 70
leaf_count=44 30 23 44 43 24189 236 22 36 1256 127 22 51 938 32 416 72 54 36 144 29 398 38 50 142 23 50 23 1519 393 70
internal_value=-0.000283141 0.00535332 0.0087532 0.00376197 -0.000309108 -0.000920255 -0.00499849 -0.000691721 -0.00181859 0.000378526 -0.00273604 -0.00039883 -0.000367859 0.0010546 0.00431321 -0.0064914 -0.00352246 -0.00812385 -0.000712345 -0.00310804 -0.00111215 0.000706015 0.00737798 -0.00150319 -0.00644641 -0.00964392 0.000331353 0.00123209 -0.00247425 -0.00847458
internal_weight=30550 140 117 73 30410 6221 330 5891 2863 3028 539 376 1553 2489 452 308 1310 163 1509 571 427 354 88 266 124 101 2037 1542 495 102
internal_count=30550 140 117 73 30410 6221 330 5891 2863 3028 539 376 1553 2489 452 308 1310 163 1509 571 427 354 88 266 124 101 2037 1542 495 102
cat_boundaries=0 1 2 3
cat_threshold=22188118 4494 76
is_linear=0
shrinkage=0.05


Tree=151
num_leaves=31
num_cat=1
split_feature=53 6 33 6 6 9 39 43 1 5 38 34 15 43 5 33 10 36 24 28 52 33 16 54 40 2 13 35 32 37
split_gain=1.43241 1.37154 2.44942 1.36908 1.33585 2.2043 1.26524 1.48586 1.7291 1.27739 1.25374 3.4958 3.43219 3.35473 2.33134 1.62746 1.33042 1.20735 2.63723 3.06407 2.6856 2.00579 2.00383 2.96087 2.74569 2.54543 3.91271 2.45224 2.21105 3.6117
threshold=35.800000000000004 4.8500000000000005 0.33993463423957032 4.4500000000000011 3.5500000000000003 14.500000000000002 34.050000000000004 34.050000000000004 1.0000000180025095e-35 0.38586123009300766 -5.6166666666666734 99.833333333333357 2022.5000000000002 2.4500000000000006 0.52808988664221446 0.45460605656620273 -0.37940952255126059 -0.72386810152872527 18.511008123044874 69.833333333333357 -15.499999999999998 0.69880749227424721 0 0.5666666666666671 35.500000000000007 0.15000000000000005 0.98669422938859319 30.657606875530373 1005.1833333333335 0.38051738676962321
decision_type=10 2 2 2 2 2 10 10 2 2 8 2 2 10 2 2 2 2 2 2 10 2 9 2 8 8 2 2 2 2
left_child=1 3 -3 4 6 -6 7 10 -9 -8 11 12 15 16 -13 -1 -14 18 22 -20 -21 -22 25 -24 -25 -12 27 -27 29 -26
right_child=-2 2 -4 -5 5 -7 9 8 -10 -11 17 14 13 -15 -16 -17 -18 -19 19 20 21 -23 23 24 28 26 -28 -29 -30 -31
leaf_value=-0.0069332856950895866 0.0030491632392252669 -0.042926767092251766 0.048569641622606824 -0.043635518440277604 0.0024583922358222491 0.10081704969552517 0.0058734030744127079 -0.0053084732844314647 0.00024415059650897134 -0.0058622774157188308 -0.0020974533414927304 -0.01084078275326205 0.001078993770733161 0.022653149993874473 -0.000739715597573315 0.0067037671874975837 -0.013035083804718507 -5.5172329387115361e-05 0.021427724331191035 -0.0091014169849041888 -0.0015984391161424916 -0.0087160368152491563 -0.0034160697543560714 0.007873089283883283 -0.0002885102659874517 -0.00075323590689151403 0.0053993422822724881 -0.0045576642036685181 0.00012120151551616999 -0.002923867740610939
leaf_weight=40 31 20 44 21 45 21 64 33 29 24 295 40 22 50 29 20 21 24691 31 26 166 36 64 74 1025 476 51 41 2850 170
leaf_count=40 31 20 44 21 45 21 64 33 29 24 295 40 22 50 29 20 21 24691 31 26 166 36 64 74 1025 476 51 41 2850 170
internal_value=-0.000274958 -0.000285887 0.00702028 -0.000301263 -0.000292435 0.00680787 -0.000307889 -0.000325296 -0.00805153 0.00567537 -0.000309417 -0.00405223 0.000163292 0.00617615 -0.0133864 -0.00915141 -0.00406032 -0.000281703 -0.000966052 -0.00588576 -0.00789128 -0.00593765 -0.000713422 -0.000256374 -9.10393e-05 -0.00289199 -0.000968139 -0.00227229 -0.000265754 -0.00207096
internal_weight=30550 30519 64 30455 30434 66 30368 30280 62 88 30218 222 153 93 69 60 43 29996 5305 259 228 202 5046 4183 4119 863 568 517 4045 1195
internal_count=30550 30519 64 30455 30434 66 30368 30280 62 88 30218 222 153 93 69 60 43 29996 5305 259 228 202 5046 4183 4119 863 568 517 4045 1195
cat_boundaries=0 1
cat_threshold=20973648
is_linear=0
shrinkage=0.05


Tree=152
num_leaves=31
num_cat=1
split_feature=3 39 43 33 45 40 16 11 37 29 39 47 43 32 54 9 37 47 30 10 48 38 53 3 46 53 37 12 13 37
split_gain=1.56147 3.25591 2.09301 1.51443 1.32997 1.11803 1.89091 2.98604 2.40215 2.5223 3.35203 2.63533 2.50269 3.4763 3.06171 2.06492 2.05334 1.87176 2.8724 1.87033 2.65014 2.20286 1.8992 1.84299 2.03025 1.83359 1.75079 1.73564 1.67965 1.62443
threshold=7.3500000000000005 27.050000000000004 27.650000000000002 0.4944081247663985 11.15 97.500000000000014 0 -0.98296291314453399 -0.19220368617328723 0.87965281125489481 9.6500000000000004 6.9500000000000011 10.950000000000001 1009.6166666666668 2.3500000000000028 1.0000000180025095e-35 -0.82952460121737182 13.750000000000002 12.116666666666669 -0.70710678118654735 86.500000000000014 1.6500000000000343 1.5000000000000007 0.15000000000000005 1.0000000180025095e-35 0.80000000000000016 0.97544442040921775 -0.72800098152115733 0.97702786266997033 0.35618309423959099
decision_type=2 10 10 2 10 10 9 2 2 2 10 10 10 2 2 2 2 10 2 2 8 10 10 2 10 10 2 2 2 2
left_child=5 3 -3 4 -2 -1 19 -8 9 11 28 -9 25 14 -14 -10 -16 18 23 20 -7 26 -22 -17 29 -12 -21 -15 -11 -25
right_child=1 2 -4 -5 -6 6 7 8 15 10 12 -13 13 27 16 17 -18 -19 -20 21 22 -23 -24 24 -26 -27 -28 -29 -30 -31
leaf_value=-7.8039979949756652e-05 -0.048548963268107773 -0.027845457313142655 0.028748858859495342 0.099619445217622421 0.15407617142662622 -0.00027803123620708247 -0.0055643128121121224 -0.0055992553195419988 -0.0014124784920896583 0.0060413981462741524 -0.014620472630239767 -0.0021528541956720658 0.036066819563636665 0.00037974423023823814 0.043275858253793896 0.004633984005373318 -0.013380242376352264 0.019606105525125903 -0.0070967610631328688 -0.00022683608665410306 -0.0042589563541775973 -0.0033155937262663499 -0.0018616051227243601 0.0046404023263705635 -0.0014121112058068431 -0.0016114695918318961 -0.001557139902138749 -0.0059969715716754182 -0.0016444089208758244 0.00018272739480359112
leaf_weight=28469 20 20 34 42 24 99 22 33 22 147 21 61 36 63 20 53 23 125 24 657 72 39 40 44 57 28 35 108 48 64
leaf_count=28469 20 20 34 42 24 99 22 33 22 147 21 61 36 63 20 53 23 125 24 657 72 39 40 44 57 28 35 108 48 64
internal_value=-0.000270048 0.00499643 -0.00462107 0.0110337 0.00453515 -0.00029431 -0.00145536 7.43237e-05 0.000486132 -0.00153035 -0.000101194 -0.00903294 -0.00342695 -0.00139944 0.00726928 0.0035338 -0.00174014 0.00442659 0.00185874 -0.0030459 -0.00722406 -0.00188073 -0.0124888 0.00366804 0.00105996 -0.0137475 -0.00122815 -0.0054062 0.00499744 0.00508788
internal_weight=30550 140 54 86 44 30410 1941 999 977 588 494 94 299 250 79 389 43 367 242 942 211 731 112 218 165 49 692 171 195 108
internal_count=30550 140 54 86 44 30410 1941 999 977 588 494 94 299 250 79 389 43 367 242 942 211 731 112 218 165 49 692 171 195 108
cat_boundaries=0 1
cat_threshold=51429458
is_linear=0
shrinkage=0.05


Tree=153
num_leaves=31
num_cat=1
split_feature=40 49 6 4 31 12 39 51 16 35 29 31 34 31 46 39 31 34 12 2 27 29 44 32 19 28 10 44 13 42
split_gain=1.38537 2.63695 1.74414 2.52431 2.13634 2.436 2.28281 2.52989 2.05046 2.86909 2.75186 2.04782 1.89418 2.27635 1.78477 2.3335 1.74965 1.72101 1.6233 2.46938 1.95568 1.76127 1.62111 1.61219 1.87069 1.51028 1.45006 1.56187 1.4191 1.40986
threshold=98.500000000000014 21.800000000000004 1.4500000000000002 2.1583333333333337 0.43204937989385789 -0.99466323211226826 1.0500000000000003 -0.90000000000000002 0 24.002314591592558 6.9880749227427259 0.37416573867739472 96.583333333333357 0.66499791144200071 0.25000000000000006 12.950000000000001 1.067707825203132 65.583333333333357 -0.63397849276288676 0.24000000000000005 0.8041558721209886 2.0274023338281633 96.500000000000014 1014.2166666666668 48.500000000000007 87.166666666666671 -0.5 74.500000000000014 0.32041146939831461 0.15000000000000005
decision_type=10 8 2 2 2 2 10 10 9 2 2 2 2 2 10 10 2 2 2 10 2 2 10 2 2 2 2 10 2 10
left_child=-1 2 3 4 6 -6 -2 11 10 18 12 23 14 -14 15 -7 -17 -11 29 20 -20 -21 -3 24 25 -8 -23 -28 -27 -10
right_child=1 22 -4 -5 5 8 7 -9 9 17 -12 -13 13 -15 -16 16 -18 -19 19 21 -22 26 -24 -25 -26 28 27 -29 -30 -31
leaf_value=-6.6583619240342254e-05 -0.0011564394479819454 -0.0046261813297274485 0.027892605922186793 -0.017263131786866236 0.012416880788356149 -0.003048642876152119 -0.0034317424574664859 -0.0003270608343265813 -0.00771130076303966 -0.0013534758024219774 0.011138191998299688 0.01364440881856753 -0.0005937436836261162 0.0082793837876999326 0.011979943255324497 0.018735721602021693 -0.0063188760844579365 0.012712199554166977 0.00023715963807370013 0.0008099532228419082 -0.0022530096889018638 -0.004227151301571668 -0.00031904907058938618 -0.0006623788979756213 0.022282196573365595 -4.7582774477478168e-05 -0.0026501462133891557 -0.011425512765563146 0.013465067103498159 -0.00081130231582083462
leaf_weight=29076 47 68 43 46 41 67 26 243 84 35 42 38 61 40 30 21 20 32 119 27 41 40 30 45 52 28 20 36 20 32
leaf_count=29076 47 68 43 46 41 67 26 243 84 35 42 38 61 40 30 21 20 32 119 27 41 40 30 45 52 28 20 36 20 32
internal_value=-0.000268412 -0.00176379 -0.00119904 -0.00151902 -0.00110714 -0.00272808 0.00145261 0.00254369 -0.00337973 -0.00535602 8.58811e-05 0.0065758 -0.00198662 0.00321464 -0.0057929 -0.00878816 0.000608273 0.00409836 -0.00707843 -0.00503356 -0.000936914 -0.0103574 -0.009684 0.00423729 0.00713719 0.00202429 -0.0135276 -0.0187166 0.00727651 -0.0120586
internal_weight=30550 1474 1376 1333 1287 788 499 452 747 466 281 209 239 101 138 108 41 67 399 283 160 123 98 171 126 74 96 56 48 116
internal_count=30550 1474 1376 1333 1287 788 499 452 747 466 281 209 239 101 138 108 41 67 399 283 160 123 98 171 126 74 96 56 48 116
cat_boundaries=0 1
cat_threshold=1573442
is_linear=0
shrinkage=0.05


Tree=154
num_leaves=31
num_cat=3
split_feature=51 14 35 27 48 5 18 11 4 35 33 53 10 27 5 5 16 39 38 43 1 13 16 38 49 38 39 23 44 33
split_gain=1.55028 2.6924 2.47728 2.75688 2.46874 2.35192 2.32142 2.15367 2.14207 1.93221 1.92665 2.32438 3.65056 2.10853 3.8546 2.086 2.80738 2.02316 2.12412 1.98612 1.95833 1.93138 3.44109 2.22813 2.11869 2.28355 1.91535 2.76682 1.87992 1.84596
threshold=-4.0999999999999979 0 6.5743120962686392 0.61824123303304745 91.500000000000014 0.10000000000000007 19.961115000000003 -0.78656609248549325 0.041666666666666678 15.47801541291309 0.77172246018604163 1.4000000000000001 -0.78656609248549292 0.6944222218666557 0.58972611465541758 0.094280904158206405 1 23.350000000000005 -0.29999999999989763 27.050000000000004 1.2500000000000002 -0.44707732260762351 2 -0.033333333333359853 6.6500000000000012 -0.94999999999998852 18.950000000000003 3.1633090291294081 62.500000000000007 0.24944382578496593
decision_type=10 1 2 2 10 2 2 2 2 2 2 10 2 2 2 2 9 10 10 10 2 2 9 10 10 10 10 2 10 2
left_child=1 2 4 7 8 6 9 -4 -1 -5 13 12 -12 15 21 16 -3 19 -19 -17 -16 24 23 -23 -15 -26 27 -18 -13 -27
right_child=-2 10 3 5 -6 -7 -8 -9 -10 -11 11 28 -14 14 20 17 26 18 -20 -21 -22 22 -24 -25 25 29 -28 -29 -30 -31
leaf_value=-0.0015569357569256309 -5.9950331975646565e-05 -0.0032060764356410809 -0.00038554895052284808 0.0025981696861031613 -0.0041754815606753872 -0.0051041864885805303 0.0011887088589436366 -0.0043730574111403133 0.0020846304237107107 -0.0040977530044549459 0.0057894403934431017 -0.0025426648344075544 -0.0051867343982971385 0.0073474100248947854 -0.011680937943166915 0.00034830037370425229 0.00091094261530630253 0.00054920551973343672 -0.01443586077557012 0.051206007922426848 0.0021087890139427248 0.00065050212010402402 -0.00045644510066733258 0.008191694576136218 0.015086335229309534 0.0089069445883748818 0.0093004419054798729 -0.0010326666034981516 0.027215576415646398 -0.00035356057512758656
leaf_weight=22 28416 115 22 20 37 112 46 87 192 23 30 36 79 23 44 488 60 20 26 22 39 63 236 38 23 36 29 74 20 72
leaf_count=22 28416 115 22 20 37 112 46 87 192 23 30 36 79 23 44 488 60 20 26 22 39 63 236 38 23 36 29 74 20 72
internal_value=-0.000270048 -0.00156975 -0.00450884 -0.0075782 -0.000896057 -0.00410244 0.00196409 -0.013978 0.00116768 -0.00638051 -0.000489546 -0.00560267 -0.00985335 0.000106527 0.0024386 -0.00149862 -0.00503416 0.000269736 -0.00976139 0.00117624 -0.00752106 0.0041234 0.00200237 0.00922592 0.00876055 0.00629291 -0.000433276 -0.00298285 0.0026738 0.00323774
internal_weight=30550 2134 561 310 251 201 89 109 214 43 1573 165 109 1408 574 834 278 556 46 510 83 491 337 101 154 131 163 134 56 108
internal_count=30550 2134 561 310 251 201 89 109 214 43 1573 165 109 1408 574 834 278 556 46 510 83 491 337 101 154 131 163 134 56 108
cat_boundaries=0 1 2 3
cat_threshold=1284 26394704 8962576
is_linear=0
shrinkage=0.05


Tree=155
num_leaves=31
num_cat=3
split_feature=40 29 45 37 31 16 29 55 37 14 16 36 38 2 54 27 42 29 32 38 45 37 30 26 44 1 28 5 52 51
split_gain=2.84597 2.01496 2.08734 2.56416 2.02372 2.61158 2.77931 2.06385 1.87228 1.9223 2.61029 2.82473 2.16183 3.07072 1.7701 1.75893 1.74827 1.67799 2.39793 2.35969 1.95658 1.67204 2.56578 3.45426 2.03524 1.65857 1.64655 2.28445 1.90144 1.75178
threshold=98.500000000000014 15.031415685130005 10.600000000000003 -0.73849940788988666 1.8999999999999992 0 8.9969125210773502 54.416666666666679 -0.91315444281795954 1 2 -0.50116630519272565 -0.50000000000005673 1.0000000180025095e-35 3.9000000000000021 0.34999999999999881 1.5500000000000003 8.5122372841814755 1017.1166666666668 -0.46666666666664008 10.900000000000002 -0.5584624993057129 15.358333333333336 20.358333333333338 72.500000000000014 0.45000000000000007 89.583333333333357 0.46784206501525133 7.5000000000000009 -2.1000000000000001
decision_type=10 2 10 2 2 9 2 2 2 1 9 2 10 8 2 2 10 2 2 10 10 2 2 2 10 2 2 2 10 10
left_child=1 4 3 -3 -1 15 -7 -8 -2 14 11 25 13 -12 -10 -6 -15 -17 19 -19 -21 22 -14 -24 -23 -11 27 29 -28 -13
right_child=8 2 -4 -5 5 6 7 -9 9 10 12 26 21 16 -16 17 -18 18 -20 20 -22 24 23 -25 -26 -27 28 -29 -30 -31
leaf_value=1.4075803060035337e-05 -0.0022442168108145256 -0.0055228178943239562 0.0083348580451006321 0.0017708221768409776 -0.0046572301956164163 -0.0025917193303303305 -0.00081580137265252213 0.003772532560868483 0.0013076299912147136 -0.00098629907817059667 -0.0081074528636176368 -0.0044338006033965106 -0.00349881905715011 0.010331075128888654 -0.0026738759799153759 0.006312412358457975 -0.011842057016466085 -0.0039133277155534918 0.01077278681260517 0.023369483682807796 -0.0030324780099677874 -0.0039003432270636575 0.0042158902877141389 -0.0073776334153174755 0.00026158862272850916 -0.010150361472946746 -0.0012654437260414292 0.02947657616446768 -0.0051269140230046284 0.0037061854168757486
leaf_weight=28002 195 30 159 110 22 196 324 47 336 80 22 38 54 138 64 54 20 60 25 31 35 32 29 21 229 43 90 30 39 35
leaf_count=28002 195 30 159 110 22 196 324 47 336 80 22 38 54 138 64 54 20 60 25 31 35 32 29 21 229 43 90 30 39 35
internal_value=-9.64364e-05 1.28888e-05 0.00409562 -0.000356888 -2.95179e-05 -0.00251857 -0.00428868 -0.00181892 -0.00222393 -0.00153834 -0.00280189 -0.00609422 -0.00058548 0.00388673 0.00134114 0.00200337 0.00632511 0.00353486 0.000827267 -0.00198255 0.00453858 -0.00280745 -0.00816523 0 -0.000670241 -0.0123883 -0.00301594 0.00169738 -0.00677769 -0.00307798
internal_weight=30590 29095 299 140 28796 794 567 371 1495 1300 900 355 545 180 400 227 158 205 151 126 66 365 104 50 261 123 232 103 129 73
internal_count=30590 29095 299 140 28796 794 567 371 1495 1300 900 355 545 180 400 227 158 205 151 126 66 365 104 50 261 123 232 103 129 73
cat_boundaries=0 1 2 3
cat_threshold=12589634 2436 50561090
is_linear=0
shrinkage=0.05


Tree=156
num_leaves=31
num_cat=1
split_feature=40 10 5 51 46 48 37 16 39 29 33 27 31 2 31 4 36 4 43 7 1 2 43 2 47 33 3 39 54 13
split_gain=2.82414 2.04489 2.41171 2.18514 2.87199 2.15577 1.76982 2.87095 1.86505 2.40104 1.81024 1.7945 2.03507 1.88881 1.73536 1.72611 1.8355 1.86222 1.96377 1.80722 1.75038 1.75571 1.71947 1.65346 1.56401 1.97648 1.51857 1.47339 1.77993 2.29686
threshold=98.500000000000014 0.98296291314453421 0.33495889939662077 -3.8999999999999986 1.1500000000000001 87.500000000000014 -0.23416128443363729 0 3.6500000000000008 0.48570226039551589 0.087965281125455888 0.20548046676563272 0.094280904158206127 0.65000000000000002 0.47842333648024454 1.5166666666666671 0.36905459482559522 0.48333333333333345 12.65 0.45000000000000007 1.0000000180025095e-35 1.0000000180025095e-35 11.15 0.8500000000000002 20.650000000000002 0.24494897427830392 1.7500000000000002 26.250000000000004 2.2666666666666684 0.99168614031016866
decision_type=10 2 2 10 10 8 2 9 10 2 2 2 2 8 2 2 2 2 10 2 2 10 10 10 10 2 2 10 2 2
left_child=-1 3 22 4 5 -2 11 24 14 -10 -11 13 -13 -5 -9 16 20 18 -18 -20 -12 -22 -3 -19 25 -8 -17 28 29 -14
right_child=1 2 -4 6 -6 -7 7 8 9 10 15 12 27 -15 -16 26 17 23 19 -21 21 -23 -24 -25 -26 -27 -28 -29 -30 -31
leaf_value=4.4260591431782849e-07 -0.0010861622107037727 -0.0014387470253751562 0.023973313831689654 -0.00077162473391162445 0.011119803530988393 -0.0045345269169179137 0.0086806063975641782 -0.002439209871479814 -0.0060407485518816952 0.015628730236412557 -0.00068226082214199605 0.0040050957733284319 -8.5367779242385283e-05 -0.0071260733883560029 6.1193256431137794e-05 -0.018133035298475302 0.016312415238748764 -0.012176212991764745 -0.0065303915649044062 0.0032042654191666992 0.019371079484422318 0.00090512583318363429 0.0077518199502597642 0.0033372437972254937 0.027276224578768007 -0.00052904465834149178 -0.0038095488861623452 0.012489512924549995 -0.0037213328769676716 -0.0032328938193378664
leaf_weight=29095 133 29 33 34 33 83 35 37 20 20 60 23 286 49 26 20 26 47 25 24 39 45 22 22 33 84 23 20 140 24
leaf_count=29095 133 29 33 34 33 83 35 37 20 20 60 23 286 49 26 20 26 47 25 24 39 45 22 22 33 84 23 20 140 24
internal_value=-0.000104609 -0.00222393 0.00535077 -0.00267522 -0.00692493 -0.0090236 -0.00176405 0.000170619 -0.00191398 -0.000606306 0.000356024 -0.00373199 -0.00258568 -0.0105295 -0.00990491 -0.000528541 0.000867754 -0.00312283 0.00233023 -0.00356415 0.00485774 0.00951249 -0.00146771 -0.00904486 0.00586058 0.00356843 -0.00986079 -0.00329717 -0.00388802 -0.00177362
internal_weight=30590 1495 84 1411 249 216 1162 586 434 371 351 576 493 83 63 331 288 144 75 49 144 84 51 69 152 119 43 470 450 310
internal_count=30590 1495 84 1411 249 216 1162 586 434 371 351 576 493 83 63 331 288 144 75 49 144 84 51 69 152 119 43 470 450 310
cat_boundaries=0 1
cat_threshold=9175044
is_linear=0
shrinkage=0.05


Tree=157
num_leaves=31
num_cat=1
split_feature=40 10 43 12 44 6 4 16 54 33 38 37 44 49 27 41 27 36 45 29 38 32 10 26 36 48 9 42 32 49
split_gain=3.54304 1.87207 2.28182 1.89857 2.23868 2.13718 2.32772 2.10864 2.56143 2.17732 1.93447 1.57672 1.51483 1.81109 1.98179 1.49432 1.46734 1.45409 1.4455 1.88236 1.40357 1.53173 1.43281 1.81472 1.63286 2.00317 1.50981 1.38037 1.41954 1.69908
threshold=98.500000000000014 0.98296291314453421 7.5500000000000007 0.83440738405450643 99.500000000000014 1.4500000000000002 2.1583333333333337 0 0.5666666666666671 0.16329931618555915 1.2666666666668223 -0.17148869471019199 80.500000000000014 5.4500000000000011 0.67410026183557614 9.3500000000000032 0.45000000000000068 -0.13223681405902357 22.250000000000004 1.4571067811865477 -0.84166666666669687 1006.4416666666668 -0.70710678118654735 26.31666666666667 -0.51159853242278108 86.500000000000014 12.500000000000002 2.0500000000000003 1019.7583333333333 14.200000000000001
decision_type=10 2 8 2 8 2 2 9 2 2 10 2 10 8 2 10 2 2 10 2 10 2 2 2 2 8 2 10 2 10
left_child=-1 3 -3 4 5 6 7 8 -2 11 17 16 13 -11 -15 -5 -10 -6 19 -14 -21 -22 -23 24 -24 -26 -27 28 29 -9
right_child=1 2 -4 15 10 -7 -8 27 9 12 -12 -13 18 14 -16 -17 -18 -19 -20 20 21 22 23 -25 25 26 -28 -29 -30 -31
leaf_value=4.2047561860242281e-07 -0.0047005222458491929 -0.001281782685615334 0.010947260188104199 -0.0011562744055608283 -0.0034165951879913063 0.023523022835916188 -0.025583197354563436 -0.00044367791339883222 -0.0024657832896775424 0.0085793439609224871 0.031351688635257668 0.011955360987889163 0.0077625569551695306 -0.0036857799023258032 -0.00022405128299650691 -0.004551629947953789 0.0069500109922840669 0.0051158578306861871 0.0070044304286524285 0.0010304609356537515 -0.0022257335776127542 -0.0070432734928498044 0.011081166746538513 0.02466707572174252 0.0012938106856406506 -0.0093426040410272831 -0.0040008209148876097 -0.0045382953682086532 -0.0017494897799588821 -0.0016752858973435572
leaf_weight=29095 36 22 62 122 51 39 28 265 23 20 26 36 39 47 53 60 21 122 21 40 32 38 33 22 21 25 20 49 24 98
leaf_count=29095 36 22 62 122 51 39 28 265 23 20 26 36 39 47 53 60 21 122 21 40 32 38 33 22 21 25 20 49 24 98
internal_value=-0.000117685 -0.00249147 0.00475624 -0.00292325 -0.00221707 -0.00315503 -0.0036071 -0.00319281 -0.000977472 -5.09061e-05 0.00263687 0.00749064 -0.00152031 -0.0062448 -0.00899101 -0.00768808 0.00113379 0.000722126 0.000429406 -0.00055535 -0.00227174 -0.00405547 -0.00204274 0.000619323 -0.00227043 -0.00680787 -0.0127494 -0.00571621 -0.00484371 -0.00406224
internal_weight=30590 1495 84 1411 1229 1030 991 963 527 491 199 80 411 120 100 182 44 173 291 270 231 191 159 121 99 66 45 436 387 363
internal_count=30590 1495 84 1411 1229 1030 991 963 527 491 199 80 411 120 100 182 44 173 291 270 231 191 159 121 99 66 45 436 387 363
cat_boundaries=0 1
cat_threshold=42534918
is_linear=0
shrinkage=0.05


Tree=158
num_leaves=31
num_cat=2
split_feature=40 49 2 7 19 31 13 23 42 27 16 32 1 37 29 14 35 53 10 28 35 40 29 41 3 37 18 47 27 23
split_gain=2.90955 2.26627 1.57986 2.61597 2.58682 1.79401 1.91085 1.75898 1.69316 1.862 2.03499 2.84423 1.84557 2.56061 2.36165 1.82908 1.67083 1.63496 1.50462 1.59219 1.49758 1.8077 1.6799 2.17295 3.73888 2.26433 2.23339 1.97774 1.91967 1.70053
threshold=98.500000000000014 22.100000000000005 2.2500000000000004 4.2500000000000009 599.50000000000011 0.43204937989385789 -0.94445443497892134 1.376078863326563 3.7500000000000004 0.28674417556808846 0 999.78333333333353 1.0000000180025095e-35 -0.24508283052116928 3.756446776551098 1 20.733760495209243 -1.9500000000000008 0.60355339059327384 88.583333333333357 11.752044606138293 99.500000000000014 0.48570226039551589 9.3500000000000032 0.8500000000000002 0.33269392308884688 17.587670000000003 21.950000000000003 0.28674417556808846 1.0209273007867881
decision_type=10 8 10 2 2 2 2 2 8 2 9 2 2 2 2 1 2 10 2 2 2 10 2 10 2 2 2 10 2 2
left_child=-1 2 3 5 -4 6 7 -2 9 12 16 -12 -7 -14 -15 18 17 -11 19 -13 22 -22 -8 25 26 27 -25 28 29 -24
right_child=1 -3 4 -5 -6 8 20 -9 -10 10 11 15 13 14 -16 -17 -18 -19 -20 -21 21 -23 23 24 -26 -27 -28 -29 -30 -31
leaf_value=3.9945183767237103e-07 0.00024128025000159093 -0.0031989693165824814 0.025302932245918442 -0.018762233769648209 -0.012779998671814747 -0.0041193495714857004 -0.0032499218067632701 0.033751104250655133 -0.0046999485891593131 -0.0031023425520625859 0.029165912532924377 0.0094481426713882051 -0.010323083539087464 -0.0057244459520627584 0.011250147578262601 -0.00073474299461814276 0.00065384014549044059 -0.0025992301758954797 0.032189683580965009 -0.0022463366039584486 -0.0020852987728867158 -0.0001506557375517123 0.00068572086910185246 -0.00074099532575909737 -0.012419294525874758 0.0084412762447455391 0.0061585220039667935 -0.0030515378784219255 -0.00013503333904541228 0.01507365619879702
leaf_weight=29095 25 95 52 27 24 43 28 22 30 56 24 55 31 24 26 360 30 60 29 23 38 66 20 55 33 55 49 20 73 22
leaf_count=29095 25 95 52 27 24 43 28 22 30 56 24 55 31 24 26 360 30 60 29 23 38 66 20 55 33 55 49 20 73 22
internal_value=-0.000106244 -0.00225737 -0.00174988 -0.00215241 0.00525624 -0.00183101 0.000493974 0.0100849 -0.00331816 -0.00285771 -0.00176581 -0.000149671 -0.00846092 -0.0040074 0.00299401 -0.00101691 -0.00672646 -0.00990525 0.00448335 0.00128041 -0.000490089 -0.00576369 0.00105604 0.00206359 -0.00273523 0.00552341 0.00192123 0.00203553 0.00456125 0.0130641
internal_weight=30590 1495 1400 1324 76 1297 506 47 791 761 637 491 124 81 50 467 146 116 107 78 459 104 355 327 137 190 104 135 115 42
internal_count=30590 1495 1400 1324 76 1297 506 47 791 761 637 491 124 81 50 467 146 116 107 78 459 104 355 327 137 190 104 135 115 42
cat_boundaries=0 1 2
cat_threshold=819216 680
is_linear=0
shrinkage=0.05


Tree=159
num_leaves=31
num_cat=1
split_feature=40 6 34 4 29 31 16 50 31 37 31 37 32 12 34 5 27 35 41 28 24 12 33 48 26 26 33 44 4 13
split_gain=2.99623 1.3086 2.16112 2.01284 1.60855 1.39346 2.08922 1.96738 1.69528 1.98074 1.8663 1.86836 1.73058 1.65725 2.10697 1.56623 1.51021 1.91114 1.4871 2.45856 1.37574 1.37232 2.37711 1.39059 1.98533 2.29583 1.78586 2.0204 1.61025 1.45939
threshold=98.500000000000014 1.4500000000000002 99.416666666666671 2.0833333333333339 1.3307163456488713 0.43204937989385789 0 0.95000000000000007 0.55288886667555115 -0.97763213718760344 0.50990195135927885 0.66977196339239786 997.75833333333333 -0.99054754357789199 91.833333333333357 8.3266726846886753e-17 0.49665548085837813 7.4916573867739418 10.600000000000003 89.166666666666671 16.201445951137462 0.75110426010738141 0.81785627642568171 98.500000000000014 11.54166666666667 9.2166666666666703 0.20548046676563933 93.500000000000014 0.88333333333333353 -0.37672789363518483
decision_type=10 2 2 2 2 2 9 8 2 2 2 2 2 2 2 2 2 2 10 2 2 2 2 8 2 2 2 10 2 2
left_child=-1 3 -3 5 -5 6 7 16 9 -7 11 18 -10 14 -14 -8 17 20 19 -11 -2 22 23 24 25 26 27 -17 -25 -26
right_child=1 2 -4 4 -6 8 15 -9 12 10 -12 -13 13 -15 -16 21 -18 -19 -20 -21 -22 -23 -24 28 29 -27 -28 -29 -30 -31
leaf_value=3.7947924578923822e-07 0.011810409630878973 0.035313803292192913 -0.0032577091374001443 -0.0047980945858100421 -0.016151533229832826 -0.0036911225024529358 -0.0017989024903544788 -0.0054548544717120595 0.010072089047778236 -0.0023974246777399844 -0.0025674046208664148 -0.0061467726893389254 0.02091297981809212 -0.001041996153873534 -0.0021732892109843291 -9.1336373108206339e-05 0.020756259720089758 -0.0016633806104873292 -0.0021667023093605666 0.013770164077454738 0.0021265648325777208 -0.0013474185653503689 0.021289758862285763 -0.00035305046121454078 0.0012320846767218453 0.023437448515789008 -0.0025849523382959374 0.0058505959037684525 -0.012978120561005741 -0.0036287588979560265
leaf_weight=29095 22 21 24 21 33 20 27 20 27 27 59 27 24 553 28 26 61 37 38 29 20 60 30 35 28 32 65 23 20 58
leaf_count=29095 22 21 24 21 33 20 27 20 27 27 59 27 24 553 28 26 61 37 38 29 20 60 30 35 28 32 65 23 20 58
internal_value=-0.000107878 -0.00229082 0.00609756 -0.00255155 -0.0120148 -0.00218466 -0.00026591 0.00440917 -0.00348516 -0.00749625 -0.00583009 -0.00227085 -0.00221484 -0.00276814 0.00575816 -0.00217339 0.00678087 0.00221239 0.0010627 0.00623886 0.00950119 -0.0013922 -7.88395e-05 -0.00148032 0.000215424 0.00376454 0.000438212 0.00763747 -0.00862069 -0.0058072
internal_weight=30590 1495 45 1450 54 1396 564 160 832 200 180 121 632 605 52 404 140 79 94 56 42 377 317 287 232 146 114 49 55 86
internal_count=30590 1495 45 1450 54 1396 564 160 832 200 180 121 632 605 52 404 140 79 94 56 42 377 317 287 232 146 114 49 55 86
cat_boundaries=0 1
cat_threshold=33849364
is_linear=0
shrinkage=0.05


Tree=160
num_leaves=31
num_cat=2
split_feature=40 48 14 53 38 11 4 53 47 53 6 48 29 29 41 23 29 31 46 31 48 26 26 5 48 5 11 11 27 16
split_gain=2.06966 1.74832 1.74039 1.89234 2.52613 2.19211 1.9744 2.55534 1.93813 1.77794 1.68045 1.64503 2.4304 2.01406 1.72839 1.62842 1.58721 1.63782 1.67239 1.64257 2.17017 2.38807 1.81352 2.13097 2.2368 2.18317 2.01624 1.93761 1.47283 3.83166
threshold=98.500000000000014 14.500000000000002 0 -0.70000000000000051 -0.80000000000012494 -0.12940952255126037 0.2166666666666667 -5.0999999999999979 20.750000000000004 5.7500000000000009 0.15000000000000005 78.500000000000014 6.073374399353006 1.1236095644623239 7.1000000000000005 0.75918408088483347 0.87965281125489481 0.12472191289246516 1.8500000000000003 1.391242450313948 78.500000000000014 26.941666666666674 26.016666666666669 0.10000000000000007 98.500000000000014 0.050000000000000037 0.60355339059327384 0.37940952255126048 1.6499999999999992 1
decision_type=10 8 1 8 10 2 2 10 10 10 2 8 2 2 10 2 2 2 10 2 10 2 2 2 10 2 2 2 2 9
left_child=1 -1 15 6 10 9 7 -4 -9 -6 -5 -7 13 -13 -15 -2 -17 -18 19 20 -19 22 23 25 -25 27 -26 -22 -3 -30
right_child=2 28 3 4 5 11 -8 8 -10 -11 -12 12 -14 14 -16 16 17 18 -20 -21 21 -23 -24 24 26 -27 -28 -29 29 -31
leaf_value=-0.0072125827820218097 0.0023067374604746698 -3.5497886512200762e-05 0.0016034691721203448 -0.00033474066879048971 0.0055550781324481685 -0.0082188070192198964 -0.0028489272312961613 -0.0028048180057411165 0.00019164610361471768 -0.0036977793879400898 0.010169475232887006 0.00072961092063563717 0.020350768168295005 -0.00037644860639908241 -0.0046242909797611495 -0.0045581898565195461 0.0055124797364941684 -0.0017186955637483181 0.041062163505982546 0.0073352764903236835 -0.0014928188725899705 0.014800999630264267 -0.0065312576333226569 0.0074178234233815326 -0.009362003021918008 -0.0070528555360319578 0.0095194150148938186 0.0010453152728097188 0.00079788965604784406 -0.0016785598945072368
leaf_weight=20 37 27767 76 58 62 25 300 43 25 29 72 34 21 35 66 33 32 139 21 37 28 25 37 108 30 21 28 29 392 867
leaf_count=20 37 27767 76 58 62 25 300 43 25 29 72 34 21 35 66 33 32 139 21 37 28 25 37 108 30 21 28 29 392 867
internal_value=-0.000276256 -0.00018419 -0.00211908 -0.00356267 -0.00111912 -0.00385888 -0.00585454 -0.00104094 -0.00807636 0.00246981 0.00461184 -0.00704031 -0.00512492 -0.00758697 -0.0111276 -4.06438e-05 -0.000704101 -4.67202e-05 -0.000745379 -0.00134827 -0.00219052 0.000163345 -0.00115617 0.000409668 0.00361228 -0.00640205 -0.00430293 -0.00131349 -0.000173981 -0.00184656
internal_weight=30497 29046 1451 846 402 272 444 144 68 91 130 181 156 135 101 605 568 535 503 482 445 306 281 244 166 78 58 57 29026 1259
internal_count=30497 29046 1451 846 402 272 444 144 68 91 130 181 156 135 101 605 568 535 503 482 445 306 281 244 166 78 58 57 29026 1259
cat_boundaries=0 1 2
cat_threshold=2516 8622146
is_linear=0
shrinkage=0.05


Tree=161
num_leaves=31
num_cat=3
split_feature=40 48 10 17 13 53 4 31 5 49 2 31 43 45 36 27 35 16 10 51 49 14 53 10 2 16 35 50 27 44
split_gain=2.07703 1.74914 1.57452 2.32263 1.75774 1.53377 2.46287 2.05181 4.01731 2.39479 2.20203 1.91109 1.94878 1.92105 1.64544 1.6199 1.98368 1.89624 1.7523 1.92346 1.46062 2.54456 4.22543 3.98023 4.30984 3.51383 3.2002 2.622 2.60829 2.41731
threshold=98.500000000000014 14.500000000000002 0.98296291314453421 48.298370000000006 0.59330490695953164 -11.199999999999996 0.25833333333333336 0.41899350299921795 1.3495368781616024 27.750000000000004 2.2500000000000004 0.39999999999999908 20.250000000000004 5.2000000000000011 0.95737713103399058 0.29999999999999943 12.485540064374129 0 -0.37940952255126059 1.2 7.3000000000000016 1 -2.1999999999999997 0.78656609248549325 0.45000000000000007 2 10.386945240143762 0.35000000000000003 0.94162979278837 93.500000000000014
decision_type=10 8 2 2 2 8 2 2 2 8 10 2 10 10 2 2 2 9 2 10 8 1 10 2 8 9 2 10 2 10
left_child=1 -1 5 4 -4 6 -2 8 9 11 14 12 -7 -14 15 16 -9 -17 -19 -20 21 22 23 24 -3 -23 27 -24 -28 -27
right_child=2 20 3 -5 -6 7 -8 10 -10 -11 -12 -13 13 -15 -16 17 -18 18 19 -21 -22 25 26 -25 -26 29 28 -29 -30 -31
leaf_value=-0.0068519536429207176 0.00028451716549969807 -0.00052525051470393442 0.016950621639651432 -0.002179347854464578 -7.1773295994269356e-05 -0.00016103091058123909 -0.0042384223744578679 -0.0016920631278721345 -0.015224685510324949 -0.0040135881089009076 0.020065214036178433 0.0053610626582910187 0.032956932379011018 0.0033694809006336035 0.0023778352355395913 -0.00068973974823070827 -0.0070099450822409442 -0.00060331720780586748 -0.0045431117717056255 0.00012401616237941865 -0.00014570724411560598 0.0018956418628008204 -0.0032075852542493041 -0.003313903230037682 0.0064340427994995291 -0.00035988031445734897 0.001978184693169377 0.0033950824941941073 -0.0019333450772141339 0.0024911144390187337
leaf_weight=20 39 167 33 20 26 287 71 99 31 28 34 44 26 74 37 392 24 66 100 20 19953 2066 788 106 231 4210 292 71 74 1068
leaf_count=20 39 167 33 20 26 287 71 99 31 28 34 44 26 74 37 392 24 66 100 20 19953 2066 788 106 231 4210 292 71 74 1068
internal_value=-0.000272977 -0.000180747 -0.00211908 0.00474083 0.00972927 -0.00251439 -0.00817439 -0.00202044 0.0005101 0.00168809 -0.00362647 0.0026096 0.0014854 0.00749251 -0.00419997 -0.00474255 -0.00995126 -0.00363259 -0.00764916 -0.011657 -0.000170536 0.000355446 -0.00136565 0.00247967 0.00477267 0.00076148 -0.00295894 -0.00462694 0.000956023 7.56415e-05
internal_weight=30497 29046 1451 79 59 1372 110 1262 490 459 772 431 387 100 738 701 123 578 186 120 29026 9073 1729 504 398 7344 1225 859 366 5278
internal_count=30497 29046 1451 79 59 1372 110 1262 490 459 772 431 387 100 738 701 123 578 186 120 29026 9073 1729 504 398 7344 1225 859 366 5278
cat_boundaries=0 1 2 3
cat_threshold=41978374 22 12915238
is_linear=0
shrinkage=0.05


Tree=162
num_leaves=31
num_cat=1
split_feature=40 31 54 23 37 45 53 40 35 49 39 53 13 11 47 32 32 38 29 44 13 49 29 31 16 27 12 13 49 42
split_gain=1.67742 1.5454 3.42896 3.75045 3.0193 2.83416 3.85588 2.26233 2.16526 2.06889 1.9723 1.82807 1.80557 1.85889 2.23127 2.13248 2.30627 1.78239 2.09248 2.26246 1.74672 1.55625 1.73394 1.54748 4.18884 3.17337 2.87496 2.67108 2.51269 2.5538
threshold=98.500000000000014 1.8999999999999992 3.9000000000000021 4.236210563934625 -0.71919116658791582 18.200000000000003 -3.149999999999999 93.500000000000014 5.4682510717166828 4.5000000000000009 -0.24999999999999997 -7.5999999999999979 -0.97322851985520697 -0.9159756150367534 22.950000000000003 1021.9416666666668 1004.1416666666668 -0.099999999999852193 10.992419017761362 70.500000000000014 -0.72208999473568902 11.050000000000002 11.455217611938592 1.1264496832477207 0 0.28674417556808757 0.94723957588908125 -0.99550911953113219 17.450000000000006 0.45000000000000007
decision_type=10 2 2 2 2 10 10 10 2 10 10 10 2 2 10 2 2 10 2 10 2 10 2 2 9 2 2 2 8 10
left_child=1 23 7 -4 5 6 -5 10 -6 -10 -3 -11 -13 14 -14 16 -15 -18 -19 20 -20 -8 -23 -1 25 -25 27 -26 29 -27
right_child=-2 2 3 4 8 -7 21 -9 9 11 -12 12 13 15 -16 -17 17 18 19 -21 -22 22 -24 24 26 28 -28 -29 -30 -31
leaf_value=-0.00010332903055918288 -0.00055677525008333568 -0.00054019017059019764 0.018193715998754901 0.0078539905751637395 -0.00045484819005757183 -0.0046272926341900267 -0.00073045621721885281 0.014683680520307333 0.0082524820942901089 -0.00287560069316265 -0.0069161497609144503 0.0029692507613136745 -4.3853734128786877e-05 0.0055357896257706603 0.010116123176078011 0.0019647178475292767 -0.0034207188887880437 0.0012733499889621873 -0.0032342208364309027 -0.0029285034952868123 0.010354689257571596 -0.00053048793773978475 -0.0047288673538349261 0.0041844584810295854 -0.0039541500507402133 7.7455642907745686e-05 -0.001942120915981495 0.00017462409885205812 0.0046014595877218985 0.0069418185458011844
leaf_weight=24570 1451 50 30 33 128 40 54 22 35 41 113 22 34 39 43 23 136 36 20 34 27 22 39 127 53 734 230 2021 219 71
leaf_count=24570 1451 50 30 33 128 40 54 22 35 41 113 22 34 39 43 23 136 36 20 34 27 22 39 127 53 734 230 2021 219 71
internal_value=-0.000253303 -0.000170419 -0.00208109 -0.000717618 -0.00136459 -0.00691122 -0.00371371 -0.00823879 0.000323572 0.00183636 -0.0102698 0.000933861 0.0019319 0.00114767 0.00810636 -0.000555379 -0.00171174 -0.00345713 0.00106746 -0.00339088 0.0037155 -0.00803649 -0.0135025 -0.000100802 0.000889989 0.00333735 -0.000345707 0.000241068 0.00244117 0.00114893
internal_weight=30497 29046 1021 836 806 188 148 185 618 490 163 455 414 392 77 315 292 253 117 81 47 115 61 28025 3455 1151 2304 2074 1024 805
internal_count=30497 29046 1021 836 806 188 148 185 618 490 163 455 414 392 77 315 292 253 117 81 47 115 61 28025 3455 1151 2304 2074 1024 805
cat_boundaries=0 1
cat_threshold=26804324
is_linear=0
shrinkage=0.05


Tree=163
num_leaves=31
num_cat=1
split_feature=27 34 16 34 5 47 40 7 31 38 27 38 44 31 43 32 26 28 34 44 53 34 38 48 36 36 36 17 38 7
split_gain=1.95704 3.10395 3.11223 3.00614 3.86673 2.71423 2.60827 2.46448 2.50729 2.31537 2.09319 2.15423 2.19436 1.92751 1.81949 3.10838 2.83147 4.27254 2.89359 3.99462 3.61107 3.97367 2.85472 2.67761 3.5286 2.55368 3.54625 2.55297 2.45939 3.20381
threshold=1.6499999999999992 64.166666666666671 0 93.833333333333357 0.24972191289246473 32.95000000000001 64.500000000000014 3.8500000000000001 0.12472191289246477 0.80000000000001148 1.693779468788333 -2.7166666666666965 95.500000000000014 1.8500000000000005 18.750000000000004 1011.2166666666668 13.616666666666669 89.833333333333357 75.583333333333357 57.500000000000007 12.700000000000003 76.583333333333357 -0.65833333333330291 70.500000000000014 0.70669012007085708 0.35124375646960448 -0.32296664140693099 38.991650000000007 -1.6999999999998747 2.4500000000000006
decision_type=2 2 9 2 2 10 10 2 2 8 2 10 10 2 8 2 2 2 2 10 10 2 10 10 2 2 2 2 10 2
left_child=14 9 3 6 -5 7 -3 8 -4 -2 -10 13 -13 -12 -1 28 17 -17 19 25 21 -20 -21 -24 -25 26 -18 -27 29 -16
right_child=1 2 5 4 -6 -7 -8 -9 10 -11 11 12 -14 -15 15 16 18 -19 20 22 -22 -23 23 24 -26 27 -28 -29 -30 -31
leaf_value=3.576306220775816e-05 0.00019102708293732842 -8.1455860724542758e-05 0.003344422002495523 -0.0049414738993535309 0.0099499096463674282 0.015807066734361889 0.015281137340164556 0.016066409394573173 -0.0061522347276669583 0.020726753412945234 0.01051081628274389 -0.0034249466606049608 0.0028251889981960989 -0.0017385617570499752 0.00048271038183803907 -0.0015446128306767103 -0.00034052091488985249 -0.01003288417297802 0.016133761434291665 -0.0033324767445891221 0.0043638087562248825 -0.0007530148443896296 -2.5984472023003746e-05 -0.0036687604726101612 0.0026042849209681473 -0.0027647633546685939 0.0057223216976979522 -0.00024532766770995752 -0.0002649081411886356 0.024804721749315348
leaf_weight=18086 248 98 25 52 56 25 82 44 50 22 30 502 31 23 710 119 243 40 39 133 149 2666 203 193 53 36 115 61 6173 190
leaf_count=18086 248 98 25 52 56 25 82 44 50 22 30 502 31 23 710 119 243 40 39 133 149 2666 203 193 53 36 115 61 6173 190
internal_value=-0.000266419 -0.00217374 -0.00343778 0.00100637 -0.00555042 -0.00513444 0.00499722 -0.00577932 -0.00654213 0.00259163 -0.00715296 -0.00631292 -0.00726881 0.00329567 -0.000182306 -0.00068551 -0.00179008 -0.0083281 -0.00152271 -0.00378459 -0.000700746 -0.00111826 -0.00652809 -0.00462035 -0.00812678 -0.000274665 0.00167551 -0.00746653 -5.30178e-05 0.00238862
internal_weight=30497 1288 1018 288 108 730 180 705 661 270 636 586 533 53 29209 11123 4050 159 3891 1037 2854 2705 582 449 246 455 358 97 7073 900
internal_count=30497 1288 1018 288 108 730 180 705 661 270 636 586 533 53 29209 11123 4050 159 3891 1037 2854 2705 582 449 246 455 358 97 7073 900
cat_boundaries=0 1
cat_threshold=8622656
is_linear=0
shrinkage=0.05


Tree=164
num_leaves=31
num_cat=5
split_feature=27 16 34 14 36 54 38 37 36 38 33 11 38 38 2 36 52 43 34 43 32 16 38 14 52 49 26 11 47 16
split_gain=1.82039 2.84999 2.59917 2.49315 3.4582 2.62932 2.4841 2.48183 2.4762 2.17584 3.45111 2.21223 1.93382 2.12994 1.97785 2.82394 2.26546 1.84454 1.72746 1.70823 3.24805 3.22002 2.63683 3.07309 3.15194 2.91122 2.48743 5.06943 2.25249 3.82423
threshold=1.6499999999999992 0 71.583333333333357 1 -0.08182694893111464 2.9666666666666699 -2.9999999999999427 -0.59297282128127959 -0.88842501231685755 0.099999999999965908 0.59533408577779079 0.60355339059327384 -1.3000000000000111 -0.34999999999996584 0.8500000000000002 0.63951874611716131 -2.4999999999999996 26.050000000000004 93.166666666666671 18.750000000000004 1014.9166666666669 2 -0.050000000000011362 3 -1.0000000180025095e-35 22.500000000000004 18.958333333333339 -0.5 16.450000000000003 4
decision_type=2 9 2 1 2 2 10 2 2 8 2 2 10 10 8 2 10 10 2 8 2 9 10 1 10 8 2 2 10 9
left_child=19 3 9 -2 5 -5 -4 -7 -9 10 11 -3 -8 -14 15 16 -15 -6 -10 28 -21 -22 -23 25 26 -24 27 -25 -1 -30
right_child=1 2 6 4 17 7 12 8 18 -11 -12 -13 13 14 -16 -17 -18 -19 -20 20 21 22 23 24 -26 -27 -28 -29 29 -31
leaf_value=-2.8314067059832805e-05 0.0027975548277526852 -0.00060408635445270838 0.0045022759391384337 0.038508005249292473 -0.0056109900150962955 0.015114177482974745 -0.0044435229044022754 0.02570169646623191 -0.0020584147286714124 0.0062937315904230771 0.0054370507503546236 -0.0048000759238029673 -0.00046798907928061184 0.0031949957726181812 -0.0057896891955669105 0.0058373386237384368 -0.0034566328713463465 -0.00023867733379505235 -0.0053966616069551672 -0.0001560358469600065 0.0006608129203971941 -0.0020021709519660647 0.0004801059745270092 -0.010360569979635574 -0.0026785012344003739 -0.0026077452631271623 0.0039914572491546955 0.0035530309726788407 -0.00013386388184670196 0.0034828621322447991
leaf_weight=15397 245 68 35 32 117 34 97 20 79 51 62 22 159 22 91 20 49 65 20 9421 351 629 393 22 191 31 59 26 1387 1302
leaf_count=15397 245 68 35 32 117 34 97 20 79 51 62 22 159 22 91 20 49 65 20 9421 351 629 393 22 191 31 59 26 1387 1302
internal_value=-0.000256582 -0.00209611 -0.00429966 0.000401865 -0.00218775 0.00256618 -0.006394 -0.000163292 -0.00356843 0.000369276 -0.00262985 -0.00887902 -0.0074184 -0.00564351 -0.00933553 -0.00411636 -0.00879044 -0.00713893 -0.0068113 -0.000175459 -0.000663035 -0.00267317 -0.00376534 -0.00173106 -0.00551769 0.00103663 0.00116713 -0.00727651 0.000124405 0.0014596
internal_weight=30497 1288 676 612 367 185 473 153 119 203 152 90 438 341 182 91 71 182 99 29209 11123 1702 1351 722 298 424 107 48 18086 2689
internal_count=30497 1288 676 612 367 185 473 153 119 203 152 90 438 341 182 91 71 182 99 29209 11123 1702 1351 722 298 424 107 48 18086 2689
cat_boundaries=0 1 2 3 4 5
cat_threshold=8622162 4426 4393536 970 10228322
is_linear=0
shrinkage=0.05


Tree=165
num_leaves=31
num_cat=3
split_feature=40 28 48 1 13 27 26 36 44 49 38 26 53 4 11 32 40 27 53 16 40 51 50 14 48 44 16 11 4 51
split_gain=2.01621 1.73696 2.13225 1.63245 2.85735 2.3145 2.44208 2.07961 1.86769 1.82314 1.80472 1.66956 2.03291 1.65849 2.34848 1.81943 1.49799 3.01805 3.06568 3.75685 3.70339 3.74825 3.20282 2.98267 3.71136 2.93055 3.22361 3.41776 3.17233 2.44593
threshold=97.500000000000014 64.583333333333357 40.500000000000007 1.0000000180025095e-35 0.30410362911654193 0.20548046676563272 1.7833333333333337 -0.23491707966889977 99.500000000000014 21.800000000000004 -0.23333333333329162 23.583333333333339 -2.1999999999999997 0.11333333333333336 0.1294095225512602 1012.9166666666669 91.500000000000014 1.6499999999999992 -4.2999999999999972 0 92.500000000000014 4.0500000000000007 0.95000000000000007 1 96.500000000000014 73.500000000000014 2 -0.60355339059327384 1.2583333333333335 -3.1499999999999999
decision_type=10 2 8 2 2 2 2 2 10 8 10 2 10 2 2 2 10 2 8 9 10 10 8 1 10 10 9 2 2 10
left_child=16 -2 -3 4 7 -6 -7 10 13 -5 -4 -9 -13 14 -8 -16 -1 18 22 20 -20 -22 25 24 -21 28 -27 -28 -18 -29
right_child=1 2 3 9 5 6 8 11 -10 -11 -12 12 -14 -15 15 -17 17 -19 19 23 21 -23 -24 -25 -26 26 27 29 -30 -31
leaf_value=-9.9956265779306552e-05 0.004075296775112436 -0.004722529179985383 0.00021326820603766451 -0.00011399110739449826 -0.0021708891737646538 0.0018301959622102544 -0.0016378085503898272 0.0033162774557305543 0.0011548838632264025 -0.0028202089080103911 -0.0027912298340679433 0.0039518459658152236 -0.0028603178526497744 -0.003301916672918659 -0.0022870441536136884 0.00068190312286018219 0.0047852977652339534 -0.0036712326245389258 0.0021494896028030996 0.0041911656087642414 -0.0016232866962432313 0.001414157787716075 -0.0030876340456302306 -0.00010536098618528084 -0.0028426981955823718 -0.0011729310119581796 -0.00098905831605975987 -0.0027718882521125367 0.04223847519516772 0.0070924823292264965
leaf_weight=23470 35 21 29 1262 40 23 39 119 31 97 47 25 37 85 28 38 195 88 190 1098 912 95 100 1540 107 238 156 73 37 377
leaf_count=23470 35 21 29 1262 40 23 39 119 31 97 47 25 37 85 28 38 195 88 190 1098 912 95 100 1540 107 238 156 73 37 377
internal_value=-0.000210563 -0.00176371 -0.00196502 -0.00178938 -0.00411199 -0.00756776 -0.00573535 -0.000291715 -0.00734962 -0.000864543 -0.00722733 0.00262286 -0.00402576 -0.00920568 -0.00499524 0.00075643 -0.000104617 0.000662684 0.000820617 0.000152203 -0.00217463 -0.00340085 0.00306096 0.00117056 0.00302444 0.00385652 0.00248786 0.00438241 0.0088324 0.00666519
internal_weight=30632 1956 1921 1900 541 284 244 257 221 1359 76 181 62 190 105 66 28676 5206 5118 3942 1197 1007 1176 2745 1205 1076 844 606 232 450
internal_count=30632 1956 1921 1900 541 284 244 257 221 1359 76 181 62 190 105 66 28676 5206 5118 3942 1197 1007 1176 2745 1205 1076 844 606 232 450
cat_boundaries=0 1 2 3
cat_threshold=585810 2764 29458436
is_linear=0
shrinkage=0.05


Tree=166
num_leaves=31
num_cat=2
split_feature=40 30 10 9 16 49 2 23 51 34 2 27 35 47 52 31 35 47 52 29 31 14 24 4 32 4 47 42 27 18
split_gain=1.68252 1.60699 2.38774 2.07009 2.4369 2.2978 2.0893 2.27313 1.95062 1.68789 2.17045 2.04344 2.0235 2.45898 2.22252 1.91566 2.36652 3.07317 2.1421 2.59194 1.94567 2.31581 1.92756 1.9235 1.85355 1.99254 1.84671 1.79219 1.78025 1.74856
threshold=97.500000000000014 5.5416666666666687 0.98296291314453421 22.500000000000004 0 10.600000000000003 0.24000000000000005 1.8554343744911501 -1.0000000180025095e-35 81.416666666666671 0.35000000000000003 0.52493385826745464 33.504767149149593 9.9500000000000011 16.500000000000004 0.23570226039551609 5.9533408577782261 23.750000000000004 2.5000000000000004 0.65824829046386313 0.44999999999999957 1 11.466773282239677 0.73666666666666691 1009.4833333333335 0.24166666666666672 21.950000000000003 0.75000000000000011 0.30912061651652373 17.587670000000003
decision_type=10 2 2 2 9 10 8 2 10 2 8 2 2 10 10 2 2 10 10 2 2 1 2 2 2 2 10 10 2 2
left_child=-1 3 9 4 6 -6 -2 -8 -4 10 12 -12 13 -3 -15 -11 20 18 29 -20 -17 28 23 -23 25 -13 -24 -21 -22 -18
right_child=1 2 8 -5 5 -7 7 -9 -10 15 11 24 -14 14 -16 16 17 -19 19 27 21 22 26 -25 -26 -27 -28 -29 -30 -31
leaf_value=-3.4208885635038377e-05 -0.0037685349699013784 -0.0033306857372343624 0.0088156473566431536 0.0051366896475549487 0.0023207498453862107 -0.00014877403174918191 0.00055266962457864173 -0.0042169442376039368 -0.0061917130602987024 -0.0039594930712379605 -5.8773822698565686e-05 0.0024943080197373847 -0.0063806819415282408 0.012164001012591449 -0.0027856003437872704 0.0010628941446737289 -0.0027891637102269357 -0.0049347329636773921 -0.0060631853384015728 -0.00064735688718783608 0.0067209526538697358 -0.00021946253313825242 -0.0046821176467143066 0.029171030115718324 0.019437804984478765 -0.0056808170980717498 -0.0007118493173155771 0.0033472255850564127 -0.0056975104846621718 -0.0064212204863834752
leaf_weight=28676 26 22 59 22 147 206 44 30 20 207 43 23 21 58 32 204 51 108 20 134 22 90 22 52 31 20 61 49 111 21
leaf_count=28676 26 22 59 22 147 206 44 30 20 207 43 23 21 58 32 204 51 108 20 134 22 90 22 52 31 20 61 49 111 21
internal_value=-0.000217093 -0.00163591 -0.00244751 0.000894549 0.000165526 0.0021344 -0.00635786 -0.00269906 0.00600506 -0.00292419 0.00079968 0.0057643 -0.00356875 -0.000892061 0.00277469 -0.00373231 -0.00277748 -0.00580788 -0.00299891 -0.000369276 -0.000711617 -0.00293214 0.000319013 0.00387051 0.0107962 0.00406032 -0.005716 0.00150191 -0.00786164 -0.0104022
internal_weight=30632 1956 1481 475 453 353 100 74 79 1402 250 117 133 112 90 1152 945 383 275 203 562 358 225 142 74 43 83 183 133 72
internal_count=30632 1956 1481 475 453 353 100 74 79 1402 250 117 133 112 90 1152 945 383 275 203 562 358 225 142 74 43 83 183 133 72
cat_boundaries=0 1 2
cat_threshold=2050 1050
is_linear=0
shrinkage=0.05


Tree=167
num_leaves=31
num_cat=0
split_feature=40 27 31 10 32 31 49 37 51 38 53 17 9 35 12 42 28 23 53 27 49 47 12 6 43 33 29 40 45 12
split_gain=2.28337 1.61642 2.11313 2.00925 1.91593 3.20785 3.28446 1.85131 2.34519 2.22386 2.36904 2.85908 2.02273 2.36424 1.63422 2.75992 1.90308 1.86145 1.7041 1.50971 1.74022 1.48424 2.29307 2.06111 1.69773 2.68534 2.97576 2.91807 2.39213 2.37763
threshold=98.500000000000014 0.3265986323710906 0.065824829046386521 0.98296291314453421 999.78333333333353 0.29439202887759508 11.15 -0.91315444281795954 2.149999999999999 0.66666666666679941 1.7999999999999998 38.991650000000007 3.5000000000000004 3.711722196251515 -0.22967928072195901 3.1500000000000008 72.583333333333357 2.4414996407020282 11.15 0.40276819911981931 22.100000000000005 24.050000000000004 0.99760647975412053 0.15000000000000005 25.950000000000003 0.33993463423952569 6.5743120962686392 36.500000000000007 8.8000000000000025 -0.11988119229922731
decision_type=10 2 2 2 2 2 10 2 10 10 10 2 2 2 2 10 2 2 8 2 8 8 2 2 10 2 2 10 10 2
left_child=21 3 -3 7 5 -4 -7 -2 9 10 12 -12 13 -9 15 16 -6 -18 19 -16 -21 24 -23 -24 -1 27 28 -26 -27 -28
right_child=1 2 4 -5 14 6 -8 8 -10 -11 11 -13 -14 -15 18 -17 17 -19 -20 20 -22 22 23 -25 25 26 29 -29 -30 -31
leaf_value=-1.0910490180510157e-06 -0.0033999576339770634 0.0046691035759797925 -0.0018200362929612802 0.0080668781829036137 0.005216281868155143 0.024027703923968725 -0.00012498586375933734 0.020923548215756281 0.00048664587767999201 -0.0033932214784820115 0.012936199863242074 -0.00052235421703306637 -0.0031475290750286769 -0.0065231008150987858 0.00050001409716181062 -0.0058410031268859748 0.00055396875123507052 -0.0011295638150561318 0.0065624553605796252 -0.0017604002173035372 -0.0058458242472379136 -0.00025831872906059152 -0.0052782542492560069 0.0016967421574600738 -0.005693248698171169 0.0020249641138796958 0.0041951665042499614 0.00010198108759745389 0.012941083172438334 -0.0035050034891806305
leaf_weight=21137 46 20 38 27 32 50 40 20 49 56 23 32 125 24 71 21 249 158 20 359 21 7239 65 29 23 67 99 240 184 68
leaf_count=21137 46 20 38 27 32 50 40 20 49 56 23 32 125 24 71 21 249 158 20 359 21 7239 65 29 23 67 99 240 184 68
internal_value=-0.000228518 -0.00214368 -0.00113521 -0.00484954 -0.0014399 0.00429352 0.00943396 -0.00579845 -0.00448192 -0.00624777 -0.00401606 0.00499093 -0.00694855 0.00226757 -0.00222855 -0.000108672 0.00074015 -0.00018423 -0.00429845 -0.00493239 -0.00618258 -0.000131213 -0.000746615 -0.00850159 7.56253e-05 0.00253267 0.00502272 -0.00142531 0.00846276 -0.000149611
internal_weight=30632 1481 1079 402 1059 128 90 375 329 280 224 55 169 44 931 460 439 407 471 451 380 29151 7333 94 21818 681 418 263 251 167
internal_count=30632 1481 1079 402 1059 128 90 375 329 280 224 55 169 44 931 460 439 407 471 451 380 29151 7333 94 21818 681 418 263 251 167
is_linear=0
shrinkage=0.05


Tree=168
num_leaves=31
num_cat=4
split_feature=37 14 51 12 16 16 3 36 51 36 13 39 13 29 39 36 12 16 3 26 8 4 26 30 9 41 53 1 12 49
split_gain=1.47695 2.36347 2.36257 2.465 2.28461 2.07432 2.39087 2.31632 2.33735 2.04909 2.7299 2.23711 2.77338 3.53467 2.21262 1.69177 2.85825 3.19816 3.10133 2.47138 2.79275 3.28121 2.77101 2.44336 2.34923 2.22043 2.17763 2.4868 2.17086 3.18322
threshold=-0.97532933412343292 0 -2.4000000000000004 -0.13690605792347518 1 2 2.2500000000000004 0.069374340482214733 1.1499999999999988 0.1030105402675535 -0.60703521118548998 27.450000000000003 0.93867560834981001 4.2162878585557326 18.350000000000005 -0.61016374867627587 -0.93568234840038322 3 2.0500000000000003 9.9833333333333361 2.5000000000000004 0.88333333333333353 13.04166666666667 8.8416666666666703 19.500000000000004 32.600000000000001 16.550000000000004 0.55000000000000016 -0.99863729997741457 19.050000000000004
decision_type=2 1 10 2 9 9 2 2 10 2 2 10 2 2 10 2 2 9 2 2 2 2 2 2 2 8 10 2 2 10
left_child=1 2 3 -1 -4 7 -7 8 -3 11 -11 12 13 14 -6 16 17 -2 25 -19 22 -22 23 -21 -24 26 -18 -28 29 -17
right_child=15 5 4 -5 9 6 -8 -9 -10 10 -12 -13 -14 -15 -16 28 18 19 -20 20 21 -23 24 -25 -26 -27 27 -29 -30 -31
leaf_value=-0.0030104354749580413 -0.0032463900138385102 0.0099235110542642557 0.0039689152528506527 0.0038389621072554003 0.0093902315404481088 -0.0021009095369719732 -0.027541460087220276 -0.0017570262430415332 -0.0011128821257113508 -0.0050747233116875679 -0.00052442619030583298 0.035164548869694646 -0.0027099645084619154 -0.0011512190029228278 -0.0014837836283966483 0.0058123519884634607 -2.8253314744057513e-05 -0.0047394821216022376 -0.0069842634190348044 -0.00084407904257623742 0.0062627325755628682 -0.01419441915594194 -0.0043947533596932929 0.012735731894999023 0.0048427214913796873 -0.002271354556198299 0.00037842059152220776 0.015341520728767811 6.0987647452770415e-07 -0.0027496774652257337
leaf_weight=104 268 53 197 30 131 523 24 28 45 29 80 50 43 96 45 375 5530 53 212 61 200 39 214 34 42 199 74 32 21777 44
leaf_count=104 268 53 197 30 131 523 24 28 45 29 80 50 43 96 45 375 5530 53 212 61 200 39 214 34 42 199 74 32 21777 44
internal_value=-0.000217093 -0.00175901 9.20132e-05 -0.0059657 0.00130383 -0.00391597 -0.0052504 0.00183688 0.00560652 -0.000619707 -0.00664528 0.00116406 -0.000396699 0.00147005 0.00567859 -0.000138917 -0.000819189 -0.00342992 -0.000425824 -0.00141632 -0.000508388 0.00365956 -0.00334662 0.00394322 -0.00605232 -0.000209936 -2.66141e-05 0.0070688 7.43374e-05 0.00363875
internal_weight=30632 1478 805 134 671 673 547 126 98 474 109 365 315 272 176 29154 6958 911 6047 643 590 239 351 95 256 5835 5636 106 22196 419
internal_count=30632 1478 805 134 671 673 547 126 98 474 109 365 315 272 176 29154 6958 911 6047 643 590 239 351 95 256 5835 5636 106 22196 419
cat_boundaries=0 1 2 3 4
cat_threshold=7392 35389440 200704 692288
is_linear=0
shrinkage=0.05


Tree=169
num_leaves=31
num_cat=1
split_feature=40 2 10 20 7 51 51 53 36 42 36 27 1 31 35 35 31 36 14 53 27 32 4 49 5 27 2 53 7 27
split_gain=2.16293 1.51464 1.53339 2.71601 2.07989 1.7216 1.61463 1.71735 2.02384 1.53701 1.8541 1.76817 2.99528 2.87632 2.30825 2.47236 2.81936 2.69953 2.40745 3.13377 2.28207 2.17033 2.13522 2.12537 2.12279 1.91144 2.05652 1.84835 1.64759 1.47354
threshold=98.500000000000014 3.9500000000000006 0.98296291314453421 48.298370000000006 3.3500000000000001 -1.0000000180025095e-35 -3.8999999999999986 -5.4500000000000002 -0.08182694893111464 3.5500000000000003 0.95737713103399058 0.28674417556808757 1.0000000180025095e-35 0.094280904158206127 5.6861651579932326 22.4375642880246 0.55288886667555115 0.60691517311833276 0 1.0499999999999992 0.70000000000000073 1011.4166666666669 0.48333333333333345 11.050000000000002 0.44087031600079618 0.4988876515698592 0.24000000000000005 -3.7999999999999989 1.5500000000000003 1.6499999999999992
decision_type=10 10 2 2 2 10 10 10 2 8 2 2 2 2 2 2 2 2 1 10 2 2 2 8 2 2 10 10 2 2
left_child=29 2 4 -4 6 -6 7 -2 -9 10 11 12 -8 -13 18 17 -17 -16 19 -15 25 -21 23 -14 -24 27 -27 -20 -22 -1
right_child=1 -3 3 -5 5 -7 9 8 -10 -11 -12 13 22 14 15 16 -18 -19 20 21 28 -23 24 -25 -26 26 -28 -29 -30 -31
leaf_value=-1.3280739196841475e-05 -0.00247478914145428 0.012616187381567879 0.0084628545058524404 -0.0020922062296666335 -0.01371795590065404 -0.0010457243577622899 -0.0023011392031168573 -0.0026239830182304999 0.00020713550195910203 -0.001521058095927813 0.0023804402392741454 0.0065905509667873174 0.010811300545571554 -0.0021158932846163216 -0.00071498711516053838 -0.0019478687220840501 0.028360645028404258 -0.0072296479504725831 0.00097402678400222438 -6.3882013086652431e-05 0.016944040961066744 0.0099463318124449543 -0.0029829229730656799 -0.00035029385662813388 4.0175538527870153e-05 0.0074409316539443054 -0.0081679502717218102 0.00041723170872089713 0.00014070547422344039 -0.00072050382181202419
leaf_weight=27897 100 31 55 21 41 25 57 50 75 37 53 24 44 113 184 26 52 78 25 35 61 20 56 27 55 23 22 69 22 1254
leaf_count=27897 100 31 55 21 41 25 57 50 75 37 53 24 44 113 184 26 52 78 25 35 61 20 56 27 55 23 22 69 22 1254
internal_value=-0.000212196 -0.00207616 -0.00231019 0.00459921 -0.00269267 -0.0113464 -0.00225518 -0.0061084 -0.00219824 -0.00145416 -0.00109932 -0.00158594 -0.0053325 -0.000397825 -0.000958773 -0.00396942 0.00384123 -0.00629531 0.00166624 -0.00280741 0.00495476 0.00680581 -0.0021966 0.00457103 -0.00652565 0.00125809 -0.00720621 0.0053135 0.0117329 -0.000117491
internal_weight=30632 1481 1450 76 1374 66 1308 225 125 1083 1046 993 239 754 730 340 78 262 390 168 222 55 182 71 111 139 45 94 83 29151
internal_count=30632 1481 1450 76 1374 66 1308 225 125 1083 1046 993 239 754 730 340 78 262 390 168 222 55 182 71 111 139 45 94 83 29151
cat_boundaries=0 1
cat_threshold=5200
is_linear=0
shrinkage=0.05


Tree=170
num_leaves=31
num_cat=0
split_feature=40 31 54 54 37 11 5 12 11 31 36 32 39 42 2 13 27 12 37 19 38 9 35 2 9 37 5 15 29 44
split_gain=1.7204 1.9654 3.44277 2.68901 2.85931 2.53306 2.34985 2.17442 1.9752 1.92215 2.4402 3.26785 2.1357 2.09992 1.92413 3.43655 3.00159 2.84305 2.52843 2.30505 2.12044 2.64851 2.03218 1.98822 1.88873 1.84896 2.41808 2.07371 1.84865 2.45576
threshold=98.500000000000014 1.8999999999999992 3.8000000000000016 4.3583333333333352 -0.71919116658791582 0.1294095225512602 0.61463363866261966 0.44709379298511415 0.37940952255126048 0.45000000000000068 -0.60220779495402776 997.75833333333333 0.25000000000000006 3.5500000000000003 0.24000000000000005 0.98669422938859319 0.36817870057290836 0.75110426010738141 -0.8092633877650689 38.500000000000007 0.50000000000005695 6.5000000000000009 5.0495097567963931 0.55000000000000016 4.5000000000000009 0.098627053170538312 0.25623346456686363 2022.5000000000002 14.0039671298169 71.500000000000014
decision_type=10 2 2 2 2 2 2 2 2 2 2 2 10 8 10 2 2 2 2 2 10 2 2 10 2 2 2 2 2 10
left_child=1 -1 25 -4 7 6 28 -5 -7 12 -11 -12 -2 14 15 19 -16 18 -18 22 21 -21 -13 -20 -24 26 -3 -27 -6 -30
right_child=9 2 3 4 5 8 -8 -9 -10 10 11 13 -14 -15 16 -17 17 -19 23 20 -22 -23 24 -25 -26 27 -28 -29 29 -31
leaf_value=-1.089647925520687e-05 -0.0010670171067666526 -0.0025375270928613331 0.0092548032642035347 -0.003419521493255512 0.00011501532691632899 -0.0032706391067408914 -0.012927576543211097 0.00025797810557840058 -0.00018752305017020744 -0.0022916164981980403 0.014252814410608395 0.0087787584862467228 0.00010767239911421978 -0.0041292718582342071 -0.0077552599695699725 -0.0014909302398541874 -0.0034112381185750552 -0.0092235699626584955 -0.0016004586598910631 0.00043855664421867672 0.0040944023310835829 -0.0018629444899724735 -0.0035300896071149323 0.014184953635468648 0.0025108047822513403 -0.0070823014291866776 0.0092682646998304818 -0.0029346599701079445 0.0088902961466765362 -0.0016164706753368113
leaf_weight=28145 42 34 28 133 281 56 27 48 151 123 43 48 597 29 63 30 31 39 36 43 79 112 32 74 42 39 44 50 101 22
leaf_count=28145 42 34 28 133 281 56 27 48 151 123 43 48 597 29 63 30 31 39 36 43 79 112 32 74 42 39 44 50 101 22
internal_value=-0.000189406 -0.000105456 -0.00226802 -0.000973911 -0.00149554 7.83576e-05 0.00226166 -0.00704031 -0.00446644 -0.00186248 -0.00345832 -0.00231779 0.000195588 -0.003191 -0.00258306 -0.0003885 -0.00606746 -0.00277624 0.000531538 0.00098287 -0.00192226 -0.00531915 0.00655201 0.00408719 0.00134953 -0.00882705 -0.00320102 -0.0137486 0.00321703 0.00832656
internal_weight=30622 29159 1014 847 819 638 431 181 207 1463 824 701 639 658 629 386 243 180 141 356 234 155 122 110 74 167 78 89 404 123
internal_count=30622 29159 1014 847 819 638 431 181 207 1463 824 701 639 658 629 386 243 180 141 356 234 155 122 110 74 167 78 89 404 123
is_linear=0
shrinkage=0.05


Tree=171
num_leaves=31
num_cat=2
split_feature=5 16 45 45 32 14 7 52 36 51 48 37 52 32 9 52 36 9 32 3 1 9 37 2 49 6 31 29 42 49
split_gain=1.64771 3.19087 2.78996 3.57101 2.77501 2.60295 3.87111 3.49307 4.83718 2.52787 2.95171 2.47282 2.78181 2.21742 2.46661 2.18411 3.12157 3.0813 2.82623 2.45933 2.20363 2.10283 2.0624 1.79743 1.67652 1.88841 1.62963 2.88053 2.98477 2.12405
threshold=1.3707251403810272 0 16.650000000000002 23.200000000000003 1017.2166666666668 1 4.8500000000000005 1.0000000180025095e-35 0.67029552444630591 3.2000000000000011 57.500000000000007 -0.24508283052116928 4.5000000000000009 992.64166666666677 2.5000000000000004 -4.4999999999999991 0.58457144887540058 18.500000000000004 1013.3416666666668 0.55000000000000016 3.6500000000000008 13.500000000000002 -0.12943824472539392 3.5500000000000003 6.9000000000000012 0.65000000000000002 1.8999999999999992 2.9719601443879751 1.0500000000000003 4.5000000000000009
decision_type=2 9 8 10 2 1 2 10 2 10 10 2 10 2 2 8 2 2 2 2 2 2 2 8 10 2 2 2 8 8
left_child=26 2 5 23 13 7 -7 8 -2 10 -8 12 21 -3 22 19 17 -17 20 -16 -18 -12 -15 -4 -21 -26 -1 -28 29 -29
right_child=1 4 3 -5 -6 6 9 -9 -10 -11 11 -13 -14 14 15 16 18 -19 -20 24 -22 -23 -24 -25 25 -27 27 28 -30 -31
leaf_value=-1.3433099244040959e-05 0.037977620087159991 0.019518746177198953 0.0009462633730296544 -0.0085689911183975294 -0.020964551279583025 -0.0089630615881274803 -0.02667105959409485 -0.02836677363530268 -0.023353753898874285 0.086391789498131755 0.00028133451846503734 0.069291393930033279 0.067140185865580362 -0.0053107394123964374 0.02526615226061818 -0.016015562006464458 -0.007909569677192807 -0.0016240649427687549 -0.013546858496009962 0.014320614931424093 0.045317591476261292 -0.050554230644827183 0.02067386068872569 0.082357643906069242 -0.023084069274770247 -0.0011299122296838605 -0.0036675059582684912 0.0036757223067928738 0.011155202984141105 -0.0004113358710084253
leaf_weight=28393 59 36 20 31 50 135 34 72 37 31 27 90 44 23 38 173 36 61 26 24 23 21 29 45 23 35 69 72 44 821
leaf_count=28393 59 36 20 31 50 135 34 72 37 31 27 90 44 23 38 173 36 61 26 24 23 21 29 45 23 35 69 72 44 821
internal_value=-0.000184507 -0.00198267 0.000457247 0.00832466 -0.00464146 -0.000908926 0.0014027 -0.00589556 0 0.00515985 0.00323924 0.00576606 0 -0.00365206 -0.00453065 -0.0057504 -0.00791288 -0.0108928 0.000293772 0 0.00634518 -0.00831601 0.00575816 0.014977 -0.00487211 -0.00946644 -0.000109697 -0.00208727 -0.00136058 -0.00198746
internal_weight=30622 1223 646 96 577 550 382 168 96 247 216 182 92 527 491 439 319 234 85 120 59 48 52 65 82 58 29399 1006 937 893
internal_count=30622 1223 646 96 577 550 382 168 96 247 216 182 92 527 491 439 319 234 85 120 59 48 52 65 82 58 29399 1006 937 893
cat_boundaries=0 1 2
cat_threshold=17893398 2194
is_linear=0
shrinkage=0.05


Tree=172
num_leaves=31
num_cat=2
split_feature=40 31 49 31 54 54 14 18 3 29 12 35 49 29 49 27 36 3 14 38 33 1 33 35 38 33 52 49 36 41
split_gain=1.67725 2.00536 1.96157 1.89819 3.49473 3.05722 2.26416 2.09444 2.53454 3.50554 2.86651 1.93315 1.99001 1.91667 1.92528 1.89816 1.88895 1.98692 3.55829 3.27696 2.34114 2.15998 1.82704 2.67084 3.36883 2.26471 1.81142 1.82964 1.7465 1.78735
threshold=98.500000000000014 0.45000000000000068 22.250000000000004 1.8999999999999992 3.8000000000000016 4.4833333333333334 0 8.7002500000000023 0.35000000000000003 12.526056794587578 -0.6729490241558328 6.5743120962686392 11.050000000000002 12.875399643332088 12.800000000000002 1.9601587237318878 -0.60220779495402776 0.75000000000000011 1 -0.73333333333329154 0.40276819911986833 0.35000000000000003 0.37416573867740327 6.5743120962686392 0.23333333333340536 0.15000000000000571 19.500000000000004 7.3000000000000016 -0.8949002852437673 7.1000000000000005
decision_type=10 2 10 2 2 2 1 2 2 2 2 2 10 2 10 2 2 2 1 10 2 2 2 2 10 2 10 10 2 10
left_child=3 -2 16 -1 26 -6 11 13 9 -9 -11 12 -7 28 -15 -16 -3 18 21 -19 -21 -18 25 -24 -25 -20 27 -5 -8 -30
right_child=1 2 -4 4 5 6 7 8 -10 10 -12 -13 -14 14 15 -17 17 19 22 20 -22 -23 23 24 -26 -27 -28 -29 29 -31
leaf_value=-7.3841948714958862e-06 2.6115887866051679e-05 -0.0021757325820562392 -0.0045988938201064911 -0.0016947730605225975 0.0084293718178264695 0.0033834265175982079 -0.00060416290635218893 -0.0020552556155106877 -0.0078123067842357612 0.0067480580499561212 -0.0026037517450256107 0.0019068073463018296 -0.0044017173417543838 0.00016529598727740987 -0.0054524614779176668 -0.0015206578518846049 0.0030154908010329873 0.032435849464590688 -1.509309776528689e-05 0.0030592403177560181 -0.0070941804308015249 -0.002832354563477843 0.0025366201126109629 -0.0032031699574876201 0.0023717406362929461 -0.0030335493016450973 0.013689007279768146 -0.0045724182418510123 0.0084088406761238469 0.0003130229170186523
leaf_weight=28145 639 120 32 60 35 28 22 126 62 60 44 226 30 51 27 21 82 78 46 58 62 39 68 55 41 143 22 85 27 88
leaf_count=28145 639 120 32 60 35 28 22 126 62 60 44 226 30 51 27 21 82 78 46 58 62 39 68 55 41 143 22 85 27 88
internal_value=-0.000176343 -0.00182831 -0.00345832 -9.34528e-05 -0.00221872 -0.000914886 -0.00153922 -0.00343802 -0.00633345 -0.00391134 0.00288184 0.00204012 -0.0060241 0 -0.00529768 -0.012474 -0.0029668 -0.00193424 -0.0036912 0.00227158 -0.00291424 0.00362319 -0.00612779 -0.00243754 -0.00780437 -0.00965098 -0.00882705 -0.0108546 0.00382932 0.00629887
internal_weight=30622 1463 824 29159 1014 847 812 528 292 230 104 284 58 236 99 48 792 672 474 198 120 121 353 164 96 189 167 145 137 115
internal_count=30622 1463 824 29159 1014 847 812 528 292 230 104 284 58 236 99 48 792 672 474 198 120 121 353 164 96 189 167 145 137 115
cat_boundaries=0 1 2
cat_threshold=2272 550
is_linear=0
shrinkage=0.05


Tree=173
num_leaves=31
num_cat=2
split_feature=31 29 32 44 14 34 40 31 13 53 47 28 38 34 14 48 27 27 39 33 53 53 47 55 23 30 45 38 12 40
split_gain=1.61192 2.94767 2.31225 2.17877 1.83551 2.33862 2.21459 2.05434 2.69012 3.03009 2.0226 1.99131 1.93189 1.82499 2.94764 2.90522 2.34192 2.53694 2.38963 2.27337 1.94849 2.62771 2.07065 1.85144 1.73703 1.7046 2.33264 1.86627 1.66943 2.57512
threshold=1.8999999999999992 2.9719601443879751 1008.3416666666668 97.500000000000014 0 99.833333333333357 62.500000000000007 2.4500000000000011 0.32041146939831461 -1.55 14.15 69.416666666666671 -1.6999999999998747 30.583333333333339 1 82.500000000000014 0.4988876515698592 1.5937377450509236 17.250000000000004 0.15000000000006256 3.5999999999999965 8.9500000000000028 21.450000000000003 51.833333333333336 6.5862456581581696 11.71666666666667 11.15 -0.53333333333324606 -0.81997176292477703 33.500000000000007
decision_type=2 2 2 8 1 2 10 2 2 10 10 2 10 2 1 8 2 2 10 2 10 10 10 2 2 2 10 10 2 10
left_child=13 2 -2 4 6 7 25 12 -9 -10 -11 -8 24 14 16 20 -1 18 -18 -20 -16 22 -22 -15 -6 -3 27 -27 -25 -30
right_child=1 3 -4 -5 5 -7 11 8 9 10 -12 -13 -14 23 15 -17 17 -19 19 -21 21 -23 -24 28 -26 26 -28 -29 29 -31
leaf_value=0.006503724939238887 -0.001758161992854862 0.0082522133151149788 -0.004720491492812705 0.019531546900499911 0.01084411621078424 0.013828605041701747 0.00087367902831473341 0.00065225013532278222 -0.0044272299903291143 0.0036788384304566159 -0.0034149336507304758 -0.0042152037442103373 -0.0018241767813863331 -6.1622907804209653e-05 0.00073435515653224042 -0.0026430436242769308 0.0028862323772708073 0.0052584122104020114 -0.0043104055116019724 8.4674387733627021e-05 0.00034667091344498251 0.00034878030051607722 -0.0026884418989052057 -0.0027736486016801372 -0.0024280427506501974 -0.0047770473282198024 0.0045481649685545633 0.0052668076314377164 -0.00087555518851723663 0.007260056824326646
leaf_weight=83 43 81 32 20 24 21 71 141 30 32 20 44 313 28838 153 62 44 24 26 99 21 33 33 29 35 33 69 20 40 108
leaf_count=83 43 81 32 20 24 21 71 141 30 32 20 44 313 28838 153 62 44 24 26 99 21 33 33 29 35 33 69 20 40 108
internal_value=-0.000168179 -0.0021135 -0.0116511 -0.00136254 -0.00171288 -0.00327424 0.00137153 -0.00390691 -0.000112057 -0.00730816 0 -0.00412685 -0.00618113 -0.00010053 0.0026812 -0.000801025 0.00629151 0.0034956 0.00133057 -0.00219824 0.00166597 -0.0043054 -0.0110906 -0.000155953 0.00211506 0.00455441 0.000819001 -0.00706215 0.00494071 0.0070898
internal_weight=30622 1029 75 954 934 616 318 595 223 82 52 115 372 29593 578 302 276 193 169 125 240 87 54 29015 59 203 122 53 177 148
internal_count=30622 1029 75 954 934 616 318 595 223 82 52 115 372 29593 578 302 276 193 169 125 240 87 54 29015 59 203 122 53 177 148
cat_boundaries=0 1 2
cat_threshold=2272 5426
is_linear=0
shrinkage=0.05


Tree=174
num_leaves=31
num_cat=0
split_feature=31 54 54 37 11 5 40 27 48 55 27 38 36 34 38 53 52 13 37 33 40 31 39 39 43 47 5 32 50 31
split_gain=1.75433 2.73561 2.34071 2.31244 2.67999 2.31578 2.24368 2.04894 2.0416 2.425 2.51446 2.6323 2.54875 2.18006 2.02268 2.42985 1.93269 1.88954 2.58758 1.84074 1.58996 1.83034 1.74511 2.12401 2.09166 2.78548 2.10699 1.89085 1.65818 2.03092
threshold=1.8999999999999992 3.8000000000000016 4.3583333333333352 -0.71259037319876939 0.1294095225512602 0.61463363866261966 93.500000000000014 2.0027755440794377 41.500000000000007 55.583333333333336 1.6241213899285165 -0.86666666666673098 0.59177782487759256 79.833333333333357 -1.3666666666665035 -1.9500000000000008 -2.4999999999999996 0.20454453068330622 -0.022243433579717451 0.52493385826745087 98.500000000000014 0.45000000000000068 1.0500000000000003 6.9500000000000011 20.950000000000003 28.050000000000004 1.2526056794587581 1008.1416666666668 0.95000000000000007 0.778888096369862
decision_type=2 2 2 2 2 2 10 2 8 2 2 10 2 2 10 10 10 2 2 2 10 2 10 10 10 8 2 2 10 2
left_child=20 6 -3 14 5 7 -2 8 13 10 11 -10 -13 -5 19 16 -16 18 -6 -4 -1 22 -22 27 -25 26 -26 -24 29 -23
right_child=1 2 3 4 17 -7 -8 -9 9 -11 -12 12 -14 -15 15 -17 -18 -19 -20 -21 21 28 23 24 25 -27 -28 -29 -30 -31
leaf_value=-7.9138406227252666e-06 -0.0034480634230437124 0.0085470111319420391 0.0074056207615639308 0.00012878374139566189 -0.0036908622436443634 -0.012184324803096792 0.018554969555474914 0.010299056124737832 0.0082565573673089171 -0.0036323522908878803 -0.0043592248851746273 0.00032658177739693512 -0.0029939003765605127 0.016283978483880666 -0.0020794713990166429 -0.0045944106276946395 0.0038896951548612725 -0.0023557796305910569 0.0016275227917011013 -0.0045815218190137456 -0.0011960731974593811 -0.0014414507532387747 0.00024337430336929256 -0.0010133820403675623 0.012904430325661751 -0.0046053530022589495 -0.0027132812110346712 0.010985206216672642 0.0036945215907176923 -0.00022749578723672698
leaf_weight=28145 149 29 32 48 55 27 24 68 47 23 34 114 30 38 22 87 25 91 66 20 54 418 86 290 108 36 20 45 49 342
leaf_count=28145 149 29 32 48 55 27 24 68 47 23 34 114 30 38 22 87 25 91 66 20 54 418 86 290 108 36 20 45 49 342
internal_value=-0.000181242 -0.00221067 -0.00105128 -0.00154153 -0.000116986 0.00215567 -0.00794339 0.00310868 0.00149656 -0.000806127 0.000777432 0.0030089 -0.000346981 0.00813008 -0.00644815 -0.00969426 -0.000530786 -0.00471476 -0.000619323 0.00191939 -0.000110668 -0.0017264 0.000273823 0.00106819 -0.00055054 0.003961 0.00741608 0.00667429 -0.00330614 -0.00388107
internal_weight=30622 1029 856 827 641 429 173 402 334 248 225 191 144 86 186 134 47 212 121 52 29593 1448 639 585 454 164 128 131 809 760
internal_count=30622 1029 856 827 641 429 173 402 334 248 225 191 144 86 186 134 47 212 121 52 29593 1448 639 585 454 164 128 131 809 760
is_linear=0
shrinkage=0.05


Tree=175
num_leaves=31
num_cat=3
split_feature=40 31 11 33 14 27 31 35 53 31 16 14 13 45 44 11 7 23 40 37 29 39 50 40 33 18 27 6 3 9
split_gain=1.79115 1.8705 3.75912 2.11699 2.17723 2.50359 2.30063 2.85101 2.45433 2.17941 2.57002 3.3851 2.02476 4.63994 4.7475 3.61193 3.47714 3.01937 2.73807 2.66758 2.46205 2.44382 2.5691 2.43892 2.43835 2.55367 2.3774 2.33866 2.19431 2.18796
threshold=98.500000000000014 1.7594190960528862 0.1294095225512602 0.049999999999982954 0 1.9189117286165673 1.9298818909372029 7.0945599899431757 0.3000000000000001 2.4500000000000011 1 2 -0.92628984363228806 15.650000000000002 88.500000000000014 0.78656609248549303 1.7500000000000002 4.1486961117510885 68.500000000000014 -0.92702784887045353 6.9880749227427259 31.050000000000004 0.45000000000000007 91.500000000000014 0.4994438257849122 8.7002500000000023 0.3681787005729093 1.0000000180025095e-35 0.95000000000000007 10.500000000000002
decision_type=10 2 2 2 1 2 2 2 10 2 9 1 2 10 10 2 2 2 10 2 2 10 10 10 2 2 2 2 2 2
left_child=1 12 3 -3 -5 9 -7 -8 -9 10 -6 -12 13 14 16 18 21 20 -16 -19 23 29 -23 27 25 28 -26 -15 -18 -1
right_child=-2 2 -4 4 5 6 7 8 -10 -11 11 -13 -14 17 15 -17 24 19 -20 -21 -22 22 -24 -25 26 -27 -28 -29 -30 -31
leaf_value=-0.0024557136427797582 -0.00049122415277385873 -0.0031033388953225385 -0.0015262164241841626 -0.00061600304847765077 0.0026604212263347778 0.026123634848329316 -0.0034979275613767403 0.014211394090759492 0.0029697785107373476 0.0020089691657952991 0.0020423157612067993 -0.0015389453446041645 2.1589019923989873e-05 0.0036468403863031407 0.013242564670740649 0.013238148058756893 -0.01600731100756311 0.0055952094730811509 -0.0016087435227296666 -0.0020388639735237041 0.024439792204927271 -0.00021854067853145921 0.022483562480336502 0.040232432569629051 0.090289205881431495 -0.019756990769763866 -0.0098089009360794663 -0.0014229284534323762 0.024861619478495436 -0.00020619585325592078
leaf_weight=537 1472 27 428 119 113 25 31 48 52 135 112 183 25257 67 28 127 23 49 299 169 37 71 31 42 22 208 48 151 28 674
leaf_count=537 1472 27 428 119 113 25 31 48 52 135 112 183 25257 67 28 127 23 49 299 169 37 71 31 42 22 208 48 151 28 674
internal_value=-0.000234377 -0.000148416 -0.00202262 -8.87469e-05 0.000366703 0.00144549 0.00704676 0.00438596 0.00849151 -0.000138096 -0.0019603 -0.00434284 -6.27958e-05 -0.0013883 -0.00243309 0.00209205 -0.00368431 0.00286352 -0.000687863 -0.00160477 0.00614271 -0.00253218 0.00489716 0.00442138 -0.00828016 -0.0105172 0 0.00229253 -0.000489237 -0.00315829
internal_weight=30613 29141 1273 845 818 699 156 131 100 543 408 295 27868 2611 2096 454 1642 515 327 218 297 1313 102 260 329 259 70 218 51 1211
internal_count=30613 29141 1273 845 818 699 156 131 100 543 408 295 27868 2611 2096 454 1642 515 327 218 297 1313 102 260 329 259 70 218 51 1211
cat_boundaries=0 1 2 3
cat_threshold=4112 16794208 202
is_linear=0
shrinkage=0.05


Tree=176
num_leaves=31
num_cat=3
split_feature=13 1 53 16 50 43 53 41 24 43 35 51 41 49 33 51 37 27 29 24 13 14 32 31 44 31 23 16 50 38
split_gain=1.67642 5.93243 3.89723 2.69654 3.85775 3.15719 2.91084 2.53636 2.49984 2.34072 2.78527 2.46408 2.23012 2.50792 2.84043 2.09567 2.18002 2.08058 2.01159 2.99983 1.96636 2.89442 3.24585 2.79963 3.22764 2.77877 5.68001 3.96921 3.11806 2.6764
threshold=-0.93262014971044682 1.8500000000000003 -1.9500000000000008 0 0.15000000000000005 29.850000000000005 0.70000000000000073 9.9000000000000004 17.604460531682296 26.050000000000004 23.395138839388505 2.149999999999999 8.8000000000000025 11.15 0.15000000000000571 -2.3499999999999988 -0.76172109263359966 0.59999999999999998 7.774589390790247 13.322922458963957 -0.55824372202686512 1 1021.9416666666668 1.7448335275691453 98.500000000000014 0.37416573867739472 1.5638316271656676 2 0.15000000000000005 0.24999999999994318
decision_type=2 2 10 9 10 10 10 10 2 10 2 10 10 8 2 10 2 2 2 2 2 1 2 2 8 2 2 9 10 10
left_child=1 3 7 4 8 6 -6 -3 12 -5 11 18 -1 14 17 -10 -17 -14 -11 -20 25 22 -22 -23 -25 28 27 29 -2 -27
right_child=20 2 -4 9 5 -7 -8 -9 15 10 -12 -13 13 -15 -16 16 -18 -19 19 -21 21 23 -24 24 -26 26 -28 -29 -30 -31
leaf_value=-0.0039917374497740691 -0.00026812980473651661 -0.016658763817264877 -0.016121816353858436 0.001585288644615146 0.0053465497618397475 0.027538791524237428 -0.0047892530749743716 0.027905490666077816 -0.0055621084181058482 -0.0015307983574687893 0.0042309913122748647 0.019227950798792161 -0.0039537088715634527 0.0012683302900106373 -0.0040352249440388554 0.00067097875065998407 0.013572084344507507 0.0050089000700231151 0.00028044359605759045 -0.0049061816557015685 -0.0040955176016912063 -3.495191560389521e-05 0.015195825252125171 -0.00059488900462177511 0.034500953684283589 0.029283693936654975 0.00024819761946897473 0.003163904772233034 -0.0042784103290388637 0.0031133913476716155
leaf_weight=359 1299 53 171 885 109 31 52 28 20 254 129 34 47 152 174 83 30 47 30 66 405 21449 32 845 22 167 3077 337 166 60
leaf_count=359 1299 53 171 885 109 31 52 28 20 254 129 34 47 152 174 83 30 47 30 66 405 21449 32 845 22 167 3077 337 166 60
internal_value=-0.000239277 -0.00141607 -0.0087267 -0.000679429 -0.00251324 0.00390422 0.00108628 0.000308261 -0.00389212 0.000781195 -0.00190021 -0.00403541 -0.00497369 -0.0024994 -0.00540843 0.00244177 0.005084 0.00159405 -0.0052842 -0.0114464 -0.00012294 -0.000321934 -0.00430552 -0.000241869 -0.00302733 0.000763792 0.00150367 0.00611594 -0.00107501 0.0110713
internal_weight=30613 2754 252 2502 1104 192 161 81 912 1398 513 384 779 420 268 133 113 94 350 96 27859 22753 437 22316 867 5106 3641 564 1465 227
internal_count=30613 2754 252 2502 1104 192 161 81 912 1398 513 384 779 420 268 133 113 94 350 96 27859 22753 437 22316 867 5106 3641 564 1465 227
cat_boundaries=0 1 2 3
cat_threshold=17320466 32 378902
is_linear=0
shrinkage=0.05


Tree=177
num_leaves=31
num_cat=2
split_feature=40 27 16 34 2 44 3 36 10 40 27 23 40 46 45 13 34 49 42 27 3 16 33 52 44 1 45 40 33 51
split_gain=1.66091 1.86342 3.85051 4.22045 3.0949 2.85259 2.3373 2.28192 2.24652 2.50556 2.1345 2.49196 2.49806 2.10842 3.22771 2.55642 2.10284 1.98745 1.93008 1.91758 1.87382 1.85148 2.74038 2.97638 2.64839 1.84582 1.78775 1.77061 1.73425 1.79117
threshold=98.500000000000014 1.5506717518813398 0 64.166666666666671 3.4500000000000006 98.500000000000014 1.0000000180025095e-35 -0.83591788935300626 -0.78656609248549292 72.500000000000014 1.8991226044325491 8.3662862003609622 87.500000000000014 0.15000000000000005 12.800000000000002 0.98669422938859319 87.583333333333357 12.050000000000002 1.0000000180025095e-35 1.7966017038167368 0.65000000000000002 1 0.61463363866263498 11.500000000000002 85.500000000000014 1.3100000000000003 18.200000000000003 68.500000000000014 0.54999999999998306 0.99999999999999944
decision_type=10 2 9 2 10 8 2 2 2 10 2 2 10 10 10 2 2 10 10 2 2 9 2 10 10 2 10 10 2 10
left_child=1 -1 6 7 5 13 8 -4 9 -3 11 12 16 15 -15 21 -8 28 -18 -10 -17 22 23 24 25 -5 -16 -24 29 -9
right_child=-2 2 3 4 -6 -7 10 17 19 -11 -12 -13 -14 14 26 20 18 -19 -20 -21 -22 -23 27 -25 -26 -27 -28 -29 -30 -31
leaf_value=-1.5496061658204498e-05 -0.00048467886283417032 -0.0026619461121425714 -0.0015094540111777689 0.0042399921305173701 0.040901939624649469 0.0041375252341934957 -0.010200704429804343 -0.00053330748524935416 0.00012808296468577729 0.0074758869773329656 0.018837100930199156 0.034110089021636994 0.01077894041528531 -0.0031158189255787033 0.017763585844048951 0.010641762234226455 -0.0039604779904572176 -0.00020072438284133299 0.028370800771500143 -0.0021481027024693468 -0.0067281348236790332 -0.0033885770482616848 -0.0013951193417010373 -0.0047144432304872808 -0.0053705556280232991 -0.013661504978017 -8.2808925567669231e-05 -0.0050260287816700725 0.012687415252586671 0.0060366856630140152
leaf_weight=27556 1472 29 33 170 27 21 36 57 23 26 93 21 23 73 29 24 43 79 24 34 23 309 79 72 35 26 26 55 57 38
leaf_count=27556 1472 29 33 170 27 21 36 57 23 26 93 21 23 73 29 24 43 79 24 34 23 309 79 72 35 26 26 55 57 38
internal_value=-0.000229477 -0.0001467 -0.00181377 -0.00311721 -0.00466928 -0.00514807 0.00276167 0.00246119 -0.00312221 0.00408348 0.00562266 0.00186948 -0.000793021 -0.005564 0.00039032 -0.00652503 -0.00412221 0.00421895 0.00111773 -0.0100701 0.00477707 -0.00723764 -0.00475285 -0.00222699 0.000540891 0.00280469 0.00952813 -0.0108128 0.00756082 0.00341746
internal_weight=30613 29141 1585 1233 969 942 352 264 112 55 240 147 126 921 128 793 103 231 67 57 47 746 437 303 231 196 55 134 152 95
internal_count=30613 29141 1585 1233 969 942 352 264 112 55 240 147 126 921 128 793 103 231 67 57 47 746 437 303 231 196 55 134 152 95
cat_boundaries=0 1 2
cat_threshold=8589856 51284
is_linear=0
shrinkage=0.05


Tree=178
num_leaves=31
num_cat=3
split_feature=27 44 16 41 14 44 1 34 37 13 48 46 16 52 52 2 53 43 48 29 42 37 49 36 37 54 11 27 41 32
split_gain=1.90159 3.86694 2.37083 3.32222 2.53381 2.29062 4.28727 2.43587 2.47758 2.31402 2.18678 2.16834 2.13179 2.14818 2.12011 2.03673 2.0392 2.02623 1.82548 2.48268 2.03988 1.81474 1.80982 1.66976 1.87543 2.73616 2.49393 2.86004 2.40961 1.66435
threshold=1.5506717518813398 98.500000000000014 0 6.0500000000000007 1 83.500000000000014 1.0250000000000001 66.166666666666671 0.87167210257856886 -0.58639553337069572 86.500000000000014 0.25000000000000006 2 -1.4999999999999998 -1.0000000180025095e-35 0.45000000000000007 -3.6000000000000001 26.650000000000002 55.500000000000007 8.3132662992842885 1.0000000180025095e-35 -0.85389900617944248 17.800000000000004 -0.87323300724837838 0.32207486928760282 8.3583333333333361 -0.12940952255126037 2.0515909062956337 7.3000000000000016 1011.5583333333335
decision_type=2 10 9 10 1 8 2 2 2 2 10 10 9 10 8 10 10 10 10 2 10 2 10 2 2 2 2 2 8 2
left_child=-1 2 3 -2 5 7 9 17 10 -7 12 21 13 -9 -12 16 -14 -4 19 -5 -20 -6 -15 -23 25 26 -25 28 -28 -30
right_child=1 -3 4 18 11 6 -8 8 -10 -11 14 -13 15 22 -16 -17 -18 -19 20 -21 -22 23 -24 24 -26 -27 27 -29 29 -31
leaf_value=-3.8347903322855093e-05 -0.0032308504378931765 0.01035268997959376 0.018078346640198844 -0.0039538959628282744 -0.0051981289133401498 -0.0052397550287419138 0.016939386268835843 0.0095602542202719021 0.010369675970996698 -0.0013222687405757578 -0.0050916690534961537 0.006190748152362569 0.0021457667781925901 0.00016708379381684681 0.013625139082900296 -0.0098349768300183341 -0.0024401945445102868 0.0012016365595699991 0.00058139713005563867 0.0002579722311638902 0.016256616581858459 -0.0049262732511768902 -0.011122786257822781 0.0011767066187392456 -0.0035923232242928236 0.0039510932348689465 0.0020242134314948286 -0.004824474307402027 -0.0078385050490438653 -1.4212147358318856e-05
leaf_weight=28988 52 42 55 23 61 45 22 42 35 84 21 42 44 42 46 23 104 101 125 120 62 24 23 103 138 30 32 33 31 20
leaf_count=28988 52 42 55 23 61 45 22 42 35 84 21 42 44 42 46 23 104 101 125 120 62 24 23 103 138 30 32 33 31 20
internal_value=-0.000227844 -0.00189219 -0.00228981 0.00114767 -0.00336471 -0.00132693 -0.00678359 0.000186532 -0.00197316 -0.0102634 -0.00325992 -0.0060103 -0.00521395 0.000640478 0.00484352 -0.00842076 -0.00675219 0.00544523 0.00302939 -0.00122292 0.00628006 -0.00709595 -0.00499232 -0.00589881 -0.00510204 -0.00250903 -0.00445002 -0.00947459 -0.00451264 -0.0112524
internal_weight=30613 1625 1583 382 1201 687 151 536 380 129 345 514 278 107 67 171 148 156 330 143 187 472 65 411 387 249 219 116 83 51
internal_count=30613 1625 1583 382 1201 687 151 536 380 129 345 514 278 107 67 171 148 156 330 143 187 472 65 411 387 249 219 116 83 51
cat_boundaries=0 1 2 3
cat_threshold=8602144 4522 4176
is_linear=0
shrinkage=0.05


Tree=179
num_leaves=31
num_cat=3
split_feature=27 44 16 34 2 52 28 36 39 41 52 48 42 53 44 38 45 42 46 48 35 35 31 14 16 2 3 36 1 52
split_gain=1.97635 3.29182 2.26575 2.65964 3.0954 2.31049 2.29833 2.18672 2.60319 2.55948 2.14405 1.84008 1.81424 2.00309 2.11066 2.08551 1.78572 2.00238 1.88096 1.7326 1.70778 1.68525 1.63214 2.92703 2.98306 3.11807 2.78748 3.17495 2.97394 2.72157
threshold=1.5506717518813398 98.500000000000014 0 64.166666666666671 3.4500000000000006 14.500000000000002 77.583333333333357 0.13305652916123537 3.8500000000000001 5.2000000000000011 -1.0000000180025095e-35 66.500000000000014 1.0000000180025095e-35 -2.1999999999999997 62.500000000000007 -0.099999999999852193 10.600000000000003 0.25000000000000006 0.15000000000000005 79.500000000000014 12.485540064374129 12.719186352324803 0.14999999999999972 1 2 1.4500000000000002 1.0000000180025095e-35 -0.75461379195228384 3.2500000000000004 -17.499999999999996
decision_type=2 10 9 2 10 10 2 2 10 10 10 10 10 10 10 10 10 8 10 10 2 2 2 1 9 10 2 2 2 10
left_child=22 2 7 6 5 16 11 8 -2 -10 -9 -4 13 14 -11 -15 17 -5 -18 -7 -17 -14 23 -1 29 26 27 -26 -28 -25
right_child=1 -3 3 4 -6 19 -8 10 9 12 -12 -13 21 15 -16 20 18 -19 -20 -21 -22 -23 -24 24 25 -27 28 -29 -30 -31
leaf_value=0.00032338658443732546 0.0090997492213068226 0.0098350554806140734 6.1839348214992595e-05 -0.0025822462381145453 0.038325746994078501 -0.0061577612264033382 -0.0024729591918274622 -0.0025721371520948319 -0.0025469553385527896 0.010380977558649813 2.694562160617184e-05 0.013577017625360455 0.00027224325548000361 0.0011618976530490266 -0.0002483909314508717 -0.00071340990130954601 -0.00074409363469180728 -0.0063256146454662935 0.0050270723529001887 -0.0014703541049254588 -0.0051072606028911491 0.037632487439313599 -2.623657155245707e-06 0.0048448764827320016 -0.0025444468763144547 -0.0066789910368483477 0.00073541489632571178 -0.00052105106004120131 -0.029284803567521424 -0.0037510319753424337
leaf_weight=870 20 42 87 268 24 70 31 116 41 39 160 48 30 131 37 30 266 41 54 29 26 35 26423 66 24 81 745 125 26 628
leaf_count=870 20 42 87 268 24 70 31 116 41 39 160 48 30 131 37 30 266 41 54 29 26 35 26423 66 24 81 745 125 26 628
internal_value=-0.00022621 -0.00192296 -0.00228981 -0.00387889 -0.00518548 -0.00576844 0.00180614 -3.70316e-05 0.00237728 0.00142238 -0.00344078 0.0046262 0.00289546 0.00104523 0.00788436 -0.00173704 -0.0046495 -0.00736008 -0.00203062 -0.0128658 -0.00980392 0.0103687 -0.000131088 -0.00133523 -0.00253651 -0.000766492 5.43419e-05 -0.00620389 0.00126443 -0.0050419
internal_weight=30613 1625 1583 918 752 728 166 665 389 369 276 135 328 263 76 187 629 309 320 99 56 65 28988 2565 1695 1001 920 149 771 694
internal_count=30613 1625 1583 918 752 728 166 665 389 369 276 135 328 263 76 187 629 309 320 99 56 65 28988 2565 1695 1001 920 149 771 694
cat_boundaries=0 1 2 3
cat_threshold=8606308 1548 8718342
is_linear=0
shrinkage=0.05


Tree=180
num_leaves=31
num_cat=2
split_feature=5 16 14 48 40 9 38 32 2 12 26 13 23 29 13 41 52 36 29 2 34 46 1 2 33 24 47 1 13 27
split_gain=1.77911 3.02562 2.96382 4.26412 3.51951 2.30872 2.50827 2.20544 2.12975 2.36583 3.27293 2.24961 2.60712 2.18863 2.01036 1.99013 2.32176 2.05557 1.91336 1.93463 2.29808 1.90732 1.89984 1.89975 1.82796 1.73283 1.72058 1.69682 1.68184 1.87852
threshold=1.3707251403810272 0 1 53.500000000000007 85.500000000000014 19.500000000000004 -3.2499999999999427 1000.1166666666668 4.3500000000000005 -0.71612580616132582 14.04166666666667 -0.50739640075491554 0.6209387409021575 5.2808988664221426 0.77873524214322032 11.050000000000002 3.5000000000000004 0.64745047856346993 1.6663331665265237 3.3500000000000001 97.416666666666671 0.35000000000000003 1.3100000000000003 5.0500000000000007 0.34999999999999437 15.704134602458575 14.050000000000002 1.4500000000000002 0.98053927088909931 0.52493385826745464
decision_type=2 9 1 8 10 2 10 2 8 2 2 2 2 2 2 10 10 2 2 10 2 10 2 8 2 2 8 2 2 2
left_child=-1 2 4 -4 15 6 -5 25 11 27 -11 -3 -13 -12 21 16 17 -2 23 20 -20 -14 -22 -9 -25 -8 -6 -10 29 -16
right_child=1 8 3 5 26 -7 7 18 9 10 13 12 14 -15 28 -17 -18 -19 19 -21 22 -23 -24 24 -26 -27 -28 -29 -30 -31
leaf_value=-4.0396248259942651e-05 0.045207374538813336 0.020323925585590808 -0.023036197023464003 0.087435560595014741 -0.035339355939559225 0.069997243725033895 -0.037606485451034906 -0.025668957800820038 -0.00845849885539522 -0.026619291634279087 -0.0060765552654119953 0.049511413301841889 -0.0041789381557708893 -0.01392010741650181 0.041651124445679442 0.019247777297428104 -0.030554113407301433 -0.013160749344387402 -0.024789714673729875 0.083982681104111334 -0.01039493208556572 -0.015135687651648034 0.16936164369727447 -0.01579174734368374 0.035823868857214107 0.0067836415582865905 -0.0061707160479233586 0.0086061771961714502 -0.013618738686291773 -0.0040295530201777813
leaf_weight=29282 42 65 30 39 33 58 20 24 33 58 106 21 111 41 28 61 23 35 38 43 20 31 32 41 22 24 34 56 30 46
leaf_count=29282 42 65 30 39 33 58 20 24 33 58 106 21 111 41 28 61 23 35 38 43 20 31 32 41 22 24 34 56 30 46
internal_value=-0.00021702 -0.00206811 0.000437132 0.0030541 -0.00398992 0.0046386 0.00288684 0.00113593 -0.00448043 -0.00765046 -0.0106046 -0.00180668 -0.00383751 -0.00662814 -0.00528241 -0.000155183 -0.0044955 -0.000324254 0.00318037 0.00694966 0.00277469 -0.00914849 0.00959693 -0.00258324 0.00198098 -0.00907029 -0.0137854 -0.000841751 0 0.00404858
internal_weight=30527 1245 619 391 228 361 303 264 626 294 205 332 267 147 246 161 100 77 220 133 90 142 52 87 63 44 67 89 104 74
internal_count=30527 1245 619 391 228 361 303 264 626 294 205 332 267 147 246 161 100 77 220 133 90 142 52 87 63 44 67 89 104 74
cat_boundaries=0 1 2
cat_threshold=17926164 2226
is_linear=0
shrinkage=0.05


Tree=181
num_leaves=31
num_cat=2
split_feature=5 42 45 48 16 23 38 37 11 13 37 36 2 29 1 2 46 27 44 28 16 50 34 34 33 40 9 53 44 20
split_gain=1.72128 3.48284 3.04173 2.82882 2.44902 2.51636 2.69235 2.85371 2.47377 2.42256 2.27516 2.19379 2.10559 2.13692 1.94208 1.80179 1.68201 1.65285 3.44653 2.54821 2.03955 3.02979 2.32219 4.18661 2.4912 2.20881 2.51171 2.53613 2.83375 2.32035
threshold=1.3707251403810272 3.8500000000000001 18.200000000000003 55.500000000000007 0 1.1627279381393143 -0.76666666666670824 -0.7677960035556467 -0.98296291314453399 0.89825865960743323 -0.36834659982255186 -0.62066932397455676 3.0500000000000003 1.6663331665265237 3.7500000000000004 0.24000000000000005 0.25000000000000006 1.5506717518813398 98.500000000000014 42.166666666666679 1 0.35000000000000003 93.166666666666671 87.833333333333357 0.16329931618555915 74.500000000000014 12.500000000000002 9.3000000000000043 46.500000000000007 34.870850000000011
decision_type=2 10 8 8 9 2 10 2 2 2 2 2 10 2 2 8 10 2 10 2 9 8 2 2 2 10 2 10 8 2
left_child=17 2 4 -4 8 10 7 -7 -2 14 -6 -5 16 -14 -9 -8 -10 -1 19 -19 21 22 23 24 -21 26 27 28 -22 -30
right_child=1 -3 3 11 5 6 15 9 12 -11 -12 -13 13 -15 -16 -17 -18 18 -20 20 25 -23 -24 -25 -26 -27 -28 -29 29 -31
leaf_value=-1.1560931998727542e-05 -0.027685086525168597 0.085086307675282954 -0.015382408923947011 -0.0078782341704871587 -0.0082070644091144507 -0.018322574116897038 -0.00011036282645853213 -0.0004570810023025063 -0.0025714576302657446 -0.018294635313494161 0.014532753094109918 0.02682949315952822 -0.010396563577708419 0.026730705945886082 0.019307729306311274 -0.012426779632473104 -0.032472056043440854 0.0070826474441154285 0.0093453225189963681 0.0041663041996522626 -0.0030114304673951767 0.010175969474146238 -0.001954033366915589 0.011056231960790414 -0.00068100215032355644 -0.0025730809174383446 -0.0014588703459696957 -0.0027211324719267019 -0.00072970705200779283 0.0088871702298914564
leaf_weight=27748 21 40 36 20 67 36 33 61 282 20 77 101 55 122 35 194 45 31 38 43 46 57 137 91 219 345 269 29 82 147
leaf_count=27748 21 40 36 20 67 36 33 61 282 20 77 101 55 122 35 194 45 31 38 43 46 57 137 91 219 345 269 29 82 147
internal_value=-0.000207193 -0.00202795 -0.00251017 0.00397836 -0.00348249 -0.00586194 -0.00811132 -0.00295858 -0.000981125 0.000861326 -0.000346981 0.00763832 -0.00029756 0.00409373 0.00416233 -0.0115588 -0.00267502 -0.000129772 -0.0017274 -0.00210547 -0.00240598 4.48752e-05 -0.00122424 0.000920419 -0.0022892 -0.00382502 -0.00196301 0.00115094 0.00263541 0.00491052
internal_weight=30527 1245 1205 157 1048 523 379 152 525 116 144 121 504 177 96 227 327 29282 1534 1496 1465 547 490 353 262 918 573 304 275 229
internal_count=30527 1245 1205 157 1048 523 379 152 525 116 144 121 504 177 96 227 327 29282 1534 1496 1465 547 490 353 262 918 573 304 275 229
cat_boundaries=0 1 2
cat_threshold=17926164 8884832
is_linear=0
shrinkage=0.05


Tree=182
num_leaves=31
num_cat=5
split_feature=27 44 46 40 48 14 16 33 35 49 38 37 51 35 38 31 51 4 48 16 40 16 33 14 44 35 28 32 19 50
split_gain=2.18802 2.88121 2.15024 2.61205 2.71343 2.66072 3.31635 2.546 2.21978 2.17534 2.59518 3.63052 2.37838 2.11493 2.36394 2.04725 2.00021 2.12743 1.84747 3.58495 3.742 3.17783 3.89167 4.76383 3.19037 2.82638 3.10593 2.79165 5.35886 2.77278
threshold=1.5506717518813398 98.500000000000014 0.15000000000000005 84.500000000000014 89.500000000000014 0 1 0.92736184954959544 14.507180352359082 7.7500000000000009 -0.84166666666669687 0.44666906445222521 1.0000000180025095e-35 14.933146986423553 0.13333333333349631 1.8190351532856341 1.6000000000000005 1.2583333333333335 84.500000000000014 2 40.500000000000007 3 0.28284271247465659 4 30.500000000000004 1.1236095644623239 70.833333333333357 1002.7333333333335 9.0000000000000018 0.15000000000000005
decision_type=2 10 10 10 10 1 9 2 2 8 10 2 10 2 10 2 10 2 10 9 10 9 2 1 8 2 2 2 2 8
left_child=18 2 3 5 -5 9 -7 16 -6 -2 11 12 -11 -12 15 -15 -8 -18 21 20 -20 22 23 -1 -24 -25 -27 28 -26 -22
right_child=1 -3 -4 4 8 6 7 -9 -10 10 13 -13 -14 14 -16 -17 17 -19 19 -21 29 -23 24 25 27 26 -28 -29 -30 -31
leaf_value=0.00059605347065891379 0.0034367030358176901 0.0060435598237387565 0.0006094171995414899 -0.003785417493721183 0.0024017283735707053 0.0037488749842201994 -0.0011886990493332362 0.0018486504966994362 -0.0046766589375913242 -0.0018365640702884213 -0.0035872373401710611 0.018920164726685305 0.0040306412673167839 0.0056375535047059229 0.0085189905114504815 -0.0023103853991700593 -0.0036778724167945034 0.013647237917453559 -0.0060300401967225388 -5.7466037745351056e-05 -0.0010250461554827603 -0.00015521830993290577 0.018048707872398598 0.002663312887623981 -0.0036600312981498657 0.00049394567816406156 -0.0023700374779707339 0.00043439228425039489 0.0053725264610729774 0.00013615330817919047
leaf_weight=2049 138 40 251 147 55 127 323 76 25 44 102 26 28 31 33 21 125 22 30 8186 1569 9899 77 329 136 278 1486 3502 710 662
leaf_count=2049 138 40 251 147 55 127 323 76 25 44 102 26 28 31 33 21 125 22 30 8186 1569 9899 77 329 136 278 1486 3502 710 662
internal_value=-0.000221934 -0.00201351 -0.00235055 -0.00315547 -0.00803611 -0.00214396 -0.00406236 -0.00575436 -0.00062422 0.000981298 -0.00149071 0.00509684 -0.000693481 -0.00494388 0.000881316 -0.00575816 -0.0072325 -0.0120666 -0.000121917 -0.000653291 -0.00241073 0.000178706 0.000883166 -0.000217281 0.00191521 -0.00189007 -0.00269259 0.00173639 0.00431391 -0.00218502
internal_weight=30527 1614 1574 1323 227 1096 673 546 80 423 285 98 72 187 85 52 470 147 28913 10447 2261 18466 8567 4142 4425 2093 1764 4348 846 2231
internal_count=30527 1614 1574 1323 227 1096 673 546 80 423 285 98 72 187 85 52 470 147 28913 10447 2261 18466 8567 4142 4425 2093 1764 4348 846 2231
cat_boundaries=0 1 2 3 4 5
cat_threshold=394 184832 17305668 17373780 2830
is_linear=0
shrinkage=0.05


Tree=183
num_leaves=31
num_cat=3
split_feature=5 16 53 11 14 26 47 40 15 40 6 32 27 44 47 31 16 39 31 9 32 24 38 1 43 36 50 11 47 40
split_gain=1.9599 2.83885 3.54596 2.72985 2.41462 2.558 2.62084 2.34361 2.21897 2.34895 2.30748 2.27543 1.94893 3.50729 2.36426 2.37611 2.33312 2.38314 2.65282 1.93081 1.84531 2.10784 2.10165 2.21702 1.80355 2.38631 1.76295 1.90513 2.4516 1.82686
threshold=1.3707251403810272 0 -7.5999999999999979 -0.98296291314453399 1 23.258333333333336 29.850000000000005 69.500000000000014 2022.5000000000002 86.500000000000014 0.45000000000000007 1007.5166666666668 1.5506717518813398 98.500000000000014 1.6500000000000001 1.1130528499277859 2 30.850000000000005 0.84983658559879804 20.500000000000004 1014.3166666666668 14.92159930928741 -1.9999999999999429 0.45000000000000007 2.0500000000000003 0.039329438249692268 0.8500000000000002 0.37940952255126048 4.9500000000000011 29.500000000000004
decision_type=2 9 10 2 1 2 10 10 2 10 2 2 2 10 10 2 9 10 2 2 2 2 10 2 10 2 10 2 10 10
left_child=12 2 7 -4 5 19 -7 -2 9 -3 -11 -12 -1 14 24 16 -16 -18 -19 20 21 22 -5 -24 25 -14 27 29 -29 -17
right_child=1 8 3 4 -6 6 -8 -9 -10 10 11 -13 13 -15 15 26 17 18 -20 -21 -22 -23 23 -25 -26 -27 -28 28 -30 -31
leaf_value=-1.084629190719888e-05 -0.0020608180358272529 -0.017335094188311775 -0.023278149604160324 0.060437814979434769 -0.0040755368943821649 -0.014880394760395222 0.10435962465227842 0.082172680360935071 -0.0027539111445081923 0.0086127901278721716 -0.024744483426563324 0.0010644450582783572 0.0032825525608767268 0.0085758784018596119 6.3060279376725431e-05 -0.0039694820051453224 -0.0026914364709076572 -0.0045035121228158064 0.0080930409858779584 0.08435455460075128 0.058610284593476072 0.084816941981664951 0.009651395570527516 -0.020090736666037248 -0.0049825954669047495 -0.0012625052834693354 0.011842174409164245 0.0019367755068818522 -0.0013200252274207459 0.00095453464794971747
leaf_weight=27748 20 89 26 24 345 93 25 59 315 25 27 22 34 38 228 21 335 21 23 32 30 37 22 54 36 74 36 22 177 489
leaf_count=27748 20 89 26 24 345 93 25 59 315 25 27 22 34 38 228 21 335 21 23 32 30 37 22 54 36 74 36 22 177 489
internal_value=-0.000205555 -0.00214842 -0.000225196 -0.00138061 -0.000755173 0.00236931 -0.00338696 0.00979772 -0.0051219 -0.00996321 -0.00337382 -0.00967413 -0.000122942 -0.00185777 -0.00223916 -0.00159012 -0.00391204 -0.00623233 0.00453515 0.00590156 0.00374028 0.00127644 -0.0024975 -0.0065703 -0.00832755 -0.00508788 0.000301973 -0.000246792 -0.00439478 0.00137228
internal_weight=30527 1245 767 688 662 317 118 79 478 163 74 49 29282 1534 1496 1352 607 379 44 199 167 137 100 76 144 108 745 709 199 510
internal_count=30527 1245 767 688 662 317 118 79 478 163 74 49 29282 1534 1496 1352 607 379 44 199 167 137 100 76 144 108 745 709 199 510
cat_boundaries=0 1 2 3
cat_threshold=26314774 1856 8591968
is_linear=0
shrinkage=0.05


Tree=184
num_leaves=31
num_cat=3
split_feature=5 16 53 52 2 37 14 23 9 53 44 26 13 53 11 31 7 27 44 16 34 12 12 46 50 31 49 39 5 36
split_gain=1.96652 3.40262 2.2395 2.31844 2.29758 2.6917 2.1322 2.38604 2.10421 2.42096 2.71417 3.17063 3.08669 1.90195 1.84469 2.44139 2.08519 1.81261 3.47684 2.48643 2.13864 2.11501 2.78675 2.53264 3.50741 2.1733 1.95954 1.91448 2.11662 2.04296
threshold=1.3707251403810272 0 -4.8999999999999986 11.500000000000002 4.4500000000000011 -0.89139641255487434 1 0.77726834598068184 21.500000000000004 -7.5999999999999979 79.500000000000014 8.9166666666666696 -0.93262014971044682 0.39999999999999908 -0.9159756150367534 0.43204937989385789 5.4500000000000011 1.5506717518813398 98.500000000000014 2 62.166666666666679 -0.38466509970700108 -0.48504197719567627 0.15000000000000005 0.25000000000000006 0.95335664307167323 7.5000000000000009 20.750000000000004 0.49944382578492963 0.092607024372610466
decision_type=2 9 8 10 8 2 1 2 2 10 10 2 2 10 2 2 2 2 10 9 2 2 2 10 8 2 10 10 2 2
left_child=17 8 3 -3 5 -4 -7 -8 9 -2 12 -12 13 -11 -13 -16 -17 -1 19 -19 26 22 25 -23 -25 -22 -21 29 -29 -27
right_child=1 2 4 -5 -6 6 7 -9 -10 10 11 14 -14 -15 15 16 -18 18 -20 20 21 23 -24 24 -26 27 -28 28 -30 -31
leaf_value=-1.0303977311839491e-05 0.056776454744397679 -0.002291771032560275 -0.013644549533856588 0.012274720425140724 -0.012365917721914466 0.013549423339483169 0.032122234756726244 -0.0087762614690749478 0.03815179661638133 -0.0029520647165784454 -0.032226297906848549 -0.054368880976246127 0.011519542789041349 -0.017949670666375286 -0.009941592060142496 -0.020714473166169499 0.078575336798419979 6.196094909901029e-05 0.0081470844817666307 0.011338638221760429 -0.0036745616727508566 -0.0024678713926505162 0.022284258188091086 0.0058974165903123424 -0.0051041390919559226 0.0074253106056002133 -0.00037885895723659417 -8.5998712478302371e-06 -0.0086857399293018694 -0.00083463920750097569
leaf_weight=27748 53 97 21 51 238 103 20 111 46 36 32 23 237 31 76 24 46 529 38 42 123 370 24 48 26 45 135 65 26 63
leaf_count=27748 53 97 21 51 238 103 20 111 46 36 32 23 237 31 76 24 46 529 38 42 123 370 24 48 26 45 135 65 26 63
internal_value=-0.000202279 -0.00214842 -0.00464598 0.000675219 -0.00633746 -0.00303802 -0.00149509 -0.00549256 0.00056994 -0.000268769 -0.00133637 -0.00584286 0.0016442 -0.00782414 -0.00310467 -0.00102669 0.00570613 -0.000119527 -0.00179258 -0.00217231 -0.00365879 -0.00480952 -0.00187807 -0.007093 0.00134953 -0.00310463 0.00127047 0.000125565 -0.00521405 0.00462535
internal_weight=30527 1245 641 148 493 255 234 131 604 558 505 201 304 67 169 146 70 29282 1534 1496 967 790 346 444 74 322 177 199 91 108
internal_count=30527 1245 641 148 493 255 234 131 604 558 505 201 304 67 169 146 70 29282 1534 1496 967 790 346 444 74 322 177 199 91 108
cat_boundaries=0 1 2 3
cat_threshold=17893396 6496 8622148
is_linear=0
shrinkage=0.05


Tree=185
num_leaves=31
num_cat=1
split_feature=27 44 16 40 2 3 38 34 51 36 37 32 49 34 39 40 9 29 35 38 1 51 43 49 49 5 36 52 39 13
split_gain=1.62226 3.17472 2.15345 2.63889 3.46326 2.49671 2.63063 2.53434 2.35325 2.29443 2.22916 3.55051 2.1431 2.12777 2.08543 2.33281 2.02433 2.49844 2.2926 2.76458 1.7986 1.78069 1.80718 1.66171 1.65371 1.60718 1.58584 1.55047 1.51021 2.45496
threshold=1.5506717518813398 98.500000000000014 0 73.500000000000014 3.5500000000000003 1.0000000180025095e-35 -0.33333333333308696 97.833333333333357 -3.5999999999999983 -0.74617431842883131 0.4207644739902569 1009.5416666666669 22.250000000000004 87.583333333333357 23.950000000000003 42.500000000000007 11.500000000000002 13.287415031666628 24.120069580272105 -1.9333333333332232 1.0000000180025095e-35 1.3999999999999992 20.950000000000003 8.8000000000000025 8.1000000000000032 0.21075257835628067 -0.40677470093480234 -4.4999999999999991 31.950000000000003 -0.98376170968447474
decision_type=2 10 9 10 8 2 10 2 8 2 2 2 10 2 10 10 2 2 2 10 2 10 10 10 10 2 2 10 10 2
left_child=28 2 5 4 12 6 20 13 -6 27 -11 -12 16 14 -7 -16 18 21 19 -4 -2 25 -23 -9 -19 -18 -17 -10 -1 -30
right_child=1 -3 3 -5 8 7 -8 23 9 10 11 -13 -14 -15 15 26 17 24 -20 -21 -22 22 -24 -25 -26 -27 -28 -29 29 -31
leaf_value=-2.9424271393146964e-05 -0.00048168774167683395 0.011624968007624976 0.011822356684624549 -0.0021813776617840195 0.0053268920449349721 0.0094366887737565193 -0.0025672830222193857 0.0038017143721461202 0.00011903645104690413 0.0035050113751624954 0.0036800046633604869 -0.0053721491451515155 -0.0054149387090815021 0.011854346722760912 0.0067941043458207458 -0.00060460253694401842 -0.0043441465059600578 0.0049727600435733382 0.015020939359930534 -0.0040817493399821075 0.010305869634720433 -0.0057050215133080135 0.0048576489095396823 -0.0047047996522105234 -0.0029362876829069299 -0.0039841276854753541 -0.013588164335776915 -0.0024169599510846015 0.018826427516764308 0.00070863299613874728
leaf_weight=28195 47 42 26 432 25 49 57 21 21 204 31 34 25 123 25 20 46 23 32 84 22 22 24 26 29 34 20 42 58 702
leaf_count=28195 47 42 26 432 25 49 57 21 21 204 31 34 25 123 25 20 46 23 32 84 22 22 24 26 29 34 20 42 58 702
internal_value=-0.000113781 -0.00167076 -0.00204002 -0.00314658 -0.00128187 0.00107117 -0.00475813 0.00369588 0.00217026 0.0010539 0.00306577 -0.00499232 -0.00485367 0.00579924 0.000876424 -0.00499232 -0.00374883 -0.00729927 0.00070373 -0.0027248 0.00180897 -0.0111023 -0.0032538 -0.00690021 0.00191939 -0.0156055 -0.0124688 -0.00752773 -2.84924e-05 0.00217077
internal_weight=30541 1586 1544 1134 702 410 126 284 357 332 269 65 345 237 114 65 320 178 142 110 69 126 46 47 52 80 40 63 28955 760
internal_count=30541 1586 1544 1134 702 410 126 284 357 332 269 65 345 237 114 65 320 178 142 110 69 126 46 47 52 80 40 63 28955 760
cat_boundaries=0 1
cat_threshold=8589826
is_linear=0
shrinkage=0.05


Tree=186
num_leaves=31
num_cat=4
split_feature=27 44 55 46 16 26 34 49 24 36 2 43 11 27 16 29 14 53 39 16 35 32 12 28 10 5 33 48 2 25
split_gain=2.68216 2.84844 1.98526 1.88156 1.62646 1.95737 1.82221 1.88937 2.23038 2.05561 1.85943 2.35462 1.69486 1.49367 5.0324 2.82043 2.67715 2.21084 3.02462 2.1497 3.14602 3.25406 3.06322 2.88867 2.35501 2.04057 3.6465 2.77369 2.00539 2.46573
threshold=1.5506717518813398 98.500000000000014 58.166666666666679 8.9500000000000011 0 25.058333333333337 64.166666666666671 12.050000000000002 14.92159930928741 -0.62066932397455676 2.2500000000000004 -5.8499999999999988 -0.60355339059327384 1.1387042575551933 1 0.48570226039551589 2 6.9000000000000021 1.0500000000000003 3 13.01067499487487 1006.7416666666667 0.71612580616132593 83.416666666666671 -0.25881904510252113 0.36817870057290886 0.2027402333828163 73.500000000000014 0.95000000000000007 369.04710498779099
decision_type=2 10 2 8 9 2 2 10 2 2 10 10 2 2 9 2 1 8 10 9 2 2 2 2 2 2 2 10 10 2
left_child=13 2 3 4 5 -2 7 9 -9 -6 11 -8 -7 -1 16 -16 25 19 -19 20 21 -17 28 -22 -25 26 -15 -27 29 -23
right_child=1 -3 -4 -5 6 12 10 8 -10 -11 -12 -13 -14 14 15 17 -18 18 -20 -21 23 22 -24 24 -26 27 -28 -29 -30 -31
leaf_value=-4.7262176233679731e-05 0.0023663423164753312 0.011043719607243728 0.0085693699180043274 -0.004620054387994255 -0.0018966187669880966 -0.0079263884158736232 0.0062105504246666322 -0.00056070925343049691 0.0089224343434548808 0.0057824199329624378 0.013720901828355775 -0.0013533048625245375 -0.00195323564331773 0.020811796772627504 0.013599760539736739 -0.0070583547765701417 -0.0031571746195689062 0.0055355038578376401 0.0035692695758852626 0.0012041465294759441 -0.001338824070234855 0.0048556609832181687 0.0054837748887383991 0.015299690906515237 -0.00077348904994907768 -0.0033335884913656523 -0.0032925049092700416 0.013003825199452153 -0.023906735389591222 -0.0031372778324133656
leaf_weight=26064 230 42 28 24 37 25 22 77 20 109 42 887 43 22 21 99 232 31 386 1469 134 75 42 59 35 36 125 28 29 68
leaf_count=26064 230 42 28 24 37 25 22 77 20 109 42 887 43 22 21 99 232 31 386 1469 134 75 42 59 35 36 125 28 29 68
internal_value=-0.000141612 -0.00214362 -0.00249336 -0.00273729 -0.00251324 0.000811425 -0.00332198 0.000514192 -0.00489186 0.00410678 -0.00433708 -0.00481245 -0.00660793 -3.1946e-05 0.00104631 0.00193239 -0.00380711 0.00178196 0.0050947 0.00109447 -0.00158773 -0.00487065 -0.00140121 0.00284963 0.00956429 0.000339213 -0.00288919 0.00780031 -0.00435793 -0.00192173
internal_weight=30541 1586 1544 1516 1492 298 1194 243 97 146 951 909 68 28955 2891 2448 443 2427 417 2010 541 313 214 228 94 211 147 64 172 143
internal_count=30541 1586 1544 1516 1492 298 1194 243 97 146 951 909 68 28955 2891 2448 443 2427 417 2010 541 313 214 228 94 211 147 64 172 143
cat_boundaries=0 1 2 3 4
cat_threshold=8589824 12738560 6786 1114130
is_linear=0
shrinkage=0.05


Tree=187
num_leaves=31
num_cat=4
split_feature=27 37 55 44 40 28 16 10 6 45 39 6 14 29 11 33 52 5 12 48 31 49 33 5 16 53 13 48 1 14
split_gain=2.32355 2.13948 2.49511 2.33687 2.42646 2.04181 2.03735 2.21584 2.24612 1.82361 2.22522 1.67613 1.64262 2.03744 2.11018 1.8931 2.32497 1.83325 1.79029 1.5426 1.86443 1.4653 1.50747 1.45608 3.10825 4.58982 2.30043 2.22534 2.09624 2.57959
threshold=1.6499999999999992 0.97544442040921775 58.166666666666679 98.500000000000014 89.500000000000014 49.166666666666679 0 -0.78656609248549292 1.0000000180025095e-35 12.4 26.550000000000004 0.35000000000000003 1 16.934399679217154 -0.78656609248549325 0.37712361663288435 -10.499999999999998 0.094280904158206405 0.57238288608965349 44.500000000000007 0.59066817155564577 16.800000000000001 0.61463363866263498 1.3707251403810272 2 -7.5999999999999979 0.99374406038856467 63.500000000000007 0.15000000000000005 3
decision_type=2 2 2 10 10 2 9 2 2 8 10 2 1 2 2 2 10 2 2 8 2 10 2 2 9 10 2 8 2 1
left_child=23 2 3 4 5 -2 7 19 9 10 -9 -6 13 14 -8 16 -16 -18 -17 -7 -21 22 -22 -1 -25 27 28 -26 -27 -30
right_child=1 -3 -4 -5 11 6 12 8 -10 -11 -12 -13 -14 -15 15 18 17 -19 -20 20 21 -23 -24 24 25 26 -28 -29 29 -31
leaf_value=1.1223987651090561e-05 -0.0028170932555915216 0.012001443198378248 0.022801724679817094 0.015409938868547204 -0.0031634859025451243 0.0073955072696734944 -0.0050765265305011999 0.00046395285942033433 0.0037508786528974106 -0.0025023647815229869 -0.002052961220454127 0.00075813882975566413 -0.0002846432140304056 0.0056514182060641016 -0.0046802073574874108 -0.0018500157943293046 -0.00023587855330554702 0.015231808526967539 -0.0031872254279295522 0.010469190703134928 0.0047708084946953824 0.0036651962902228274 -0.0099969327057508259 -0.0069856331151821223 -0.0029193953700260957 -0.0076735781021640137 -0.016120334370751038 0.08541904613497063 0.01813991922509044 -0.0032581949122349632
leaf_weight=28105 48 29 20 36 99 38 75 43 77 50 20 34 378 23 24 57 26 32 41 33 30 27 25 331 29 67 24 61 281 378
leaf_count=28105 48 29 20 36 99 38 75 43 77 50 20 34 378 23 24 57 26 32 41 33 30 27 25 331 29 67 24 61 281 378
internal_value=-0.000135064 -0.00223303 -0.00254834 -0.00283694 -0.00322007 -0.00241142 -0.00192673 0.00120363 -0.00236718 -0.00685234 -0.00118859 -0.00957926 -0.003528 -0.00642138 -0.00793806 -0.00499722 0.000609013 0.0060241 -0.009684 0.00571522 0.00282363 -0.00121803 -0.00589837 -4.44048e-05 -0.00177184 -0.000117633 -0.00139981 0.0105438 -0.000895193 -3.79305e-05
internal_weight=30541 1265 1236 1216 1180 1047 999 343 190 113 63 133 656 278 255 180 82 58 98 153 115 82 55 29276 1171 840 750 90 726 659
internal_count=30541 1265 1236 1216 1180 1047 999 343 190 113 63 133 656 278 255 180 82 58 98 153 115 82 55 29276 1171 840 750 90 726 659
cat_boundaries=0 1 2 3 4
cat_threshold=8428036 3188 37929536 5700
is_linear=0
shrinkage=0.05


Tree=188
num_leaves=31
num_cat=1
split_feature=27 37 55 16 11 40 49 23 32 28 48 51 9 3 17 7 36 31 33 33 51 36 32 13 41 38 43 6 38 13
split_gain=2.22617 2.12688 2.48358 1.95046 3.28851 2.32655 1.97381 3.3094 3.28703 2.21054 2.15677 3.25111 2.24223 1.90653 2.02185 1.89834 1.75039 2.24831 2.04718 1.67863 1.66681 2.49463 1.65545 3.26919 1.6279 1.48432 1.44362 1.43415 1.99111 1.91476
threshold=1.6499999999999992 0.97544442040921775 58.166666666666679 0 -0.78656609248549325 67.500000000000014 11.050000000000002 5.4197322182908723 1006.4416666666668 52.833333333333336 76.500000000000014 1.9000000000000015 12.500000000000002 0.35000000000000003 48.298370000000006 4.5500000000000007 -0.37948629897559888 0.45000000000000068 0.28674417556808013 0.70000000000001716 1.6000000000000005 0.24845132390605004 1003.6166666666668 -0.11987677602567985 12.050000000000002 -0.80000000000001126 3.0500000000000003 1.0000000180025095e-35 0.24999999999994318 0.60021428054836801
decision_type=2 2 2 9 2 10 8 2 2 2 10 10 2 2 2 2 2 2 2 2 10 2 2 2 10 10 10 2 10 2
left_child=-1 2 3 4 5 -2 7 13 -9 -10 12 22 19 14 16 25 -5 -18 -19 -8 21 -11 -12 -24 -21 26 -15 28 -6 -29
right_child=1 -3 -4 6 27 -7 10 8 9 20 11 -13 -14 15 -16 -17 17 18 -20 24 -22 -23 23 -25 -26 -27 -28 29 -30 -31
leaf_value=-1.4945624315240713e-05 -0.0063852487096217152 0.011401371038459335 0.021661638445826237 0.00040449525577440225 0.0034068728545642649 0.00012627532709796885 -0.001757515004612839 -0.0025480746003767154 -0.00027881496747319824 0.0002011308001492379 0.0072845461344033212 -0.0031803058324138701 -0.0027108254580412716 -0.007411738383166739 0.0033298241539976518 0.014642593766925227 0.0002304770792538935 -0.00073529663872205504 -0.0044471669886126108 -0.0029615937926592787 0.020045920757533437 0.013990210040966468 0.0054405068211592416 -0.0035406931904382378 0.0079531728677816188 -0.0072037020937338412 0.00055779028619940549 0.038505620518945127 -0.0012068434703073603 0.0022113119234408829
leaf_weight=29276 40 29 20 36 104 27 151 29 26 56 20 26 154 21 67 20 29 30 31 23 27 27 35 25 22 62 30 36 28 34
leaf_count=29276 40 29 20 36 104 27 151 29 26 56 20 26 154 21 67 20 29 30 31 23 27 27 35 25 22 62 30 36 28 34
internal_value=-0.000139975 -0.0021935 -0.00250789 -0.00279582 0.00098531 -0.0085693 -0.00383972 -0.0016799 0.00408843 0.00734754 -0.00624863 0 -0.00814053 -0.00459982 -0.00142413 -0.00920361 -0.00515464 -0.00887902 -0.0143208 -0.0045895 0.010445 0.00691937 0.00499376 0.000831947 0.00388027 -0.0117153 -0.0053816 0.00420584 0.0011355 0.00998573
internal_weight=30541 1265 1236 1216 269 67 947 491 165 136 456 106 350 326 193 133 126 90 61 196 110 83 80 60 45 113 51 202 132 70
internal_count=30541 1265 1236 1216 269 67 947 491 165 136 456 106 350 326 193 133 126 90 61 196 110 83 80 60 45 113 51 202 132 70
cat_boundaries=0 1
cat_threshold=8393218
is_linear=0
shrinkage=0.05


Tree=189
num_leaves=31
num_cat=2
split_feature=27 55 27 16 41 2 28 17 44 36 52 5 16 53 43 13 9 38 35 53 53 31 40 35 2 12 36 42 32 13
split_gain=2.48316 2.02087 1.96726 2.35543 2.58707 2.32308 2.29402 2.01336 1.98475 2.07928 1.91129 1.74874 2.67145 2.81169 2.5427 2.26456 2.07122 1.96041 1.70534 2.46056 2.54307 2.101 1.88773 1.70477 1.66802 2.81648 2.24605 2.0503 1.9041 1.68051
threshold=1.6499999999999992 58.166666666666679 1.693779468788333 0 7.7500000000000009 0.65000000000000002 82.416666666666671 49.053130000000003 30.500000000000004 0.90231874244136201 -6.4999999999999991 1.3707251403810272 1 -7.5999999999999979 23.750000000000004 0.99550911953113241 21.500000000000004 -1.3000000000000111 8.4918236151132742 1.7999999999999983 8.9500000000000028 0.94633797110522677 61.500000000000007 17.922670999238118 0.45000000000000007 -0.58637393129089832 -0.59318690104472882 1.7500000000000002 1017.1166666666668 0.94995492655104974
decision_type=2 2 2 9 10 10 2 2 10 2 10 2 9 10 8 2 2 10 2 8 10 2 10 2 8 2 2 10 2 2
left_child=11 2 10 4 23 8 18 -8 -5 -10 -2 -1 13 14 17 24 -15 -13 22 -20 21 -21 -6 -4 25 -14 -26 28 29 -28
right_child=1 -3 3 5 6 -7 7 -9 9 -11 -12 12 15 16 -16 -17 -18 -19 19 20 -22 -23 -24 -25 26 -27 27 -29 -30 -31
leaf_value=1.1410069484299458e-05 0.0011728198549443474 0.019418948267243608 -0.00029669791581888043 0.0029004630100116779 -0.0033942864520250349 -0.0070403602125414522 0.032759533865015469 -0.0020890407308875119 -0.00040555379775608635 -0.0039437478011397657 -0.003010455342280516 0.056302150215043749 -0.013404333855502616 -0.0022562765316161636 0.19407835625485104 -0.012933912178962182 0.047615956471161104 -0.005810253896647067 0.016809935727450209 0.0095160191622753916 0.011314622105738513 -0.0070665096736047487 0.00085975132745622909 -0.0034089222156964446 0.0062802225765383468 0.014969397153375608 -0.0072118252954265025 0.040722088075596186 -0.019809328058580298 0.010600229150230922
leaf_weight=28105 34 21 112 27 36 51 75 23 529 23 88 20 28 552 20 22 45 24 62 21 26 43 41 53 53 58 264 25 38 22
leaf_count=28105 34 21 112 27 36 51 75 23 529 23 88 20 28 552 20 22 45 24 62 21 26 43 41 53 53 58 264 25 38 22
internal_value=-0.00014325 -0.00231207 -0.00257214 -0.00191605 0.000697072 -0.00390564 0.00328646 0.009684 -0.0030651 -0.0037131 -0.00859951 -4.95285e-05 -0.00194262 0.000186261 0.0101404 -0.0046145 -0.00087925 0.00340136 0.000545613 0.00361604 -0.00166482 -0.00702028 -0.00551232 -0.00439128 -0.00399508 0.00232288 -0.00534693 -0.00680321 -0.00786794 -0.00646627
internal_weight=30541 1265 1244 1122 492 630 327 98 579 552 122 29276 1171 661 64 510 597 44 229 152 90 64 77 165 488 86 402 349 324 286
internal_count=30541 1265 1244 1122 492 630 327 98 579 552 122 29276 1171 661 64 510 597 44 229 152 90 64 77 165 488 86 402 349 324 286
cat_boundaries=0 1 2
cat_threshold=8423954 17897494
is_linear=0
shrinkage=0.05


Tree=190
num_leaves=31
num_cat=2
split_feature=27 40 37 19 27 31 16 42 16 35 48 45 40 52 49 43 53 11 12 38 10 33 40 12 39 35 37 38 12 47
split_gain=2.44315 1.94561 1.94589 2.44012 2.00748 2.10798 1.74176 1.96658 1.64502 3.04516 2.01907 2.50183 2.21319 2.8601 2.49782 2.60563 2.33489 2.35407 2.27701 2.00884 2.39012 2.28417 1.96875 1.92198 1.69029 1.60468 1.62402 1.57051 1.56918 1.536
threshold=1.5506717518813398 98.500000000000014 -0.91315444281795954 54.500000000000007 0.68475461947247196 0.20000000000000065 0 2.4500000000000006 1 0.97140452079103179 86.500000000000014 3.4000000000000008 81.500000000000014 -4.4999999999999991 10.600000000000003 2.2500000000000004 -2.4999999999999982 -0.5 -0.69794415476634331 -0.049999999999840831 -1.0000000180025095e-35 1.0306365808897704 45.500000000000007 -0.068614738002134482 29.050000000000004 24.374391915195663 -0.76172109263359966 -1.2333333333332914 -0.38466509970700108 13.350000000000003
decision_type=2 10 2 2 2 2 9 8 9 2 10 10 10 10 8 8 10 2 2 10 2 2 10 2 10 2 2 10 2 10
left_child=1 -1 3 4 5 -3 7 -4 9 -2 12 -12 14 -14 16 -16 -10 18 -18 21 -21 -17 -20 -22 -11 26 -8 -19 -26 -13
right_child=8 2 6 -5 -6 -7 25 -9 10 24 11 29 13 -15 15 19 17 27 22 20 23 -23 -24 -25 28 -27 -28 -29 -30 -31
leaf_value=-2.4926674705502695e-05 -0.0030621476132687564 0.0033683822344706908 0.00011460527620540118 -0.0035135765145754908 0.00048642324824160895 -0.0025817683177430718 0.0034392543817696355 -0.0054826068373314612 0.0014090121106735271 0.0030060624058861176 0.0064884801629327806 -0.0010443015571767467 0.0043480175755215844 -0.0030837535539485362 0.0060658440705586682 -0.0026545480036490794 0.0058499212421992634 0.0062312289351072192 0.008572842038881659 -0.0029931651618099134 0.0069018267957206246 0.0036927845161458571 -0.0037017389848441997 -0.0023669802939853437 0.0057801632771612545 0.0056475317331885523 -0.0018521897307541947 -0.0033726896434112838 -0.0071328747468042469 0.00061841429798510379
leaf_weight=27541 21 22 707 54 32 71 52 36 109 314 37 129 21 164 24 264 43 38 21 39 52 20 30 21 33 54 411 122 23 108
leaf_count=27541 21 22 707 54 32 71 52 36 109 314 37 129 21 164 24 264 43 38 21 39 52 20 30 21 33 54 411 122 23 108
internal_value=-0.000276842 -0.000170807 -0.00196303 -0.00683975 -0.0029976 -0.00671321 -0.00126974 0.000298765 -0.00215847 0.000685615 -0.0030349 0.000729661 -0.0041318 -0.00904916 -0.00296897 -0.00559391 6.88516e-05 -0.00255805 0.00371945 -0.006564 -0.000892061 -0.00879972 -0.00342466 0.00444596 0.00175628 -0.00346234 -0.00448067 -0.0062461 -0.00623886 -0.00115985
internal_weight=30613 28980 1439 179 125 93 1260 743 1633 391 1242 274 968 185 783 420 363 254 94 396 112 284 51 73 370 517 463 160 56 237
internal_count=30613 28980 1439 179 125 93 1260 743 1633 391 1242 274 968 185 783 420 363 254 94 396 112 284 51 73 370 517 463 160 56 237
cat_boundaries=0 1 2
cat_threshold=10226182 8622592
is_linear=0
shrinkage=0.05


Tree=191
num_leaves=31
num_cat=2
split_feature=27 46 16 3 34 47 34 40 24 24 29 34 39 37 11 40 45 33 5 42 45 52 40 3 12 16 24 13 42 38
split_gain=2.78509 1.92011 1.90262 2.32772 2.09365 2.40087 1.92908 1.8987 1.86577 2.00913 1.9335 1.91133 1.8299 1.79329 2.70877 1.78018 2.51304 1.75787 1.67509 2.07469 2.01081 2.91296 2.38644 1.74958 3.51264 2.57434 3.12702 2.64582 2.29449 2.36093
threshold=1.5506717518813398 0.15000000000000005 0 1.0000000180025095e-35 92.833333333333357 28.050000000000004 64.166666666666671 91.500000000000014 12.877073158077801 14.548006775293265 16.00347146902865 79.416666666666671 30.650000000000002 -0.36834659982255186 0.37940952255126048 84.500000000000014 10.600000000000003 0.4994438257849122 1.3707251403810272 4.8500000000000005 20.100000000000005 11.500000000000002 65.500000000000014 1.5500000000000003 -0.99466323211226826 1 4.9010488506984435 0.96477059369951434 0.55000000000000016 1.4000000000000343
decision_type=2 10 9 2 2 8 2 10 2 2 2 2 10 2 2 10 10 2 2 10 10 10 10 2 2 9 2 2 10 10
left_child=18 2 3 -2 5 7 -5 8 10 11 -4 -10 13 14 -3 16 -15 -18 23 20 -20 22 -22 -1 -25 28 27 -27 29 -26
right_child=1 12 4 6 -6 -7 -8 -9 9 -11 -12 -13 -14 15 -16 -17 17 -19 19 -21 21 -23 -24 24 25 26 -28 -29 -30 -31
leaf_value=-5.1977795925382819e-05 -0.00067536549092261651 0.0078278573865422345 -0.00049831492352424571 0.012286357185735614 -0.0028666168012860486 -0.0019482039016995017 -0.00012662615521860654 -0.0025579476278525166 0.0037386462270898868 -0.0026087373406116069 0.0049163000849307137 0.020843924942727778 0.013200008538504743 -0.0076485099512897201 -0.0018117717681188084 0.0025921839030079914 0.024146698903507961 -0.0036199753908419119 -0.0031643087123464312 0.080572421370610228 0.015393465684830111 0.059317378907136335 -0.0076562659227222829 0.050437285734764796 -0.0014439042377129786 -0.011472600828766564 0.0071757313708895433 0.0071834577249221378 0.018176206829659255 -0.010817354873912966
leaf_weight=25612 211 72 190 55 219 112 435 32 21 20 48 21 43 39 21 36 21 37 1023 29 21 50 43 76 594 66 1346 25 40 55
leaf_count=25612 211 72 190 55 219 112 435 32 21 20 48 21 43 39 21 36 21 37 1023 29 21 50 43 76 594 66 1346 25 40 55
internal_value=-0.000271942 -0.00228094 -0.0030423 -0.00116017 -0.00493983 -0.00303986 0.00071414 -0.000903342 0.000333222 0.00805153 -0.00167997 0.0142518 0.00157934 -0.000221141 0.00510204 -0.0039444 -0.00746653 -0.000860585 -0.00015873 -0.00201526 -0.00235248 0.00394391 -0.00312012 -8.08942e-05 0.00127151 0.000893655 0.00209039 -0.00686059 -0.00160921 -0.00234941
internal_weight=30613 1633 1364 701 663 444 490 332 300 62 238 42 269 226 93 133 97 58 28980 1166 1137 114 64 27814 2202 2126 1437 91 689 649
internal_count=30613 1633 1364 701 663 444 490 332 300 62 238 42 269 226 93 133 97 58 28980 1166 1137 114 64 27814 2202 2126 1437 91 689 649
cat_boundaries=0 1 2
cat_threshold=231958 14254150
is_linear=0
shrinkage=0.05


Tree=192
num_leaves=31
num_cat=3
split_feature=27 40 30 2 32 14 41 1 49 10 39 29 44 37 4 41 1 26 35 16 31 5 49 51 43 9 43 33 31 14
split_gain=2.39778 1.61049 1.68937 2.0014 2.39143 2.31292 3.59428 2.63916 1.97625 2.54733 2.79798 1.92626 1.88511 1.84319 1.8329 2.31154 1.74509 1.6769 1.65661 1.5805 2.65567 2.23507 2.72091 2.11367 2.11294 1.98494 2.27368 2.43694 1.88983 1.97119
threshold=1.5506717518813398 98.500000000000014 6.8583333333333352 0.15000000000000005 996.54166666666686 0 11.350000000000001 0.65000000000000002 16.000000000000004 0.78656609248549325 6.4500000000000011 0.87965281125489481 88.500000000000014 -0.67434679689975752 0.8583333333333335 3.8500000000000005 1.0000000180025095e-35 25.81666666666667 2.7265482080417307 1 1.0000000000000004 0.049999999999999968 10.600000000000003 -0.1000000000000003 32.750000000000007 16.500000000000004 0.25000000000000006 0.24494897427830392 0.17926456271808619 2
decision_type=2 10 2 10 2 1 10 2 10 2 8 2 10 2 2 10 2 2 2 9 2 2 8 10 10 2 10 2 2 1
left_child=1 -1 8 11 -5 6 7 16 9 12 18 14 -3 -9 15 -4 -6 -7 -11 20 28 -21 25 -24 -22 26 -23 -28 -2 -30
right_child=19 2 3 4 5 17 -8 13 -10 10 -12 -13 -14 -15 -16 -17 -18 -19 -20 21 24 22 23 -25 -26 -27 27 -29 29 -31
leaf_value=-2.6475024165316388e-05 0.0093911900340960738 -3.6381484931232583e-05 -0.0062034239934814278 0.0087123530302167882 -0.0016249588164739329 -0.0080234050325796447 -0.0058932725593673742 -0.013857255917038139 -0.00065210492184183402 -0.004329701127739706 0.0085471554999578588 2.196874139621663e-05 0.00088844802889650467 -0.00051065470501855399 0.0042216915973467637 -0.00094981931035674765 0.02429363021006083 0.013460220191290874 -0.00050425123872670924 2.2983890912721407e-05 0.00045736772468557286 -0.0025457684050846671 -0.00027157158273608819 -0.0054532174929909517 -0.0042703560424867688 -0.0046777931825534485 -0.004046434624794132 0.008575116249846599 -0.00012234784090079526 -0.0021646763067279667
leaf_weight=27541 40 68 23 26 32 204 39 31 71 20 23 554 114 63 20 37 65 21 28 210 505 31 115 148 32 60 39 131 136 186
leaf_count=27541 40 68 23 26 32 204 39 31 71 20 23 554 114 63 20 37 65 21 28 210 505 31 115 148 32 60 39 131 136 186
internal_value=-0.000263776 -0.00015873 -0.00178931 -0.00271276 -0.00514446 -0.0059877 -0.00208247 0.000654108 0.00138846 0.00345713 -0.00457103 -0.000867371 0.00658979 -0.0053135 -0.00811486 -0.0124792 0.00643666 -0.00946406 -0.0114345 -0.00212785 -0.000687493 -0.00383013 -0.0056287 -0.00921703 0.00153603 -0.00201072 0.000372949 0.0026455 -0.00400442 -0.00527786
internal_weight=30613 28980 1439 1115 481 455 230 191 324 253 71 634 182 94 80 60 97 225 48 1633 899 734 524 263 537 261 201 170 362 322
internal_count=30613 28980 1439 1115 481 455 230 191 324 253 71 634 182 94 80 60 97 225 48 1633 899 734 524 263 537 261 201 170 362 322
cat_boundaries=0 1 2 3
cat_threshold=4578 8622614 6242
is_linear=0
shrinkage=0.05


Tree=193
num_leaves=31
num_cat=1
split_feature=27 31 45 29 53 36 47 45 32 24 33 44 37 47 31 3 48 36 32 37 14 32 27 44 32 12 51 27 5 42
split_gain=1.99803 1.62388 2.08962 2.01065 2.14744 2.00662 1.84817 1.99093 2.7533 2.28825 2.12121 1.79094 2.8395 1.78038 1.68379 2.58811 1.6812 2.01624 1.63765 1.61806 1.83536 1.6689 1.66273 1.59594 2.02068 1.60687 1.56473 1.7426 1.54477 2.0478
threshold=1.5506717518813398 0.87305339024725381 16.000000000000004 2.9719601443879751 -11.199999999999996 -0.08182694893111464 23.650000000000002 15.300000000000002 1008.6833333333335 18.020560183386852 0.44999999999996027 57.500000000000007 -0.35009362755304929 29.850000000000005 1.7594190960528862 0.55000000000000016 79.500000000000014 0.59177782487759256 1006.7416666666667 -0.74402027655649128 0 1009.8833333333336 2.0515909062956337 94.500000000000014 1012.9833333333335 0.64056958004474651 3.5000000000000018 1.693779468788333 1.3707251403810272 4.8500000000000005
decision_type=2 2 8 2 10 2 8 10 2 2 2 8 2 10 2 2 10 2 2 2 1 2 2 10 2 2 10 2 2 10
left_child=28 2 23 14 5 -5 18 8 13 10 -9 -4 -13 -8 15 -3 -16 -18 -6 -20 21 -21 -23 25 -25 -2 27 -10 -1 -30
right_child=1 3 11 4 6 -7 7 9 26 -11 -12 12 -14 -15 16 -17 17 -19 19 20 -22 22 -24 24 -26 -27 -28 -29 29 -31
leaf_value=-2.3272706210289429e-05 -0.0018943281152828451 -0.0020331378483933074 0.0017693736064081811 0.00056597435128086173 0.0069441389359574893 -0.005378647921851192 -0.0055545371669059214 -0.0024393126025858206 -0.0020787620255514534 0.039557816022571024 0.0093553655566098268 0.0054925828199603568 -0.0058878808008885983 -0.00039269988606197015 -0.0035857448459509335 0.010334902849547531 0.00018683875533591354 -0.0037839790340892967 -0.0018097783599622622 -0.0010264860659546045 -0.00023909917572116914 0.011663263626519871 -4.3227306214969896e-05 -0.0031632321535934541 0.024507252936409953 -0.0049602137832399362 -0.0042832293236743594 0.0026010170211684504 -0.0021952566294488884 0.076545124053288005
leaf_weight=27814 266 43 45 30 100 30 66 21 54 23 52 25 34 49 45 38 28 30 48 33 182 69 26 23 22 72 29 150 1137 29
leaf_count=27814 266 43 45 30 100 30 66 21 54 23 52 25 34 49 45 38 28 30 48 33 182 69 26 23 22 72 29 150 1137 29
internal_value=-0.000242543 -0.00194416 -0.00436255 -0.00091615 0 -0.00915141 0.000609689 -0.00168881 -0.00344729 0.00468262 0.000341997 0.00192123 -0.00380711 -0.00977411 -0.00570342 -0.000308261 -0.0099418 -0.00430293 0.00283781 0.00125663 0.00257981 0.00687907 0.0107781 -0.00606891 0.00277162 -0.00724638 -0.00032175 0.00122489 -0.000146652 -0.00192951
internal_weight=30613 1633 487 1146 962 60 902 444 348 96 73 104 59 115 184 81 103 58 458 358 310 128 95 383 45 338 233 204 28980 1166
internal_count=30613 1633 487 1146 962 60 902 444 348 96 73 104 59 115 184 81 103 58 458 358 310 128 95 383 45 338 233 204 28980 1166
cat_boundaries=0 1
cat_threshold=1856
is_linear=0
shrinkage=0.05


Tree=194
num_leaves=31
num_cat=1
split_feature=27 29 32 44 49 48 46 38 46 49 52 11 53 16 33 12 36 11 52 37 40 31 20 37 51 26 43 11 13 50
split_gain=2.16034 1.71914 2.61009 2.67582 2.16933 2.09975 1.92903 2.18815 1.94199 2.46914 2.36837 1.86279 2.29538 2.19033 2.10543 1.85864 2.00119 1.82827 1.80504 1.79099 1.71374 1.70748 1.97169 1.8065 2.02213 1.78837 1.68393 1.67852 1.6082 1.59626
threshold=1.5506717518813398 14.278961889752907 1014.7166666666668 78.500000000000014 11.15 78.500000000000014 11.850000000000001 -3.2499999999999427 0.15000000000000005 7.5000000000000009 -7.4999999999999991 -0.12940952255126037 -1.9500000000000008 0 1.0842303978193784 0.11988119229922754 0.71991144170526133 0.60355339059327384 -1.0000000180025095e-35 0.57372432796450035 66.500000000000014 1.4500000000000008 29.536325000000001 -0.66689887280397475 -0.099999999999998743 23.416666666666675 32.350000000000001 0.1294095225512602 -0.21294651993841582 0.65000000000000002
decision_type=2 2 2 10 10 10 8 10 10 8 10 2 10 9 2 2 2 2 10 2 10 2 2 2 10 2 10 2 2 8
left_child=-1 6 3 5 -4 26 7 17 9 10 28 13 19 14 -11 -15 18 -2 -17 -13 -14 23 -23 -10 25 -25 -3 -26 -9 -12
right_child=1 2 4 -5 -6 -7 -8 8 21 11 29 12 20 15 -16 16 -18 -19 -20 -21 -22 22 -24 24 27 -27 -28 -29 -30 -31
leaf_value=-3.8089636567745226e-05 0.017375754047948788 9.2703945573843763e-05 0.0069146907099187707 -0.0030769987931842271 -0.0002112361427204404 0.012249780785711392 -0.0042169973689072382 0.013212600748147835 0.0058458240961942742 -0.0028836935363619255 -0.0010116725494086376 1.8438151628988322e-05 -0.0047567255056063856 -0.00031910797407580104 0.0036781088150035003 0.0086980137242772208 -0.0028578944602859883 -0.0043814684799018096 0.00090345629220525692 -0.0033440224222651932 -0.00243688947166444 0.038388126732029876 0.0014958022522695209 0.0074515799279539947 -0.0068380053986486673 -0.00086780828115354887 -0.0031728679365112425 0.0047643182452277999 7.6791417361057881e-05 0.016751706010698836
leaf_weight=28980 36 131 40 33 32 40 21 27 43 121 221 89 69 156 25 29 22 20 31 24 152 22 36 25 55 26 23 22 41 21
leaf_count=28980 36 131 40 33 32 40 21 27 43 121 221 89 69 156 25 29 22 20 31 24 152 22 36 25 55 26 23 22 41 21
internal_value=-0.00023601 -0.00200539 0.00142093 -0.00121092 0.00970874 0.0010304 -0.00277341 -0.00253218 -0.00296317 -0.00389067 -0.000161238 -0.00550063 -0.00823107 -0.00312419 -0.00768738 0 0.00609013 0.00713012 0.0108153 -0.00243148 -0.011194 0.00120035 0.00860585 -0.00131502 -0.00429352 0.00342466 -0.00162232 -0.00940337 0.00807636 -0.00247831
internal_weight=30613 1633 299 227 72 194 1334 1313 1257 1028 310 718 334 384 146 238 82 56 60 113 221 229 58 171 128 51 154 77 68 242
internal_count=30613 1633 299 227 72 194 1334 1313 1257 1028 310 718 334 384 146 238 82 56 60 113 221 229 58 171 128 51 154 77 68 242
cat_boundaries=0 1
cat_threshold=8671298
is_linear=0
shrinkage=0.05


Tree=195
num_leaves=31
num_cat=2
split_feature=27 28 5 13 38 47 11 38 14 31 51 34 45 35 48 14 32 53 53 32 40 37 43 31 37 41 23 53 23 13
split_gain=2.37763 1.88105 1.65985 2.42045 2.29074 3.09252 4.01449 2.04715 3.58417 2.3707 2.24471 2.11124 1.97954 1.94667 3.80437 3.4366 4.36524 3.77566 2.78248 2.42562 2.42433 2.92766 3.52996 2.43953 2.30703 2.38758 2.77697 3.37661 3 2.68807
threshold=1.5506717518813398 42.166666666666679 1.3707251403810272 0.99168614031016866 -4.9583333333332567 8.0500000000000025 0.25881904510252057 -1.8000000000000111 0 0.43204937989385789 0.90000000000000135 99.166666666666671 11.15 1.3307163456488713 80.500000000000014 1 1019.4583333333335 -5.3999999999999995 5.5000000000000018 990.01666666666677 66.500000000000014 -0.93663057229426983 11.450000000000001 1.1264496832477207 -0.95256255700559378 8.1000000000000032 2.1374132784555071 -3.6000000000000001 1.5761509876494684 0.98669422938859319
decision_type=2 2 2 2 10 10 2 10 1 2 10 2 10 2 8 1 2 10 10 2 8 2 8 2 2 10 2 10 2 2
left_child=2 -2 4 7 5 -1 -7 8 10 12 11 -4 -10 14 15 19 -17 -18 -19 -6 -16 22 -22 -23 -21 26 27 -26 -29 -27
right_child=1 -3 3 -5 13 6 -8 -9 9 -11 -12 -13 -14 -15 20 16 17 18 -20 24 21 23 -24 -25 25 29 -28 28 -30 -31
leaf_value=-0.0036489884820175306 0.0083435603153133864 -0.00053601956049265239 0.0091719005025155068 -0.011232575292219283 0.0064970830091106912 -0.0046164603645331773 0.028283782150853715 -0.0026662337124694515 -0.0068802060126455407 0.058343702201705684 0.0050874682948659272 -0.025027855359940478 0.027581249121516369 -2.6173178118044096e-05 -0.0035457602569624255 0.0053420647083362001 -0.0061032242865542985 0.0010957404811572952 -0.00172563641043013 0.0051933952885394458 0.00028289644843349507 0.00018332618313787882 -0.0054444763827340495 0.010816327284725202 -0.0071922305136096348 -0.0014627596345128697 0.0058618659142990401 0.01499541103821184 -0.0092723921883987159 -0.0060012749127010059
leaf_weight=192 33 1596 23 49 31 58 45 872 29 60 53 37 44 22795 194 1241 27 71 32 52 128 1935 104 121 83 420 88 94 25 26
leaf_count=192 33 1596 23 49 31 58 45 872 29 60 53 37 44 22795 194 1241 27 71 32 52 128 1935 104 121 83 420 88 94 25 26
internal_value=-0.000121081 -0.00197962 -1.64195e-05 -0.00186359 6.12346e-05 -0.00432057 0.00266731 -0.00138628 0.0026412 0.00786164 -0.00385865 -0.0108153 0.00239398 0.000108311 0.00103808 0.00255696 0.00407284 -0.00461184 -0.000242483 -3.01532e-05 -0.000302163 0.000152965 -0.00517019 0.000753854 -0.000570994 -0.00129059 0.00224061 -0.000989609 0.00440806 -0.00358664
internal_weight=30558 1629 28929 1167 27762 295 103 1118 246 133 113 60 73 27467 4672 2190 1371 130 103 819 2482 2288 232 2056 788 736 290 202 119 446
internal_count=30558 1629 28929 1167 27762 295 103 1118 246 133 113 60 73 27467 4672 2190 1371 130 103 819 2482 2288 232 2056 788 736 290 202 119 446
cat_boundaries=0 1 2
cat_threshold=6168 174
is_linear=0
shrinkage=0.05


Tree=196
num_leaves=31
num_cat=2
split_feature=31 16 31 38 53 32 40 53 37 54 13 23 13 5 13 1 38 12 50 2 44 47 2 47 42 15 43 36 1 16
split_gain=2.15518 3.45666 2.75743 4.07865 2.07404 2.33016 2.00332 2.67784 2.63166 3.32257 2.90771 2.11266 2.02493 1.93229 2.39066 2.05572 3.22807 2.38327 4.02988 2.20834 2.16316 2.36424 1.86563 1.91634 1.84817 2.40427 3.00125 3.73115 2.41454 1.82685
threshold=1.8999999999999992 0 2.4500000000000011 -1.3416666666666968 2.1500000000000012 1007.9166666666669 54.500000000000007 -5.0999999999999979 -0.5584624993057129 3.9500000000000011 0.84831994561267277 4.9036607822263392 0.85728304567511382 1.3707251403810272 0.99168614031016866 1.1500000000000001 -2.4166666666666283 -0.77876393083476048 1.0000000180025095e-35 0.35000000000000003 81.500000000000014 10.750000000000002 5.2500000000000009 16.650000000000002 2.0500000000000003 2022.5000000000002 28.950000000000003 0.17644524747975698 2.7500000000000004 1
decision_type=2 9 2 10 10 2 10 10 2 2 2 2 2 2 2 2 10 2 10 8 10 10 8 10 10 2 10 2 2 9
left_child=13 2 4 -4 5 -2 11 -8 -9 10 -10 -3 -11 -1 15 29 20 18 22 -19 -17 -22 23 -18 25 -21 27 -27 -29 -15
right_child=1 6 3 -5 -6 -7 7 8 9 12 -12 -13 -14 14 -16 16 17 19 -20 24 21 -23 -24 -25 -26 26 -28 28 -30 -31
leaf_value=9.5288013877037347e-06 0.012030718128420471 0.011377924092082145 -0.0034384801103766655 0.010832147629827607 -0.0028575938890987142 -0.00076547862437796946 -0.0042112417952379216 -0.0024545141606332186 -0.0068757430100911598 0.00022786344780587053 -0.00022114886219500309 -0.00029009106948745049 -0.002813753664450214 0.0045446477570793625 -0.010586212360888964 0.073686181956399338 -0.030011521238897044 0.010257420552796284 0.07898222623683214 -0.013215528359137672 -0.022123309157549842 0.014478228825870654 0.021041238961760973 0.0066597319335177652 0.03768888421059844 0.020724303455831816 -0.019491734268940766 0.0045740603014516107 -0.020388556988529729 -0.0062486265543615031
leaf_weight=28321 35 22 37 85 93 88 63 55 40 169 31 256 35 113 52 94 25 68 34 154 20 24 54 41 33 97 31 29 84 275
leaf_count=28321 35 22 37 85 93 88 63 55 40 169 31 256 35 113 52 94 25 68 34 154 20 24 54 41 33 97 31 29 84 275
internal_value=-0.000130898 -0.00240313 0.00172364 0.00778051 -0.00161962 0.00264013 -0.00444134 -0.00680488 -0.00499849 -0.00299891 -0.0123066 -0.00125854 0.000244978 -5.33011e-05 -0.00199495 -0.00153048 -6.34437e-05 -0.00153822 0.00389358 -0.00322516 0.00687907 -0.00226757 -0.00041632 -0.00605144 -0.00455501 -0.00550494 -0.0023849 -0.000237982 -0.00641026 -0.00450915
internal_weight=30558 1009 338 122 216 123 671 393 330 275 71 278 204 29549 1228 1176 788 650 154 496 138 44 120 66 428 395 241 210 113 388
internal_count=30558 1009 338 122 216 123 671 393 330 275 71 278 204 29549 1228 1176 788 650 154 496 138 44 120 66 428 395 241 210 113 388
cat_boundaries=0 1 2
cat_threshold=13832768 33626128
is_linear=0
shrinkage=0.05


Tree=197
num_leaves=31
num_cat=4
split_feature=31 16 51 32 39 10 37 32 23 37 39 53 16 40 33 34 52 16 47 43 6 16 49 48 39 52 45 3 5 30
split_gain=2.09269 2.56939 2.44461 1.99919 2.1095 2.29516 1.99835 2.29819 1.89301 2.13684 1.69349 2.29288 2.32455 2.30509 2.11555 3.17244 2.54355 2.48007 2.21913 3.36257 2.73428 2.62858 2.21435 2.18137 2.17978 2.14948 2.45211 2.3945 2.37546 2.08139
threshold=1.8999999999999992 0 -4.9500000000000002 998.44166666666683 12.950000000000001 -0.9159756150367534 -0.77307350971160471 1012.5416666666669 3.9448432295712261 0.56142737728006298 9.1500000000000004 -29.849999999999998 1 37.500000000000007 0.22586347517122932 74.166666666666671 -1.4999999999999998 2 8.9500000000000011 11.65 3.4500000000000006 3 28.050000000000004 95.500000000000014 8.2500000000000018 11.500000000000002 3.0500000000000003 1.2500000000000002 0.65743120962686408 1.3666666666666669
decision_type=2 9 10 2 10 2 2 2 2 2 8 8 9 10 2 2 8 9 10 10 2 9 10 10 8 10 10 2 2 2
left_child=10 2 -2 -4 8 -6 7 -7 -5 -10 11 -1 -13 29 16 -16 22 -18 19 20 -17 24 -15 -23 -20 27 -27 -19 -29 -14
right_child=1 -3 3 4 5 6 -8 -9 9 -11 -12 12 13 14 15 18 17 25 21 -21 -22 23 -24 -25 -26 26 -28 28 -30 -31
leaf_value=0.0025066358013259189 -0.0011841272377851625 -0.0013824667824593262 0.019660659404682861 -0.0054092685564607959 -0.0013659137523086536 -0.0042737263672896156 0.0046653511005702976 0.0054029396830002248 0.00024678937483584295 -0.00086353641219623779 -0.00012972367472116679 0.0029240523983230533 -2.2325138894400966e-05 0.00091507094427600508 0.0020868874275544957 -0.00029377666768210658 -0.0015023040668810052 -0.00021015832296306658 -0.0031685486574632203 -0.0040838001288574788 0.098540820084926956 0.0025607084946978639 0.0042091235360827038 -0.0027132861427881308 0.0070413757187369752 -0.0085844353597986037 0.00181742167042325 0.021274458483438452 -0.0054270300652657479 -0.014088321306410962
leaf_weight=20 41 490 22 46 75 40 175 30 65 25 20786 754 20 1112 223 3806 264 1034 122 29 20 555 63 70 48 21 485 55 41 21
leaf_count=20 41 490 22 46 75 40 175 30 65 25 20786 754 20 1112 223 3806 264 1034 122 29 20 555 63 70 48 21 485 55 41 21
internal_value=-0.000114536 -0.00235358 0.00014175 0.00115039 0.0004385 0.00265542 0.00499796 -0.0021398 -0.0047759 -0.000554939 -3.80722e-05 0.000544898 0.000506113 0.000253153 0.000314541 -0.000333463 0.00134142 0.000210515 -0.00061289 -0.00110892 -0.00098011 0.00179223 0.00316994 0.0032672 -0.00360911 0.00094162 0.0036554 -0.000265463 0.00728408 -0.0115572
internal_weight=30558 1009 519 478 456 320 245 70 136 90 29549 8763 8743 7989 7948 4873 3075 1900 4650 3855 3826 795 1175 625 170 1636 506 1130 96 41
internal_count=30558 1009 519 478 456 320 245 70 136 90 29549 8763 8743 7989 7948 4873 3075 1900 4650 3855 3826 795 1175 625 170 1636 506 1130 96 41
cat_boundaries=0 1 2 3 4
cat_threshold=12786246 393728 69632 4235328
is_linear=0
shrinkage=0.05


Tree=198
num_leaves=31
num_cat=2
split_feature=31 16 3 29 39 30 44 35 36 38 40 38 53 48 40 29 16 36 52 30 31 9 52 37 32 36 38 10 48 41
split_gain=2.6233 2.82923 2.18191 2.21619 2.25393 1.97004 1.97523 1.92236 1.8973 1.82964 1.79453 1.77947 1.7023 2.82344 1.68519 1.68083 1.66719 2.14426 1.86079 1.8111 2.1669 1.98713 2.00281 2.07521 1.95897 3.11895 2.72331 1.91367 2.79468 2.4358
threshold=1.8999999999999992 0 0.35000000000000003 9.7067524415831237 6.3500000000000005 20.216666666666672 73.500000000000014 3.9293061504650377 -0.71651629907368963 -1.8666666666665035 93.500000000000014 -0.10000000000007957 1.7999999999999983 29.500000000000004 98.500000000000014 9.8262540099318567 1 0.98732371783837924 5.5000000000000009 23.758333333333336 1.2256517540566831 3.5000000000000004 -7.4999999999999991 -0.44127723496570709 1019.7583333333333 0.90644688447860466 1.1333333333334965 -0.78656609248549292 94.500000000000014 19.600000000000005
decision_type=2 9 2 2 10 2 10 2 2 10 10 10 10 10 10 2 9 2 10 2 2 2 10 2 2 2 10 2 10 10
left_child=14 10 3 4 -3 6 9 -6 -4 -5 12 -8 -2 -14 16 -15 17 19 -19 20 24 22 -22 -24 -1 26 -26 -23 29 -29
right_child=1 2 8 5 7 -7 11 -9 -10 -11 -12 -13 13 15 -16 -17 -18 18 -20 -21 21 27 23 -25 25 -27 -28 28 -30 -31
leaf_value=0.00023500231656112676 0.0014647689343028293 0.00014399060013588205 0.0016196870312003384 -0.0013709079486696433 -0.0022014064492795124 -0.0037028002942493228 0.00011944175701495975 -0.00065444529927968093 -0.0059876493745215842 0.00070023973061918989 0.0092262199797825128 -0.0027378104265274594 0.024255134265791539 0.00032729978101934953 -0.00039181011562042928 -0.0048294581878919164 -5.9256912638422371e-05 0.0079937615647848823 0.010890153613659335 -0.0045744313900960261 -0.0029200719364888845 -0.002355638697418744 0.0071495775730801847 -0.0029620881386508979 -0.0016078098800947011 0.0092113051463544263 0.00082127546429827051 0.0089037046337571701 -0.0021747570524547843 -7.7272068670392057e-06
leaf_weight=4992 196 38 32 23 27 34 37 84 145 177 34 28 23 42 1456 89 22105 30 28 100 22 79 25 45 282 21 32 237 29 66
leaf_count=4992 196 38 32 23 27 34 37 84 145 177 34 28 23 42 1456 89 22105 30 28 100 22 79 25 45 282 21 32 237 29 66
internal_value=-0.000143988 -0.00265088 -0.0046843 -0.00290114 -0.00788062 -0.00041792 0.00103734 -0.0114761 -0.00945793 0.00349825 0.000761228 -0.00652842 -0.000285633 -0.00421804 -5.83774e-05 -0.00705568 2.75868e-05 0.00076691 0.010327 0.000674525 0.000789009 0.00392566 -0.00271444 0.00142653 0.000492763 -0.003208 -0.00445718 0.00541231 0.00707618 0.00849555
internal_weight=30558 1009 625 448 149 299 265 111 177 200 384 65 350 154 29549 131 28093 5988 58 5930 5830 503 92 70 5327 335 314 411 332 303
internal_count=30558 1009 625 448 149 299 265 111 177 200 384 65 350 154 29549 131 28093 5988 58 5930 5830 503 92 70 5327 335 314 411 332 303
cat_boundaries=0 1 2
cat_threshold=12802624 1122384
is_linear=0
shrinkage=0.05


Tree=199
num_leaves=31
num_cat=3
split_feature=31 42 13 16 27 2 40 44 29 16 29 32 35 2 38 49 30 52 51 38 38 23 45 47 38 47 11 41 38 14
split_gain=2.32142 2.90886 2.09999 1.85513 1.93356 1.64135 2.92018 2.54666 1.75331 1.70601 2.17513 1.59977 1.97999 2.34941 2.62038 2.23854 1.97529 1.58976 1.79862 1.7926 1.75079 1.74465 1.57953 1.5218 2.04416 3.71266 4.17846 2.04577 1.97019 3.5843
threshold=1.8999999999999992 0.8500000000000002 -0.97322851985520697 0 2.6629138954738978 1.6500000000000001 72.500000000000014 64.500000000000014 10.499338582674541 1 11.566230392515019 1017.8166666666668 13.169797739216788 0.15000000000000005 -0.23333333333340531 11.15 3.5416666666666674 17.500000000000004 2.8500000000000001 0.94166666666671983 0.13333333333326894 4.538370285762471 10.600000000000003 23.950000000000003 -4.9583333333332567 8.0500000000000025 1.0000000180025095e-35 9.3500000000000032 -1.9999999999999429 2
decision_type=2 10 2 9 2 8 10 10 2 9 2 2 2 10 10 10 2 10 10 10 10 2 10 8 8 10 2 10 10 1
left_child=23 2 -2 17 5 9 7 8 -7 10 -5 12 16 14 -14 -16 -11 18 19 20 21 -4 -20 24 25 27 -27 -1 29 -25
right_child=1 -3 3 4 -6 6 -8 -9 -10 11 -12 -13 13 -15 15 -17 -18 -19 22 -21 -22 -23 -24 28 -26 26 -28 -29 -30 -31
leaf_value=-0.0088103500469356617 0.0013142764288330278 0.008071247570119117 0.028862153046351414 0.0003079993361416102 0.0036471794180929443 -0.0029067004597054971 -0.0045467797610270087 0.00024356644391612464 -0.00057614265588984621 -0.00028653239752355898 -0.0020177545609792332 -0.0040529995764565152 -0.0023170645997946 0.012652191409452391 -0.0027594442275954202 0.010108655275950394 -0.0055676899329830222 -0.0014928693831812723 -0.0082218816572064736 0.00723689142043768 -0.0021625777187756845 0.00087972695806660126 0.0035993648491297564 -0.0007774167265251667 5.3110670568033702e-05 -0.0041990431832497292 0.023996328980850801 -0.0022702424813678111 -0.00041382172457520017 0.013358458553624504
leaf_weight=62 39 39 21 64 49 35 79 72 78 60 37 30 46 26 23 20 45 43 23 21 26 109 24 186 21485 55 65 154 7272 270
leaf_count=62 39 39 21 64 49 35 79 72 78 60 37 30 46 26 23 20 45 43 23 21 26 109 24 186 21485 55 65 154 7272 270
internal_value=-0.000143988 -0.00250223 -0.00304092 -0.00351735 -0.00489542 -0.00573078 -0.00870882 -0.00526742 -0.00994695 -0.00348903 0.0020252 -0.00557478 -0.00431622 0.000217202 -0.00364759 0.00522042 -0.00927688 9.02201e-05 0.00178492 0.00409373 0.00224215 0.00461184 -0.00690021 -6.34537e-05 0.000150084 -0.00371913 0.00333056 -0.00763535 -0.000666399 0.00252138
internal_weight=30558 1009 970 931 664 615 264 185 113 351 101 250 220 115 89 43 105 267 224 177 156 130 47 29549 21821 336 120 216 7728 456
internal_count=30558 1009 970 931 664 615 264 185 113 351 101 250 220 115 89 43 105 267 224 177 156 130 47 29549 21821 336 120 216 7728 456
cat_boundaries=0 1 2 3
cat_threshold=12784192 16420 4178
is_linear=0
shrinkage=0.05


Tree=200
num_leaves=31
num_cat=1
split_feature=40 31 24 49 24 24 38 35 35 24 32 2 5 9 27 26 24 37 16 38 38 53 53 31 23 35 35 2 51 45
split_gain=1.75094 1.9739 2.04472 1.97583 1.96543 2.41859 2.11678 1.78786 1.77156 3.10023 2.17406 2.34954 2.46074 1.73367 1.6397 2.16476 1.65542 1.53509 1.63355 2.53038 2.98727 1.91109 2.24464 1.71751 1.88862 1.70867 1.77885 1.62605 2.80767 1.59629
threshold=98.500000000000014 1.8999999999999992 15.422849971257795 11.15 7.5854131164812078 8.5733660376223337 -0.53333333333324606 9.0154057280480249 9.0154057280480249 9.7884469035109856 1010.3416666666668 0.24000000000000005 0.14999999999999999 5.5000000000000009 1.6000000000000005 20.641666666666669 11.902275214633997 -0.91315444281795954 0 2.1166666666666178 0.26666666666670841 -0.19999999999999959 3.5999999999999996 0.77888809636986156 1.376078863326563 7.5212361663282543 16.00347146902865 3.0500000000000003 -1.1999999999999993 9.3500000000000032
decision_type=10 2 2 10 2 2 10 2 2 2 2 8 2 2 2 2 2 2 9 10 10 8 10 2 2 2 2 8 8 10
left_child=1 -1 4 -4 13 6 7 -6 14 -10 11 -11 -13 -3 15 -7 -16 -2 21 20 27 29 25 24 -24 -23 -27 -20 -29 -19
right_child=17 2 3 -5 5 8 -8 -9 9 10 -12 12 -14 -15 16 -17 -18 18 19 -21 -22 22 23 -25 -26 26 -28 28 -30 -31
leaf_value=7.8310412852673768e-06 -0.0012905628401662123 -0.0019446503542441013 -0.0010210656188630249 -0.0044466924596275187 0.019654956492399796 0.0087082281644492113 3.4983058010416844e-05 0.016149147090519619 -0.0034016696329134568 -0.0029688915287774983 0.0035568395934712561 0.017474873264257219 -0.0060985180952460227 -0.00029436942032793554 -0.0039845903039523864 -0.0016771205094819497 -0.0025595027856120723 -0.0047144129198846869 0.00010725270566060986 0.0005436295979443839 -0.0010709761845148055 0.0027180083957697222 -0.00404379883372515 -0.0066229030205857131 0.0067167493688616298 -0.0032963269531961605 0.0060268585873108826 5.8055205106710694e-05 0.028042649553570401 -0.00099420849853930067
leaf_weight=28054 185 70 26 27 23 20 48 26 61 46 150 29 31 356 28 50 23 95 422 29 294 89 20 20 34 28 28 50 41 134
leaf_count=28054 185 70 26 27 23 20 48 26 61 46 150 29 31 356 28 50 23 95 422 29 294 89 20 20 34 28 28 50 41 134
internal_value=-0.000136719 -5.1603e-05 -0.00221872 -0.0117702 -0.00169077 0.000327042 0.00746653 0.0147658 -0.00125542 0.000709555 0.00312378 -0.00235627 0.00415973 -0.00422436 -0.00639967 -0.00142653 -0.0132094 -0.00182084 -0.00120707 0.000118189 -0.000402676 -0.00360183 -0.000342309 -0.0074224 -0.00277264 0.0032736 -0.00356506 0.00190021 0.00795829 -0.00687473
internal_weight=30537 29068 1014 53 961 535 97 49 438 317 256 106 60 426 121 70 51 1469 1284 836 807 448 219 74 54 145 56 513 91 229
internal_count=30537 29068 1014 53 961 535 97 49 438 317 256 106 60 426 121 70 51 1469 1284 836 807 448 219 74 54 145 56 513 91 229
cat_boundaries=0 1
cat_threshold=33751120
is_linear=0
shrinkage=0.05


Tree=201
num_leaves=31
num_cat=5
split_feature=31 11 14 16 48 30 12 35 27 27 38 51 2 43 47 16 38 45 41 16 24 25 13 52 31 24 14 47 51 31
split_gain=1.91031 2.31234 1.58519 1.46857 1.95673 2.12394 2.45503 2.40687 2.26389 2.02363 1.94731 2.20487 1.44413 1.35001 2.68856 3.60851 3.06643 3.19237 2.81164 2.54261 4.32366 5.95678 3.28675 2.97764 3.13046 2.84457 2.67763 2.53334 3.29642 3.02038
threshold=1.8999999999999992 0.1294095225512602 0 1 27.500000000000004 16.516666666666669 -0.69794415476634331 6.4903703492039311 1.693779468788333 1.0000000000000004 -0.36666666666661735 -0.29999999999999799 1.2500000000000002 9.1500000000000004 7.7500000000000009 2 -1.2666666666665944 1.9000000000000001 29.550000000000004 3 7.4952561802729507 591.16792004376191 -0.99374406038856444 5.5000000000000009 0.8041558721209886 8.5733660376223337 4 16.550000000000004 -2.1000000000000001 0.36817870057290925
decision_type=2 2 1 9 10 2 2 2 2 2 10 10 8 8 10 9 8 10 8 9 2 2 2 10 2 2 1 10 10 2
left_child=13 2 3 10 -5 7 -7 12 9 -9 -2 -12 -6 -1 15 -15 17 -16 19 26 21 27 -22 24 -24 -25 -19 28 -21 -30
right_child=1 -3 -4 4 5 6 -8 8 -10 -11 11 -13 -14 14 16 -17 -18 18 -20 20 22 -23 23 25 -26 -27 -28 -29 29 -31
leaf_value=0.00010828877208798882 -0.003051502950985616 -0.00076779316856649411 0.00026833260811008896 0.013866323415535198 0.0037645661512499262 0.011160476315975498 -0.0030998017843465262 -0.00046485987800030107 0.00026933926841961889 -0.0037186506019951243 0.0054548873432793514 -0.0014319683234927105 -0.0002986920366472565 0.00018460948447917848 -0.0050893925583205546 -0.0024323975782603968 -0.00022782174950982672 0.0017463873950971931 -0.0026033019466201513 0.0070993368789403662 -0.0048617547358784209 -0.0032896978834817295 0.0072384796642188335 0.012828082638562928 0.011689502098285186 0.00011761225825537986 -0.00069927277424028378 0.01556321290502668 -0.015310911615772322 -0.0012149129719738931
leaf_weight=8875 45 343 316 22 20 32 35 37 45 45 27 35 27 406 117 828 15403 1211 93 90 39 85 451 96 170 382 1095 53 26 88
leaf_count=8875 45 343 316 22 20 32 35 37 45 45 27 35 27 406 117 828 15403 1211 93 90 39 85 451 96 170 382 1095 53 26 88
internal_value=-0.000141631 -0.00225926 -0.000583005 -0.00276243 -0.000640791 -0.00197014 0.00558867 -0.00488225 -0.00845791 -0.0133983 -0.00747225 -0.00241546 0.00477707 -6.7778e-05 -0.000289583 -0.00255247 -0.000145625 0.00108856 0.00133407 0.00154513 0.00315415 -0.00175387 0.00465688 0.00516332 0.00744647 0.00219619 0.000496524 0.00204201 -0.000489956 -0.00613497
internal_weight=30537 1029 686 370 263 241 67 174 127 82 107 62 47 29508 20633 1234 19399 3996 3879 3786 1480 342 1138 1099 621 478 2306 257 204 114
internal_count=30537 1029 686 370 263 241 67 174 127 82 107 62 47 29508 20633 1234 19399 3996 3879 3786 1480 342 1138 1099 621 478 2306 257 204 114
cat_boundaries=0 1 2 3 4 5
cat_threshold=5008 1311248 840192 42539104 6286
is_linear=0
shrinkage=0.05


Tree=202
num_leaves=31
num_cat=2
split_feature=55 27 2 47 13 28 42 10 16 9 49 33 2 51 47 47 44 47 12 2 16 35 9 12 52 40 44 45 24 35
split_gain=1.72434 1.49912 1.98525 2.01796 1.6337 1.71291 1.58997 1.71385 5.00878 3.33054 2.52615 3.42669 2.364 2.29884 1.80423 1.75673 3.06656 1.99206 3.20037 2.04649 1.6524 2.50527 2.3192 2.04253 1.86593 1.91193 1.84385 2.40967 1.75631 1.74038
threshold=64.583333333333343 1.5195028426721977 3.0500000000000003 16.050000000000004 -0.99698079756684088 42.166666666666679 6.9500000000000011 -0.78656609248549292 0 16.500000000000004 11.350000000000001 0.70000000000001716 0.65000000000000002 -2.4999999999999982 2.4500000000000006 21.950000000000003 51.500000000000007 14.550000000000002 -0.62729398729515451 0.35000000000000003 1 20.907191566775207 13.500000000000002 -0.48504197719567627 -6.4999999999999991 81.500000000000014 60.500000000000007 14.600000000000003 11.235130072951831 16.746474268412523
decision_type=2 2 10 10 2 2 8 2 9 2 8 2 10 10 10 10 10 10 2 8 9 2 2 2 10 10 8 10 2 2
left_child=1 -1 4 -4 -3 -6 7 8 -7 -10 11 12 14 -13 -9 16 -16 18 -18 -20 26 22 23 -22 -25 -26 27 29 -29 -12
right_child=-2 2 3 -5 5 6 -8 10 9 -11 20 13 -14 -15 15 -17 17 -19 19 -21 21 -23 -24 24 25 -27 -28 28 -30 -31
leaf_value=-1.9970426536491948e-05 -0.0026788415692467859 -0.0024431701588146061 -0.0028321800418872225 0.078647485112213311 0.0061119675742761755 0.0033305659888603319 -0.0029107878047987729 -0.00041927799334307014 0.0022728469131814365 -0.0025971357955811183 -0.00092040635537786746 0.0071124202181850841 -0.014266074088151448 -0.0037324547208090254 0.0045615423821853684 -6.0436100631931779e-05 -0.0024835881225163782 0.013371495653943466 -0.000805860045836021 0.0071145156243305032 -0.0026958678322048556 0.0026325744446776683 -0.0047860786099009527 -0.002446646464078943 0.011428609169485 -0.0006717928052533185 -0.0037969227295271192 -0.0029285254604920529 0.0062416741115363357 -0.0042912512048288469
leaf_weight=28736 56 52 22 24 28 241 24 46 33 126 38 23 39 87 39 239 47 95 39 31 78 62 60 22 39 25 111 20 30 25
leaf_count=28736 56 52 22 24 28 241 24 46 33 126 38 23 39 87 39 239 47 95 39 31 78 62 60 22 39 25 111 20 30 25
internal_value=-0.00015473 -0.00013861 -0.00156152 0.00867679 -0.00183921 -0.00156335 -0.00177568 -0.00158297 0.00124969 -0.00547014 -0.00253117 -0.000547365 0.000999826 -0.00862852 0.00186532 0.00275454 0.00567503 0.00330033 -0.00106746 0.00570613 -0.00519506 -0.00236407 -0.00490852 -0.00182815 0.00348432 0.00780031 -0.00832977 -0.00419982 0.00399202 -0.0106973
internal_weight=30537 30481 1745 46 1699 1647 1619 1595 400 159 1195 685 575 110 536 490 251 212 117 70 510 286 224 164 86 64 224 113 50 63
internal_count=30537 30481 1745 46 1699 1647 1619 1595 400 159 1195 685 575 110 536 490 251 212 117 70 510 286 224 164 86 64 224 113 50 63
cat_boundaries=0 1 2
cat_threshold=9486342 59025504
is_linear=0
shrinkage=0.05


Tree=203
num_leaves=31
num_cat=2
split_feature=27 2 9 43 35 31 31 53 12 36 44 36 38 16 9 4 32 32 14 9 30 46 41 34 43 48 49 41 33 34
split_gain=2.35962 2.00614 2.46669 1.64026 2.06582 2.25414 2.92115 2.76267 2.58949 2.63344 2.16317 2.04046 1.81354 1.77518 3.53289 3.04878 2.4926 2.11311 2.0814 2.16043 2.02965 1.86677 2.69338 2.66316 1.81702 2.08522 1.76193 1.70422 1.68826 1.60537
threshold=1.5195028426721977 3.4500000000000006 13.500000000000002 -5.8499999999999988 6.5743120962686392 1.2499444419750902 1.8999999999999992 3.9000000000000017 -0.22132528438243254 0.69298555228371594 88.500000000000014 -0.57631458156598814 0.19999999999987497 0 16.500000000000004 0.18333333333333338 1008.2166666666668 1008.7333333333335 1 10.500000000000002 23.416666666666675 1.0000000180025095e-35 16.400000000000002 41.166666666666679 29.850000000000005 81.500000000000014 8.8000000000000025 7.5000000000000009 0.43204937989385916 98.583333333333357
decision_type=2 10 2 8 2 2 2 10 2 2 8 2 10 9 2 2 2 2 1 2 2 10 10 2 10 10 10 10 2 2
left_child=-1 3 -3 -2 5 8 7 11 9 12 -10 -7 26 15 17 21 -17 -15 19 20 -19 22 23 -6 25 27 -5 -25 -21 -13
right_child=1 2 -4 4 13 6 -8 -9 10 -11 -12 29 -14 14 -16 16 -18 18 -20 28 -22 -23 -24 24 -26 -27 -28 -29 -30 -31
leaf_value=-2.1727379396535575e-05 0.0053732271005752039 0.06410284651629071 -0.0057873721472453676 -0.01150446895020775 -0.0022997519104699577 -0.0014242638453412532 -0.0010488640044543835 -0.0024894928456662998 -0.0041382695982036324 0.014525090102545485 -0.00053887571847765776 0.0051165098276165517 0.001994566553054293 -0.0014575065145792543 -0.0027927613770567005 0.041785154516454509 0.0029659841068081618 -0.0023627111533145052 0.0041561127902596086 -0.0018665540475274343 0.01132876431625132 0.0067656613114078891 -0.0014113663216950457 -0.0041434438785772467 0.0095815603733594885 0.0024935863014968504 -0.0012053274223816927 0.00014566369995087786 0.0047758499061116236 0.0036974433720962847
leaf_weight=28784 22 22 21 22 29 20 125 48 124 26 36 54 38 211 154 43 139 46 175 28 21 49 51 27 24 37 49 39 33 40
leaf_count=28784 22 22 21 22 29 20 125 48 124 26 36 54 38 211 154 43 139 46 175 28 21 49 51 27 24 37 49 39 33 40
internal_value=-0.000172741 -0.00195368 0.0087007 -0.00222209 -0.00239915 -0.00481017 -0.00165448 0.00277606 -0.00787869 -0.00277572 -0.0121799 0.00701139 -0.00618698 -0.0011301 -0.00272821 0.00133899 0.00631521 -0.000778059 0.00189706 -0.00289645 -0.00931446 -0.0021476 -0.00422501 -0.000960922 0.00216365 -0.000727449 -0.0109001 -0.00605144 0.00368249 0.0100956
internal_weight=30537 1753 43 1710 1688 582 287 162 295 135 160 114 109 1106 668 438 182 514 303 128 67 256 207 156 127 103 71 66 61 94
internal_count=30537 1753 43 1710 1688 582 287 162 295 135 160 114 109 1106 668 438 182 514 303 128 67 256 207 156 127 103 71 66 61 94
cat_boundaries=0 1 2
cat_threshold=8491590 4688
is_linear=0
shrinkage=0.05


Tree=204
num_leaves=31
num_cat=2
split_feature=27 55 51 51 14 41 28 37 27 44 40 28 38 38 37 42 32 6 40 37 35 45 35 36 37 14 1 34 36 35
split_gain=2.91965 1.81499 1.76868 1.71467 3.16075 3.24657 1.86992 1.80017 3.78049 2.80164 2.55598 2.09839 1.75853 1.72935 1.80312 1.69518 2.47314 2.48797 1.88189 1.86826 1.70158 2.08194 1.58741 1.57198 1.49217 1.48136 1.92328 1.8116 1.82334 1.70523
threshold=1.5506717518813398 64.583333333333343 -6.6499999999999986 0.29999999999999999 0 8.4500000000000011 80.583333333333357 -0.45802312195678635 1.6499999999999992 52.500000000000007 72.500000000000014 77.416666666666671 0.13333333333349631 -2.9999999999999427 -0.96631599803292956 1.0000000180025095e-35 1014.9166666666669 0.45000000000000007 69.500000000000014 -0.35009362755304929 30.419290150436922 4.5000000000000009 20.733760495209243 -0.19280597302859098 -0.151459857825229 1 1.9500000000000002 64.583333333333357 0.14430147607780835 10.790937791605295
decision_type=2 2 8 10 1 10 2 2 2 10 10 2 10 10 2 10 2 2 10 2 2 8 2 2 2 1 2 2 2 2
left_child=1 -1 -2 13 -5 6 -6 8 -7 -10 11 12 -9 -4 -15 20 17 18 19 -17 21 -16 -20 -22 -3 26 27 -23 29 -29
right_child=2 24 3 4 5 7 -8 10 9 -11 -12 -13 -14 14 15 16 -18 -19 22 -21 23 25 -24 -25 -26 -27 -28 28 -30 -31
leaf_value=-1.8306141323906622e-05 0.0081015457339591486 -0.00022322968816121115 0.0010018181735637706 0.00028374901511497852 -0.0014257418626404395 0.030001320459472736 -0.0059492582465809742 0.0010168642359900241 -0.0044552816520624233 0.0042588576461878138 0.0016831377997006181 -0.0083385760872055521 -0.0037771186881280869 0.010283971894736411 0.00021171827140640254 -0.0014658699085480023 0.014433567924111802 0.033053495261216613 -0.0017591268829699866 0.013262406545554689 0.01048381104950305 -0.003518315751682852 -0.0064826112517511487 -0.0019244508795504885 -0.0031809715500645628 -0.0031805671394961434 -0.013888578739827738 0.0061981992768958358 -0.0005479298034055572 -0.00099604244521043508
leaf_weight=28885 50 22 31 442 95 22 43 36 22 49 55 31 21 20 53 24 23 23 76 28 37 51 20 20 27 131 22 43 100 35
leaf_count=28885 50 22 31 442 95 22 43 36 22 49 55 31 21 20 53 24 23 23 76 28 37 51 20 20 27 131 22 43 100 35
internal_value=-0.000184202 -6.91226e-05 -0.00226124 -0.0025594 -0.000980272 -0.00429576 -0.0104996 -0.000847099 0.00456498 -0.00105485 -0.00436758 -0.00964813 -0.00394046 -0.00430742 -0.00481518 -0.00524705 -0.001288 -0.00336061 -0.00573937 0.00191939 -0.00680756 -0.00787175 -0.00988554 0.00131349 -0.00967413 -0.00915991 -0.00603217 -0.00491052 -0.00252667 0.00320102
internal_weight=30537 28934 1603 1553 816 374 138 236 93 71 143 88 57 737 706 686 194 171 148 52 492 435 96 57 49 382 251 229 178 78
internal_count=30537 28934 1603 1553 816 374 138 236 93 71 143 88 57 737 706 686 194 171 148 52 492 435 96 57 49 382 251 229 178 78
cat_boundaries=0 1 2
cat_threshold=5514 6978
is_linear=0
shrinkage=0.05


Tree=205
num_leaves=31
num_cat=3
split_feature=27 14 16 49 36 54 49 2 51 23 53 12 13 32 12 48 36 34 16 47 33 31 39 48 52 47 48 36 40 13
split_gain=3.3846 2.01152 2.32304 2.54556 2.09724 2.22518 2.02794 2.19517 1.83964 2.20593 2.07268 1.85471 2.48456 1.81592 1.75752 1.69951 1.68192 1.88207 1.67182 2.08108 2.07017 2.67919 3.50629 1.62242 1.61831 1.69588 1.60813 1.61354 1.59877 1.5199
threshold=1.5506717518813398 0 1 7.7500000000000009 -0.8949002852437673 9.3666666666666707 7.5000000000000009 1.0000000180025095e-35 0.50000000000000044 7.6651623694845119 -8.5499999999999972 -0.92302220264522072 -0.94445443497892134 1008.0166666666668 0.72800098152115778 85.500000000000014 0.41339896026697981 84.833333333333357 2 27.950000000000003 0.80069384267236665 0.91772665986241397 23.250000000000004 62.500000000000007 8.5000000000000018 19.950000000000003 84.500000000000014 -0.29232203331489143 75.500000000000014 -0.72208999473568902
decision_type=2 1 9 10 2 2 10 8 10 2 8 2 2 2 2 10 2 2 9 10 2 2 10 10 10 10 10 2 10 2
left_child=-1 2 13 15 -3 8 -7 -8 10 16 -6 -12 -13 -2 18 -4 26 -18 19 24 21 -20 -23 -24 -14 -26 27 28 -10 -9
right_child=1 4 3 -5 5 6 7 29 9 -11 11 12 14 -15 -16 -17 17 -19 20 -21 -22 22 23 -25 25 -27 -28 -29 -30 -31
leaf_value=-3.5730481457385555e-06 -0.00023567722532055193 0.0011950055287200544 0.021677017052042329 -0.0012981141858028206 0.0019562424267582481 0.0019886161044792047 -0.0038534911711107529 -0.0020052285018522021 -0.00010033733732387474 0.013387515265467232 -0.0027621438920695605 -0.0032160895846599078 0.015385325146762628 -0.002258747969640961 -0.0035942877170286633 -0.00070945155930404182 0.0026196723191417013 -0.0051626270631918523 -0.0039589095027881055 -0.0016774006449204128 -0.0055631170030531309 -0.00010253850486501848 0.038348373461074794 0.0010152659625414175 -0.0033026334465882899 0.071385976025191311 0.0081427886009846125 0.002221699995122155 -0.0036901102938986853 -7.1593449604828726e-05
leaf_weight=28980 47 70 26 170 43 29 40 26 53 35 81 44 38 172 34 25 42 94 48 41 27 61 21 20 22 21 75 104 23 51
leaf_count=28980 47 70 26 170 43 29 40 26 53 35 81 44 38 172 34 25 42 94 48 41 27 61 21 20 22 21 75 104 23 51
internal_value=-0.000133331 -0.00238456 -0.00522106 -0.00140632 -0.0012358 -0.00179387 -0.00752909 -0.0104611 -0.000889872 0.00152546 -0.00294352 -0.00392927 -0.00245293 -0.00883893 -0.000975683 0.00831703 0.000447456 -0.00404115 0.000250752 0.00454201 -0.00280599 -0.000666223 0.00391773 0.0152068 0.0095561 0.00290023 0.00284202 0.000277624 -0.00525624 -0.00551232
internal_weight=30563 1583 440 221 1143 1073 146 117 927 426 501 458 377 219 333 51 391 136 299 122 177 150 102 41 81 43 255 180 76 77
internal_count=30563 1583 440 221 1143 1073 146 117 927 426 501 458 377 219 333 51 391 136 299 122 177 150 102 41 81 43 255 180 76 77
cat_boundaries=0 1 2 3
cat_threshold=2132 50610260 8782354
is_linear=0
shrinkage=0.05


Tree=206
num_leaves=31
num_cat=1
split_feature=27 53 46 37 51 44 38 16 29 37 34 35 36 2 32 7 32 29 40 32 35 36 34 51 12 52 50 10 48 42
split_gain=3.57215 1.78885 2.00631 1.82633 1.7884 2.80081 2.35773 2.33452 2.35256 3.20463 2.34181 2.17894 2.05055 2.31445 3.15079 2.24777 1.86681 2.15291 2.32891 2.19186 1.8507 1.84587 1.78832 1.76124 2.21421 1.71545 1.67861 1.59435 1.59179 1.57926
threshold=1.5506717518813398 -11.449999999999998 0.15000000000000005 -0.022243433579717451 -1.2999999999999992 34.500000000000007 -2.9999999999999427 0 16.00347146902865 0.61257450875465891 38.166666666666679 10.354803868458292 0.059887033092833053 0.35000000000000003 1013.1833333333335 0.45000000000000007 1017.4166666666669 8.2731048626733088 67.500000000000014 1011.8416666666668 11.185237245927743 -0.18252165423137326 93.833333333333357 -1.0000000180025095e-35 -0.45473838294431457 7.5000000000000009 0.35000000000000003 -0.9159756150367534 71.500000000000014 0.15000000000000005
decision_type=2 8 10 2 10 8 10 9 2 2 2 2 2 10 2 2 2 2 10 2 2 2 2 10 2 8 8 2 10 10
left_child=-1 -2 4 27 5 20 -7 12 9 10 -9 -10 15 -14 -15 16 17 -6 19 -19 -3 22 -17 -5 -25 -8 -12 -4 -24 -29
right_child=1 2 3 23 7 6 25 8 11 -11 26 -13 13 14 -16 21 -18 18 -20 -21 -22 -23 28 24 -26 -27 -28 29 -30 -31
leaf_value=-3.3943957384527379e-06 -0.0020224683753370916 0.035038945674050824 0.010793650249856804 0.0028657464831553904 -0.0034887151313076101 0.0035899764159433994 -0.00025687529114074573 0.0019512853229788436 -0.00061960643987006298 0.00060438739930366442 -0.0022426024208347466 0.029282063168118252 -0.0016041311208840289 0.024094028428891981 -0.008044551268513082 0.021942624004565467 0.0009893145676688525 0.00072526600516261634 0.0097692861954043371 -0.0035196180565015348 -0.0071020867167792719 0.030103400212788036 -0.013821419403075587 0.0075680065453330447 -0.008858429455553464 -0.0032607409167305021 -0.0058289967371513048 0.01342250873361352 0.0081191079002286021 -0.0013705092731711222
leaf_weight=28980 63 22 29 41 27 21 105 28 20 68 228 31 188 45 21 43 36 32 37 28 26 29 20 21 48 168 33 58 20 47
leaf_count=28980 63 22 29 41 27 21 105 28 20 68 228 31 188 45 21 43 36 32 37 28 26 29 20 21 48 168 33 58 20 47
internal_value=-0.000134967 -0.00244773 -0.00210512 0.00204834 -0.00289946 -0.0059924 -0.00782047 -0.00176641 -0.00454437 -0.00609073 -0.0083881 0.0053816 0.000466331 -0.00275482 0.00529501 0.00349136 -0.000312305 -0.00322321 0.000257467 -0.00582363 0.00519751 0.00892061 0.00511432 -0.0027248 -0.00759768 -0.00906261 -0.00986212 0.0059657 -0.00249377 0.00309229
internal_weight=30563 1583 1520 244 1276 342 294 934 408 357 289 51 526 254 66 272 160 124 97 60 48 112 83 110 69 273 261 134 40 105
internal_count=30563 1583 1520 244 1276 342 294 934 408 357 289 51 526 254 66 272 160 124 97 60 48 112 83 110 69 273 261 134 40 105
cat_boundaries=0 1
cat_threshold=8489588
is_linear=0
shrinkage=0.05


Tree=207
num_leaves=31
num_cat=3
split_feature=27 14 35 52 50 38 53 52 43 36 43 53 47 32 16 10 31 52 31 7 35 40 47 40 43 24 26 16 33 24
split_gain=2.62701 1.96611 2.86597 2.25795 1.81672 1.58806 1.98071 1.5678 2.42999 2.52605 2.29631 1.74855 1.91199 1.66635 2.3149 3.10104 2.58099 2.49671 1.94057 1.7202 1.80766 1.69354 1.56541 1.50079 1.47394 2.43284 2.83084 2.40591 4.10007 2.98976
threshold=1.5506717518813398 0 8.7685485557772349 -33.499999999999993 0.25000000000000006 -1.566666666666549 1.7999999999999983 -7.4999999999999991 29.650000000000002 0.6778315663416653 20.250000000000004 3.9500000000000006 27.050000000000004 1020.7166666666668 1 1.0000000180025095e-35 0.69880749227427275 1.0000000180025095e-35 2.87730578030272 1.2500000000000002 16.50631071766723 54.500000000000007 25.550000000000004 43.500000000000007 6.4500000000000011 8.6774685044169075 13.516666666666667 2 0.081649658092767974 7.7881826667542677
decision_type=2 1 2 10 8 10 10 10 10 2 10 10 10 2 9 2 2 10 2 2 2 10 10 10 8 2 2 9 2 2
left_child=24 2 -2 -3 5 6 -4 8 9 10 -5 12 -12 14 15 21 19 -17 -18 20 -16 -9 23 -7 25 26 27 28 -1 -30
right_child=1 3 4 7 -6 22 -8 13 -10 -11 11 -13 -14 -15 16 17 18 -19 -20 -21 -22 -23 -24 -25 -26 -27 -28 -29 29 -31
leaf_value=-0.0017077893408047773 -0.001910783615659198 -0.0061194893648411552 0.005749524819415399 0.0036243793247371066 -0.0021200399159837348 0.0032278397463138264 -0.00071759597548919367 0.013053694806877004 0.016790628001745446 -0.0071568808879779794 -0.0030984504428442461 0.012203902385318096 0.0051339544546737358 -0.0030900767101993219 2.2216083390352859e-05 0.002784638312359511 -1.2136698367065658e-05 0.017094035503527762 -0.0044128006471985974 -0.020039257764095049 -0.0031696293515212832 -0.0031368816409861307 -0.0056659454271345226 -0.00041405371493748736 -6.9123463950976347e-05 -0.0049093619222671699 0.042892685407812103 2.5422602123528759e-05 0.00098097348290620699 0.027731160799660804
leaf_weight=97 249 23 38 64 55 21 20 33 20 37 30 46 20 35 47 21 500 32 27 29 27 37 41 131 23120 70 26 4266 1370 31
leaf_count=97 249 23 38 64 55 21 20 33 20 37 30 46 20 35 47 21 500 32 27 29 27 37 41 131 23120 70 26 4266 1370 31
internal_value=-0.000116971 -0.00210031 -0.00446824 -0.000770639 -0.00130676 0.00049781 0.00774527 -0.000422843 0.00333947 0.00164891 0.00437227 -0.000520291 -0.00698603 -0.00145921 -0.000962688 0.00507137 -0.00218716 0.0145951 -0.000806299 -0.00945684 -0.00539811 -0.00142653 -0.00168307 0.000657462 -8.62661e-06 0.000699647 0.00081173 0.000737322 0.00245342 0.00315823
internal_weight=30563 1583 555 1028 306 251 58 1005 217 197 160 96 50 788 753 123 630 53 527 103 74 70 193 152 28980 5860 5790 5764 1498 1401
internal_count=30563 1583 555 1028 306 251 58 1005 217 197 160 96 50 788 753 123 630 53 527 103 74 70 193 152 28980 5860 5790 5764 1498 1401
cat_boundaries=0 1 2 3
cat_threshold=3156 393280 463440
is_linear=0
shrinkage=0.05


Tree=208
num_leaves=31
num_cat=2
split_feature=27 34 44 30 14 52 4 52 27 31 53 44 10 2 27 23 28 52 23 10 44 38 34 12 52 36 31 47 16 45
split_gain=2.45395 1.85584 2.30687 2.70403 2.21083 4.37402 2.67373 2.36791 2.90093 2.10543 1.84719 2.18197 2.30964 2.36944 1.95012 1.68366 3.16811 2.2522 1.58608 3.14452 1.87236 1.57166 1.54994 1.66298 1.51955 1.46644 2.35156 1.71631 1.69315 2.58791
threshold=1.5506717518813398 92.833333333333357 88.500000000000014 4.7833333333333341 0 -33.499999999999993 1.1166666666666669 20.500000000000004 2.0027755440794377 0.5734883511361758 4.0500000000000016 29.500000000000004 0.25881904510252091 0.95000000000000007 1.9601587237318878 9.6506044191729661 44.166666666666679 -6.4999999999999991 4.6314378838360666 -0.78656609248549292 75.500000000000014 -0.03333333333347354 98.833333333333357 -0.22967928072195901 13.500000000000002 0.45586538141197752 1.3495368781616024 21.950000000000003 1 15.300000000000002
decision_type=2 2 10 2 1 10 2 10 2 2 10 8 2 10 2 2 2 10 2 2 10 10 2 2 10 2 2 8 9 10
left_child=-1 4 10 -4 6 -6 21 15 -9 -5 11 -3 14 -14 -13 17 -17 18 -7 -20 -21 -2 23 -16 -12 28 27 -27 29 -19
right_child=1 2 3 9 5 7 -8 8 -10 -11 24 12 13 -15 22 16 -18 25 19 20 -22 -23 -24 -25 -26 26 -28 -29 -30 -31
leaf_value=-4.6555337514089804e-06 -0.0010227574258123277 0.029584072334295594 0.0035688397598815703 0.0027431618447444962 -0.0054783995581366256 0.0070600330561848001 -0.017000933384427219 -0.0039808673336722278 0.00033236542472167563 -0.0037634135358139767 -0.0026773304631779629 -0.0052007401673612348 -0.00084149822540296462 0.021508699056830585 -0.0043052103289823469 0.01173255130002379 -0.00072260711716468366 -0.0027861452720694458 0.01730276525619388 0.0055500159880608165 -0.004125605234923709 0.0010036301968736367 0.0018583972964680562 0.0012835628553394098 -0.00019917948888657777 0.0116070953799396 -0.0010809032309619744 0.00032587499677422667 0.00017974107278717901 0.008735353552400826
leaf_weight=28980 149 22 45 21 20 66 24 53 27 40 99 119 115 21 20 22 89 105 28 38 20 76 20 24 29 33 35 28 165 30
leaf_count=28980 149 22 45 21 20 66 24 53 27 40 99 119 115 21 20 22 89 105 28 38 20 76 20 24 29 33 35 28 165 30
internal_value=-0.000120243 -0.00203714 -0.0043036 0.00235627 -0.000743974 0.000617605 -0.0047279 0.00125152 -0.00686642 -0.00450082 -0.005809 -0.00388449 -0.00493576 0 -0.00860186 0.0022379 -0.00337534 0.0033753 0.00854701 0.00406504 -0.00258176 -0.00322079 -0.00156006 -0.00680272 -0.010929 0.00138854 0.00676379 0.0126841 -0.000333222 -0.00430737
internal_weight=30563 1583 575 106 1008 759 249 739 80 61 469 341 319 136 183 659 111 548 152 86 58 225 64 44 128 396 96 61 300 135
internal_count=30563 1583 575 106 1008 759 249 739 80 61 469 341 319 136 183 659 111 548 152 86 58 225 64 44 128 396 96 61 300 135
cat_boundaries=0 1 2
cat_threshold=580 50333714
is_linear=0
shrinkage=0.05


Tree=209
num_leaves=31
num_cat=2
split_feature=27 35 16 1 45 51 47 23 32 52 34 12 55 41 47 16 35 5 42 44 24 35 26 48 52 40 26 32 48 33
split_gain=3.19255 1.78247 1.73906 1.77421 1.90132 1.83997 1.70627 1.65908 1.73581 2.66216 1.81905 2.63811 2.39974 2.26671 1.64202 1.70818 2.18773 2.1299 2.46471 2.05697 1.83224 1.58591 1.55372 1.52424 1.43088 1.42184 1.39056 2.35677 1.83981 1.80638
threshold=1.5506717518813398 7.8173079138292492 0 0.45000000000000007 12.800000000000002 -2.6499999999999999 32.95000000000001 1.4600590000253566 1017.2166666666668 6.5000000000000009 76.833333333333357 -0.92302220264522072 40.166666666666679 12.800000000000002 -7.6499999999999995 1 1.3307163456488713 0.14142135623730961 1.0000000180025095e-35 88.500000000000014 13.549650085800025 4.9440812476641245 13.04166666666667 65.500000000000014 -5.4999999999999991 45.500000000000007 -1.5833333333333328 1018.9583333333335 97.500000000000014 0.19428090415819368
decision_type=2 2 9 2 10 10 10 2 2 10 2 2 2 10 10 9 2 2 10 10 2 2 2 10 10 10 2 2 8 2
left_child=26 14 3 5 -5 -3 7 -4 10 22 11 -9 13 -13 -2 16 19 21 20 -16 23 -18 -10 -19 -14 -17 27 28 29 -1
right_child=1 2 6 4 -6 -7 -8 8 9 -11 -12 12 24 -15 15 25 17 18 -20 -21 -22 -23 -24 -25 -26 -27 -28 -29 -30 -31
leaf_value=3.6747966378061773e-05 0.0051007659293636973 -0.0030340841768047438 0.0028062448469701852 0.0087428942468837489 0.084499470004978136 0.0002367129071904256 0.010747924537110293 -0.0094478407886460988 0.0051330326737560666 0.00209358080485081 -0.0020806062183898869 -0.00023457266252206873 -0.0013901665603983087 0.0076882314371271576 -0.0072460567023567976 -0.002837201916989213 2.8211502523403655e-05 0.046389656204801004 0.014738485095197857 0.0014408991935550134 -0.00505297662370577 -0.0037774708577454894 -0.00074910041081102663 -0.00098079041493365497 -0.0008429807488520868 -0.0012229689662173098 -1.7116555395646493e-05 -0.00047805971949914513 -0.00094336395904552617 0.0015901219617930453
leaf_weight=138 22 27 39 45 20 197 29 22 24 32 239 80 22 51 50 39 29 24 39 20 20 20 70 27 42 354 28499 62 52 229
leaf_count=138 22 27 39 45 20 197 29 22 24 32 239 80 22 51 50 39 29 24 39 20 20 20 70 27 42 354 28499 62 52 229
internal_value=-0.000134967 -0.00232139 -0.000931743 0.00225677 0.00960061 0.000223115 -0.00234813 -0.00293834 -0.00360763 0.00158604 -0.00504275 -0.00172731 0.000128139 0.00400458 -0.00434715 -0.00482238 -0.00115015 0.00204274 0.00590372 -0.0085592 0.000351617 -0.00661914 -0.00265675 0.0053816 -0.00780031 -0.00676011 -1.55279e-05 0.00265018 0.00399666 0.0052438
internal_weight=30563 1583 939 289 65 224 650 621 582 126 456 217 195 131 644 622 229 159 110 70 71 49 94 51 64 393 28980 481 419 367
internal_count=30563 1583 939 289 65 224 650 621 582 126 456 217 195 131 644 622 229 159 110 70 71 49 94 51 64 393 28980 481 419 367
cat_boundaries=0 1 2
cat_threshold=25182784 42141730
is_linear=0
shrinkage=0.05


Tree=210
num_leaves=31
num_cat=1
split_feature=27 31 16 33 44 49 30 31 38 45 13 47 37 29 49 43 37 18 51 40 37 35 29 46 13 3 13 4 34 35
split_gain=3.57875 2.82805 2.44177 1.98224 2.44337 1.8399 1.88501 1.83218 1.98776 3.11202 1.90381 1.77858 1.70363 1.47817 2.12454 1.56563 1.5541 1.91914 2.07591 2.15769 1.65173 2.4116 1.88376 2.58234 2.34194 2.242 1.70626 2.19044 1.54971 1.54286
threshold=1.5506717518813398 1.1509050847723672 0 0.995543132428235 61.500000000000007 10.900000000000002 10.71666666666667 0.48989794855663643 0.099999999999852221 18.200000000000003 -0.20454453068330639 36.850000000000001 0.96558601262112387 2.9719601443879751 18.200000000000003 32.95000000000001 0.25133187717258265 3.6281500000000002 0.49999999999999994 71.500000000000014 -0.37840902490338024 30.175412591199947 16.709917021791018 0.15000000000000005 -0.8982586596074329 0.45000000000000007 0.34470738398793405 0.38000000000000006 76.833333333333357 16.746474268412523
decision_type=2 2 9 2 10 10 2 2 10 8 2 10 2 2 8 10 2 2 10 10 2 2 2 10 2 2 2 2 2 2
left_child=11 3 5 7 -5 6 -3 8 9 -2 -10 -1 13 14 -4 16 20 -18 19 -19 22 26 23 24 28 29 -22 -28 -15 -26
right_child=1 2 12 4 -6 -7 -8 -9 10 -11 -12 -13 -14 15 -16 -17 17 18 -20 -21 21 -23 -24 -25 25 -27 27 -29 -30 -31
leaf_value=-1.290936577175439e-05 -0.0028667911631343164 0.009265256404024258 -0.0012460342335223766 0.01059664697082951 -0.0011346436755687737 -0.00086657365113606004 -0.002121110308476626 -0.0014613312975213324 0.0083057495345395648 0.0044426167046600212 -0.0028823799679645076 -0.0087935690541054001 0.013961638541236261 0.0070603253131421573 0.014818278824777431 -0.0055133947791406075 -0.0032014156026031432 -0.0025730835014203673 0.014465255499036456 0.0015878232344816836 0.013870504021611852 -0.0036393454195138898 0.0034192309325094153 0.011920671019125443 0.00080365928321458619 -0.0094798458788416702 -0.00092403531142009059 0.012652862519365147 -0.0019904344754683835 -0.0012481336907924426
leaf_weight=28828 98 20 137 38 50 85 24 446 55 24 23 20 20 21 21 39 36 34 44 20 91 25 39 38 53 33 26 28 25 23
leaf_count=28828 98 20 137 38 50 85 24 446 55 24 23 20 20 21 21 39 36 34 44 20 91 25 39 38 53 33 26 28 25 23
internal_value=-0.000185464 -0.00247509 -0.000566829 -0.00476774 0.00227015 -0.00664989 0.00113379 -0.00572667 -0.00174913 -0.00573301 0.00448143 -5.71961e-05 0.000556939 0.000170509 -0.00411132 0.00134759 0.00205186 -0.00260999 0.00101937 -0.00554529 0.00360607 0.00734862 0.000861698 -0.0011652 -0.00402966 -0.00802016 0.00982081 0.00277264 0.00542299 -0.00328515
internal_weight=30464 1616 882 734 88 129 44 646 200 122 78 28848 753 733 158 575 536 134 98 54 402 170 232 193 155 109 145 54 46 76
internal_count=30464 1616 882 734 88 129 44 646 200 122 78 28848 753 733 158 575 536 134 98 54 402 170 232 193 155 109 145 54 46 76
cat_boundaries=0 1
cat_threshold=4587552
is_linear=0
shrinkage=0.05


Tree=211
num_leaves=31
num_cat=2
split_feature=27 31 16 34 11 31 16 34 34 41 31 51 38 37 10 52 12 34 38 33 2 7 4 41 52 2 37 26 27 53
split_gain=4.56478 2.77395 2.96179 2.36015 2.19816 1.95365 1.69131 2.14444 3.36446 2.69288 2.34665 3.43691 2.29074 2.07583 2.07169 2.00308 1.68278 1.52903 1.62432 1.39224 2.07352 1.74367 1.84409 1.62016 1.96451 1.42456 1.41465 1.5341 1.41421 1.50665
threshold=1.5506717518813398 1.2083045973594582 0 40.166666666666679 -0.12940952255126037 2.0537228355043404 1 92.833333333333357 95.166666666666671 14.200000000000001 0.30912061651652373 -2.6999999999999997 0.95000000000015927 0.79491628080332577 1.0000000180025095e-35 -1.0000000180025095e-35 0.04290317764179518 87.833333333333357 0.36666666666673114 0.79302515022468123 2.2500000000000004 3.0500000000000003 0.45833333333333337 11.050000000000002 -3.4999999999999996 1.3500000000000003 0.65837438157739647 23.583333333333339 2.5009996003196808 2.6000000000000014
decision_type=2 2 9 2 2 2 9 2 2 10 2 8 10 2 2 10 2 2 10 2 10 2 2 10 10 8 2 2 2 10
left_child=-1 6 3 -3 5 -5 13 9 -9 14 -10 -12 16 -2 17 -16 -11 18 -8 20 21 22 28 24 -21 -25 27 -24 29 -4
right_child=1 2 19 4 -6 -7 7 8 10 12 11 -13 -14 -15 15 -17 -18 -19 -20 23 -22 -23 26 25 -26 -27 -28 -29 -30 -31
leaf_value=-1.5509613810799074e-05 -0.0015788658517748245 0.00019085382740517549 0.00012822879173424729 -0.0024131789656570996 -0.002402142026903076 0.00243810281920379 -0.0025705582582361401 -0.0039944174148366374 0.013444193535224615 0.0031572748845594581 0.02656938102304154 -0.0035472450920183392 -0.0037590228477368468 0.0027948176711767858 -0.0012669673053458661 0.0063512417263597498 0.0087812817656609983 0.0019067735516278828 -2.6523256005055174e-05 0.0025598382378452717 0.029472209254710641 -0.018741599999202632 0.0001768842459076353 -0.0017284788118807439 -0.0042192918887177522 0.0026046547862587869 0.01326355661417445 0.035956977352428476 0.0039730279395700889 -0.00093422057133974107
leaf_weight=28848 223 29 207 21 39 36 68 41 24 52 22 106 22 25 34 51 41 37 27 30 20 21 84 26 52 47 22 37 56 116
leaf_count=28848 223 29 207 21 39 36 68 41 24 52 22 106 22 25 34 51 41 37 27 30 20 21 84 26 52 47 22 37 56 116
internal_value=-0.000198594 -0.00278448 -0.000800617 -0.00758697 -0.0119667 -0.00569177 -0.00494761 -0.00313026 -0.0073796 -0.000752785 -0.00394477 -0.00663544 0.00543006 -0.0083301 -0.0040304 0.0020564 0.00886144 -0.00794852 -0.0113039 0.000480703 0.00164269 0.00105874 0.00162804 -0.00370729 -0.00852619 0.00170999 0.00646401 0.00433526 -0.000197837 -0.00147013
internal_weight=30464 1616 843 125 96 57 773 525 193 332 152 128 115 248 217 85 93 132 95 718 563 543 522 155 82 73 143 121 379 323
internal_count=30464 1616 843 125 96 57 773 525 193 332 152 128 115 248 217 85 93 132 95 718 563 543 522 155 82 73 143 121 379 323
cat_boundaries=0 1 2
cat_threshold=4587552 51396614
is_linear=0
shrinkage=0.05


Tree=212
num_leaves=31
num_cat=3
split_feature=27 44 16 14 54 46 29 34 37 35 34 16 41 36 12 52 49 4 12 11 11 35 43 52 27 49 3 47 33 36
split_gain=4.37159 1.82587 1.52078 1.92501 1.89818 2.18527 2.42526 1.79721 2.62699 1.97803 1.69982 1.66103 2.81001 1.68101 1.63082 2.11926 1.62285 2.10698 1.58721 1.56559 1.5372 1.9726 2.44265 1.5369 2.66715 1.95579 1.71025 1.51702 1.48032 1.477
threshold=1.5506717518813398 95.500000000000014 0 1 1.2333333333333349 0.15000000000000005 11.509050847723666 61.583333333333336 0.83026526964652791 30.503414918196736 51.416666666666679 2 9.3500000000000032 -0.35046683331802425 -0.69794415476634331 7.5000000000000009 8.1000000000000032 0.18333333333333338 -0.47753588643748823 -0.60355339059327384 -0.9159756150367534 18.251327701404787 23.550000000000004 21.500000000000004 1.9601587237318878 11.050000000000002 0.15000000000000005 3.8500000000000001 0.262466929133717 -0.68233934397077733
decision_type=2 10 9 1 2 10 2 2 2 2 2 9 10 2 2 10 10 2 2 2 2 2 10 10 2 10 2 10 2 2
left_child=-1 2 16 7 27 -6 -7 10 9 11 14 12 13 -9 19 -16 17 -2 -14 -4 -18 22 -22 24 25 26 -13 -5 -3 -26
right_child=1 28 3 4 5 6 -8 8 -10 -11 -12 23 18 -15 15 -17 20 -19 -20 -21 21 -23 -24 -25 29 -27 -28 -29 -30 -31
leaf_value=-1.4734133120258841e-05 -2.4705832723399826e-05 -0.0031110792682766345 0.0063360091771028394 -0.00065695088977860974 -0.0013654324792870835 -0.00047427813859311774 0.014697069780184211 0.0057180449786287928 0.0071938122468932861 -0.0056641457357599805 0.023614615149767905 0.0060147136958671327 -0.0012108145923174108 -0.0031139792107052811 -0.0032917914672539574 0.00046458443681392518 0.00707372013615345 0.029217174449879986 0.03225488997849222 -0.00013449373081074746 -0.0032630876297230996 0.00017390839259251307 0.017467847351679288 -0.0046968532422370819 -0.00047241063717240185 -0.0030568424338072568 -0.00088505278369227925 0.0027086604647510726 0.0056217813974922181 -0.0049177463413074898
leaf_weight=28848 29 20 21 71 570 91 44 20 38 20 34 22 21 25 41 27 39 25 46 23 52 38 38 20 22 34 46 44 65 30
leaf_count=28848 29 20 21 71 570 91 44 20 38 20 34 22 21 25 41 27 39 25 46 23 52 38 38 20 22 34 46 44 65 30
internal_value=-0.000192029 -0.0027226 -0.00311867 -0.00374972 -0.00524033 -0.00627571 -0.000555144 -0.00119976 -0.00319675 -0.00473701 0.00342231 -0.00367005 0.0012285 -0.00831486 0.00044603 -0.00440529 0.000757248 0.00831793 0.00782414 0.00793651 -0.00164572 -0.00429352 -0.00832408 -0.0065182 -0.00519143 -0.000489716 0.00440529 0.000651607 0.00440658 -0.0143954
internal_weight=30464 1616 1531 1310 820 705 135 490 344 306 146 286 112 45 112 68 221 54 67 44 167 128 90 174 154 102 68 115 85 52
internal_count=30464 1616 1531 1310 820 705 135 490 344 306 146 286 112 45 112 68 221 54 67 44 167 128 90 174 154 102 68 115 85 52
cat_boundaries=0 1 2 3
cat_threshold=233984 394 8388688
is_linear=0
shrinkage=0.05


Tree=213
num_leaves=31
num_cat=2
split_feature=27 31 16 12 35 33 33 40 53 2 41 48 41 16 12 51 37 36 2 53 36 37 17 1 42 35 35 33 32 53
split_gain=5.56233 2.56162 2.28719 2.28026 2.06548 1.92889 1.55826 2.49122 2.60486 2.0283 1.91617 1.86572 1.52814 3.16291 2.06417 1.965 1.93091 1.93062 2.22302 1.89176 1.6687 1.79034 1.99015 2.52961 2.12323 1.51443 1.49438 2.16834 1.48397 1.39913
threshold=1.5506717518813398 1.2083045973594582 0 -0.81997176292477703 17.230453117574136 0.47842333648025653 0.79302515022468123 57.500000000000007 -1.9500000000000008 1.5500000000000003 20.450000000000003 79.500000000000014 7.7500000000000009 1 0.21293867525431665 0.90000000000000036 0.47287640906637524 0.32315787095631049 1.0000000180025095e-35 1.7999999999999998 -0.20211927372851737 0.76377188768740967 34.870850000000011 0.25000000000000006 0.15000000000000005 23.106034641620091 10.790937791605295 0.36204065448696338 1010.0833333333335 8.6500000000000039
decision_type=2 2 9 2 2 2 2 10 10 10 10 8 10 9 2 8 2 2 8 10 2 2 2 2 10 2 2 2 2 10
left_child=-1 12 3 -3 5 -5 9 8 -8 29 11 -9 15 20 17 19 -16 18 -15 26 -14 22 24 -24 -22 -17 27 -2 -25 -4
right_child=1 2 6 4 -6 -7 7 10 -10 -11 -12 -13 13 14 16 25 -18 -19 -20 -21 21 -23 23 28 -26 -27 -28 -29 -30 -31
leaf_value=-1.3997426464246177e-05 0.0032687507061196332 -0.0025445480560591042 0.00017215734192983084 -0.00097233215287405306 -0.00065463255830287565 0.013376531970788611 0.01275873638044402 -0.0077900405658261132 -0.0038325878389056864 0.018117791069208279 0.0013357484593279291 -0.0012726088314425088 0.0062417926011646202 -0.0028877974428782845 -0.0032740303563787796 -0.0028908052038348177 6.6698328506443338e-05 0.00034461012023100925 -0.00064663814560429267 0.0061637858438425954 -0.0051122729308094948 -0.0043906972877370831 0.016380148396199619 0.047458806916311491 0.00016717394084959648 -0.0015082431858527868 -0.0011103581195930294 -0.0024617488385727591 -0.010529169439664008 -0.00093737021243748284
leaf_weight=28848 33 29 465 35 33 39 23 40 46 31 22 20 76 24 74 103 22 47 94 20 23 21 30 20 21 23 82 38 22 60
leaf_count=28848 33 29 465 35 33 39 23 40 46 31 22 20 76 24 74 103 22 47 94 20 23 21 30 20 21 23 82 38 22 60
internal_value=-0.000208442 -0.00306293 -0.00115645 -0.00684463 -0.00396825 0.000674764 3.48626e-05 -0.00446724 0.00253256 0.00125877 -0.0103532 -0.014975 -0.00514164 -0.00337482 -0.00691627 -0.00794049 -0.0130073 -0.00378558 -0.00719729 -0.00447718 0.00123263 -0.00200584 0.000430663 0.00554785 -0.00793651 -0.0126883 -0.00636839 -0.00105485 -0.0023753 0.00052371
internal_weight=30464 1616 843 136 107 74 707 151 69 556 82 60 773 474 261 299 96 165 118 173 213 137 116 72 44 126 153 71 42 525
internal_count=30464 1616 843 136 107 74 707 151 69 556 82 60 773 474 261 299 96 165 118 173 213 137 116 72 44 126 153 71 42 525
cat_boundaries=0 1 2
cat_threshold=4458528 8520240
is_linear=0
shrinkage=0.05


Tree=214
num_leaves=31
num_cat=2
split_feature=27 2 16 34 52 10 26 47 36 43 29 34 49 33 9 5 48 10 40 35 24 39 48 48 4 28 9 16 38 47
split_gain=4.38294 2.01917 1.76367 2.38186 2.2014 1.72808 2.26348 1.63794 1.62451 1.64968 2.15465 1.51909 1.6343 1.61333 1.6146 1.48955 1.47786 1.44456 2.26435 2.12782 2.06198 1.64525 1.55896 1.4479 1.72688 1.48369 1.31663 1.71352 1.8297 1.95378
threshold=1.5506717518813398 3.0500000000000003 0 62.166666666666679 14.500000000000002 -0.9159756150367534 3.2333333333333338 16.050000000000004 0.16660679201995385 21.050000000000004 11.827454938333657 99.166666666666671 7.5000000000000009 0.44999999999996027 14.500000000000002 0.34496731711975953 60.500000000000007 -0.37940952255126059 45.500000000000007 13.920406390161796 12.574013718309089 28.750000000000004 68.500000000000014 56.500000000000007 0.31666666666666671 72.166666666666671 16.500000000000004 1 0.75000000000005695 2.0500000000000003
decision_type=2 10 9 2 10 2 2 10 2 10 2 2 10 2 2 2 10 2 10 2 2 10 10 10 2 2 2 9 10 10
left_child=-1 2 5 -4 26 8 -7 -3 9 -2 -11 12 13 14 -8 -13 -10 18 19 -14 22 23 -19 24 -20 -25 27 28 29 -5
right_child=1 7 3 4 -6 6 11 -9 16 10 -12 15 17 -15 -16 -17 -18 20 21 -21 -22 -23 -24 25 -26 -27 -28 -29 -30 -31
leaf_value=-1.3297555141034147e-05 0.0075838858926854831 -0.0040753353110326573 4.7882007690446682e-05 -0.0010354900203603031 -0.0036935371795052798 0.0050325030354254792 -0.0023388844835486671 0.067432522559620137 0.00044668829471997687 -0.00032209737288998731 0.023360719985107373 -0.0045895573745625782 0.012255344843392019 0.0071091489281544075 0.037191526980124706 -0.0019214637508141313 -0.0038381985402097794 0.0034420800852701149 -0.00058256095224472413 -0.0026824132659482472 -0.005517756137388502 -0.0051598975474581553 -0.00069046111076481731 -0.0013839467682608909 -0.017191877551863327 0.00028897532670509041 -0.0014308367528426459 -0.0011677140651390027 -0.0040295813391443063 0.0014279699368718981
leaf_weight=28848 28 22 164 50 104 29 41 24 29 37 30 27 29 65 25 27 24 60 34 27 22 22 37 26 26 36 153 193 31 194
leaf_count=28848 28 22 164 50 104 29 41 24 29 37 30 27 29 65 25 27 24 60 34 27 22 22 37 26 26 36 153 193 31 194
internal_value=-0.000188747 -0.0027226 -0.00302529 -0.0044767 -0.00575783 -0.00104905 -0.00239167 0.00759219 0.00371371 0.00762355 0.0033532 -0.00317397 -0.00222173 0.00247902 -0.00302572 -0.0110906 -0.00329567 -0.0041523 -0.00674663 0.00178253 0.000209908 -0.0100625 0.00334706 -0.00778051 -0.0133111 -0.00241546 -0.00462888 -0.00331126 -0.00061382 0.000819336
internal_weight=30464 1616 1570 889 725 681 533 46 148 95 67 504 450 131 66 54 53 319 200 56 119 144 97 122 60 62 621 468 275 244
internal_count=30464 1616 1570 889 725 681 533 46 148 95 67 504 450 131 66 54 53 319 200 56 119 144 97 122 60 62 621 468 275 244
cat_boundaries=0 1 2
cat_threshold=12812870 17831952
is_linear=0
shrinkage=0.05


Tree=215
num_leaves=31
num_cat=1
split_feature=29 16 30 5 49 51 53 31 12 2 38 48 24 24 32 41 35 36 48 51 49 36 47 24 52 47 34 36 44 49
split_gain=2.20654 3.05378 2.50952 2.41736 2.59925 2.13697 2.13202 2.11665 2.05109 1.95021 2.31247 2.05061 1.78339 2.13637 1.7778 1.62579 2.29258 2.52523 2.87234 2.07707 1.61355 1.6284 2.13388 2.16431 1.53462 1.50209 1.50205 1.47984 3.23498 2.46012
threshold=10.692665260751994 0 17.183333333333341 0.70945599899431766 13.850000000000001 -1.2000000000000002 4.7500000000000018 1.4003967129816901 -0.91628314851554105 0.45000000000000007 0.95000000000015927 28.500000000000004 12.775007435042129 11.995563976915793 1012.6166666666668 11.15 34.305812838030896 0.24845132390605004 67.500000000000014 -0.099999999999998743 19.600000000000005 0.16660679201995385 18.950000000000003 9.0095869065352563 -50.499999999999993 15.550000000000002 84.833333333333357 0.81993567269236844 98.500000000000014 13.150000000000002
decision_type=2 9 2 2 10 10 10 2 2 10 10 10 2 2 2 10 2 2 8 10 10 2 10 2 8 10 2 2 10 8
left_child=24 2 3 4 5 7 9 -2 -4 10 11 -3 13 20 -9 -10 17 18 -17 -19 21 22 -13 -24 -1 -11 -12 -26 29 -29
right_child=1 6 8 -5 -6 -7 -8 14 15 25 26 12 -14 -15 -16 16 -18 19 -20 -21 -22 -23 23 -25 27 -27 -28 28 -30 -31
leaf_value=0.01004601250168103 -0.00076676314611048716 0.0061534469874059035 -0.0046056481677495186 0.020523683387860786 -0.00063111983522405883 0.0023288722043255023 -0.0013968555882657525 -0.0043416595470583868 -0.0024334133699359969 -0.0019141233135487269 -0.0024771424437765839 -0.0021197721869220371 0.0028974191912996884 -0.0040642086369838742 0.0053544214718496859 -0.0012072131202418104 0.0040834760896342904 -0.0070891584458955444 0.01159980217370012 -0.0011093283618820505 0.0070902035964744512 -0.00012611389703944543 0.0060392516499696959 -0.0021574174506847825 -5.6074522698457146e-06 -0.011470391209145551 0.0074574683423295042 -0.00025045697153077697 0.0050500773789741108 -0.0014668989577180402
leaf_weight=24 23 38 75 35 126 247 155 20 200 32 21 74 41 30 34 68 26 29 73 53 28 100 21 64 24342 36 25 2967 232 1286
leaf_count=24 23 38 75 35 126 247 155 20 200 32 21 74 41 30 34 68 26 29 73 53 28 100 21 64 24342 36 25 2967 232 1286
internal_value=-0.000266174 -0.00203094 -0.000269846 0.00231911 0.00133304 0.00370256 -0.00462894 -0.0035668 -0.00267125 -0.00313664 -0.00192264 -0.00315577 -0.0043284 -0.0055976 0.00184843 -0.00139167 0.0013047 -0.000336172 0.00372077 -0.00730816 -0.00426681 -0.00549981 -0.00864236 -0.00323149 -0.000163772 -0.0110132 0.00867679 -0.000174315 -0.0010089 -0.00132256
internal_weight=30525 1674 1009 485 450 324 665 77 524 510 442 396 358 317 54 449 249 223 141 82 287 259 159 85 28851 68 46 28827 4485 4253
internal_count=30525 1674 1009 485 450 324 665 77 524 510 442 396 358 317 54 449 249 223 141 82 287 259 159 85 28851 68 46 28827 4485 4253
cat_boundaries=0 1
cat_threshold=58753620
is_linear=0
shrinkage=0.05


Tree=216
num_leaves=31
num_cat=2
split_feature=27 44 38 46 49 41 51 7 36 28 27 37 16 39 23 35 24 4 24 33 26 14 23 43 12 51 44 53 41 41
split_gain=5.5327 2.37959 1.7471 2.0079 1.54411 2.56261 2.83161 1.54323 1.37796 2.32208 2.75658 2.60505 3.6368 3.20817 2.88971 2.57043 2.55277 2.41594 2.76915 2.40044 2.90426 2.24261 2.47762 2.28342 2.77375 2.13227 2.72721 2.06605 2.04202 2.3349
threshold=1.5506717518813398 98.500000000000014 -2.89999999999992 0.15000000000000005 12.4 11.050000000000002 0.09999999999999977 1.0250000000000001 -0.70811972747828034 96.833333333333357 0.049999999999999885 0.29716439918001469 0 5.9500000000000011 6.5067153032353717 1.0000000180025095e-35 7.4533708228093891 0.78333333333333355 8.7768270386294898 0.15000000000000571 27.183333333333341 1 2.8552354988624695 8.6500000000000004 -0.17927415433127133 -0.79999999999999927 81.500000000000014 -9.0499999999999972 20.450000000000003 9.1500000000000021
decision_type=2 8 8 10 8 10 10 2 2 2 2 2 9 10 2 2 2 2 2 2 2 1 2 10 2 10 10 10 10 10
left_child=8 2 7 -4 -5 -6 -7 -2 9 10 -1 -12 13 -13 21 -15 -11 19 -19 -17 27 22 23 24 -14 26 -25 -21 29 -29
right_child=1 -3 3 4 5 6 -8 -9 -10 16 11 12 14 15 -16 17 -18 18 -20 20 -22 -23 -24 25 -26 -27 -28 28 -30 -31
leaf_value=0.0018259670694236786 -0.00029388837400357026 0.0041526659541123306 -0.0007314904051399382 0.001838328923708782 -0.0028904739577853031 0.011318160944166412 -0.0045723695809782028 0.012543565725053864 2.0595134506269653e-05 -0.00014054799426204689 -6.9830788962753351e-05 0.00161736795763755 -0.0034694805822812454 -0.0015711869047645101 -0.0029955692639696387 0.0050176857225004857 -0.013135695872198899 -0.0035671880292978686 0.02323851781220836 0.0035765248596179829 0.0070721956167555007 -0.0022312328516250965 -0.0023571168427967445 0.008545890619087896 0.0023530311293785467 0.024140615227159691 -0.0092937362548543671 -0.00028949237286313297 0.018406976612550415 -0.0047053038495377744
leaf_weight=181 37 47 1231 127 46 33 39 39 23594 47 3837 60 28 21 90 56 45 20 52 24 36 419 125 26 29 73 20 34 27 82
leaf_count=181 37 47 1231 127 46 33 39 39 23594 47 3837 60 28 21 90 56 45 20 52 24 36 419 125 26 29 73 20 34 27 82
internal_value=-0.000248156 -0.00311113 -0.00344694 -0.00382765 0.000305998 -0.00381033 0.00208044 0.00394218 -8.98842e-05 -0.000815814 -0.000677468 -0.000894428 -0.00290484 0.000947643 -0.00481649 -0.000852031 -0.00868621 0.000226518 0.00832178 -0.00202624 -0.00455441 -0.00381891 -0.0004018 0.00340716 -0.00481611 0.00734677 -0.0010846 -0.00733094 -0.00960867 -0.0124892
internal_weight=30525 1599 1552 1476 245 118 72 76 28926 5332 5240 5059 1222 412 810 352 92 331 72 259 203 720 301 176 57 119 46 167 143 116
internal_count=30525 1599 1552 1476 245 118 72 76 28926 5332 5240 5059 1222 412 810 352 92 331 72 259 203 720 301 176 57 119 46 167 143 116
cat_boundaries=0 1 2
cat_threshold=26771492 5316
is_linear=0
shrinkage=0.05


Tree=217
num_leaves=31
num_cat=3
split_feature=27 49 42 52 45 14 10 9 52 50 39 35 53 36 3 43 37 16 14 11 49 43 43 34 9 29 26 11 34 13
split_gain=4.82545 1.73474 2.05266 2.15004 1.7639 2.41957 2.12199 2.08015 2.26828 2.08675 2.63475 1.66164 1.49266 1.47611 2.19346 1.99942 1.97705 2.45285 4.65569 3.20094 2.87815 2.77763 3.32515 2.63031 2.54204 2.34556 3.11819 2.35479 2.24694 2.70363
threshold=1.5506717518813398 7.3000000000000016 0.95000000000000007 25.500000000000004 10.250000000000002 0 -0.9159756150367534 19.500000000000004 16.500000000000004 1.0000000180025095e-35 26.050000000000004 30.503414918196736 11.250000000000004 -0.70811972747828034 1.8500000000000003 16.950000000000003 0.020350321995342226 1 2 0.25881904510252057 9.1500000000000021 5.9500000000000011 26.750000000000004 53.833333333333336 18.500000000000004 3.9293061504650382 15.858333333333336 -0.78656609248549325 50.166666666666679 -0.8572830456751136
decision_type=2 10 8 8 10 1 2 2 10 10 10 2 10 2 2 10 2 9 1 2 10 8 10 2 2 2 2 2 2 2
left_child=13 2 3 11 5 7 -6 8 9 10 -3 12 -2 14 16 -16 17 18 20 21 -1 -20 24 -19 -23 27 -27 -22 29 -18
right_child=1 4 -4 -5 6 -7 -8 -9 -10 -11 -12 -13 -14 -15 15 -17 28 23 19 -21 25 22 -24 -25 -26 26 -28 -29 -30 -31
leaf_value=-0.00078717837211662867 -0.00041292468242138601 0.010802597942495563 -0.0041199568659113592 0.006853162846507623 0.00095420667443879559 -0.0020814254848577382 -0.00054874423154618608 -0.0010498642942330537 -0.0052688155691737546 -0.0016146335622872446 -0.00015005932533422169 0.014868550164261685 0.013265628215418082 1.9565377780956379e-05 -0.013894786558132088 -0.0011281596478579126 -0.0027292547189393698 0.0015082141950996553 0.0026093781641601341 -0.0030450222365418556 -0.00215109920087716 -0.0024608823427251462 0.010236160176857162 0.00013792179760553221 0.0041083404391831736 0.0093065309640606008 -0.0027994065549685008 0.003065115085257278 -0.00037943354064226418 -0.00020898601660442051
leaf_weight=229 332 38 32 22 118 333 544 21 24 34 40 39 22 23594 100 93 50 233 100 295 22 282 49 1522 26 100 23 75 1994 139
leaf_count=229 332 38 32 22 118 333 544 21 24 34 40 39 22 23594 100 93 50 233 100 295 22 282 49 1522 26 100 23 75 1994 139
internal_value=-0.000249794 -0.00292352 -0.00027958 0.000662491 -0.00394931 -0.00622322 -0.00226552 -0.000748055 0.00146951 0.0044603 0.00896287 -0.000190791 -0.00127083 -0.000101984 -0.000853322 -0.00608493 -0.00065673 0.000186056 -0.00154818 -0.00393649 0.00245045 -0.00136732 -0.00343041 0.00137386 -0.0053554 0.00658791 0.0111698 0.0007724 -0.0017979 -0.00700687
internal_weight=30525 1599 447 415 1152 490 662 157 136 112 78 393 354 28926 5332 193 5139 2956 1201 752 449 457 357 1755 308 220 123 97 2183 189
internal_count=30525 1599 447 415 1152 490 662 157 136 112 78 393 354 28926 5332 193 5139 2956 1201 752 449 457 357 1755 308 220 123 97 2183 189
cat_boundaries=0 1 2 3
cat_threshold=282 21676098 2140
is_linear=0
shrinkage=0.05


Tree=218
num_leaves=31
num_cat=2
split_feature=27 43 35 14 33 16 11 36 36 49 45 51 1 1 12 43 47 11 15 54 12 36 29 7 4 40 30 9 24 40
split_gain=5.28127 1.58153 1.60634 2.53445 2.09631 1.84988 2.50464 1.78477 1.69604 2.40711 1.80105 1.67371 1.69329 1.64859 1.98143 1.60077 2.855 2.30287 2.67865 1.77822 1.52789 1.5246 1.9015 1.52022 1.81531 2.18328 1.50243 1.95131 1.80245 1.81616
threshold=1.5506717518813398 -5.8499999999999988 7.0197853469904805 0 0.049999999999982954 1 -0.60355339059327384 -0.85953564974876262 -0.16160320674877895 9.5500000000000025 22.250000000000004 2.5000000000000018 0.35000000000000003 0.45000000000000007 0.60019216940316622 29.650000000000002 27.250000000000004 -0.78656609248549325 2022.5000000000002 6.2166666666666659 0.034327600513243663 -0.51159853242278108 13.920406390161796 3.5500000000000003 0.95833333333333337 76.500000000000014 22.81666666666667 4.5000000000000009 5.3615836886612023 63.500000000000007
decision_type=2 10 2 1 2 9 2 2 2 10 10 10 2 2 2 10 10 2 2 2 2 2 2 2 2 10 2 2 2 10
left_child=-1 -2 3 23 -4 6 20 -5 9 13 -11 12 -8 14 21 17 -17 18 -10 -18 -6 22 -7 24 -3 -26 28 -28 29 -9
right_child=1 2 4 7 5 8 11 26 15 10 -12 -13 -14 -15 -16 16 19 -19 -20 -21 -22 -23 -24 -25 25 -27 27 -29 -30 -31
leaf_value=-2.9581220728255173e-05 0.0022380241899064069 0.00014248673523120786 -0.002086112721548372 -0.0026669414011033679 -0.0040741562125737154 -0.00052834779795709328 1.1896711910014401e-05 -0.0021751743294391476 0.0029150718525057296 -0.001763031805774281 0.0037792616241099143 0.036420759828332205 0.084888782349802974 0.024812253725415932 -0.0014299344416161099 0.0083103531616087866 -0.0071590874952932836 -0.0013356886267602175 -0.0021011069454090177 0.00023199827500520743 0.0021924871318425077 0.0050762644287229864 0.0053114670355528196 0.030774383073689505 -0.018450030677704756 -0.00025158610222074661 -0.0038117523790770105 0.018531018658263804 -0.0023206862052623091 0.0038062915368233838
leaf_weight=28926 30 140 24 29 53 51 95 24 37 162 22 30 28 20 20 25 28 225 30 28 35 48 23 20 21 22 20 25 252 32
leaf_count=28926 30 140 24 29 53 51 95 24 37 162 22 30 28 20 20 25 28 225 30 28 35 48 23 20 21 22 20 25 252 32
internal_value=-0.000251432 -0.00304859 -0.0032662 -0.00534097 -0.00203231 -0.00166649 0.0020908 -0.00765111 -0.00291455 -0.000433401 -0.00434546 0.0060418 0.00345248 0.00400987 0.00211119 -0.00529349 0.000924784 -0.00701814 0.00111773 -0.00534759 -0.0045403 0.0045045 0 -0.000586579 -0.00204806 -0.0110209 -0.00686774 0.00166297 -0.00811425 0
internal_weight=30525 1599 1569 585 984 960 241 382 719 346 184 153 123 162 142 373 81 292 67 56 88 122 74 203 183 43 353 45 308 56
internal_count=30525 1599 1569 585 984 960 241 382 719 346 184 153 123 162 142 373 81 292 67 56 88 122 74 203 183 43 353 45 308 56
cat_boundaries=0 1 2
cat_threshold=4610 25199104
is_linear=0
shrinkage=0.05


Tree=219
num_leaves=31
num_cat=0
split_feature=27 43 2 44 45 51 52 31 37 34 36 4 48 37 43 3 29 35 41 52 3 33 31 41 19 12 45 36 52 13
split_gain=4.86099 1.54691 1.49651 1.52056 1.58782 1.92765 1.64479 2.36651 3.506 1.58648 1.63456 2.60279 2.40167 2.31606 2.22041 2.50272 2.14799 2.81789 1.93263 2.16304 1.68017 2.29862 1.87534 1.60041 1.49694 1.39268 1.37963 1.33612 2.2357 1.97347
threshold=1.5506717518813398 -5.8499999999999988 3.4500000000000006 98.500000000000014 10.600000000000003 3.3000000000000003 -6.4999999999999991 0.89938250421546984 -0.065474512555560485 34.166666666666679 0.58457144887540058 0.058333333333333341 77.500000000000014 -0.90288230575465211 14.550000000000002 0.25000000000000006 12.238369799572661 5.4682510717166828 19.600000000000005 1.5000000000000002 0.15000000000000005 0.19428090415819368 1.3000000000000007 11.050000000000002 38.500000000000007 -0.034327600513243302 14.200000000000001 -0.70811972747828034 27.500000000000004 -0.99698079756684088
decision_type=2 10 10 10 10 10 10 2 2 2 2 2 10 2 10 2 2 2 10 10 2 2 2 10 2 2 10 2 8 2
left_child=27 -2 3 4 5 6 7 8 -3 -6 12 -12 13 26 15 -14 17 -13 20 -20 21 -15 25 -23 -7 -22 -11 28 29 -1
right_child=1 2 -4 -5 9 24 -8 -9 -10 10 11 16 14 18 -16 -17 -18 -19 19 -21 22 23 -24 -25 -26 -27 -28 -29 -30 -31
leaf_value=0.0062598433601898712 0.0021261229804110855 0.0024912000971506645 0.021823848699823047 0.0081589029760980383 -0.00088265721843924858 -0.0052153488432287662 -0.0016300186390938763 0.0012586356652323771 -0.0040172661374590097 -0.00051788406685121524 0.00034926174320153299 -0.0010046138320181281 -0.0013176534473999621 0.009853307309723041 0.0053003636446462971 0.0097612395967709049 0.012039679164961348 -0.0069426694739358813 -0.0021396622047996994 2.1527881821872819e-05 -0.0011387462989587594 -0.0016426231153095383 0.0002249195460055975 0.0015321156941678349 -0.00093058664818338886 -0.0043315925052866853 -0.0044611846900224766 2.0066169928321249e-05 -0.0012772181700734866 -0.00013451891664169671
leaf_weight=133 30 27 36 40 52 24 456 89 26 29 33 62 36 25 93 37 28 49 30 29 33 45 89 55 69 39 38 23594 291 4908
leaf_count=133 30 27 36 40 52 24 456 89 26 29 33 62 36 25 93 37 28 49 30 29 33 45 89 55 69 39 38 23594 291 4908
internal_value=-0.000239966 -0.00292352 -0.00313874 -0.00337551 -0.00363338 -0.00538996 -0.0043471 0.000351865 -0.00800377 -0.00211944 -0.00153313 -0.00581058 -0.000259471 -0.00230527 0.00481638 -0.00170999 -0.00880661 -0.0119262 -0.000651985 -0.00888325 0.00104858 0.00539568 -0.00232775 0.001998 -0.0120838 -0.00832178 -0.0108048 -9.16128e-05 -0.000806436 -0.000560394
internal_weight=30525 1599 1569 1533 1493 691 598 142 53 802 750 172 578 412 166 73 139 111 345 59 286 125 161 100 93 72 67 28926 5332 5041
internal_count=30525 1599 1569 1533 1493 691 598 142 53 802 750 172 578 412 166 73 139 111 345 59 286 125 161 100 93 72 67 28926 5332 5041
is_linear=0
shrinkage=0.05


Tree=220
num_leaves=31
num_cat=0
split_feature=27 31 12 38 31 11 39 38 29 24 4 43 52 37 2 32 31 9 51 39 42 43 37 18 42 50 12 4 35 31
split_gain=3.70412 1.94284 2.99517 2.59253 2.69432 2.22251 2.27868 2.35264 2.18878 2.13495 2.04398 1.86273 1.94682 2.02211 2.15793 1.82607 1.72403 2.48275 2.236 2.28491 2.00278 1.66181 1.7415 1.88161 2.02648 1.73541 1.63989 1.66626 1.59886 1.85089
threshold=1.5506717518813398 1.0821769237770085 0.55822315702467162 -1.6999999999998747 1.4981468200377777 -0.37940952255126015 1.2500000000000002 0.80000000000001148 10.306365808897757 14.739341457351211 0.15833333333333335 32.750000000000007 6.5000000000000009 0.40813092595951156 0.24000000000000005 1009.3416666666668 0.28284271247461901 4.5000000000000009 -3.1499999999999999 21.750000000000004 1.0000000180025095e-35 7.1500000000000012 -0.8873792130083239 14.860880000000002 0.15000000000000005 0.15000000000000005 -0.93568234840038322 0.24166666666666672 6.5743120962686392 0.67410026183557614
decision_type=2 2 2 10 2 2 10 10 2 2 2 10 10 2 8 2 2 2 8 10 10 8 2 2 10 8 2 2 2 2
left_child=-1 2 16 4 -3 9 -7 8 -8 26 -9 12 13 14 -10 -6 -2 20 19 -19 -18 -20 -23 -24 25 -25 27 -5 -4 -30
right_child=1 3 28 5 15 6 7 10 11 -11 -12 -13 -14 -15 -16 -17 17 18 21 -21 -22 22 23 24 -26 -27 -28 -29 29 -31
leaf_value=-2.3971381102069063e-05 0.0015868512196268491 0.0092854243298549129 -0.0035453599649664241 -0.0025184091316860727 -0.0013267337550059864 0.0037950124673187067 -0.0028726743389063921 0.0095234427137767617 -0.0014469741581924489 0.014658624692503114 -0.0057669120849417419 -0.0053786009512450002 0.00054985748677663371 -0.0023975489552350176 0.00017692886787039967 0.0018068914297876453 0.0059125001936180619 -0.00033287536520356726 -0.0053493910658455107 0.038738734032072633 -0.00029559043010662093 -0.0038046484937280817 0.00016851443184986853 -0.0015866927900368062 -0.012536185916844626 0.0080244620111656374 2.0896519176298589e-05 -0.00019558458610820229 0.00052521533315179889 -0.0036742300291674524
leaf_weight=29032 96 58 67 21 70 40 91 21 34 40 34 27 46 36 70 88 45 20 27 22 23 36 84 107 21 26 278 20 35 33
leaf_count=29032 96 58 67 21 70 40 91 21 34 40 34 27 46 36 70 88 45 20 27 22 23 36 84 107 21 26 278 20 35 33
internal_value=-0.000207191 -0.00253697 -0.00467217 -0.00112925 0.00370199 -0.00250627 -0.00507392 -0.00633528 -0.00805656 0.000348092 0.00317604 -0.00527921 -0.00349275 -0.00642398 -0.00288184 0.000316256 -0.0029087 -0.00431768 -0.0060478 0.00475059 0.00440529 -0.00755563 -0.00638453 -0.0048299 -0.00811162 -0.00582269 -0.00101849 -0.0103406 -0.0112879 -0.00587372
internal_weight=30648 1616 642 974 216 758 399 359 304 359 55 213 186 140 104 158 507 411 343 42 68 301 274 238 154 133 319 41 135 68
internal_count=30648 1616 642 974 216 758 399 359 304 359 55 213 186 140 104 158 507 411 343 42 68 301 274 238 154 133 319 41 135 68
is_linear=0
shrinkage=0.05


Tree=221
num_leaves=31
num_cat=0
split_feature=27 2 9 12 28 52 12 52 2 32 33 28 51 43 51 51 53 35 51 4 36 33 37 9 19 51 33 53 35 44
split_gain=4.49859 1.69781 1.62795 1.363 2.61793 2.80787 2.49522 2.03968 1.99727 2.08556 1.85499 1.68349 2.01364 1.65407 1.59731 1.58754 1.48186 2.46306 2.61712 2.0901 2.40255 2.71471 1.86368 1.68923 2.54578 1.69555 1.50518 2.08971 1.47532 2.00808
threshold=1.5506717518813398 3.1500000000000008 13.500000000000002 0.19613531578169985 63.583333333333336 10.500000000000002 0.07717261907891422 22.500000000000004 1.0000000180025095e-35 1015.7166666666668 0.64903703492038523 95.166666666666671 5.5000000000000027 27.950000000000003 6.0500000000000007 -2.1999999999999997 -1.8 10.219800694778788 0.50000000000000044 1.0166666666666671 0.48288961753131837 0.32998316455369775 0.91321361213657404 16.500000000000004 138.00000000000003 0.89999999999999913 0.34999999999999437 7.4000000000000021 6.5743120962686392 51.500000000000007
decision_type=2 10 2 2 2 10 2 10 8 2 2 2 10 10 10 10 10 2 10 2 2 2 2 2 2 10 2 10 2 10
left_child=-1 3 -3 6 5 10 8 14 9 13 -5 12 16 15 28 -2 17 19 -19 20 21 -10 23 25 -25 -18 -27 -28 29 -6
right_child=1 2 -4 4 7 -7 -8 -9 11 -11 -12 -13 -14 -15 -16 -17 22 18 -20 -21 -22 -23 -24 24 -26 26 27 -29 -30 -31
leaf_value=-2.2772812046964466e-05 0.00034341390787301921 0.05007957782146371 -0.0039155791017004031 0.00071210353532995133 -0.0079835865772959098 0.0033425372173079976 0.0063154265018039836 -0.0059266751515629134 0.0013254396090576382 0.00065565918651930288 -0.0035974894269864585 0.0037769309654297647 -0.0062772892909788366 -0.0024889293744209603 0.0046852041915218887 -0.0016677410983565984 -0.00038163146033763922 0.0007171037555197213 0.014388044291187403 -0.019059452760883468 0.0031449902099818143 -0.0028112990160209269 -0.0017436283756225538 -0.0027263819272686065 0.0065659407755344623 -0.00060040705525965868 0.016459679043544572 -0.00015164427588669206 -0.00082469608312405742 -0.0013576437004263989
leaf_weight=29032 25 20 22 50 22 21 45 34 33 58 41 23 20 46 22 115 201 89 54 27 28 52 24 105 29 50 54 31 167 108
leaf_count=29032 25 20 22 50 22 21 45 34 33 58 41 23 20 46 22 115 201 89 54 27 28 52 24 105 29 50 54 31 167 108
internal_value=-0.000216979 -0.00278448 0.00712589 -0.00304936 -0.00532144 0.00133809 -0.00209629 -0.00743415 -0.00258434 -0.00655469 -0.00246981 -0.00140227 -0.00178773 -0.00913487 -0.00618928 -0.00642398 -0.00138335 0.00150124 0.00611461 -0.00321199 -0.000221043 -0.00440658 -0.00303582 -0.00233993 -0.00708427 -0.000446296 0.00388601 0.00793184 -0.00715247 -0.0111453
internal_weight=30648 1616 42 1574 465 112 1109 353 1064 244 91 820 797 186 319 140 777 283 143 140 113 85 494 470 134 336 135 85 297 130
internal_count=30648 1616 42 1574 465 112 1109 353 1064 244 91 820 797 186 319 140 777 283 143 140 113 85 494 470 134 336 135 85 297 130
is_linear=0
shrinkage=0.05


Tree=222
num_leaves=31
num_cat=1
split_feature=27 2 9 43 46 34 14 45 52 23 5 45 3 52 26 47 34 36 34 29 13 43 40 30 41 27 52 44 33 5
split_gain=3.74052 1.61411 1.62795 1.47323 1.4817 1.33577 2.59539 2.83006 2.63164 2.46379 2.43226 2.21156 2.03828 2.02172 1.70847 1.70317 1.61946 2.95404 2.50763 1.73567 1.88641 2.04501 2.37246 1.61674 1.76881 1.5096 1.666 1.99233 1.55676 1.41517
threshold=1.5506717518813398 3.1500000000000008 13.500000000000002 -5.8499999999999988 11.850000000000001 93.166666666666671 0 4.5000000000000009 3.5000000000000004 1.5043489140985626 0.050000000000000162 13.150000000000002 1.0000000180025095e-35 8.5000000000000018 12.71666666666667 32.95000000000001 87.583333333333357 0.1982687154174046 85.166666666666671 8.7685485557772349 0.085727341951035305 22.550000000000004 76.500000000000014 22.366666666666671 5.4500000000000011 1.6515985179909802 -10.499999999999998 43.500000000000007 0.40276819911986833 0.21075257835628067
decision_type=2 10 2 10 8 2 1 10 10 2 2 10 2 10 2 10 2 2 2 2 2 10 10 2 10 2 10 10 2 2
left_child=-1 3 -3 -2 5 15 7 -7 9 11 12 -9 -8 -10 -15 16 18 25 19 20 21 22 -5 24 -12 -18 -27 -28 -29 -20
right_child=1 2 -4 4 -6 6 10 8 13 -11 23 -13 -14 14 -16 -17 17 -19 29 -21 -22 -23 -24 -25 -26 26 27 28 -30 -31
leaf_value=-2.1634171444615686e-05 0.0028279063148804241 0.047575598930390518 -0.0037198001466153818 0.007946623102073112 -0.0016401836691264833 0.0060864831824423461 -0.0012863091652166592 -0.0021428333065073297 0.0078575502225415733 -0.0024525963994520895 -0.00038615543974070967 0.001271236249522112 0.0041921593997635035 -0.006413423814439244 0.0011947788346643702 0.0041608693691597143 0.0056802090221431019 -0.0011069133674768397 -0.0027639315624216607 -9.2133280788656019e-05 -0.0028908995768530095 -0.0013543203206238955 -0.00099684128193888526 -0.0012820583880878145 -0.0045961977414489099 0.030122542850380452 0.0092852135257775522 0.00076407739662483773 -0.0022481466830305899 -0.0036322958283582065
leaf_weight=29032 23 20 22 32 22 30 34 20 36 72 28 31 23 22 40 37 38 86 46 523 59 40 24 31 138 21 21 32 32 33
leaf_count=29032 23 20 22 32 22 30 34 20 36 72 28 31 23 22 40 37 38 86 46 523 59 40 24 31 138 21 21 32 32 33
internal_value=-0.000195771 -0.00253697 0.00712589 -0.00279525 -0.00298175 -0.00279576 -0.00490002 -0.00105324 -0.00305292 -0.00792039 -0.00833018 0.000489237 0.000437828 0.0030581 -0.00241546 -0.00175764 -0.00215277 0.00152108 -0.00326905 -0.0022858 -0.00693101 -0.00260146 0.00356506 -0.0112887 -0.013245 0.00589868 0.00282752 -0.000293772 -0.00468019 -0.0116941
internal_weight=30648 1616 42 1574 1551 1529 505 251 221 123 254 51 57 98 62 1024 987 230 757 678 155 96 56 197 166 144 106 85 64 79
internal_count=30648 1616 42 1574 1551 1529 505 251 221 123 254 51 57 98 62 1024 987 230 757 678 155 96 56 197 166 144 106 85 64 79
cat_boundaries=0 1
cat_threshold=6658
is_linear=0
shrinkage=0.05


Tree=223
num_leaves=31
num_cat=1
split_feature=27 9 38 27 38 33 33 44 37 23 23 16 44 38 30 24 4 45 2 47 51 9 27 49 1 51 53 53 40 18
split_gain=4.22896 1.32549 2.34175 2.2203 2.08115 1.99854 2.52695 1.70867 1.67143 2.1004 2.73576 1.88095 1.73119 1.56283 1.99116 1.47849 2.06471 2.32661 2.39946 2.44277 2.02116 1.7728 1.71974 1.46463 1.44502 1.87334 1.40084 2.32417 1.96559 1.52991
threshold=1.5506717518813398 18.500000000000004 1.0000000180025095e-35 1.693779468788333 1.8666666666667313 0.55577773335110592 0.33993463423957032 74.500000000000014 0.97084095955797012 2.3401778770280859 1.7589452727016701 0 93.500000000000014 0.33333333333342813 11.916666666666668 9.2183454137220426 1.1166666666666669 16.400000000000002 3.0500000000000003 30.550000000000004 0.10000000000000099 3.5000000000000004 2.2000000000000011 16.400000000000002 0.15000000000000005 -1.0999999999999959 3.649999999999999 1.0499999999999992 90.500000000000014 18.489315000000001
decision_type=2 2 8 2 8 2 2 10 2 2 2 9 10 10 2 2 2 10 8 10 10 2 2 10 2 10 10 10 10 2
left_child=-1 4 23 -4 8 6 -5 -7 9 10 26 -11 13 15 -15 22 17 21 20 -20 -19 -17 24 -3 25 -13 27 28 -2 -28
right_child=1 2 3 5 -6 7 -8 -9 -10 11 -12 12 -14 14 -16 16 -18 18 19 -21 -22 -23 -24 -25 -26 -27 29 -29 -30 -31
leaf_value=-2.0552462872384243e-05 0.00027542367048036254 -0.0015484340482845916 -0.0015419445472291335 3.3579795456148424e-05 -0.0031794020300547204 -0.0014164582326420443 0.048386903068285053 0.0014064598955992186 0.006363549159482818 0.00016709990870288213 -0.0026133875698988898 -0.00025684342754301177 0.009413959716398905 -0.0036442258310020767 0.0049173347825923613 -0.0042440340504895802 -0.020871173027600678 -0.0012630880584900439 0.030517712276554382 -0.00010506259115481421 0.0025213909671190043 -0.0013580021134567328 -0.00079167856367414336 2.5401463491837168e-05 -0.00094730887689541967 0.0034988964289983937 -0.00027614160344414663 0.0058345234794735636 -0.0037327535394416234 -0.0016736038614421135
leaf_weight=29032 69 126 42 34 36 21 25 20 30 333 55 20 29 21 74 26 33 40 22 21 27 264 22 30 20 47 29 35 30 35
leaf_count=29032 69 126 42 34 36 21 25 20 30 333 55 20 29 21 74 26 33 40 22 21 27 264 22 30 20 47 29 35 30 35
internal_value=-0.000202296 -0.00269167 -0.00570278 -0.00105559 -0.00201047 0.002997 0.00888325 -0.00547445 -0.00167694 -0.00195671 -0.00602529 -0.000925833 -0.00244047 -0.0030215 0.00289169 -0.00405829 -0.00536828 -0.00437391 0.00181653 0.0110209 -0.00409836 -0.00672182 0.00114574 -0.00992953 0.0043054 0.00782414 -0.00328117 -0.000372856 -0.0042886 -0.00936037
internal_weight=30648 1616 298 142 1318 100 59 41 1282 1252 253 999 666 637 95 542 433 400 110 43 67 290 109 156 87 67 198 134 99 64
internal_count=30648 1616 298 142 1318 100 59 41 1282 1252 253 999 666 637 95 542 433 400 110 43 67 290 109 156 87 67 198 134 99 64
cat_boundaries=0 1
cat_threshold=16960004
is_linear=0
shrinkage=0.05


Tree=224
num_leaves=31
num_cat=1
split_feature=27 35 24 53 14 36 32 6 33 51 1 37 12 31 38 31 51 27 3 29 47 33 52 45 48 6 2 6 48 27
split_gain=4.5387 1.32961 2.16704 3.04332 2.2809 2.2587 2.10706 2.32584 1.94341 1.88976 1.87451 1.56643 2.49196 1.87087 1.74045 1.59223 1.26911 1.25782 1.1992 2.8359 2.45567 2.36517 1.79844 1.59524 1.62445 1.83718 1.74323 1.53481 1.47965 2.74066
threshold=1.5506717518813398 6.9880749227427259 5.3615836886612023 6.8500000000000014 0 0.46597219294817316 1019.6166666666668 0.45000000000000007 0.57251797889280509 3.4000000000000017 1.5250000000000001 -0.23416128443363729 -0.45473838294431457 0.79302515022468856 -1.1499999999999202 0.89938250421546984 0.90000000000000135 1.7008166012066823 4.3500000000000005 4.9440812476641245 7.7500000000000009 0.74087035902975951 7.5000000000000009 3.6500000000000008 60.500000000000007 2.7500000000000004 3.9500000000000006 3.5500000000000003 82.500000000000014 0.30000000000000054
decision_type=2 2 2 10 1 2 2 2 2 8 2 2 2 2 10 2 10 2 2 2 10 2 10 10 10 2 10 2 10 2
left_child=18 2 3 9 5 8 7 11 -4 17 -9 13 16 -6 -15 -14 -13 -2 27 20 -20 23 -23 -22 25 -25 28 -1 -26 -30
right_child=1 -3 4 -5 6 -7 -8 10 -10 -11 -12 12 15 14 -16 -17 -18 -19 19 -21 21 22 -24 24 26 -27 -28 -29 29 -31
leaf_value=-1.5173474255658627e-05 0.00085635476903154139 -0.00022022976213924018 -0.0023482263824510688 -0.0016640221953468663 0.00015215464016459513 -0.0026572816794897258 -0.0036304352698712963 0.025004887606556295 8.0637978715963898e-05 0.0012706183502676077 -0.00232250822848932 0.023338245740247534 -0.0044449358631582737 6.103242430471057e-05 -0.0033636209446279335 -0.00072786586926768546 -0.00020237515485962423 -0.00017803274001016792 -0.019164539640649882 -0.019123269916536706 -0.034519215222948853 0.1283399413786642 0.0077457853782980646 -0.018350498285044269 0.017859345807274937 0.042153136757783927 -0.021241065851472941 0.067567701829973972 -0.030547363642379567 0.020033858575703768
leaf_weight=28591 34 1021 59 36 31 36 23 22 30 24 24 26 22 21 80 33 28 66 33 41 32 22 35 43 100 20 29 32 20 34
leaf_count=28591 34 1021 59 36 31 36 23 22 30 24 24 26 22 21 80 33 28 66 33 41 32 22 35 43 100 20 29 32 20 34
internal_value=-0.000205559 -0.00278448 -0.00466308 0.000312305 -0.00649276 -0.0120281 -0.00374883 -0.00269941 -0.00869809 0.00402901 0.00759219 -0.00466611 -0.000229148 -0.00832702 -0.0116222 -0.00771325 0.00739372 0.000999001 -6.20003e-05 -0.00274994 -0.00135833 -7.46046e-05 0.0091944 -0.00197771 -0.000609508 -0.00752773 0.00177499 -2.35824e-05 0.00389358 -0.00277264
internal_weight=30648 1616 595 160 435 125 310 287 89 124 46 241 109 132 101 55 54 100 29032 409 368 335 57 278 246 63 183 28623 154 54
internal_count=30648 1616 595 160 435 125 310 287 89 124 46 241 109 132 101 55 54 100 29032 409 368 335 57 278 246 63 183 28623 154 54
cat_boundaries=0 1
cat_threshold=3092
is_linear=0
shrinkage=0.05


Tree=225
num_leaves=31
num_cat=3
split_feature=27 16 47 14 45 31 52 36 12 43 39 35 31 34 2 48 49 48 33 33 36 49 33 44 24 53 36 40 40 16
split_gain=3.74491 1.46397 1.64987 1.61321 2.17953 1.95222 2.34731 2.49021 2.21671 2.13794 3.03083 2.12931 1.909 2.1332 1.80842 1.72954 1.60253 1.74817 1.93982 2.93978 4.30167 1.93706 1.76994 2.05253 1.64693 1.44786 1.44616 1.42813 1.66227 3.13886
threshold=1.5506717518813398 0 32.95000000000001 1 16.800000000000001 1.0821769237770085 -18.499999999999996 -0.12166258757123914 -0.45473838294431457 27.750000000000004 29.050000000000004 8.0069384267237709 0.79302515022468856 82.166666666666671 3.0500000000000003 85.500000000000014 21.050000000000001 95.500000000000014 0.6500000000000058 0.41096093353126945 -0.58460764026683132 14.600000000000003 0.33993463423949971 73.500000000000014 12.775007435042129 1.1000000000000005 0.017478051632639744 98.500000000000014 91.500000000000014 2
decision_type=2 9 8 1 10 2 10 2 2 10 10 2 2 2 8 10 10 8 2 2 2 10 2 10 2 10 2 10 8 9
left_child=27 2 -2 16 5 6 -5 8 -8 11 -11 15 13 -9 -6 26 17 18 19 20 -3 -21 23 -22 -20 -26 -7 28 -1 -30
right_child=1 3 -4 4 14 9 7 12 -10 10 -12 -13 -14 -15 -16 -17 -18 -19 24 21 22 -23 -24 -25 25 -27 -28 -29 29 -31
leaf_value=-7.5906627239194505e-05 -0.00068427498010832925 -0.0019584857666233497 0.0046862213802222634 -0.0046970861036712275 -3.172954295588282e-06 -0.00035105839063469539 0.0062117961334587973 -0.0037466561860637366 -0.0010887817828521245 -0.0046334854280987324 -0.0009480472136264074 0.0014959349817811884 -0.0043052522005466885 -8.1903657725518342e-05 0.032340092450578763 0.013283812449252169 -0.0027390391676574062 -0.0039438190428080526 -0.0012997852367115205 0.014988349261892532 0.013251000669588642 2.1267544047166853e-05 -0.0015658687498051995 -0.00014545270411744083 -0.00070578160585257281 0.049172147444418772 -0.0027733468993806744 -0.00045070935298730522 0.00098525838080993776 -7.2877079275149312e-05
leaf_weight=21961 594 28 24 23 52 35 45 30 36 21 43 114 42 54 29 23 25 36 52 59 53 23 33 24 24 22 39 1445 2460 3135
leaf_count=21961 594 28 24 23 52 35 45 30 36 21 43 114 42 54 29 23 25 36 52 59 53 23 33 24 24 22 39 1445 2460 3135
internal_value=-0.000205989 -0.00257406 -0.00445789 -0.00130756 -0.00293575 -0.00420709 -0.00760539 -0.00591502 0.000924784 -0.00136314 -0.00936037 0.00106585 -0.0103093 -0.0059453 0.00462392 -0.00437693 0.00122077 0.00211805 0.00330085 0.00590641 0.00144823 0.0133983 0.00590372 0.0100519 -0.00254842 0.00433839 -0.00809717 -7.67212e-05 3.62896e-06 0.000772998
internal_weight=30584 1583 618 965 586 505 230 207 81 275 64 211 126 84 81 97 379 354 318 220 138 82 110 77 98 46 74 29001 27556 5595
internal_count=30584 1583 618 965 586 505 230 207 81 275 64 211 126 84 81 97 379 354 318 220 138 82 110 77 98 46 74 29001 27556 5595
cat_boundaries=0 1 2 3
cat_threshold=39084130 362 64094308
is_linear=0
shrinkage=0.05


Tree=226
num_leaves=31
num_cat=3
split_feature=27 16 26 23 54 30 45 14 38 24 29 29 32 33 46 39 5 33 53 16 52 38 39 11 24 10 29 48 1 43
split_gain=4.31259 2.83998 1.84593 1.63011 2.5702 1.70996 1.91087 1.63827 2.80249 2.02074 2.00948 1.72655 1.55291 1.43621 3.0101 2.1599 1.43574 2.0792 2.63742 2.49703 2.5085 2.23421 5.0469 2.37772 2.60311 2.37908 2.13535 2.29878 2.51644 2.23058
threshold=1.5506717518813398 0 30.858333333333338 8.8480427605092196 8.2416666666666707 11.016666666666667 8.8000000000000025 1 0.13333333333349631 11.395950373576857 11.065443558032262 9.4816898555261329 1012.1583333333334 1.1953614051360664 0.25000000000000006 27.050000000000004 1.3707251403810272 0.3299831645537456 -11.049999999999997 2 22.500000000000004 -0.33333333333331433 13.850000000000003 -0.70710678118654757 14.246692910326651 0.60355339059327384 2.9056810222284128 88.500000000000014 7.4500000000000011 26.950000000000003
decision_type=2 9 2 2 2 2 10 1 10 2 2 2 2 2 10 10 2 2 8 9 8 10 10 2 2 2 2 8 2 10
left_child=16 3 -3 4 7 -5 -7 10 9 11 12 -9 -2 14 15 -11 -1 18 -18 26 21 22 -21 -23 25 -25 27 28 -19 -28
right_child=1 2 -4 5 -6 6 -8 8 -10 13 -12 -13 -14 -15 -16 -17 17 19 -20 20 -22 23 -24 24 -26 -27 29 -29 -30 -31
leaf_value=-2.2930853845082312e-06 0.033297193670912238 -0.0006562181615472507 0.0039812906160870193 0.0077936518796156012 0.018158294558777301 -0.0069316235214534373 -0.00050310301658444689 0.00011419714868184939 -0.0035480233411147935 -0.0024335623330424038 -0.00014209426967325966 0.0016881738539822515 0.00020585468885448918 -0.0062596944357797895 0.017726562269103609 0.00015117055143558378 0.05145190167543498 -0.0080370125279827787 -0.0078530610091698434 -0.015200660079472095 0.02514702247572469 -0.023073085019939661 0.038328957874886105 0.025791813068430525 -0.0084660352584561404 -0.0049586491548306967 0.0031103815479392146 -0.018387505833328589 0.046114201434620236 -0.0068022501426470983
leaf_weight=27837 30 1049 23 21 46 22 80 57 54 26 53 23 28 21 21 29 23 94 412 57 47 35 154 43 50 30 102 45 22 50
leaf_count=27837 30 1049 23 21 46 22 80 57 54 26 53 23 28 21 21 29 23 94 412 57 47 35 154 43 50 30 102 45 22 50
internal_value=-0.000222338 -0.00276357 -0.00420479 0.000335828 0.00193249 -0.004671 -0.00734574 0.000438468 -0.00197014 0.000988142 0.00516102 0.00686642 0.0120482 -0.003862 -0.00065703 -0.00680581 -8.36175e-05 -0.00180397 -0.00453919 -0.000171444 0.00234687 0.00101598 0.00438181 -0.00347881 -0.000203087 0.00581395 -0.00348189 -0.00760397 -0.00387597 0.000657462
internal_weight=30584 1583 1072 511 388 123 102 342 231 177 111 80 58 97 76 55 29001 1164 435 729 416 369 211 158 123 73 313 161 116 152
internal_count=30584 1583 1072 511 388 123 102 342 231 177 111 80 58 97 76 55 29001 1164 435 729 416 369 211 158 123 73 313 161 116 152
cat_boundaries=0 1 2 3
cat_threshold=8557060 802 38142502
is_linear=0
shrinkage=0.05


end of trees

feature_importances:
city_id=566
aux_pressure_msl_hpa_mean=283
month=258
ensemble_mean=256
pressure_tendency_3h_hpa=238
aux_wind_dir_sin_mean=221
aux_dew_point_c_std=214
aux_temp_c_std=198
obs_lag_168h_temp_c=188
aux_wind_dir_cos_mean=186
obs_lag_24h_humidity_pct=183
doy_cos=175
src_icon_seamless=174
obs_diff_24h_temp_c=171
aux_cloud_cover_pct_mean=170
aux_pressure_msl_hpa_std=160
obs_diff_24h_wind_speed_kmh=153
obs_lag_168h_wind_speed_kmh=152
doy_sin=142
obs_lag_24h_temp_c=142
obs_lag_48h_temp_c=136
obs_lag_168h_humidity_pct=132
obs_lag_48h_humidity_pct=131
obs_diff_24h_humidity_pct=131
aux_cloud_cover_pct_std=130
aux_humidity_pct_std=125
specific_humidity_gkg=118
aux_temp_c_mean=116
obs_lag_24h_wind_speed_kmh=112
obs_lag_48h_wind_speed_kmh=112
ensemble_std=98
ensemble_min=98
src_jma_seamless=97
hour_cos=95
obs_lag_24h_precip_mm=93
lead_hours=90
aux_humidity_pct_mean=89
aux_dew_point_c_mean=87
hour_sin=86
saturation_distance_c=85
src_gfs_global=72
obs_lag_48h_precip_mm=68
td_margin=68
ensemble_max=59
obs_lag_168h_precip_mm=50
saturation_deficit_pct=26
lon=25
elevation_m=19
lat=14
year=6
abs_lat=5
lcl_height_m=5
ensemble_n=2

parameters:
[boosting: gbdt]
[objective: quantile]
[metric: quantile]
[tree_learner: serial]
[device_type: cpu]
[data_sample_strategy: bagging]
[data: ]
[valid: ]
[num_iterations: 2000]
[learning_rate: 0.05]
[num_leaves: 31]
[num_threads: 0]
[seed: 0]
[deterministic: 0]
[force_col_wise: 1]
[force_row_wise: 0]
[histogram_pool_size: -1]
[max_depth: -1]
[min_data_in_leaf: 20]
[min_sum_hessian_in_leaf: 0.001]
[bagging_fraction: 0.9]
[pos_bagging_fraction: 1]
[neg_bagging_fraction: 1]
[bagging_freq: 5]
[bagging_seed: 3]
[bagging_by_query: 0]
[feature_fraction: 0.9]
[feature_fraction_bynode: 1]
[feature_fraction_seed: 2]
[extra_trees: 0]
[extra_seed: 6]
[early_stopping_round: 0]
[early_stopping_min_delta: 0]
[first_metric_only: 0]
[max_delta_step: 0]
[lambda_l1: 0]
[lambda_l2: 0.1]
[linear_lambda: 0]
[min_gain_to_split: 0]
[drop_rate: 0.1]
[max_drop: 50]
[skip_drop: 0.5]
[xgboost_dart_mode: 0]
[uniform_drop: 0]
[drop_seed: 4]
[top_rate: 0.2]
[other_rate: 0.1]
[min_data_per_group: 100]
[max_cat_threshold: 32]
[cat_l2: 10]
[cat_smooth: 10]
[max_cat_to_onehot: 4]
[top_k: 20]
[monotone_constraints: ]
[monotone_constraints_method: basic]
[monotone_penalty: 0]
[feature_contri: ]
[forcedsplits_filename: ]
[refit_decay_rate: 0.9]
[cegb_tradeoff: 1]
[cegb_penalty_split: 0]
[cegb_penalty_feature_lazy: ]
[cegb_penalty_feature_coupled: ]
[path_smooth: 0]
[interaction_constraints: ]
[verbosity: -1]
[saved_feature_importance_type: 0]
[use_quantized_grad: 0]
[num_grad_quant_bins: 4]
[quant_train_renew_leaf: 0]
[stochastic_rounding: 1]
[linear_tree: 0]
[max_bin: 255]
[max_bin_by_feature: ]
[min_data_in_bin: 3]
[bin_construct_sample_cnt: 200000]
[data_random_seed: 1]
[is_enable_sparse: 1]
[enable_bundle: 1]
[use_missing: 1]
[zero_as_missing: 0]
[feature_pre_filter: 1]
[pre_partition: 0]
[two_round: 0]
[header: 0]
[label_column: ]
[weight_column: ]
[group_column: ]
[ignore_column: ]
[categorical_feature: 14,16,21,22]
[forcedbins_filename: ]
[precise_float_parser: 0]
[parser_config_file: ]
[objective_seed: 5]
[num_class: 1]
[is_unbalance: 0]
[scale_pos_weight: 1]
[sigmoid: 1]
[boost_from_average: 1]
[reg_sqrt: 0]
[alpha: 0.5]
[fair_c: 1]
[poisson_max_delta_step: 0.7]
[tweedie_variance_power: 1.5]
[lambdarank_truncation_level: 30]
[lambdarank_norm: 1]
[label_gain: ]
[lambdarank_position_bias_regularization: 0]
[eval_at: ]
[multi_error_top_k: 1]
[auc_mu_weights: ]
[num_machines: 1]
[local_listen_port: 12400]
[time_out: 120]
[machine_list_filename: ]
[machines: ]
[gpu_platform_id: -1]
[gpu_device_id: -1]
[gpu_use_dp: 0]
[num_gpu: 1]

end of parameters

pandas_categorical:[]
