tree
version=v4
num_class=1
num_tree_per_iteration=1
label_index=0
max_feature_idx=55
objective=quantile
feature_names=src_ecmwf_ifs025 src_gfs_global src_icon_seamless src_jma_seamless ensemble_mean ensemble_std ensemble_min ensemble_max ensemble_n lead_hours hour_sin hour_cos doy_sin doy_cos month year city_id lat lon elevation_m abs_lat hemisphere_ns climate_band saturation_distance_c specific_humidity_gkg lcl_height_m aux_temp_c_mean aux_temp_c_std aux_humidity_pct_mean aux_humidity_pct_std aux_dew_point_c_mean aux_dew_point_c_std aux_pressure_msl_hpa_mean aux_pressure_msl_hpa_std aux_cloud_cover_pct_mean aux_cloud_cover_pct_std aux_wind_dir_sin_mean aux_wind_dir_cos_mean pressure_tendency_3h_hpa obs_lag_24h_temp_c obs_lag_24h_humidity_pct obs_lag_24h_wind_speed_kmh obs_lag_24h_precip_mm obs_lag_48h_temp_c obs_lag_48h_humidity_pct obs_lag_48h_wind_speed_kmh obs_lag_48h_precip_mm obs_lag_168h_temp_c obs_lag_168h_humidity_pct obs_lag_168h_wind_speed_kmh obs_lag_168h_precip_mm obs_diff_24h_temp_c obs_diff_24h_humidity_pct obs_diff_24h_wind_speed_kmh td_margin saturation_deficit_pct
feature_infos=none [0:41.200000000000003] [0:50.299999999999997] [0:30.600000000000001] [0:24.850000000000001] [0:21.546229368499723] [0:16.699999999999999] [0:50.299999999999997] [2:3] [0:23] [-1:1] [-1:1] [-0.9999631612477099:0.9999631612477099] [-1:0.99985264770502691] -1:12:11:1:10:9:8:3:4:6:7:2:5 [2022:2023] -1:25:11:24:6:4:16:23:2:9:5:18:14:15:20:12:1:19:17:22:13 [-33.867849999999997:60.169899999999998] [-123.11933999999999:151.20732000000001] [5:758] [1.3521000000000001:60.169899999999998] -1:1:0 -1:2:0:1:3 [-2.2204460492503131e-16:24.45940565496614] [0.84496632529770521:21.249666033676032] [-2.7755575615628914e-14:3057.4257068707675] [-11.333333333333334:39.099999999999994] [0:4.7932823363072989] [22:100] [0:26.5] [-19.099999999999998:25.899999999999999] [0:6.535203813875194] [961.54999999999995:1041.0666666666666] [0:2.7341462205880158] [0:100.33333333333333] [0:50] [-1:1] [-1:1] [-16.166666666666742:12] [-17.199999999999999:40.200000000000003] [9:100] [0:72] [0:31] [-16.399999999999999:42] [10:100] [0:86.400000000000006] [0:41] [-15.9:42.399999999999999] [9:100] [0:72] [0:31] [-17.199999999999999:14.199999999999999] [-65:74] [-50.399999999999999:54] [0:24.899999999999999] [0:78]
tree_sizes=2698 2854 2868 2864 2864 2851 2825 2864 2834 2872 2862 2870 2850 2857 2862 2861 2879 2851 2865 2886 2883 2878 2934 2882 2887 2873 2847 2872 2890 2894 2925 2916 2902 2872 2871 2893 2871 2875 2891 2917 2877 2914 2917 2910 2932 2886 2934 2905 2890 2896 2906 2906 2907 2895 2928 2881 2859 2908 2926 2938 2925 2858 2898 2913 2915 2883 2906 2882 2893 2900 2900 2911 2884 2896 2932 2889 2883 2932 2880 2918 2924 2937 2910 2899 2925 2916 2911 2934 2908 2907 2885 2829 2849 2938 2899 2872 2867 2877 2903 2883 2914 2943 2889 2913 2915 2924 2915 2903 2874 2890 2917 2932 2897 2899 2910 2880 2852 2890 2946 2896 2948 2903 2945 2879 2902 2884 2890 2922 2945 2916 2863 2909 2911 2918 2930 2929 2902 2914 2895 2910 2918 2918 2924 2882 2937 2930 2909 2864

Tree=0
num_leaves=31
num_cat=3
split_feature=4 24 4 4 7 17 16 4 6 4 16 4 28 16 2 12 53 38 9 40 48 46 2 17 12 12 52 40 32 32
split_gain=242.451 47.0026 33.7688 27.2138 14.2695 10.5591 7.26686 5.80031 5.06195 4.57067 4.12047 3.84126 3.67546 3.62178 3.29047 3.09442 3.06416 3.3603 3.11418 3.01268 3.97179 2.94332 2.92738 3.42731 2.8389 2.81263 2.70688 2.8 2.70166 2.66664
threshold=1.9416666666666671 8.3032318618065464 3.1416666666666671 0.44166666666666676 1.7500000000000002 34.870850000000011 0 0.94166666666666687 1.4500000000000002 2.4583333333333339 1 0.14166666666666669 85.416666666666671 2 1.9500000000000002 -0.3925595026791337 -3.5999999999999956 -2.2000000000001019 20.500000000000004 89.500000000000014 83.500000000000014 1.1500000000000001 2.3500000000000001 48.652590000000011 -0.17927415433127133 -0.9852642654427487 5.5000000000000009 66.500000000000014 1010.3416666666668 1011.4166666666669
decision_type=2 2 2 2 2 2 9 2 2 2 9 2 2 9 10 2 10 10 2 10 10 8 8 2 2 2 8 10 2 2
left_child=1 4 6 11 -1 26 9 -5 12 15 -9 -3 -7 -6 19 -2 -11 -18 -19 20 -10 -13 23 -15 -24 -23 27 -4 -8 -14
right_child=2 3 5 7 13 8 28 10 14 16 -12 21 29 22 -16 -17 17 18 -20 -21 -22 25 24 -25 -26 -27 -28 -29 -30 -31
leaf_value=2.2499999523162844 2.4349999547004701 2.2649999558925629 2.5149999499320983 2.3349999547004701 2.2849999547004698 2.3274999409914017 2.3924998992681963 2.3849999547004699 2.6444999371767666 2.4334999474287118 2.3549999594688416 2.2949999570846558 2.6349999547004699 2.3569999318123109 2.6084999200104564 2.3749999523162844 2.3999999582767257 2.4284999045133246 2.4479999537467934 2.7849999547004698 2.3859999468326634 2.4989999327659689 2.3734999164342936 2.2899999499320982 2.3349999547004701 2.35999995470047 2.3379999370575093 2.4789998946189824 2.3369999020100125 2.3799999594688415
leaf_weight=12880 185 4519 25 3334 463 28 406 804 92 74 1559 3667 129 217 244 264 51 152 22 65 30 25 102 442 198 273 63 49 214 32
leaf_count=12880 185 4519 25 3334 463 28 406 804 92 74 1559 3667 129 217 244 264 51 152 22 65 30 25 102 442 198 273 63 49 214 32
internal_value=2.29995 2.29874 2.31625 2.30078 2.29672 2.32472 2.31156 2.30345 2.3275 2.31492 2.30535 2.29898 2.32065 2.30147 2.33049 2.31192 2.31991 2.31699 2.31367 2.32547 2.3208 2.30012 2.3032 2.30137 2.30733 2.3049 2.31214 2.31862 2.30714 2.32356
internal_weight=30608 28483 2125 14181 14302 757 1368 5697 620 748 2363 8484 189 1422 431 449 299 225 174 187 122 3965 959 659 300 298 137 74 620 161
internal_count=30608 28483 2125 14181 14302 757 1368 5697 620 748 2363 8484 189 1422 431 449 299 225 174 187 122 3965 959 659 300 298 137 74 620 161
cat_boundaries=0 1 2 3
cat_threshold=16865840 21432834 712806
is_linear=0
shrinkage=1


Tree=1
num_leaves=31
num_cat=3
split_feature=4 24 4 4 4 16 17 2 6 4 23 4 16 4 2 35 32 45 29 31 16 2 38 47 6 42 41 12 4 39
split_gain=215.532 45.3903 34.8221 21.3712 12.904 9.39124 8.19808 5.42469 5.04015 4.78347 3.30633 3.16431 3.15305 3.13568 2.98775 3.97252 2.94861 3.35251 2.93302 2.81685 2.70855 2.63675 2.58305 2.53187 2.48612 2.44066 2.61945 2.41291 2.74535 3.0347
threshold=1.7833333333333337 8.510656671547407 3.2416666666666676 0.38000000000000006 0.98333333333333361 0 34.870850000000011 2.4500000000000006 1.3500000000000003 0.94166666666666687 2.510695154504536 0.14166666666666669 1 2.4583333333333339 2.1500000000000008 3.2829089846240636 1001.7833333333335 3.8500000000000005 2.7265482080417307 2.3560784263478975 2 1.4500000000000002 0.26666666666670841 15.450000000000001 5.1500000000000012 2.7500000000000004 9.3500000000000032 -0.43167285247378373 2.1416666666666671 10.350000000000003
decision_type=2 2 2 2 2 9 2 8 2 2 2 2 9 2 10 2 2 10 2 2 9 10 10 10 2 10 10 2 2 10
left_child=1 4 5 11 20 7 -4 23 10 19 -8 -3 -11 27 -6 -16 -10 -18 -17 -5 -1 -7 -23 -2 -19 -14 -27 28 29 -9
right_child=2 3 6 9 14 21 8 13 16 12 -12 -13 25 -15 15 18 17 24 -20 -21 -22 22 -24 -25 -26 26 -28 -29 -30 -31
leaf_value=-0.032499996423721325 0.032757467362912594 -0.033249996602535248 0.1340999869346757 0.0332500022649765 0.00050000011920929848 0.030375005036590186 0.29674997353550792 0.10324998795986402 0.3220349740970504 0.080750002264976514 -0.016375011354685397 0.0052500069141387939 0.042250004410743718 0.17289497993359559 0.00074999070167479874 0.12086498628973191 0.17489496169449711 0.28457500366568644 0.05092499659657207 0.41324985444545748 -0.062499997615814221 0.12037501457333336 0.015484971927396913 0.073249969124786679 0.59104492673039677 -0.0032500166892972973 0.19524995458125716 0.071249999999999994 0.22024999368192311 0.13824996411799417
leaf_weight=4305 262 4374 129 3821 1676 311 132 21 138 706 21 3227 1322 255 111 29 32 231 54 32 8383 347 97 130 25 20 32 230 69 86
leaf_count=4305 262 4374 129 3821 1676 311 132 21 138 706 21 3227 1322 255 111 29 32 231 54 32 8383 347 97 130 25 20 32 230 69 86
internal_value=3.78973e-05 -0.00121778 0.0140575 0.000866698 -0.00315563 0.0103755 0.0234571 0.0134371 0.0259972 0.00311557 0.0181907 -0.000888688 0.00504783 0.0163288 0.000721885 0.00659454 0.0287961 0.0258938 0.0148616 0.00207236 -0.00372712 0.00584891 0.00839901 0.00890079 0.0278016 0.00356188 0.0142035 0.0135927 0.0180011 0.0230159
internal_weight=30608 28092 2516 13534 14558 1808 708 1053 579 5933 153 7601 2080 661 1870 194 426 288 83 3853 12688 755 444 392 256 1374 52 406 176 107
internal_count=30608 28092 2516 13534 14558 1808 708 1053 579 5933 153 7601 2080 661 1870 194 426 288 83 3853 12688 755 444 392 256 1374 52 406 176 107
cat_boundaries=0 1 2 3
cat_threshold=17635888 21430850 21367296
is_linear=0
shrinkage=0.05


Tree=2
num_leaves=31
num_cat=4
split_feature=4 24 4 4 4 16 16 12 16 36 36 23 32 12 2 32 32 3 46 2 4 37 35 27 39 39 28 2 14 26
split_gain=178.991 42.2461 32.0918 21.8978 10.2288 9.7051 7.81264 5.12087 4.14309 4.13218 4.02519 4.11013 4.00048 3.75617 3.75473 3.4235 3.40622 3.03485 4.30389 3.00389 2.98239 2.73622 2.64478 3.05835 2.4175 2.8477 2.41271 2.64083 3.02576 3.502
threshold=1.7416666666666669 8.3032318618065464 3.1166666666666671 0.44166666666666676 0.94166666666666687 0 1 -0.37671401544963062 2 0.95737713103399058 -0.32296664140693099 0.30496688342842942 1001.3416666666668 -0.99760647975412031 2.3500000000000001 1016.3166666666668 1014.6166666666668 0.25000000000000006 1.2500000000000002 2.4500000000000006 1.2833333333333337 -0.90288230575465211 3.711722196251515 0.40824829046386318 22.550000000000004 8.6500000000000004 67.833333333333357 1.1500000000000001 3 28.716666666666672
decision_type=2 2 2 2 2 9 9 2 9 2 2 2 2 2 10 2 2 2 8 8 2 2 2 2 10 10 2 8 1 2
left_child=1 4 6 16 -1 9 7 19 13 10 -4 -12 -7 -5 -6 20 17 -3 -19 24 -15 -22 -16 -24 25 -2 -10 28 29 -28
right_child=2 3 5 8 14 12 -8 -9 26 -11 11 -13 -14 15 22 -17 -18 18 -20 -21 21 -23 23 -25 -26 -27 27 -29 -30 -31
leaf_value=-0.049374995350837718 0.037632201243156416 -0.020012499392032625 0.30829344584937779 0.35366237643361093 -0.0025249952375888899 0.15047324551947497 0.049356254307923522 0.068808146729838759 0.12258738699557251 0.25350969233232801 0.21097323920137057 0.30448781776082373 0.11456608001576121 0.061587497383356095 0.011787492364632991 -0.023412499040365221 -0.041587499156594279 0.014987497031688691 0.12975742803392973 0.16512749749541189 -0.010787504404776983 0.12671250215172769 0.09562155349026645 0.072680548432502795 0.14582746267408847 0.019587495522791987 0.016587504535913466 0.040137504190206522 -0.023412499040365221 0.25058744445444087
leaf_weight=12173 39 4476 103 57 1771 54 744 655 164 26 20 339 222 1241 70 161 1958 1896 154 285 56 287 20 35 23 101 530 2057 808 83
leaf_count=12173 39 4476 103 57 1771 54 744 655 164 26 20 339 222 1241 70 161 1958 1896 154 285 56 287 20 35 23 101 530 2057 808 83
internal_value=-9.44206e-05 -0.0012621 0.0124258 0.000689971 -0.00319459 0.0210444 0.00885983 0.0115309 0.00316489 0.0254166 0.0270288 0.0295322 0.0119539 0.00512665 0.000221506 0.00474185 -0.000898152 -0.000349368 0.00124384 0.0157554 0.00544789 0.00957447 0.00859312 0.0167877 0.0103311 0.00785153 0.00217409 0.00190046 0.000242768 0.00286471
internal_weight=30608 27997 2611 13928 14069 764 1847 1103 5444 488 462 359 276 1802 1896 1745 8484 6526 2050 448 1584 343 125 55 163 140 3642 3478 1421 613
internal_count=30608 27997 2611 13928 14069 764 1847 1103 5444 488 462 359 276 1802 1896 1745 8484 6526 2050 448 1584 343 125 55 163 140 3642 3478 1421 613
cat_boundaries=0 1 2 3 4
cat_threshold=17832020 21305904 22217286 7176
is_linear=0
shrinkage=0.05


Tree=3
num_leaves=31
num_cat=6
split_feature=4 24 4 4 6 16 4 16 2 4 24 6 16 4 26 32 15 51 6 50 16 52 48 16 46 37 29 16 32 12
split_gain=153.118 39.3776 27.4183 19.4779 9.46957 8.22372 7.9604 5.04236 4.5571 4.41862 3.92876 3.93907 3.74224 3.59061 3.71423 3.43374 2.9231 2.87406 2.84853 2.78785 2.67181 3.00704 2.713 2.6608 2.40504 2.3225 2.47534 2.30698 2.43184 2.27485
threshold=1.716666666666667 7.8387104342264502 2.5416666666666674 0.44166666666666676 4.8500000000000005 0 1.041666666666667 1 2.5500000000000003 0.8416666666666669 4.9406255182608421 1.1500000000000001 2 0.041666666666666678 18.458333333333339 1012.3833333333336 2022.5000000000002 4.2000000000000028 3.5500000000000003 2.9500000000000006 3 -23.499999999999996 85.500000000000014 4 2.1500000000000008 -0.36834659982255186 4.5230302828309767 5 1016.8166666666668 -0.91628314851554105
decision_type=2 2 2 2 2 9 2 9 8 2 2 2 9 2 2 2 2 8 2 10 9 8 8 9 10 2 2 9 2 2
left_child=1 6 7 13 5 10 23 8 -2 27 -4 -12 -11 -3 -15 17 -13 18 -7 24 21 -16 -22 -1 -14 -23 -27 28 -5 -17
right_child=2 3 4 9 -6 15 -8 -9 -10 12 11 16 19 14 20 29 -18 -19 -20 -21 22 25 -24 -25 -26 26 -28 -29 -30 -31
leaf_value=-0.03340624802708627 0.035854687064497077 -0.045586875379085547 0.013749069276952464 0.061483035956326773 0.3396632588417639 0.14205493237995132 0.0026012497559189775 0.031388437300992923 0.088047064434540551 0.073633127282559885 0.34210059784706309 0.3370303858096998 0.024908064310246659 -0.028733958032999753 0.12888881551177281 0.40561665399938507 0.24112184075512469 0.035531726706651549 0.30594958016702017 0.2044203810732908 -0.014508186439722107 -0.0063844070906233161 0.031638062587476479 -0.05690624796748163 0.11613059226422751 -0.0065869020819423032 0.083378088331818104 0.0095806221738457664 -0.032930333567048865 0.034676002377787986
leaf_weight=4248 396 2471 34 854 64 304 1379 621 455 1233 158 187 1408 2208 59 22 219 45 21 42 2421 473 879 7441 67 213 353 2058 126 149
leaf_count=4248 396 2471 34 854 64 304 1379 621 455 1233 158 187 1408 2208 59 22 219 45 21 42 2421 473 879 7441 67 213 353 2058 126 149
internal_value=-0.000166297 -0.00126069 0.0112613 0.000499491 0.0168606 0.0158063 -0.00326291 0.00668433 0.0091685 0.00276602 0.0199967 0.021326 0.00421803 -0.000945788 -0.000337568 0.0106061 0.023935 0.0135099 0.0151492 0.0024982 0.000502489 0.00262612 -0.000211475 -0.00368677 0.0021524 0.00202579 0.00418654 0.00145156 0.003434 0.00493863
internal_weight=30608 27933 2675 14865 1203 1139 13068 1472 851 5788 598 564 2750 9077 6606 541 406 370 325 1517 4398 1098 3300 11689 1475 1039 566 3038 980 171
internal_count=30608 27933 2675 14865 1203 1139 13068 1472 851 5788 598 564 2750 9077 6606 541 406 370 325 1517 4398 1098 3300 11689 1475 1039 566 3038 980 171
cat_boundaries=0 1 2 3 4 5 6
cat_threshold=16848976 18160176 22350406 9355776 21367328 9503254
is_linear=0
shrinkage=0.05


Tree=4
num_leaves=31
num_cat=4
split_feature=7 24 7 3 38 7 42 16 2 16 16 3 16 1 12 28 2 27 9 12 12 10 34 12 42 41 36 1 24 17
split_gain=121.52 35.7819 20.6185 13.6922 8.57511 6.35948 5.91474 5.36303 6.45314 4.26146 3.96948 3.69638 3.61227 3.46739 3.03857 3.17425 2.8944 2.81329 2.79737 2.78235 2.68138 2.5484 2.51676 3.55915 2.51325 2.47301 2.46886 2.32109 2.3075 2.26995
threshold=2.3500000000000001 8.510656671547407 4.9500000000000011 0.35000000000000003 -2.3166666666666624 0.8500000000000002 2.1500000000000008 0 2.0500000000000003 1 2 1.3500000000000003 3 1.9500000000000002 -0.43167285247378373 95.166666666666671 1.4500000000000002 0.59999999999999998 11.500000000000002 -0.77876393083476048 -0.49998158062385478 0.91597561503675362 91.166666666666671 -0.99863729997741457 0.65000000000000002 31.150000000000002 -0.1036944255787824 0.65000000000000002 13.322922458963957 48.652590000000011
decision_type=2 2 2 2 10 2 10 9 8 9 9 2 9 2 2 2 8 2 2 2 2 2 2 2 10 10 2 2 2 2
left_child=1 5 7 27 13 -1 10 8 29 -7 11 19 22 -4 20 -16 -14 -17 -18 -6 -10 -9 23 -5 -23 -24 -20 -3 -15 -2
right_child=2 3 4 12 6 9 -8 21 14 -11 -12 -13 16 28 15 17 18 -19 26 -21 -22 24 25 -25 -26 -27 -28 -29 -30 -31
leaf_value=-0.051735934433639066 0.047480237173707876 -0.020257530274988424 0.20512260198363952 0.48389589945864397 0.21587960033571446 -0.0013604194918961209 0.58064221918551606 0.034668340187453184 0.12600177533622933 -0.022528812731876971 0.062330158866316869 0.2719527617316792 0.0021382037234139954 0.20449195775127671 0.051063312516858007 0.1127252124381611 0.020848370113816399 0.030344728355318984 0.022101556732819418 0.080999909532767422 0.25806571843832504 0.082193951486162264 0.034352713318597898 0.090189446720065125 0.18908625659071432 0.12269271397330156 0.092636532163709998 0.016816540567349436 0.61649326531459669 -0.00069474186160317229
leaf_weight=9893 374 6420 23 32 29 2329 49 954 404 2016 194 269 1803 115 481 60 1086 34 345 88 26 161 965 624 37 26 426 1115 20 210
leaf_count=9893 374 6420 23 32 29 2329 49 954 404 2016 194 269 1803 115 481 60 1086 34 345 88 26 161 965 624 37 26 426 1115 20 210
internal_value=-0.000279012 -0.00141617 0.00844931 0.000497581 0.0155825 -0.00314227 0.012963 0.00640071 0.00828904 -0.00154772 0.0115497 0.0144408 0.00244295 0.0259962 0.0107701 0.00838984 0.00155309 0.0167906 0.00294276 0.00738685 0.0139502 0.00369159 0.00438416 0.00681298 0.0088844 0.0028201 0.00524575 -0.000872584 0.0290526 0.00416025
internal_weight=30608 27080 3528 12842 787 14238 629 2741 1589 4345 580 386 5307 158 1005 575 3660 94 1857 117 430 1152 1647 656 198 991 771 7535 135 584
internal_count=30608 27080 3528 12842 787 14238 629 2741 1589 4345 580 386 5307 158 1005 575 3660 94 1857 117 430 1152 1647 656 198 991 771 7535 135 584
cat_boundaries=0 1 2 3 4
cat_threshold=18291248 21432880 25368594 26444288
is_linear=0
shrinkage=0.05


Tree=5
num_leaves=31
num_cat=7
split_feature=4 24 4 4 6 32 42 16 14 12 16 42 38 39 16 32 14 4 16 35 4 16 26 48 50 41 2 26 12 31
split_gain=111.135 34.938 19.8178 15.079 8.16002 5.65181 4.49471 4.23298 4.13855 3.8589 3.83876 4.17453 3.80933 3.76448 3.70876 3.63691 3.52441 3.37737 3.36336 3.31706 2.99845 2.98714 2.9302 2.54389 2.30204 2.22544 2.19628 2.15717 2.68336 3.10593
threshold=1.5166666666666671 7.4952561802729507 2.5416666666666674 0.44166666666666676 4.9500000000000011 1010.7583333333333 1.7500000000000002 0 1 -0.99760647975412031 2 0.65000000000000002 -2.4166666666666283 6.6500000000000012 3 1016.3166666666668 4 0.041666666666666678 5 4.4984562605386751 0.58333333333333359 6 17.616666666666671 74.500000000000014 7.1500000000000012 27.200000000000003 2.3500000000000001 8.0416666666666696 0.034327600513243663 1.0252348086881751
decision_type=2 2 2 2 2 2 10 9 1 2 9 10 10 10 9 2 1 2 9 2 2 9 2 10 8 10 10 2 2 2
left_child=1 14 8 17 5 6 12 9 10 23 19 -12 13 -4 20 -11 -7 -3 -19 26 -1 -10 25 -5 -20 -9 -2 -14 29 -29
right_child=2 3 4 7 -6 16 -8 22 21 15 11 -13 27 -15 -16 -17 -18 18 24 -21 -22 -23 -24 -25 -26 -27 -28 28 -30 -31
leaf_value=-0.039149141288235795 0.10948272118841276 -0.042294655096381861 0.058063967526834952 0.48014941995810712 0.43834552921749553 0.17519135596741478 0.61799766261358346 -0.0093346247191403511 0.037035741521209212 0.061453259367359181 0.048503792428518447 0.10944430110033349 -0.0040654934402486386 0.3084885887990243 -0.051474138847425577 -0.022312993075924405 0.0078217262355038657 -0.02914913890405 0.0014407970003921756 0.11158698034185462 -0.0026754554523713515 0.0072987833565253749 0.034469771609525336 0.016959753251554365 0.13308159759991939 0.06229653406567523 0.17251977175416766 0.15697732307977383 0.26557603903238092 0.18644248238781613
leaf_weight=3459 144 2591 55 39 55 245 47 1413 780 1337 344 46 33 122 6897 134 156 2141 4743 180 1562 573 2662 20 86 78 32 286 163 41
leaf_count=3459 144 2591 55 39 55 245 47 1413 780 1337 344 46 33 122 6897 134 156 2141 4743 180 1562 573 2662 20 86 78 32 286 163 41
internal_value=-0.000366662 -0.00141963 0.00829472 0.000165965 0.0134112 0.0125076 0.0150783 0.00220566 0.00536182 0.00444776 0.00835868 0.00462384 0.0140694 0.0204122 -0.0034477 0.00397322 0.00771628 -0.00104643 -0.000473452 0.0122098 -0.0023961 0.00362042 0.00136557 0.0170051 0.000259345 -0.000405742 0.0174333 0.0119193 0.0127525 0.0101345
internal_weight=30464 27162 3302 15244 1203 1148 747 5683 2099 1530 746 390 700 177 11918 1471 401 9561 6970 356 5021 1353 4153 59 4829 1491 176 523 490 327
internal_count=30464 27162 3302 15244 1203 1148 747 5683 2099 1530 746 390 700 177 11918 1471 401 9561 6970 356 5021 1353 4153 59 4829 1491 176 523 490 327
cat_boundaries=0 1 2 3 4 5 6 7
cat_threshold=17891846 1984 17176596 21432832 5702 4814886 9771568
is_linear=0
shrinkage=0.05


Tree=6
num_leaves=31
num_cat=7
split_feature=4 30 4 4 14 38 4 3 4 16 16 40 16 4 26 39 42 16 31 3 45 50 48 16 16 29 2 33 43 37
split_gain=97.1923 28.7242 16.7569 10.8844 6.77804 5.64979 5.38402 4.02388 3.82461 3.45328 3.36547 3.3049 3.12946 3.01673 2.90383 2.74603 2.74068 2.73751 3.28129 2.6845 2.66979 2.4007 2.29447 2.28623 2.24388 2.23357 2.2175 2.5448 3.95297 2.21007
threshold=1.5166666666666671 12.31666666666667 3.6166666666666671 0.44166666666666676 0 -1.8333333333333142 0.8416666666666669 1.7500000000000002 7.5833333333333348 1 2 90.500000000000014 3 0.041666666666666678 19.541666666666671 18.550000000000004 0.65000000000000002 4 0.82865352631040423 4.2500000000000009 5.2000000000000011 1.9500000000000002 66.500000000000014 5 6 5.5288886667555124 2.4500000000000006 0.52808988664221124 21.750000000000004 0.38051738676962321
decision_type=2 2 2 2 1 10 2 2 2 9 9 10 9 2 2 10 10 9 2 2 10 10 10 9 9 2 10 2 10 2
left_child=1 6 4 13 10 8 12 -7 14 -5 26 20 -1 -3 -4 -13 19 18 25 -12 -9 -19 -18 -15 -8 -6 27 -2 -29 -28
right_child=2 3 5 9 17 7 24 11 -10 -11 16 15 -14 23 -16 -17 22 21 -20 -21 -22 -23 -24 -25 -26 -27 29 28 -30 -31
leaf_value=-0.033879795912011373 0.10536062964864078 -0.035179921149469884 0.18142855091793561 0.072726940657729736 0.038060980283267619 0.011749819392712482 0.04075209411720173 -0.081789223108905268 0.54619323100487704 0.025583510779470922 0.061154126858262187 0.092981290922495768 -0.05036078799014243 -0.028184948574614507 0.45829112292318719 0.66678370292898859 0.021819361053454112 0.01442516305938327 0.1061912850647112 0.30512589075475249 0.25179381746871354 0.09977945611161522 0.13928859356992682 0.0067519316274035068 -0.0058532878825560356 -0.0063083453285016954 0.16767492530390085 0.079025352733481893 0.56107723588014979 0.16570606344059227
leaf_weight=7376 323 2099 126 842 761 70 219 22 29 3740 429 36 5341 1183 23 45 31 679 175 25 193 25 33 4380 1982 106 79 33 28 31
leaf_count=7376 323 2099 126 842 761 70 219 22 29 3740 429 36 5341 1183 23 45 31 679 175 25 193 25 33 4380 1982 106 79 33 28 31
internal_value=-0.00035025 -0.00133495 0.00774961 0.000459812 0.00616729 0.0157692 -0.002808 0.0122098 0.0230769 0.00238755 0.00943156 0.0147585 -0.00320317 -0.000693023 0.0198189 0.0233662 0.00626775 0.0041968 0.00583595 0.00502092 0.0115063 0.00172245 0.0160686 -8.35877e-05 -0.000524739 0.00463038 0.012557 0.0110128 0.0203764 0.0190736
internal_weight=30464 27162 3302 12244 2758 544 14918 366 178 4582 1012 296 12717 7662 149 81 518 1746 1042 454 215 704 64 5563 2201 867 494 384 61 110
internal_count=30464 27162 3302 12244 2758 544 14918 366 178 4582 1012 296 12717 7662 149 81 518 1746 1042 454 215 704 64 5563 2201 867 494 384 61 110
cat_boundaries=0 1 2 3 4 5 6 7
cat_threshold=1984 16974336 18225168 22481444 12917296 555046 20972032
is_linear=0
shrinkage=0.05


Tree=7
num_leaves=31
num_cat=3
split_feature=4 30 6 4 16 4 3 16 49 31 16 4 3 46 39 17 13 2 26 40 53 43 42 12 48 48 3 39 49 38
split_gain=82.9969 25.4696 17.6474 10.7575 6.42316 4.95284 4.60717 3.98889 3.00753 2.97622 2.92983 2.73514 2.59659 2.48043 2.36957 2.29943 2.26179 2.21688 2.16373 2.15536 2.77924 2.20332 2.125 1.99205 1.92977 3.88977 2.1463 2.29619 2.07618 2.02382
threshold=1.3833333333333337 9.0416666666666696 2.6500000000000008 0.18333333333333338 0 2.8166666666666673 6.1500000000000012 1 10.900000000000002 0.61824123303304745 2 0.78333333333333355 2.1500000000000008 0.15000000000000005 26.250000000000004 1.0000000180025095e-35 0.67292423355342834 1.0000000180025095e-35 17.741666666666671 97.500000000000014 -6.0999999999999979 17.650000000000002 0.75000000000000011 -0.56534467397474275 84.500000000000014 62.500000000000007 4.4500000000000011 21.050000000000004 9.9000000000000004 -1.8000000000000111
decision_type=2 2 2 2 9 2 2 9 8 2 9 2 2 10 10 2 2 10 2 8 10 10 10 2 10 8 2 10 10 10
left_child=1 10 4 -3 5 18 8 14 9 -4 -1 17 22 -8 -5 -14 24 -9 -2 20 -20 -22 -6 -23 25 26 27 -7 -26 -27
right_child=2 3 6 7 12 16 13 11 -10 -11 -12 -13 15 -15 -16 -17 -18 -19 19 -21 21 23 -24 -25 28 29 -28 -29 -30 -31
leaf_value=-0.029840152082918039 0.031821853553782364 -0.027263698397622577 0.17637899661066342 -0.013728390660701596 0.01713554625057729 0.060645250209172587 0.37591963230327419 0.025453395921212936 0.09916253002042634 0.22994034017534518 -0.046382392505547182 0.044489050152811099 0.0764348965188138 0.50276354936503187 0.066561390942832602 0.059611904934522543 0.039619396245846844 -0.0018331093867142087 0.34570016152955052 -0.0083209126013041364 0.17911684553762222 0.16547907106768911 0.049831965960140771 0.07162439876457434 0.021721735304225803 0.62309268517563599 -0.013270862087011392 0.44764780639476776 0.29809793959707226 0.34281589337124435
leaf_weight=5941 758 6119 93 2375 1249 24 56 2673 86 39 5014 1970 30 21 136 500 71 2385 37 54 32 160 175 184 57 31 31 29 26 108
leaf_count=5941 758 6119 93 2375 1249 24 56 2673 86 39 5014 1970 30 21 136 500 71 2385 37 54 32 160 175 184 57 31 31 29 26 108
internal_value=-0.000396205 -0.00138898 0.00646439 -9.51596e-05 0.00548916 0.0078407 0.0182142 0.000954491 0.0144888 0.0192279 -0.00323822 0.00156434 0.00350288 0.0287289 -0.000755624 0.0065082 0.0129011 0.000950949 0.00634642 0.00902376 0.0102518 0.00896038 0.00240854 0.00778843 0.0147664 0.0171896 0.00868014 0.0147834 0.00824308 0.0223221
internal_weight=30464 26613 3851 15658 3556 1602 295 9539 218 132 10955 7028 1954 77 2511 530 377 5058 1225 467 413 376 1424 344 306 223 84 53 83 139
internal_count=30464 26613 3851 15658 3556 1602 295 9539 218 132 10955 7028 1954 77 2511 530 377 5058 1225 467 413 376 1424 344 306 223 84 53 83 139
cat_boundaries=0 1 2 3
cat_threshold=26546704 555106 22354464
is_linear=0
shrinkage=0.05


Tree=8
num_leaves=31
num_cat=5
split_feature=4 30 6 4 4 32 32 16 30 32 16 42 16 12 47 12 55 16 45 34 42 24 16 3 32 39 47 2 17 46
split_gain=70.7386 22.3722 16.9217 9.73955 7.16275 4.56858 4.20425 4.14586 3.78469 3.66414 3.49342 3.23917 2.96166 2.81374 2.6076 3.45864 2.5234 2.4624 3.23777 2.40874 3.03764 2.6719 2.38938 2.35036 2.34236 2.30803 2.26899 2.33234 2.24691 2.22651
threshold=1.2833333333333337 8.6166666666666689 2.8500000000000001 0.18333333333333338 2.4833333333333338 1015.2166666666668 1013.2583333333336 0 9.7166666666666703 1000.4166666666669 1 4.0500000000000007 2 -0.99760647975412031 7.5500000000000007 -0.83440738405450643 47.416666666666679 3 18.200000000000003 97.583333333333357 1.0000000180025095e-35 10.819983116962344 4 6.0500000000000007 1009.2166666666668 17.650000000000002 23.350000000000005 1.3500000000000003 42.987840000000006 0.15000000000000005
decision_type=2 2 2 2 2 2 2 9 2 2 9 10 9 2 8 2 2 9 10 2 8 2 9 2 2 8 10 10 2 10
left_child=1 10 4 -3 8 7 11 13 22 23 -1 17 19 -5 -11 24 25 -6 -19 -10 21 -21 -2 -4 -16 -9 27 -23 -20 -22
right_child=2 3 9 5 6 -7 -8 16 12 14 -12 -13 -14 -15 15 -17 -18 18 28 20 29 26 -24 -25 -26 -27 -28 -29 -30 -31
leaf_value=-0.029860986744224955 0.020441038157403904 -0.026042012803290049 0.175027003327833 0.33551711129008033 0.052696534288496424 -0.014676825483572312 0.032201700685638837 -0.012449560297439028 0.05288918134480243 0.19037412718047059 -0.044887322484176373 0.79686378078348841 0.034811324129156149 0.047126386099138426 0.52109652295519249 0.11235519671898149 0.066066115425987379 0.16584564578920646 0.39399828322348668 0.024030866497334397 0.14440620489782094 0.145305079854085 -0.0089451128411468343 0.31475156741261601 0.19154894212097126 0.015536591921864887 0.033566223122627636 0.17565598504179214 0.12263479878850739 0.10787365773752333
leaf_weight=5538 718 6276 35 54 266 1687 225 1640 545 28 4822 22 872 2147 26 101 26 437 33 224 89 41 493 25 24 3933 25 29 38 45
leaf_count=5538 718 6276 35 54 266 1687 225 1640 545 28 4822 22 872 2147 26 101 26 437 33 224 89 41 493 25 24 3933 25 29 38 45
internal_value=-0.000417542 -0.00139972 0.00549285 -0.000213474 0.00473903 0.000797397 0.00836843 0.00130767 0.00353607 0.0184233 -0.0032046 0.0100741 0.00494626 0.00314097 0.0148241 0.0122105 0.000580306 0.00953365 0.0116001 0.00680488 0.00956742 0.00691006 0.00135827 0.0291181 0.0229541 0.000508692 0.0139327 0.0185449 0.02173 0.0158837
internal_weight=30464 26123 4341 15763 4102 9487 1021 7800 3081 239 10360 796 1870 2201 179 151 5599 774 508 998 453 319 1211 60 50 5573 95 70 71 134
internal_count=30464 26123 4341 15763 4102 9487 1021 7800 3081 239 10360 796 1870 2201 179 151 5599 774 508 998 453 319 1211 60 50 5573 95 70 71 134
cat_boundaries=0 1 2 3 4 5
cat_threshold=26345988 22354464 17242662 38013028 22349840
is_linear=0
shrinkage=0.05


Tree=9
num_leaves=31
num_cat=6
split_feature=7 30 4 32 3 7 30 3 16 1 45 2 42 16 16 16 32 4 3 23 14 10 4 52 34 47 37 53 16 40
split_gain=57.8363 18.2912 15.4809 6.19778 5.65354 4.65852 4.43807 4.39635 3.83042 3.33907 3.5456 3.16651 3.10535 2.77615 2.4879 2.42688 2.96495 2.40361 2.35302 2.31279 2.23316 2.19148 3.02229 2.14439 2.05572 2.03277 1.95798 3.934 1.97225 1.91795
threshold=1.6500000000000001 12.116666666666669 2.5416666666666674 1010.4166666666669 0.35000000000000003 0.8500000000000002 9.2416666666666689 3.5500000000000003 0 6.0500000000000007 21.400000000000002 2.3500000000000001 0.45000000000000007 1 2 3 1015.3166666666668 0.041666666666666678 0.35000000000000003 6.387618872879524 4 -0.60355339059327362 3.683333333333334 -1.0000000180025095e-35 80.416666666666671 19.650000000000002 0.66977196339239786 3.5999999999999965 5 53.500000000000007
decision_type=2 2 2 2 2 2 2 2 9 2 10 8 10 9 9 9 2 2 2 2 1 2 2 10 2 10 2 10 9 8
left_child=1 5 6 7 17 14 11 -4 18 10 -9 -2 19 24 -1 16 25 -3 -8 -10 21 22 -5 -21 -7 26 28 -28 -6 -17
right_child=2 4 3 20 15 13 8 9 12 -11 -12 -13 -14 -15 -16 29 -18 -19 -20 23 -22 -23 -24 -25 -26 -27 27 -29 -30 -31
leaf_value=-0.034336321778659522 -0.0084042672983508787 -0.030755639531950776 0.10680246931933264 0.18987823934182987 -0.0099294563099911002 0.053847128597189486 0.0090999204685143324 0.25593267119930735 0.023124648934337751 0.35133794069858948 0.31307552911973391 0.020829881431087854 0.065273938416586075 -0.018424949534954261 -0.046832406543596654 0.062284455622016267 -0.0139241358922313 -0.0040218315579642261 0.068418656786381801 0.22755716082219399 -0.00087090238885144996 0.14020127800056578 0.1438770665597344 0.070090959104780318 -0.0018550951415609029 0.041019332728667562 0.072378349069418577 0.16199187506464743 0.16062893245915696 0.0042892119427572171
leaf_weight=5376 978 2130 433 45 101 116 158 232 1583 89 27 570 424 1484 4896 248 243 4733 1009 23 192 160 25 27 1673 471 40 21 278 2679
leaf_count=5376 978 2130 433 45 101 116 158 232 1583 89 27 570 424 1484 4896 248 243 4733 1009 23 192 160 25 27 1673 471 40 21 278 2679
internal_value=-0.000473345 -0.00154947 0.00393717 0.0090059 -2.92407e-05 -0.00277776 0.00265921 0.0116438 0.00371576 0.0158288 0.0129487 0.000458626 0.00237773 -0.00113501 -0.00330118 0.00144446 0.003376 -0.000905569 0.00600204 0.00139918 0.00412224 0.00728863 0.0149786 0.011976 0.00019732 0.00471408 0.00715746 0.0154664 0.00581641 0.000669026
internal_weight=30464 24489 5975 1203 10944 13545 4772 781 3224 348 259 1548 2057 3273 10272 4081 1154 6863 1167 1633 422 230 70 50 1789 911 440 61 379 2927
internal_count=30464 24489 5975 1203 10944 13545 4772 781 3224 348 259 1548 2057 3273 10272 4081 1154 6863 1167 1633 422 230 70 50 1789 911 440 61 379 2927
cat_boundaries=0 1 2 3 4 5 6
cat_threshold=334354 465456 22481412 13877760 5638 114688
is_linear=0
shrinkage=0.05


Tree=10
num_leaves=31
num_cat=4
split_feature=7 24 4 32 14 6 3 30 16 2 1 16 12 32 16 3 32 35 2 31 40 30 1 34 26 53 52 54 50 36
split_gain=51.6111 17.167 11.5194 6.83682 6.33373 4.41472 4.29332 3.9362 3.77552 3.32692 3.11859 2.95579 4.12008 2.70449 2.60671 3.36402 2.47611 2.45316 2.40039 2.96825 2.70438 2.20193 2.02762 2.04655 3.23273 1.95257 1.93963 3.69242 1.91929 1.93745
threshold=1.6500000000000001 7.152878051096816 2.5416666666666674 1014.5166666666668 0 2.6500000000000008 0.25000000000000006 3.683333333333334 1 5.1500000000000012 0.55000000000000016 2 -0.99863729997741457 1007.2333333333335 3 0.65000000000000002 1001.3416666666668 5.4682510717166828 4.0500000000000007 1.0572417442340667 67.500000000000014 12.916666666666668 0.35000000000000003 98.833333333333357 21.81666666666667 -7.5999999999999979 -27.499999999999996 2.2666666666666684 0.15000000000000005 0.71324046037780797
decision_type=2 2 2 2 1 2 2 2 9 10 2 9 2 2 9 2 2 2 8 2 10 2 2 2 2 8 10 2 10 2
left_child=1 8 7 6 16 -6 -3 -2 10 -7 -1 12 13 -8 15 -9 17 -4 19 -17 -21 -13 -14 -24 -25 -18 27 -12 29 -22
right_child=2 3 4 -5 5 9 11 14 -10 -11 26 21 22 -15 -16 18 25 -19 -20 20 28 -23 23 24 -26 -27 -28 -29 -30 -31
leaf_value=-0.03579581662956173 -0.011035967995409207 -0.01138129295723341 0.081928965931486908 -0.028127971050438967 0.1737075029128311 0.19673221917166236 0.44291162822800301 0.006089701980567231 -0.042358015364401425 0.25967367753718745 -0.028862357893093743 -0.01689867283886215 0.01227433675057348 0.2458194863641166 0.024658324773441858 0.029356850376065544 0.034124093471660531 0.40988549291384518 0.057012134509423329 0.0038588512119160064 0.098955139692057006 0.016952797288806387 0.050129014246350051 0.029881622518119596 0.15164619338966423 0.027521454917218264 -0.0029641764098295165 0.048784763729094516 0.089365745619926829 0.12142556437628463
leaf_weight=3949 508 5580 98 3505 482 113 21 503 4944 49 24 872 1001 32 2128 979 35 31 512 47 72 2480 675 80 23 401 1345 28 21 22
leaf_count=3949 508 5580 98 3505 482 113 21 503 4944 49 24 872 1001 32 2128 979 35 31 512 47 72 2480 675 80 23 401 1345 28 21 22
internal_value=-0.000449934 -0.00146565 0.00370682 -0.00034305 0.00806798 0.0114356 0.00028149 0.00260637 -0.00302232 0.0187539 -0.00208734 0.00131749 0.00292601 0.0166667 0.00309983 0.00432575 0.00395583 0.0101084 0.00543524 0.00415827 0.0104257 0.000428303 0.00253218 0.00444673 0.0110087 0.00222426 -6.08415e-05 0.00940499 0.0145526 0.0114772
internal_weight=30560 24559 6001 14269 1209 644 10764 4792 10290 162 5346 5184 1832 53 4284 2156 565 129 1653 1141 162 3352 1779 778 103 436 1397 52 115 94
internal_count=30560 24559 6001 14269 1209 644 10764 4792 10290 162 5346 5184 1832 53 4284 2156 565 129 1653 1141 162 3352 1779 778 103 436 1397 52 115 94
cat_boundaries=0 1 2 3 4
cat_threshold=2234 5577248 26477076 17107506
is_linear=0
shrinkage=0.05


Tree=11
num_leaves=31
num_cat=4
split_feature=7 30 4 32 14 16 4 4 48 26 4 16 12 48 40 38 2 46 16 53 47 32 50 31 42 5 42 10 48 2
split_gain=45.424 15.9547 9.51324 6.46587 5.89469 4.2367 4.1204 4.11887 3.08042 2.97827 2.8633 2.85877 3.50989 3.48409 2.70211 2.44874 3.08164 2.30064 2.20618 2.11478 2.08012 2.03713 2.0104 1.92301 1.89958 1.87509 2.04073 2.96896 1.77421 2.27428
threshold=1.6500000000000001 8.6166666666666689 1.9416666666666671 1014.5166666666668 0 1 0.18333333333333338 4.6833333333333345 64.500000000000014 10.616666666666669 0.54166666666666685 2 -0.99863729997741457 68.500000000000014 64.500000000000014 -0.80000000000012494 6.8500000000000005 1.4500000000000002 3 17.850000000000005 30.950000000000003 1008.2833333333335 2.4500000000000006 0.65996632910744524 1.0500000000000003 2.0069324107078015 2.5500000000000003 1.0000000180025095e-35 83.500000000000014 4.2500000000000009
decision_type=2 2 2 2 1 9 2 2 8 2 2 9 2 10 10 10 10 10 9 8 10 2 10 2 10 2 10 2 10 10
left_child=1 5 9 6 7 10 -3 8 -4 19 -1 12 13 -8 -9 16 20 18 25 -2 22 -18 -6 24 -16 26 -11 -28 -10 -30
right_child=2 3 4 -5 15 -7 11 14 28 17 -12 -13 -14 -15 23 -17 21 -19 -20 -21 -22 -23 -24 -25 -26 -27 27 -29 29 -31
leaf_value=-0.038874813101778129 -0.0047450285488712073 -0.014140121691875779 0.042082941570812153 -0.027534411802356468 0.031647688217346141 -0.040906374184287775 0.45267075050941052 0.46449111589564396 0.18808854601545227 0.031760126001235144 -0.0014513125981215926 0.0030208122117558319 0.03118687941989148 0.032121813366763556 0.12431656109570138 0.0074768767638182815 0.13866784453527153 0.096395578831016709 0.020113877165318664 0.048039184634986631 0.42442972171788967 0.24493814508948783 0.23137780137868616 0.32659778430119557 0.22445212705293868 0.23493129111458946 0.12843256570162906 -0.0096079564057285297 0.047121438964096318 0.11445211886498807
leaf_weight=3847 1137 4486 186 3636 674 4630 33 26 274 1258 1438 4196 2267 26 80 503 29 147 1219 31 22 22 23 30 23 21 32 27 197 40
leaf_count=3847 1137 4486 186 3636 674 4630 33 26 274 1258 1438 4196 2267 26 80 503 29 147 1219 31 22 22 23 30 23 21 32 27 197 40
internal_value=-0.000476112 -0.001429 0.00342354 -0.000380359 0.00610821 -0.00297778 0.000223471 0.00931763 0.00776789 0.00194726 -0.00199713 0.00102574 0.00242712 0.014467 0.0166876 0.00384615 0.00564862 0.00285862 0.0025087 -0.000162658 0.00480462 0.0175147 0.00432506 0.0137866 0.0105238 0.00390179 0.00369372 0.012775 0.00977304 0.00660059
internal_weight=30560 24559 6001 14644 2129 9915 11008 856 697 3872 5285 6522 2326 59 159 1273 770 2704 2557 1168 719 51 697 133 103 1338 1317 59 511 237
internal_count=30560 24559 6001 14644 2129 9915 11008 856 697 3872 5285 6522 2326 59 159 1273 770 2704 2557 1168 719 51 697 133 103 1338 1317 59 511 237
cat_boundaries=0 1 2 3 4
cat_threshold=1860 22354464 26477076 25500166
is_linear=0
shrinkage=0.05


Tree=12
num_leaves=31
num_cat=6
split_feature=7 24 4 32 3 4 3 16 4 3 2 26 46 9 26 53 16 16 16 16 42 9 32 46 16 43 38 31 3 12
split_gain=41.3531 15.239 8.36351 5.58025 4.30169 3.93388 3.75601 3.49958 2.95779 4.05348 2.80941 2.65922 2.17125 2.46862 2.12236 2.11478 2.06784 2.01253 1.93992 1.93266 1.98384 2.20356 1.88028 1.82604 1.72804 1.65381 1.63561 4.11358 2.51898 2.68909
threshold=1.6500000000000001 7.152878051096816 1.9416666666666671 1014.5166666666668 7.1500000000000012 0.54166666666666685 0.45000000000000007 0 4.6833333333333345 9.6500000000000004 2.5500000000000003 10.616666666666669 1.4500000000000002 7.5000000000000009 22.81666666666667 17.850000000000005 1 2 3 4 2.5500000000000003 14.500000000000002 1020.0416666666669 2.4500000000000006 5 15.65 -0.80000000000001126 1.0077477638553989 1.0500000000000003 -0.19613531578169993
decision_type=2 2 2 2 2 2 2 9 2 2 8 2 10 2 2 8 9 9 9 9 10 2 2 10 9 8 10 2 2 2
left_child=1 5 11 6 7 18 24 -4 -6 -10 -9 15 19 23 -11 -2 -8 -7 -1 20 -13 -22 26 -14 -3 -18 27 28 29 -12
right_child=2 3 4 -5 8 17 16 10 9 14 22 12 13 -15 -16 -17 25 -19 -20 -21 21 -23 -24 -25 -26 -27 -28 -29 -30 -31
leaf_value=-0.027166265230919251 -0.0045077771214276554 -0.01721687384054264 0.026373787596290013 -0.025344851907799195 -0.0023936186279409563 -0.027285920163890511 0.046515398885235454 0.025173308646768217 0.6562274126450599 0.28332443506601124 0.1878416224050494 0.040085339282700437 0.13589318584089394 0.031242917000760585 0.035706757619888223 0.045637225403237301 -0.012469437811343799 -0.0014335446199258417 -0.045314066355400279 0.018902583598591698 0.030650571321748379 0.12727948665919822 -0.016897330214056924 0.26054241747138079 0.0046773472913337333 0.019116740509049251 0.11432844501783107 0.23389954267276836 0.056913316661377111 0.088363203433674431
leaf_weight=3025 1137 3879 594 3505 34 690 1003 386 47 33 27 1219 21 86 37 31 634 1806 4769 1290 27 21 41 40 3274 1974 459 50 391 30
leaf_count=3025 1137 3879 594 3505 34 690 1003 386 47 33 27 1219 21 86 37 31 634 1806 4769 1290 27 21 41 40 3274 1974 459 50 391 30
internal_value=-0.000505562 -0.00141475 0.00321524 -0.000357066 0.00573247 -0.00288141 0.000207169 0.00511096 0.013865 0.0176345 0.0064773 0.00183105 0.00269221 0.00859959 0.00998573 -0.000162658 0.0015217 -0.0011538 -0.00343465 0.00235227 0.00373111 0.0137214 0.00792506 0.0162848 -0.000456447 0.000767731 0.00837425 0.0103594 0.00883731 0.0186515
internal_weight=30560 24559 6001 14269 2129 10290 10764 1978 151 117 1384 3872 2704 147 70 1168 3611 2496 7794 2557 1267 48 998 61 7153 2608 957 498 448 57
internal_count=30560 24559 6001 14269 2129 10290 10764 1978 151 117 1384 3872 2704 147 70 1168 3611 2496 7794 2557 1267 48 998 61 7153 2608 957 498 448 57
cat_boundaries=0 1 2 3 4 5 6
cat_threshold=37928966 9454100 581638 4528640 13048326 38328338
is_linear=0
shrinkage=0.05


Tree=13
num_leaves=31
num_cat=5
split_feature=4 30 4 14 26 16 3 16 52 2 35 29 16 35 31 16 46 38 2 50 19 24 37 35 32 31 44 37 2 36
split_gain=36.8566 13.8877 10.9605 5.31528 4.03016 3.78916 3.31943 2.83579 2.75444 2.70681 3.08604 2.82605 2.43116 2.7152 2.08621 2.07074 2.17056 1.93803 2.75963 2.04593 2.19592 2.08188 1.92502 1.86869 1.79216 1.74903 1.91012 1.73503 1.68201 1.81197
threshold=0.75833333333333341 12.31666666666667 1.9416666666666671 0 10.616666666666669 1 0.35000000000000003 2 -31.499999999999996 4.2500000000000009 1.4571067811865477 1.5664965809277263 3 2.0274023338281633 0.63420991968134866 4 0.35000000000000003 -0.80000000000012494 6.8500000000000005 2.4500000000000006 9.0000000000000018 5.1294586999739042 -0.50147672611720007 3.711722196251515 1017.5166666666668 0.73333176808581224 92.500000000000014 -0.77307350971160471 0.95000000000000007 0.21911747008686211
decision_type=2 2 2 1 2 9 2 9 10 10 2 2 9 2 2 9 10 10 10 10 2 2 2 2 2 2 10 2 10 2
left_child=1 5 4 7 -2 8 27 -4 22 10 -9 -11 13 14 -8 16 -6 18 19 20 -5 -22 -1 -18 28 -23 -27 -3 -10 -30
right_child=2 6 3 17 15 -7 12 9 24 11 -12 -13 -14 -15 -16 -17 23 -19 -20 -21 21 25 -24 -25 -26 26 -28 -29 29 -31
leaf_value=0.048684152202821185 -0.002945848502816885 -0.035243973893118001 0.040119601033602389 0.057752046130651935 -0.014356851541048024 -0.0380483648257696 0.039028328928366232 0.19409036653326045 -0.015703974265634559 0.10754720168263217 0.11726395301356152 0.38004593350573834 0.0074982202746776208 0.03100629654173849 0.24722789419656099 0.033219424486165626 0.086402286124435596 0.010652812894865714 0.1971468608089845 0.17818922227253106 -0.013517781645766599 0.023579680111742652 0.0022499465957641109 -0.029025232239790311 -0.036256279250060475 0.07273858169278867 0.31238144047373506 -0.0052334874913113894 0.019689507630405147 -5.320200778412138e-05
leaf_weight=35 2284 2059 215 43 480 7575 48 185 3197 27 267 55 2671 418 30 3457 29 538 52 26 92 477 44 20 1164 125 27 4770 51 99
leaf_count=35 2284 2059 215 43 480 7575 48 185 3197 27 267 55 2671 418 30 3457 29 538 52 26 92 477 44 20 1164 125 27 4770 51 99
internal_value=-0.000539921 -0.0016089 0.0022806 0.00538021 0.00122805 -0.00274351 -0.00022809 0.00876696 -0.00159779 0.0108068 0.00948905 0.0193666 0.00110985 0.00428769 0.0129321 0.0021876 -0.000732704 0.00345299 0.00497565 0.00423997 0.00376914 0.0031133 0.00764854 0.0092668 -0.00176343 0.00414083 0.00880999 -0.000848576 -0.00117565 0.00399733
internal_weight=30560 22161 8399 2129 6270 12165 9996 749 4590 534 452 82 3167 496 78 3986 529 1380 842 790 764 721 79 49 4511 629 152 6829 3347 150
internal_count=30560 22161 8399 2129 6270 12165 9996 749 4590 534 452 82 3167 496 78 3986 529 1380 842 790 764 721 79 49 4511 629 152 6829 3347 150
cat_boundaries=0 1 2 3 4 5
cat_threshold=1856 461312 38326882 1163776 581664
is_linear=0
shrinkage=0.05


Tree=14
num_leaves=31
num_cat=5
split_feature=4 30 3 14 30 32 6 5 16 52 32 16 10 4 31 37 16 2 34 42 53 36 10 44 27 45 27 4 16 38
split_gain=31.6807 13.0319 8.66115 5.93788 4.60177 4.52996 3.92202 3.44173 3.33179 2.93499 2.82735 2.58223 2.5421 2.27568 2.23298 2.04794 1.97463 1.96853 2.3915 2.69824 3.0105 1.79556 1.76779 1.74649 2.49297 1.75774 1.73881 1.72304 2.03331 2.85937
threshold=0.75833333333333341 8.6166666666666689 2.5500000000000003 0 9.1416666666666693 1014.5166666666668 2.1500000000000008 0.81988907174410863 1 -31.499999999999996 1016.2166666666668 2 0.91597561503675362 0.14166666666666669 0.64807406984078642 -0.50147672611720007 3 0.8500000000000002 99.416666666666671 0.8500000000000002 1.7999999999999983 -0.71651629907368963 0.91597561503675362 67.500000000000014 0.54365021434333693 9.3500000000000032 1.0413660768479713 1.7583333333333335 4 -0.80000000000012494
decision_type=2 2 2 1 2 2 2 2 9 10 2 9 2 2 2 2 9 10 2 10 10 2 2 8 2 10 2 2 9 10
left_child=1 8 4 6 16 13 17 14 9 15 11 12 -6 -3 -8 -1 -2 18 -4 20 -20 -14 -19 25 -25 -23 -26 -13 29 -29
right_child=2 5 3 -5 10 -7 7 -9 -10 -11 -12 27 21 -15 -16 -17 -18 22 19 -21 -22 23 -24 24 26 -27 -28 28 -30 -31
leaf_value=0.045485107390820755 -0.013900038224058492 -0.015318742052028945 0.12464896477346277 0.027902292215159108 -0.0047856347493233442 -0.026857309594706426 0.054700857218501334 0.20588258973209106 -0.039973120042718385 -0.022243777879914186 -0.0088922814175910886 0.036854670433455632 -0.041279547980140503 0.0059997634246771034 0.20937287289209602 0.0041835038751173014 0.0029592476744500344 0.028838884647004112 0.18613216131191176 0.69985206930551258 0.046099369737053211 0.063144793913413988 0.16816536352169589 0.0090492166256879118 0.18355326953560097 -0.013523136107064869 0.084282991492543841 0.097650923887503321 0.046579347473086889 0.071373366465425234
leaf_weight=30 804 3833 153 621 992 3379 62 125 5813 2916 522 1935 46 6149 21 41 1923 173 33 22 38 33 28 47 48 73 39 128 355 178
leaf_count=30 804 3833 153 621 992 3379 62 125 5813 2916 522 1935 46 6149 21 41 1923 173 33 22 38 33 28 47 48 73 39 128 355 178
internal_value=-0.000554646 -0.00154573 0.00206034 0.00585377 0.00138072 -0.000561706 0.00913396 0.0149447 -0.00303974 -0.00166328 0.00238166 0.00284711 0.000978184 -2.60478e-05 0.00703971 0.00836849 -0.000232849 0.00663162 0.00963023 0.0159506 0.0111814 0.00513806 0.00295873 0.00687214 0.0106637 0.00207351 0.0156716 0.0037489 0.00596733 0.00892123
internal_weight=30560 22161 8399 1276 7123 13361 655 208 8800 2987 4396 3874 1278 9982 83 71 2727 447 246 93 71 286 201 240 134 106 87 2596 661 306
internal_count=30560 22161 8399 1276 7123 13361 655 208 8800 2987 4396 3874 1278 9982 83 71 2727 447 246 93 71 286 201 240 134 106 87 2596 661 306
cat_boundaries=0 1 2 3 4 5
cat_threshold=5956 4524544 37797920 712726 9377792
is_linear=0
shrinkage=0.05


Tree=15
num_leaves=31
num_cat=5
split_feature=4 26 4 4 14 26 43 16 37 11 16 16 1 7 35 17 32 5 23 44 51 51 26 37 29 3 41 5 16 11
split_gain=27.6416 15.0905 6.69972 5.51666 3.96884 3.31635 2.89279 2.85594 2.80568 2.76718 2.66408 2.46624 2.37083 2.23578 2.11606 3.60117 2.06783 1.82797 1.71324 2.93623 1.71863 2.61012 1.71159 1.70285 1.77179 1.82595 2.72842 2.00835 1.66876 1.8959
threshold=1.041666666666667 9.1166666666666689 0.14166666666666669 2.8166666666666673 0 17.616666666666671 26.650000000000002 1 -0.5584624993057129 0.37940952255126048 2 3 3.0500000000000003 0.65000000000000002 1.4571067811865477 38.991650000000007 1011.5583333333335 8.3266726846886753e-17 1.09377983915355 93.500000000000014 -1.0000000180025095e-35 2.7999999999999985 17.741666666666671 0.22697655421545124 6.5743120962686392 1.6500000000000001 8.4500000000000011 1.1455217611938593 4 0.78656609248549303
decision_type=2 2 2 2 1 2 10 9 2 2 9 9 2 2 2 2 2 2 2 10 10 10 2 2 2 2 10 2 9 2
left_child=1 13 16 5 6 10 18 -4 12 -8 -2 14 -6 -1 15 -7 28 -15 19 20 -5 -22 -9 24 25 -16 -27 -28 29 -3
right_child=3 2 7 4 8 11 9 22 -10 -11 -12 -13 -14 17 23 -17 -18 -19 -20 -21 21 -23 -24 -25 -26 26 27 -29 -30 -31
leaf_value=-0.039147288794205849 -0.010990359365835076 0.0012730160619154496 0.0091073917797123947 0.04705983600798834 0.30933681877683439 0.15996355259165096 0.30547684513945295 -0.017424001162785509 -0.012186772040961368 0.64252309504867355 0.011330181957447455 0.039957102464713901 0.030266063314281458 0.011757180616785937 0.05328861782214888 0.30182833565708539 -0.033154455790175084 -0.02172468238092215 0.080121405886444549 -0.025050841895795425 0.19343531253382759 0.042185236852443797 0.012249451658284054 -0.0080521445788289004 -0.029774904914747102 0.046197910314444486 0.37832279076914604 0.19605560718108342 -0.021053330461610731 0.076628329848300869
leaf_weight=4485 834 670 7181 51 69 55 76 2776 281 35 2463 1128 100 24 106 28 3487 2587 217 42 78 34 939 65 47 51 46 32 2498 128
leaf_count=4485 834 670 7181 51 69 55 76 2776 281 35 2463 1128 100 24 106 28 3487 2587 217 42 78 34 939 65 47 51 46 32 2498 128
internal_value=-0.000575408 -0.00130474 -0.000522935 0.00251965 0.00593531 0.00182797 0.00881053 0.000245041 0.00228211 0.0161566 0.000929604 0.0037289 0.00742164 -0.00325249 0.00693024 0.0142599 -0.00175657 -0.00208916 0.00708363 0.0103608 0.0133967 0.0168599 -0.000879172 0.00537309 0.00705423 0.00882603 0.0128195 0.018694 -0.000858592 0.0011261
internal_weight=30613 24775 17679 5838 983 4855 533 10896 450 111 3297 1558 169 7096 430 83 6783 2611 422 205 163 112 3715 347 282 235 129 78 3296 798
internal_count=30613 24775 17679 5838 983 4855 533 10896 450 111 3297 1558 169 7096 430 83 6783 2611 422 205 163 112 3715 347 282 235 129 78 3296 798
cat_boundaries=0 1 2 3 4 5
cat_threshold=5956 60228116 13295620 21430784 9503302
is_linear=0
shrinkage=0.05


Tree=16
num_leaves=31
num_cat=3
split_feature=7 26 4 26 43 32 16 16 44 26 32 47 41 19 37 50 45 34 13 52 2 32 2 12 36 16 51 32 27 38
split_gain=25.792 11.2906 8.42847 4.04854 4.04132 3.7471 3.3944 3.01515 2.80594 3.21645 2.65113 4.61268 5.19993 2.5829 2.44286 2.40569 2.30182 2.21959 3.25665 3.64982 2.15555 2.14443 2.22391 2.05003 2.36166 2.04362 2.37219 2.6592 1.99791 1.90762
threshold=0.8500000000000002 10.516666666666669 2.0833333333333339 16.258333333333336 26.150000000000002 1014.9166666666669 0 1 76.500000000000014 26.31666666666667 998.44166666666683 13.750000000000002 11.15 17.000000000000004 -0.98223271862910722 7.5500000000000007 15.050000000000002 98.833333333333357 -0.73385833101097553 -1.0000000180025095e-35 1.4500000000000002 1021.0833333333335 1.7500000000000002 -0.95260028690456633 -0.1036944255787824 2 -1.3499999999999994 1007.5166666666668 1.8991226044325491 -2.3166666666666624
decision_type=2 2 2 2 10 2 9 9 10 2 2 10 10 2 2 8 10 2 2 10 8 2 8 2 2 9 10 2 2 10
left_child=1 -1 3 6 10 13 21 17 -6 -10 11 16 -13 14 -3 -16 -4 -5 -19 -20 29 22 25 24 -12 26 27 -2 -22 -9
right_child=2 5 4 7 8 -7 -8 20 9 -11 23 12 -14 -15 15 -17 -18 18 19 -21 28 -23 -24 -25 -26 -27 -28 -29 -30 -31
leaf_value=-0.035105432997855422 0.071476395686448854 0.045587846349373927 -0.0040453405067688566 0.066307594342475309 0.19148174563406828 -0.028910383900751114 -0.0099238304944788518 0.12961339349153686 0.35147604673167165 0.023965536399930862 -0.0069949380994357036 0.4927868179133495 0.082772642532616555 -0.0080932064721398952 0.01371308585670454 0.13566044403577612 0.084531812487497637 0.02418879409518622 0.072347995998877923 0.31751663772492456 0.030910435671284587 -0.024210601348926476 0.018263654509099982 0.024330240537269891 0.21134218363641122 -0.0097300766925712025 0.0049772749406453492 0.0036904116153800058 0.13342993801687134 -0.0057090498815694302
leaf_weight=6336 63 31 127 592 202 3263 2500 57 67 24 55 35 56 7739 890 25 37 36 24 30 1764 269 1243 1158 97 1304 637 90 57 1805
leaf_count=6336 63 31 127 592 202 3263 2500 57 67 24 55 35 56 7739 890 25 37 36 24 30 1764 269 1243 1158 97 1304 637 90 57 1805
internal_value=-0.000586841 -0.0017786 0.00118054 0.000629828 0.00428394 -0.00087378 -0.000201439 0.00179263 0.00967247 0.0169594 0.00327455 0.00793806 0.0169594 -0.000331028 0.00213508 0.00166648 0.00292504 0.00482589 0.0122087 0.019963 0.00121443 0.000779845 0.00112822 0.00236623 0.0078238 0.000133708 0.00212473 0.00774004 0.00244083 2.14799e-05
internal_weight=30613 18284 12329 10471 1858 11948 6106 4365 293 91 1565 255 91 8685 946 915 164 682 90 54 3683 3606 3337 1310 152 2094 790 153 1821 1862
internal_count=30613 18284 12329 10471 1858 11948 6106 4365 293 91 1565 255 91 8685 946 915 164 682 90 54 3683 3606 3337 1310 152 2094 790 153 1821 1862
cat_boundaries=0 1 2 3
cat_threshold=17242672 5456448 17039888
is_linear=0
shrinkage=0.05


Tree=17
num_leaves=31
num_cat=6
split_feature=7 26 4 24 14 4 2 16 16 46 54 16 37 3 16 47 30 36 19 34 5 12 2 33 28 13 16 47 43 27
split_gain=22.7923 11.2357 7.12783 4.45459 3.85054 3.5943 3.14772 3.05416 2.7047 2.47065 2.17795 2.14294 2.38033 2.42528 2.59514 2.34111 2.33189 2.04937 2.16611 2.04093 2.97583 1.94756 3.82505 1.90601 1.853 3.65448 2.00107 1.77894 2.48473 2.14321
threshold=0.8500000000000002 10.71666666666667 3.3583333333333338 5.0553284399411451 0 0.041666666666666678 2.2500000000000004 1 2 0.75000000000000011 8.9000000000000057 3 -0.51047088384516737 0.95000000000000007 4 4.4500000000000011 24.31666666666667 -0.1036944255787824 82.000000000000014 86.833333333333357 0.10000000000000007 -0.58637393129089832 1.2500000000000002 0.29719601443878246 95.166666666666671 -0.69791844337451392 5 14.750000000000002 7.1500000000000012 0.24999999999999983
decision_type=2 2 2 2 1 2 8 9 9 10 2 9 2 2 9 8 2 2 2 2 2 2 10 2 2 2 9 8 10 2
left_child=1 -1 3 -2 -4 -3 7 -5 -7 -10 -11 12 13 15 -15 -8 -13 -6 21 -16 -21 22 -19 -17 26 -26 -14 28 -22 -30
right_child=2 5 4 6 17 8 11 -9 9 10 -12 16 24 14 19 23 -18 18 -20 20 27 -23 -24 -25 25 -27 -28 -29 29 -31
leaf_value=-0.032418950512129611 -0.0097759046240197441 -0.028117948576953711 0.035359342741959322 0.025549102083084026 0.099433710539080414 -0.01967903982834739 0.10562834299465079 -0.0032694017864534153 0.00026386026986915939 0.029481172102520894 0.40834745187322019 0.012689504865104957 0.061509394958054998 -0.00014101681899280453 0.3296494868179754 -0.016384364316317492 0.16482886067863567 0.11942394889760886 0.00049305559514530169 0.31896462721930546 -0.005918191759533847 0.10830465866364786 0.35085223394423903 0.046864459974760936 0.19698956852317107 0.0055391721671310817 -0.0078587966671205822 0.10801819559749351 0.035408201340891635 0.048095176516428577
leaf_weight=6476 1743 3306 260 1940 157 3123 25 4020 4816 533 30 2020 347 109 88 187 34 49 35 26 45 107 50 164 37 82 519 152 65 68
leaf_count=6476 1743 3306 260 1940 157 3123 25 4020 4816 533 30 2020 347 109 88 187 34 49 35 26 45 107 50 164 37 82 519 152 65 68
internal_value=-0.00063094 -0.00175125 0.00103049 0.000745001 0.0060933 -0.000833327 0.0011543 0.000427844 -0.000289341 0.000390602 0.00352513 0.00224541 0.00344577 0.0052793 0.00738564 0.00218027 0.0011046 0.00909091 0.0122148 0.0089848 0.00749789 0.0141679 0.019223 0.00112503 0.00175109 0.00759866 0.000946772 0.00621024 0.00960135 0.0130353
internal_weight=30613 18284 12329 11671 658 11808 9928 5960 8502 5379 563 3968 1914 929 553 376 2054 398 241 444 356 206 99 351 985 119 866 330 178 133
internal_count=30613 18284 12329 11671 658 11808 9928 5960 8502 5379 563 3968 1914 929 553 376 2054 398 241 444 356 206 99 351 985 119 866 330 178 133
cat_boundaries=0 1 2 3 4 5 6
cat_threshold=2218 8520276 4749426 18159664 69632 69648
is_linear=0
shrinkage=0.05


Tree=18
num_leaves=31
num_cat=5
split_feature=7 26 3 16 14 32 16 45 26 4 16 6 44 40 9 23 5 7 32 18 32 27 35 3 2 24 16 38 34 39
split_gain=20.7272 10.7147 6.62955 4.17967 3.90175 3.38824 2.98638 2.32331 2.37033 1.92378 1.92436 1.86039 1.84564 1.9682 1.82089 2.15704 1.74182 1.69558 1.88476 1.67208 1.59414 1.63973 1.91766 1.95078 1.69455 1.71335 1.61586 2.4678 2.06895 2.13883
threshold=0.8500000000000002 9.0166666666666693 2.1500000000000008 0 1 1014.9166666666669 2 39.250000000000007 4.3833333333333346 0.11333333333333336 3 1.9500000000000002 71.500000000000014 66.500000000000014 19.500000000000004 1.09377983915355 1.7509122228980611 7.5500000000000007 1001.5583333333335 8.7002500000000023 1019.6166666666668 0.50000000000000044 27.005143053255267 0.55000000000000016 3.9500000000000006 11.718084034262173 4 -3.7000000000001019 99.833333333333357 5.6500000000000012
decision_type=2 2 2 9 1 2 9 8 2 2 9 2 10 10 2 2 2 2 2 2 2 2 2 2 10 2 9 10 2 10
left_child=1 -1 3 20 6 9 11 8 -5 -3 -11 12 -4 -14 15 -13 -8 -6 -19 -20 21 22 -2 -24 26 -26 27 -23 29 -29
right_child=2 5 4 7 17 -7 16 -9 -10 10 -12 14 13 -15 -16 -17 -18 18 19 -21 -22 24 23 -25 25 -27 -28 28 -30 -31
leaf_value=-0.033473003043147563 0.0019909857211226172 -0.018190106186075507 0.099505563917884302 -0.021142369928050728 0.013385815428483081 -0.026117779000884151 0.008208159901753732 0.055322606020707488 -0.0022535566414991787 -0.011816667998914581 0.0089886980054889529 0.4493983462861989 0.15414378102401349 0.14194551619146775 0.30431752011245988 0.064378352853294865 0.1247328888290507 0.26945077630960784 0.18066944855686295 -0.033715348919032356 -0.034234585163613725 0.13227926203572168 0.0065860133685543389 0.31193410752622808 0.0015914046034246196 0.21653748031855047 0.0078190238232796611 0.067183048807203036 0.15300833195433305 0.026555913562613116
leaf_weight=5299 2459 4180 140 641 920 3635 232 26 3749 1663 3507 54 20 169 35 71 47 33 25 38 154 22 65 49 47 57 1967 32 87 1190
leaf_count=5299 2459 4180 140 641 920 3635 232 26 3749 1663 3507 54 20 169 35 71 47 33 25 38 154 22 65 49 47 57 1967 32 87 1190
internal_value=-0.00063094 -0.00169929 0.000953434 0.000476523 0.00377221 -0.000926063 0.00643876 -0.000695873 -0.00078586 -0.000422457 0.000222432 0.00882589 0.00685202 0.010074 0.0134291 0.0105915 0.0020927 0.00167625 0.00801249 0.00293185 0.00132022 0.00145186 0.000499396 0.00683611 0.00217219 0.00845341 0.00197386 0.00331444 0.00305935 0.00252843
internal_weight=30613 18284 12329 10545 1784 12985 768 4416 4390 9350 5170 489 329 189 160 125 279 1016 96 63 6129 5975 2573 114 3402 104 3298 1331 1309 1222
internal_count=30613 18284 12329 10545 1784 12985 768 4416 4390 9350 5170 489 329 189 160 125 279 1016 96 63 6129 5975 2573 114 3402 104 3298 1331 1309 1222
cat_boundaries=0 1 2 3 4 5
cat_threshold=60228176 1860 18088502 4749398 8782352
is_linear=0
shrinkage=0.05


Tree=19
num_leaves=31
num_cat=7
split_feature=7 26 2 3 16 32 30 16 16 4 33 16 16 4 7 46 34 32 50 48 41 35 7 52 16 32 16 12 1 31
split_gain=18.8443 10.8626 5.80679 4.10978 3.54571 3.22155 2.87841 2.95438 2.77477 2.38106 2.24923 2.19641 2.09288 2.06045 1.98869 1.93246 1.86686 2.39447 2.47614 1.81754 1.77047 1.71723 1.69666 1.69251 1.65738 1.59642 1.5539 2.49159 1.94227 1.97783
threshold=0.8500000000000002 10.516666666666669 2.2500000000000004 7.1500000000000012 0 1010.9833333333335 12.116666666666669 1 2 0.041666666666666678 1.3956280375942549 3 4 1.9166666666666667 3.3500000000000001 0.25000000000000006 89.833333333333357 1007.5166666666668 0.25000000000000006 84.500000000000014 40.150000000000013 2.4972191289246477 2.1500000000000008 23.500000000000004 5 999.14166666666677 6 -0.96247800481268297 0.8500000000000002 0.82596744622425777
decision_type=2 2 8 2 9 2 2 9 9 2 2 9 9 2 2 10 2 2 8 10 10 2 2 10 9 2 9 2 2 2
left_child=1 24 4 6 26 8 10 13 16 -7 11 22 -11 -8 21 -6 17 18 -3 25 -9 -15 -4 -24 -1 -16 27 -2 -29 -30
right_child=2 5 3 -5 15 9 7 20 -10 12 -12 -13 -14 14 19 -17 -18 -19 -20 -21 -22 -23 23 -25 -26 -27 -28 28 29 -31
leaf_value=-0.017338857688307761 0.36200059849079413 0.058401127693894189 -0.00016864129690363322 0.28965337145744324 -0.015726389701257386 -0.032770253282751551 0.081927793008279418 0.021628945553009874 -0.0046322748511490918 -0.023997030465288286 0.088764259607051074 -0.0096079672217763649 0.0032591878582850769 0.17306449411515415 0.40857797834723492 0.0036835404066178331 -0.0010397443987120922 0.027724869155398214 0.18346590513375238 0.024283631415271789 0.053754250989741008 0.24579123820036886 0.022683231244765515 0.090953183950966535 -0.033912592657078612 0.10067369099842312 0.0043708911683967766 -0.010485112488850716 0.02563654291672034 0.085839753187293463
leaf_weight=1999 25 160 663 115 2902 1940 642 1648 5263 2366 24 847 1681 29 37 782 265 239 34 102 33 71 582 26 4337 186 3077 244 192 102
leaf_count=1999 25 160 663 115 2902 1940 642 1648 5263 2366 24 847 1681 29 37 782 265 239 34 102 33 71 582 26 4337 186 3077 244 192 102
internal_value=-0.00065054 -0.00166921 0.000860159 0.00217278 -3.68658e-05 -0.000781715 0.00195292 0.00302391 4.10986e-05 -0.00160094 0.00057887 0.000406023 -0.00091053 0.00507381 0.00782169 -0.00112883 0.0029798 0.00504502 0.00917053 0.00592125 0.00168234 0.013986 0.00171337 0.00363427 -0.00334275 0.00844912 0.00106846 0.00346362 0.00280617 0.00554233
internal_weight=30613 18284 12329 5005 7324 11948 4890 2748 5961 5987 2142 2118 4047 1067 425 3684 698 433 194 325 1681 100 1271 608 6336 223 3640 563 538 294
internal_count=30613 18284 12329 5005 7324 11948 4890 2748 5961 5987 2142 2118 4047 1067 425 3684 698 433 194 325 1681 100 1271 608 6336 223 3640 563 538 294
cat_boundaries=0 1 2 3 4 5 6 7
cat_threshold=29819476 18810900 9437696 5347840 42088994 4262432 512
is_linear=0
shrinkage=0.05


Tree=20
num_leaves=31
num_cat=4
split_feature=7 26 6 24 4 16 16 50 43 7 16 16 34 38 31 33 3 52 27 38 29 26 47 28 5 13 9 23 37 33
split_gain=18.659 11.017 6.09778 4.36513 4.25548 2.54544 2.38922 2.20092 2.11592 2.15097 2.08991 2.00987 2.33749 1.96628 2.0042 1.70927 2.22289 2.40282 1.80508 1.8519 1.68579 1.63619 1.82036 1.60466 1.50317 2.39156 1.47055 1.45562 1.51062 1.4329
threshold=0.8500000000000002 12.616666666666669 1.9500000000000002 9.4764311459781769 0.041666666666666678 0 1 2.4500000000000006 27.450000000000003 9.8500000000000032 2 3 90.833333333333357 -2.0999999999999654 1.2013872850889575 0.4496912521077458 0.75000000000000011 14.500000000000002 0.50000000000000044 -0.4999999999999431 5.2808988664221426 19.783333333333339 28.050000000000004 99.166666666666671 0.047140452079103209 0.5510813381777947 15.500000000000002 2.0463636347849783 0.76377188768740967 0.73333176808580636
decision_type=2 2 2 2 2 9 9 10 10 2 9 9 2 8 2 2 2 10 2 10 2 2 10 2 2 2 2 2 2 2
left_child=1 10 3 6 -3 15 -2 -7 26 -10 -1 12 13 14 -6 -5 17 18 -17 -20 -21 -13 -23 -8 25 -14 -4 28 -18 -9
right_child=2 4 8 5 11 7 23 29 9 -11 -12 21 24 -15 -16 16 27 -19 19 20 -22 22 -24 -25 -26 -27 -28 -29 -30 -31
leaf_value=-0.016905509707879136 0.0024159731790203498 -0.02561400968950265 0.036220076207587458 0.035842965577837019 0.02987742317483082 0.0064473067796526453 -0.011965119811953679 0.15900278987956462 0.6585279332456202 0.19787173487995269 -0.031315555714649182 -0.019423769090268286 -0.0042494455078585947 0.025911687520868022 0.17956671551787884 -0.015677354434619602 0.063183040519221828 0.2974068081305708 0.16917287475601483 0.20228215066388985 -0.026241813312349316 0.014145301867514391 -0.018195167200179 0.02193136221087609 -0.0099421737573913895 0.13455052259330488 0.13398392018983352 -0.0068496474968557184 0.23717624592170763 0.010058907359446857
leaf_weight=2724 4000 3008 379 1373 27 3357 2266 66 34 24 5065 2040 91 1343 26 40 184 30 30 28 26 1603 1229 25 990 41 164 157 27 49
leaf_count=2724 4000 3008 379 1373 27 3357 2266 66 34 24 5065 2040 91 1343 26 40 184 30 30 28 26 1603 1229 25 990 41 164 157 27 49
internal_value=-0.000687446 -0.00170368 0.000820206 0.000566987 -0.000638579 0.00161446 -0.000326653 0.000801239 0.00573116 0.0148021 -0.00312552 6.76462e-06 0.00115106 0.00252131 0.0119586 0.00308383 0.00553534 0.0105775 0.00749396 0.0116528 0.00609981 -0.000585815 0.00019067 -0.0016101 -0.000543625 0.00446631 0.00475971 0.00342298 0.00613453 0.00760208
internal_weight=30446 18187 12259 11658 10398 5367 6291 3472 601 58 7789 7390 2518 1396 53 1895 522 154 124 84 54 4872 2832 2291 1122 132 543 368 211 115
internal_count=30446 18187 12259 11658 10398 5367 6291 3472 601 58 7789 7390 2518 1396 53 1895 522 154 124 84 54 4872 2832 2291 1122 132 543 368 211 115
cat_boundaries=0 1 2 3 4
cat_threshold=16976468 22481456 12782080 26575424
is_linear=0
shrinkage=0.05


Tree=21
num_leaves=31
num_cat=7
split_feature=7 26 2 3 16 4 16 39 16 32 14 36 32 26 29 23 23 16 7 5 39 38 42 11 36 16 26 46 10 16
split_gain=16.9691 9.73411 5.9112 4.18431 3.37982 3.07056 2.97607 2.27835 2.06692 1.78521 2.0882 2.5954 2.2333 2.00796 1.89109 1.74836 2.17967 1.73737 2.21649 1.65054 1.63684 1.57772 1.51222 1.65891 2.03453 1.55653 2.64163 1.50012 1.48739 1.47579
threshold=0.75000000000000011 10.516666666666669 2.2500000000000004 2.6500000000000008 0 0.041666666666666678 1 12.850000000000003 2 998.11666666666679 3 -0.48358539320148491 1018.1166666666668 20.058333333333337 11.752044606138293 1.1376538558147085 0.6009788318929089 4 2.1500000000000008 0.53953141390848514 27.950000000000003 -2.5666666666666624 2.0500000000000003 -0.37940952255126015 -0.092358908581720425 5 17.858333333333338 3.7500000000000004 0.37940952255126054 6
decision_type=2 2 8 2 9 2 9 10 9 2 1 2 2 2 2 2 2 9 2 2 10 10 10 2 2 9 2 8 2 9
left_child=1 29 4 7 20 -3 -7 17 -9 -10 11 -11 14 -12 -13 16 -5 18 -4 -6 -2 28 25 -24 -25 26 -21 -27 -20 -1
right_child=2 5 3 15 19 6 -8 8 9 10 13 12 -14 -15 -16 -17 -18 -19 21 22 -22 -23 23 24 -26 27 -28 -29 -30 -31
leaf_value=-0.020120820732633868 -0.017347771119539824 -0.024851044902510423 -0.0029506908161294628 0.015026635154614705 -0.0024678950895997997 -0.022945979542461244 0.00200506039867038 0.070803056206901901 0.27812133447990667 -0.0132199731452683 -0.014217474107396089 0.037404249686761495 0.087041775098348123 0.025279423764416827 0.25511564264920095 0.035577207948494463 0.17361390038166205 -0.01033835026894004 0.048852272145117656 0.013180605138311784 0.073850308604435408 0.01430609680145806 -0.011377477569178188 0.017457275050024989 0.20445160895611686 -3.9765036068119828e-05 0.10648239380027598 0.22713188129134357 0.010554856145420689 -0.033873093914008501
leaf_weight=2242 2412 3302 708 111 3276 1981 5805 498 33 162 809 450 26 959 20 377 239 623 66 601 20 278 30 35 57 1451 196 22 57 3600
leaf_count=2242 2412 3302 708 111 3276 1981 5805 498 33 162 809 450 26 959 20 377 239 623 66 601 20 278 30 35 57 1451 196 22 57 3600
internal_value=-0.00067595 -0.00173065 0.000645155 0.00192389 -0.000209875 -0.000860383 -0.000318518 0.0013766 0.00222008 0.0016018 0.00145089 0.00383176 0.00568434 0.000539901 0.00489257 0.00545317 0.00799771 -6.35079e-05 0.00112144 0.00045966 -0.00176488 0.00410122 0.00145897 0.00687961 0.0102063 0.00116735 0.00293024 0.000192164 0.00881397 -0.00338235
internal_weight=30446 16930 13516 5416 8100 11088 7786 4689 2957 2459 2426 658 496 1768 470 727 350 1732 1109 5668 2432 401 2392 122 92 2270 797 1473 123 5842
internal_count=30446 16930 13516 5416 8100 11088 7786 4689 2957 2459 2426 658 496 1768 470 727 350 1732 1109 5668 2432 401 2392 122 92 2270 797 1473 123 5842
cat_boundaries=0 1 2 3 4 5 6 7
cat_threshold=579616 555042 464896 6276 17930240 4457026 4278816
is_linear=0
shrinkage=0.05


Tree=22
num_leaves=31
num_cat=5
split_feature=30 7 6 16 26 30 16 14 41 1 27 7 26 37 7 16 14 33 41 18 24 43 31 44 28 33 2 44 10 5
split_gain=15.2163 10.1818 4.45827 3.24351 2.57657 2.39015 2.05753 1.90415 2.2312 1.80546 2.05204 1.73827 1.69224 1.69264 1.68216 1.62339 1.71301 1.63074 1.58883 1.8218 1.97276 1.53889 1.57637 1.64144 1.58486 2.45586 1.49621 1.47007 1.46157 2.19693
threshold=4.9166666666666679 0.65000000000000002 1.9500000000000002 0 19.183333333333341 12.116666666666669 1 2 40.150000000000013 0.35000000000000003 1.5634717584254083 0.75000000000000011 24.941666666666674 -0.83950863889754479 1.0000000180025095e-35 3 4 0.54999999999998306 25.750000000000004 -120.68151999999999 6.2174201057335106 29.050000000000004 0.12472191289246477 93.500000000000014 62.166666666666679 0.74999999999997169 1.7500000000000002 37.500000000000007 0.91597561503675362 0.68231194397575479
decision_type=2 2 2 9 2 2 9 1 10 2 2 2 2 2 2 9 1 2 8 2 2 10 2 10 2 2 8 10 2 2
left_child=3 4 5 11 15 18 9 8 28 -7 12 -1 27 -14 -6 16 17 -2 -3 -20 -21 22 23 -16 25 -24 -9 -11 -8 -30
right_child=1 2 -4 -5 14 6 7 26 -10 10 -12 -13 13 -15 21 -17 -18 -19 19 20 -22 -23 24 -25 -26 -27 -28 -29 29 -31
leaf_value=-0.023494793610374511 0.019597831785094614 -0.0030887669724631991 0.083422207032273626 -0.02845654341811223 -0.023025224013671144 0.0070474213501755083 0.0091367562236894049 -0.016815655210645663 0.067963731278076311 0.059358793495926189 0.10673050748671908 -0.0019838585151219735 0.068241402130466186 0.18955515859392838 0.020859318745975547 -0.023366301492065655 -0.017949911925283262 0.14651855670637678 0.064602985907156615 0.01544673015375821 -0.0012472692221798028 -0.02063212153473773 0.0090730111145105076 0.28117668622192798 0.00099633434206942246 0.11385544634611894 0.013625074433201954 0.029167585021664638 0.0098288289461146532 0.09571350340311742
leaf_weight=2055 404 4131 552 3420 1471 992 1285 1149 22 70 112 1337 90 160 107 4117 1688 22 23 84 232 1079 230 34 2311 92 1238 1593 212 134
leaf_count=2055 404 4131 552 3420 1471 992 1285 1149 22 70 112 1337 90 160 107 4117 1688 22 23 84 232 1079 230 34 2311 92 1238 1593 212 134
internal_value=-0.000679234 -7.91242e-05 0.000935913 -0.00276126 -0.00114019 0.00072568 0.00129869 0.000555541 0.00185497 0.00228436 0.00314799 -0.00164898 0.00276253 0.00659736 -0.000332452 -0.00183034 -0.000692059 0.00210961 -0.000178968 0.00311118 0.00211958 0.000216707 0.000839911 0.00598866 0.000563973 0.00384973 -0.000348339 0.00218568 0.00165226 0.00453626
internal_weight=30446 23634 12079 6812 11555 11527 7057 4040 1653 3017 2025 3392 1913 250 5324 6231 2114 426 4470 339 316 3853 2774 141 2633 322 2387 1663 1631 346
internal_count=30446 23634 12079 6812 11555 11527 7057 4040 1653 3017 2025 3392 1913 250 5324 6231 2114 426 4470 339 316 3853 2774 141 2633 322 2387 1663 1631 346
cat_boundaries=0 1 2 3 4 5
cat_threshold=22223392 26413648 6308 22348292 648
is_linear=0
shrinkage=0.05


Tree=23
num_leaves=31
num_cat=5
split_feature=30 4 24 16 39 3 16 16 16 50 49 31 4 4 54 13 11 47 39 16 29 38 36 41 4 26 19 42 23 38
split_gain=14.6015 9.30874 4.03158 3.25231 2.7787 2.35512 2.32537 2.29983 2.20966 2.17457 2.1379 2.01264 1.97441 1.89426 1.93247 2.05787 1.83917 2.44598 1.7601 1.5619 1.90371 1.87344 2.09844 2.34826 1.96602 1.72802 2.14828 1.72748 1.90597 1.5378
threshold=4.9166666666666679 0.81666666666666676 9.5322503552313425 0 -0.94999999999999984 2.0500000000000003 1 2 3 2.1500000000000008 16.400000000000002 1.1000000000000005 0.65833333333333344 0.18333333333333338 9.5000000000000036 -0.085727341951035402 0.78656609248549303 16.350000000000005 7.2500000000000009 4 5.5288886667555124 -1.0666666666664921 0.51595288837812658 9.9000000000000004 2.7583333333333333 22.641666666666669 38.500000000000007 0.75000000000000011 1.6459124578213438 -4.166666666666571
decision_type=2 2 2 9 8 2 9 9 9 10 10 2 2 2 2 2 2 10 10 9 2 10 2 10 2 2 2 10 2 10
left_child=3 2 8 12 -3 7 16 9 -2 11 -11 29 18 -8 -15 -16 -4 -18 -1 20 21 -7 23 -23 25 26 -25 -21 -29 -6
right_child=1 4 6 -5 5 19 13 -9 -10 10 -12 -13 -14 14 15 -17 17 -19 -20 27 -22 22 -24 24 -26 -27 -28 28 -30 -31
leaf_value=-0.02777336958489442 -0.0052590014844704266 0.06430554906186696 0.016884914493200186 -0.026633296062310675 0.054377363129425753 0.036638026857458567 -0.016361246392347758 -0.0018723166985603183 -0.019967853684998742 0.017435744980390279 0.28720808939256948 0.092473148392001964 0.0014839042290930025 0.0032518925160956954 0.042369688899915325 0.39874517926849129 0.021818151231477147 0.12446394511294211 -0.002906353804030426 -0.0088371284559923113 -0.015998120381936994 0.11994385031191356 0.032261365079326573 0.05726601420726618 0.25469747577058427 0.41751454740234761 0.10165092519838366 -0.035811877170918195 0.11531916290213984 0.012828371337430991
leaf_weight=1604 3227 23 882 3552 28 562 3849 2030 4620 80 24 169 957 4424 39 20 68 87 699 348 182 152 247 26 91 21 49 23 22 2341
leaf_count=1604 3227 23 882 3552 28 562 3849 2030 4620 80 24 169 957 4424 39 20 68 87 699 348 182 152 247 26 91 21 49 23 22 2341
internal_value=-0.000692372 -0.000104511 -0.000710383 -0.0027319 0.0015207 0.00145815 -1.01409e-05 0.000875408 -0.00154643 0.00184382 0.00893372 0.00156022 -0.00157488 -0.000288897 0.000409314 0.00939086 0.00221087 0.00725338 -0.00237289 0.00303813 0.003843 0.00462503 0.00660297 0.00915659 0.0129075 0.017898 0.0143142 0.000210865 0.0094235 0.00118399
internal_weight=30446 23634 17216 6812 6418 6395 9369 4672 7847 2642 104 2538 3260 8332 4483 59 1037 155 2303 1723 1330 1148 586 339 187 96 75 393 45 2369
internal_count=30446 23634 17216 6812 6418 6395 9369 4672 7847 2642 104 2538 3260 8332 4483 59 1037 155 2303 1723 1330 1148 586 339 187 96 75 393 45 2369
cat_boundaries=0 1 2 3 4 5
cat_threshold=22092320 229952 60295760 18285062 21236278
is_linear=0
shrinkage=0.05


Tree=24
num_leaves=31
num_cat=4
split_feature=30 7 3 16 32 16 26 7 16 36 39 6 32 26 2 39 11 3 11 36 27 1 19 36 14 3 31 23 38 23
split_gain=14.0562 8.72474 3.75158 3.12791 2.3585 2.17357 2.08429 1.74237 1.72707 1.92724 2.00267 2.60118 1.92781 2.20099 1.76478 1.98336 2.13412 1.48197 1.37045 1.59654 1.65127 1.99126 1.83872 1.35369 1.6206 1.69637 1.75465 1.90915 2.70549 1.51417
threshold=4.9166666666666679 0.65000000000000002 2.0500000000000003 0 1014.6166666666668 1 10.516666666666669 0.75000000000000011 2 0.48288961753131837 8.3500000000000032 2.7500000000000004 1016.3166666666668 22.81666666666667 1.5500000000000003 25.650000000000002 -0.12940952255126037 2.2500000000000004 0.37940952255126048 -0.18252165423137326 0.24494897427831797 0.95000000000000007 43.000000000000007 -0.20211927372851737 3 0.25000000000000006 0.14142135623730961 0.71491094821091361 -0.60000000000007947 2.0463636347849783
decision_type=2 2 2 9 2 9 2 2 9 2 10 2 2 2 8 10 2 2 2 2 2 2 2 2 1 2 2 2 10 2
left_child=3 4 5 7 6 -3 -2 -1 9 12 11 -11 13 17 -15 -16 -17 -4 -10 -20 -21 -22 -23 -7 25 -25 -27 28 -28 -29
right_child=1 2 8 -5 -6 23 -8 -9 18 10 -12 -13 -14 14 15 16 -18 -19 19 20 21 22 -24 24 -26 26 27 29 -30 -31
leaf_value=-0.021517684132692807 -0.021914384533603028 0.011411951175239318 0.087501344727157579 -0.025301631259195146 -0.024148142415752333 -0.012619380823329737 -0.0039638271859952761 -0.0016755781116618972 -0.0066099499899123608 0.013539142628077844 -0.0020983258187279824 0.096749016869538032 0.09937202081444152 0.03081152027417618 0.58570117210622386 0.40424867243562601 0.010289850472989118 0.039650072639555549 -0.0097412012492538655 0.095724976432171427 -0.031148107138121214 0.20512728487408538 -0.011972915076357865 -0.023978609351552882 -0.0029379893267040811 -0.032996668255117705 0.0067233928157464581 0.0026734592133709021 0.077322770009841668 0.067624196271749301
leaf_weight=1944 965 5838 41 3552 3498 1710 7092 1316 441 116 327 36 41 35 26 54 36 270 130 29 75 75 24 177 1813 85 33 346 20 301
leaf_count=1944 965 5838 41 3552 3498 1710 7092 1316 441 116 327 36 41 35 26 54 36 270 130 29 75 75 24 177 1813 85 33 346 20 301
internal_value=-0.000708795 -0.000132014 0.000807592 -0.00270989 -0.00111423 0.000444148 -0.000643533 -0.00157488 0.00294402 0.00432416 0.00209768 0.00683761 0.00652952 0.00560485 0.0105559 0.0135228 0.0099889 0.00319833 0.0011223 0.00355749 0.00632693 0.00448018 0.00913219 -0.000383752 0.000297285 0.00194424 0.0029614 0.00378517 0.0129002 0.00303662
internal_weight=30446 23634 12079 6812 11555 10323 8057 3260 1756 982 479 152 503 462 151 116 90 311 774 333 203 174 99 4485 2775 962 785 700 53 647
internal_count=30446 23634 12079 6812 11555 10323 8057 3260 1756 982 479 152 503 462 151 116 90 311 774 333 203 174 99 4485 2775 962 785 700 53 647
cat_boundaries=0 1 2 3 4
cat_threshold=22092320 59966032 21235750 4800
is_linear=0
shrinkage=0.05


Tree=25
num_leaves=31
num_cat=0
split_feature=7 26 2 26 32 47 2 18 31 47 51 35 33 40 12 12 32 2 50 12 19 35 40 52 33 4 49 12 49 7
split_gain=13.0773 8.49494 4.96338 4.34485 2.05568 1.9791 1.69784 2.20615 1.67215 2.41243 2.13863 3.13561 1.64219 1.63067 1.51325 2.14356 1.51092 1.59177 1.44579 1.44025 1.37098 1.36974 1.51175 1.31853 1.30967 2.01387 1.26431 2.88867 1.2598 1.21428
threshold=0.65000000000000002 11.116666666666669 2.3500000000000001 17.741666666666671 1020.0416666666669 29.450000000000003 1.4500000000000002 40.104600000000012 0.15664965809277251 26.950000000000003 0.20000000000000065 1.4571067811865477 0.49888765156985082 66.500000000000014 -0.95260028690456633 -0.97881962527324673 1020.5166666666668 0.95000000000000007 7.5500000000000007 -0.060046746386240357 65.500000000000014 31.114483892924003 82.500000000000014 -37.499999999999993 0.3299831645537456 4.5833333333333348 3.6500000000000008 0.99275167208230009 4.5000000000000009 1.3100000000000003
decision_type=2 2 10 2 2 10 8 2 2 8 10 2 2 10 2 2 2 8 10 2 2 2 10 8 2 2 8 2 10 2
left_child=1 -1 3 16 18 14 7 -5 9 10 11 -8 -7 -14 15 -4 17 21 26 -13 -17 23 -23 -2 -16 -26 27 -3 -12 -30
right_child=2 4 5 6 -6 12 8 -9 -10 -11 28 19 13 -15 24 20 -18 -19 -20 -21 -22 22 -24 -25 25 -27 -28 -29 29 -31
leaf_value=-0.023922565927018725 0.021834713559474531 0.0064406836937551159 0.039908832593305354 0.04293669523280208 -0.029357161694184803 0.27836769811375095 0.23356836727126129 -0.011178916138191584 0.023585956379204579 -0.033512078297095203 0.37570096756043103 0.032901183455877808 0.21555760340799607 -0.013046737619096659 -0.0015250117860814605 0.14832051345242489 -0.021534797320981885 0.001161079138226867 0.18959188424307971 0.24442608793450893 0.061544236843091307 -0.031473499116974168 0.05096322981747195 -0.011079634796965443 0.033688874575869991 0.14477033260310229 -0.01148849137178822 0.10451684008476624 0.18867985733540216 -0.018265986004770491
leaf_weight=5651 39 1151 62 1000 902 30 34 1531 1967 95 27 55 24 37 423 29 619 4512 24 24 32 31 32 3504 606 95 7853 31 42 67
leaf_count=5651 39 1151 62 1000 902 30 34 1531 1967 95 27 55 24 37 423 29 619 4512 24 24 32 31 32 3504 606 95 7853 31 42 67
internal_value=-0.000705721 -0.00171726 0.000352949 6.66453e-05 -0.000838764 0.00325835 0.00126804 0.000373354 0.00224785 0.00546353 0.00804898 0.01313 0.0103732 0.00564648 0.00273835 0.00800162 -0.00059917 -0.000417587 -0.000612093 0.00764854 0.0146481 -0.00120074 0.00610143 -0.00133076 0.00216173 0.00348738 -0.000644709 0.000879789 0.00382072 0.00142071
internal_weight=30529 15612 14917 13579 9961 1338 4842 2531 2311 344 249 113 91 61 1247 123 8737 8118 9059 79 61 3606 63 3543 1124 701 9035 1182 136 109
internal_count=30529 15612 14917 13579 9961 1338 4842 2531 2311 344 249 113 91 61 1247 123 8737 8118 9059 79 61 3606 63 3543 1124 701 9035 1182 136 109
is_linear=0
shrinkage=0.05


Tree=26
num_leaves=31
num_cat=0
split_feature=7 26 30 3 2 32 23 48 36 36 2 37 32 4 13 35 2 3 10 26 32 37 42 45 1 34 49 2 4 27
split_gain=11.9014 8.08316 4.46496 2.35499 2.213 2.00437 1.74327 2.0041 2.03931 2.65972 1.60055 2.00988 1.45645 1.45825 1.66782 1.42149 1.342 1.60658 2.13345 2.85549 2.25621 2.0696 2.02415 1.78334 1.73003 2.85808 1.55507 2.23798 1.28581 1.27378
threshold=0.65000000000000002 11.116666666666669 12.116666666666669 4.2500000000000009 0.95000000000000007 1017.5166666666668 1.1376538558147085 86.500000000000014 0.48288961753131837 -0.1036944255787824 1.9500000000000002 0.97084095955797012 1019.7583333333333 5.1583333333333341 0.69791844337451392 6.5743120962686392 0.24000000000000005 0.15000000000000005 -0.78656609248549292 24.441666666666674 1008.8166666666668 -0.34122636676478468 0.15000000000000005 5.2000000000000011 1.5250000000000001 91.833333333333357 11.15 0.15000000000000005 0.14166666666666669 0.3265986323710906
decision_type=2 2 2 2 8 2 2 8 2 2 10 2 2 2 2 2 10 2 2 2 2 2 10 10 2 2 10 8 2 2
left_child=1 -1 4 10 15 28 7 8 9 29 16 -12 13 -6 -15 -2 17 -4 19 21 23 24 -22 -21 26 -26 -19 -28 -3 -5
right_child=2 5 3 6 12 -7 -8 -9 -10 -11 11 -13 -14 14 -16 -17 -18 18 -20 20 22 -23 -24 -25 25 -27 27 -29 -30 -31
leaf_value=-0.022726437630667784 -0.015817624203830018 -0.012218882625576702 -0.016593912336969441 0.28557610440234743 0.0015182372430680635 -0.025595409037315012 0.052393276795839751 -0.013526640176302663 0.0075249408117109345 0.60396853658428351 0.051361780341402888 0.16711989219552181 -0.01569466507331407 0.0046942756946011972 0.12343556661474796 -0.0010012197156106142 -0.002849911820963778 -0.024522079209387218 0.013954986614954042 0.054538398472075582 0.044754122365578262 -0.0155228160097425 0.35236811238858323 0.19596952168316806 0.36943661410585399 0.0023953229743393215 -0.026781029684307778 0.15713996064101457 0.0026109650553408888 0.054057401974596991
leaf_weight=5651 2080 4912 544 25 4005 1714 165 43 28 39 845 25 384 41 20 1009 2390 59 2636 20 95 256 38 28 21 21 26 44 3335 30
leaf_count=5651 2080 4912 544 25 4005 1714 165 43 28 39 845 25 384 41 20 1009 2390 59 2636 20 95 256 38 28 21 21 26 44 3335 30
internal_value=-0.000710635 -0.00167562 0.00029932 0.00117374 -0.000556434 -0.000818686 0.00530142 0.00893398 0.0122031 0.0157279 0.000980405 0.00298816 0.000157299 0.000435305 0.00810147 -0.00158461 0.000697624 0.00128296 0.00170463 0.00437428 0.00963556 0.00214235 0.00627348 0.0189189 0.00639977 0.0152019 0.0035244 0.0085592 -0.000495327 0.00862069
internal_weight=30529 15612 14917 7378 7539 9961 330 165 122 94 7048 870 4450 4066 61 3089 6178 3788 3244 608 181 427 133 48 171 42 129 70 8247 55
internal_count=30529 15612 14917 7378 7539 9961 330 165 122 94 7048 870 4450 4066 61 3089 6178 3788 3244 608 181 427 133 48 171 42 129 70 8247 55
is_linear=0
shrinkage=0.05


Tree=27
num_leaves=31
num_cat=4
split_feature=30 4 16 6 16 16 39 28 31 1 38 7 29 27 23 48 31 7 14 26 36 38 44 44 15 30 31 23 10 34
split_gain=11.0057 6.44737 3.53105 2.61937 2.57422 2.03956 2.7651 1.96469 1.86363 1.81523 1.98182 1.69323 1.51594 1.79132 1.65962 1.56475 1.57903 1.49208 1.47524 1.39731 2.44247 1.38255 1.61038 2.06026 1.35979 2.02962 2.03836 2.14075 2.87117 1.41961
threshold=5.8416666666666677 0.51666666666666683 0 2.5500000000000003 1 2 29.450000000000003 77.833333333333357 0.65996632910744524 0.55000000000000016 0.53333333333335997 1.4500000000000002 2.5623346456686353 0.34999999999999981 1.9017181775537824 82.500000000000014 0.38149242336291639 0.8500000000000002 3 14.883333333333335 0.56034827375704321 -1.033333333333246 60.500000000000007 67.500000000000014 2022.5000000000002 23.716666666666672 1.2499444419750902 3.0530329876099178 0.12940952255126045 73.416666666666671
decision_type=2 2 9 2 9 9 8 2 2 2 10 2 2 2 2 8 2 2 1 2 2 10 8 10 2 2 2 2 2 2
left_child=2 4 9 5 18 6 7 21 -5 -1 -11 -8 13 -12 -14 16 -16 -4 -2 20 -10 22 -3 -24 25 -6 27 28 29 -27
right_child=1 3 17 8 24 -7 11 -9 19 10 12 -13 14 -15 15 -17 -18 -19 -20 -21 -22 -23 23 -25 -26 26 -28 -29 -30 -31
leaf_value=-0.015379996235377391 -0.013026681336467708 -0.0015089500974987014 -0.025594503369200022 0.030196458555480529 -0.0011898881814031679 -0.0010675404332276431 -0.013753738975148051 0.0086999920246491214 -0.048636496874172826 -0.00329610921773172 0.0039456322103756268 0.23049925105418448 -0.023280689417448902 0.050460809109229225 0.020728283416724193 -0.0039517319394438821 0.027426453566745553 -0.0099963990591590366 -0.029627138636237317 0.37351987836485023 0.11818930246699758 0.030498018730485965 0.22715205700757571 0.13321104628667899 -0.010272915271109075 -0.031491310834136303 0.18182477798465235 -0.021960125374307492 0.35798139144786317 0.082754547874821699
leaf_weight=2460 1818 45 3014 216 4333 4006 44 4266 23 1055 31 115 85 40 23 40 34 1173 1618 29 27 328 21 76 5251 44 24 188 20 82
leaf_count=2460 1818 45 3014 216 4333 4006 44 4266 23 1055 31 115 85 40 23 40 34 1173 1618 29 27 328 21 76 5251 44 24 188 20 82
internal_value=-0.000710635 -0.000147072 -0.00230984 0.000872108 -0.000847655 0.000718449 0.0014016 0.00118663 0.00550661 -0.00118843 0.000313431 0.00788812 0.00428684 0.0104782 0.0018671 0.00633368 0.0116462 -0.00330824 -0.00202548 0.0120733 0.00698603 0.00425441 0.00837438 0.0119979 -0.0004381 0.000180127 0.00379782 0.0027836 0.00732375 0.00452022
internal_weight=30529 22574 7955 9196 13378 8901 4895 4736 295 3768 1308 159 253 71 182 97 57 4187 3436 79 50 470 142 97 9942 4691 358 334 146 126
internal_count=30529 22574 7955 9196 13378 8901 4895 4736 295 3768 1308 159 253 71 182 97 57 4187 3436 79 50 470 142 97 9942 4691 358 334 146 126
cat_boundaries=0 1 2 3 4
cat_threshold=22219296 4732964 26544710 3274
is_linear=0
shrinkage=0.05


Tree=28
num_leaves=31
num_cat=7
split_feature=30 4 4 2 16 16 32 52 26 30 51 16 10 26 35 47 16 36 50 14 37 37 41 23 3 14 49 41 14 26
split_gain=10.4376 5.96665 3.28315 3.11543 2.52201 2.3448 2.06608 2.03376 1.98513 1.96198 1.94792 1.82718 1.73497 2.10132 2.16243 1.72053 1.84322 1.6911 1.96148 1.66631 1.63674 2.03652 2.07598 2.16106 1.96963 1.84671 1.91436 2.34635 1.64638 1.97469
threshold=5.8416666666666677 0.14166666666666669 0.61666666666666681 1.9500000000000002 0 1 1011.8416666666668 -32.499999999999993 17.483333333333338 12.31666666666667 2.0000000000000018 2 0.12940952255126045 24.81666666666667 0.48570226039551589 27.450000000000003 3 -0.68959345243092296 7.0500000000000007 4 0.066660154631654742 0.77597465094377449 7.3000000000000016 1.8693202147520467 0.65000000000000002 5 12.800000000000002 12.050000000000002 6 20.216666666666672
decision_type=2 2 2 10 9 9 2 10 2 2 10 9 2 2 2 10 9 2 8 1 2 2 10 2 2 1 10 10 1 2
left_child=2 9 5 4 6 7 10 -1 -6 -2 17 20 13 -13 -15 16 -5 -3 -19 -14 28 22 -22 24 -24 26 -25 -28 29 -10
right_child=1 3 -4 15 8 -7 -8 -9 11 -11 -12 12 19 14 -16 -17 -18 18 -20 -21 21 -23 23 25 -26 -27 27 -29 -30 -31
leaf_value=0.036053795315559155 -0.023166187946567315 -0.010429623122005009 -0.0031339580925481927 0.048642158354750553 -0.0057743265863713523 -0.024553245221319766 -0.003768342530264725 -0.011425704445400274 0.080876449603976164 -0.010574230013466348 -0.0062671206995847124 -0.0060652290369311822 0.016476640373893948 0.090291005173141967 0.030952672570981707 0.09859392796330603 0.0059411915756954533 0.068649737878483053 0.24024573908475566 -0.018913603658647991 -0.016714316668265422 -0.013244151056963388 0.035275077545380416 0.075783072542914443 0.18085809202263869 0.051832061659723261 0.27404651760847898 0.093494569990149226 -0.0058718123264177805 0.10252514173497862
leaf_weight=41 2400 164 2244 532 6500 3899 655 1771 107 4081 358 884 773 86 674 193 829 1003 20 1941 76 134 23 46 22 145 22 33 688 185
leaf_count=41 2400 164 2244 532 6500 3899 655 1771 107 4081 358 884 773 86 674 193 829 1003 20 1941 76 134 23 46 22 145 22 33 688 185
internal_value=-0.000695895 -0.000147072 -0.00225327 0.00036879 0.000141342 -0.00288999 0.00169675 -0.00137753 -0.000137258 -0.001428 0.00270209 0.000531759 1.37348e-05 0.00129554 0.00322326 0.00249662 0.00186981 0.00367703 0.00443261 -0.000762685 0.00204212 0.00438036 0.00630618 0.00822741 0.0182927 0.00637952 0.0112061 0.0186025 0.000867257 0.00393909
internal_weight=30529 22574 7955 16093 14539 5711 2200 1812 12339 6481 1545 5839 4358 1644 760 1554 1361 1187 1023 2714 1481 501 367 291 45 246 101 55 980 292
internal_count=30529 22574 7955 16093 14539 5711 2200 1812 12339 6481 1545 5839 4358 1644 760 1554 1361 1187 1023 2714 1481 501 367 291 45 246 101 55 980 292
cat_boundaries=0 1 2 3 4 5 6 7
cat_threshold=16777730 4393504 14123072 1525796 6272 2850 4612
is_linear=0
shrinkage=0.05


Tree=29
num_leaves=31
num_cat=6
split_feature=24 4 24 2 16 39 39 16 49 47 6 16 37 38 3 5 4 34 16 49 37 11 12 44 14 37 53 27 26 16
split_gain=10.0303 6.81027 3.4612 2.5774 1.96827 2.55367 2.50252 1.86726 1.86174 1.86154 1.85024 1.66122 1.87287 2.09051 1.87165 1.64069 1.60879 2.02888 1.52015 1.44827 1.79788 2.36413 1.8567 1.43067 2.12551 1.65058 1.31949 1.3058 1.29451 2.11566
threshold=5.0553284399411451 0.8416666666666669 9.5865904842841339 1.0500000000000003 0 29.250000000000004 31.250000000000004 1 4.1500000000000012 29.650000000000002 2.6500000000000008 2 -0.44127723496570709 -0.99999999999994305 1.0000000180025095e-35 0.83599336977244476 0.14166666666666669 88.833333333333357 3 11.050000000000002 0.69064368862621006 -0.12940952255126037 0.19613531578169985 76.500000000000014 4 -0.83450398190757047 -1.8500000000000012 0.28284271247461901 17.741666666666671 5
decision_type=2 2 2 8 9 10 10 9 10 10 2 9 2 10 2 2 2 2 9 10 2 2 2 10 1 2 10 2 2 9
left_child=3 2 16 -1 5 10 9 -5 -4 -7 -3 12 -10 14 -14 -12 -2 18 -18 26 21 22 -21 24 -20 -26 -16 -15 -6 -30
right_child=1 4 8 7 28 6 -8 -9 11 -11 15 -13 13 27 19 -17 17 -19 23 20 -22 -23 -24 -25 25 -27 -28 -29 29 -31
leaf_value=-0.021773395468562839 -0.019864502680622145 0.016530085658355845 0.024099463904560834 -0.023325582960253777 -0.0018061541448495221 0.28090201442415758 -0.033317846442289939 -0.0010769682746179718 -0.017493759631067956 0.8855815420402412 0.0017284379616492478 -0.011679355971995022 -0.0011890291900932212 0.045280312025027455 0.23239155251467036 0.15299205266562749 -0.0072599567602725365 -0.011017626139738619 -0.00054288746001590442 0.089142711416868387 0.036531661815636433 0.37491417102976676 0.086536357323770602 0.0034214791738135029 0.050218534421306527 0.028310979823274414 -0.036742649618076113 0.00020109823284390744 0.17355712722248906 0.016470274166606749
leaf_weight=3872 3344 2141 1446 473 2350 38 29 1447 1089 23 55 5449 109 180 24 95 745 4204 114 26 53 30 39 290 22 133 46 900 182 1581
leaf_count=3872 3344 2141 1446 473 2350 38 29 1447 1089 23 55 5449 109 180 24 95 745 4204 114 26 53 30 39 290 22 133 46 900 182 1581
internal_value=-0.000692619 -0.000254073 -0.000749052 -0.00256556 0.00113641 0.00227719 0.0105438 -0.00106765 -8.03965e-05 0.0162848 0.00196194 -0.000380739 0.000686324 0.00189397 0.0053959 0.00732845 -0.00145841 -0.000933172 0.000789816 0.00806969 0.010871 0.0149842 0.00960061 0.00273238 0.00540691 0.00893398 0.0021398 0.000833255 0.000469306 0.00149453
internal_weight=30529 24737 18243 5792 6494 2381 90 1920 9391 61 2291 7945 2496 1407 327 150 8852 5508 1304 218 148 95 65 559 269 155 70 1080 4113 1763
internal_count=30529 24737 18243 5792 6494 2381 90 1920 9391 61 2291 7945 2496 1407 327 150 8852 5508 1304 218 148 95 65 559 269 155 70 1080 4113 1763
cat_boundaries=0 1 2 3 4 5 6
cat_threshold=17828356 794644 13881858 5122148 1200 4653056
is_linear=0
shrinkage=0.05


Tree=30
num_leaves=31
num_cat=4
split_feature=24 6 16 7 16 26 2 16 13 1 33 7 40 50 52 46 13 51 9 38 26 10 16 40 1 53 11 31 34 12
split_gain=9.57012 5.24872 3.12106 2.81333 2.43345 3.04051 2.26636 1.87713 1.87221 3.23668 2.31092 1.85092 1.65992 1.52583 1.63495 1.61536 1.50764 1.5331 1.42414 1.3825 1.31768 1.46375 1.54407 1.31563 1.28773 1.26681 1.21425 1.58846 1.34238 1.30811
threshold=5.0553284399411451 0.35000000000000003 0 0.75000000000000011 1 22.158333333333335 1.2500000000000002 2 -0.034326335927271065 0.25000000000000006 0.20000000000001708 1.0250000000000001 40.500000000000007 6.8500000000000005 12.500000000000002 1.9500000000000002 -0.82964644928663578 3.149999999999999 8.5000000000000018 -2.0333333333332457 8.9166666666666696 0.37940952255126054 3 34.500000000000007 7.3500000000000005 -3.149999999999999 0.37940952255126048 1.4406769944101601 92.833333333333357 0.99054754357789243
decision_type=2 2 9 2 9 2 8 9 2 2 2 2 8 8 10 10 2 10 2 10 2 2 9 8 2 10 2 2 2 2
left_child=3 2 -2 7 5 24 11 8 9 -1 -11 -7 25 14 19 -16 17 18 -15 -4 -21 22 26 -23 -3 -6 29 -28 -29 -22
right_child=1 4 13 -5 12 6 -8 -9 -10 10 -12 -13 -14 16 15 -17 -18 -19 -20 20 21 23 -24 -25 -26 -27 27 28 -30 -31
leaf_value=-0.0079585706657259621 -0.015904978175705426 0.0094551229851019339 0.030009437367638087 -0.0049275883608906603 0.031149356135581965 0.083018304109429786 0.20891104500751842 -0.022619710522853831 -0.016715216300404068 -0.0014237502597035713 0.055226652802533818 -0.059596474632710332 -0.0031842872437943988 0.21310682661644159 -0.014343268808181531 0.12028211777871795 0.00054488458974079974 -0.017001842576607508 0.050839457722232251 -0.018089506479785297 0.0013034260611586791 0.078573991968165058 -0.0042782667306701496 -0.0096307500139536581 0.14528533862270898 0.023000039942238412 0.025287504403093981 0.060729420086962506 0.00069381551650240592 0.056275136089768141
leaf_weight=128 5700 2900 636 2023 20 20 436 2884 737 20 34 86 2411 34 2471 60 134 21 30 591 1573 31 2421 3858 64 78 1043 41 25 53
leaf_count=128 5700 2900 636 2023 20 20 436 2884 737 20 34 86 2411 34 2471 60 134 21 30 591 1573 31 2421 3858 64 78 1043 41 25 53
internal_value=-0.000679415 -0.000250031 -0.000662854 -0.00250253 0.00103489 0.00188277 0.00533112 -0.00330388 -0.00128619 0.00323998 0.0134935 -0.00122526 -0.000156803 -0.000234806 -0.000305787 -0.00144404 0.00390233 0.00910693 0.0129485 -2.53125e-05 -0.000174346 -2.48765e-05 0.000527529 -0.000757246 0.00125839 0.00621814 0.00133875 0.00261924 0.0101362 0.000473524
internal_weight=30563 24737 18722 5826 6015 3506 542 3803 919 182 54 106 2509 13022 12803 2531 219 85 64 10272 9636 9045 5156 3889 2964 98 2735 1109 66 1626
internal_count=30563 24737 18722 5826 6015 3506 542 3803 919 182 54 106 2509 13022 12803 2531 219 85 64 10272 9636 9045 5156 3889 2964 98 2735 1109 66 1626
cat_boundaries=0 1 2 3 4
cat_threshold=4749348 26544660 4262432 33653314
is_linear=0
shrinkage=0.05


Tree=31
num_leaves=31
num_cat=5
split_feature=30 4 24 16 4 16 16 47 36 38 23 5 35 18 33 9 35 51 35 16 52 14 12 48 30 10 3 52 10 51
split_gain=9.17081 5.29215 3.14506 2.42007 2.40218 2.20897 2.09177 2.16914 1.84616 1.76782 1.83379 1.74267 2.03453 1.61193 1.5822 1.86976 1.75292 3.23877 1.53895 1.45689 1.81353 1.43893 1.43197 1.89508 1.75625 2.24408 1.89059 1.71825 3.31889 1.532
threshold=2.8583333333333338 1.5583333333333336 9.5322503552313425 0 0.64166666666666683 1 2 30.550000000000004 -0.19280597302859098 -1.9999999999999429 2.3017993831625234 0.10000000000000007 22.16353233746651 -120.68151999999999 0.24944382578496593 7.5000000000000009 2.4032561733691682 -0.60000000000000087 9.888258264982186 3 -34.499999999999993 4 -0.99863729997741457 48.500000000000007 23.158333333333335 1.0000000180025095e-35 0.25000000000000006 -2.4999999999999996 -0.9159756150367534 1.1000000000000005
decision_type=2 2 2 9 2 9 9 10 2 8 2 2 2 2 2 2 2 10 2 9 10 1 2 10 2 2 2 10 2 10
left_child=4 2 5 14 19 -2 -3 21 9 10 -5 -7 -13 -14 -4 16 17 -16 -17 20 -1 -8 23 -10 -24 26 -26 -28 -29 -25
right_child=1 6 3 8 -6 11 7 -9 22 -11 -12 12 13 -15 15 18 -18 -19 -20 -21 -22 -23 24 29 25 -27 27 28 -30 -31
leaf_value=0.0397925112272106 -0.018321729264885667 -0.004671015287342593 -0.0024236622875259718 0.16426020884825684 -0.0026335262829837447 -0.01453999061262393 0.0050195995966196491 0.65230792568535634 0.38545301461239206 0.0033688940493572144 0.064148988439350629 -0.0028670331465660594 0.054198948061061548 0.015279355271797267 0.27510586396569181 -0.0065061334426600838 0.098909978960076139 0.025772867349464757 0.060415864427033963 -0.022964645209191694 -0.010390766593698707 0.041756873258625662 -0.018462261700355028 -0.020979498187444105 0.00079085184748209781 -0.010011521809159108 0.012869537585401884 0.18662748490892905 0.088105767312861502 0.2686295970369052
leaf_weight=28 2794 762 697 27 1088 3455 851 55 22 3345 188 5023 78 300 37 318 221 66 415 2747 774 1294 4083 87 254 1274 89 31 134 26
leaf_count=28 2794 762 697 27 1088 3455 851 55 22 3345 188 5023 78 300 37 318 221 66 415 2747 774 1294 4083 87 254 1274 89 31 134 26
internal_value=-0.000687595 -0.000321299 -0.00057786 1.59082e-05 -0.00273555 -0.0011545 0.00166773 0.00244333 -0.000297804 0.000603914 0.00499767 -0.000764712 -0.000204589 0.00333245 0.00171759 0.00294674 0.00610922 0.0114937 0.00154822 -0.00336564 -0.0014284 0.00220269 -0.000833321 0.00425611 -0.000950539 0.000359126 0.00316867 0.00621802 0.00923682 0.00163572
internal_weight=30563 25926 22964 11314 4637 11650 2962 2200 9560 3560 215 8856 5401 378 1754 1057 324 103 733 3549 802 2145 6000 135 5865 1782 508 254 165 113
internal_count=30563 25926 22964 11314 4637 11650 2962 2200 9560 3560 215 8856 5401 378 1754 1057 324 103 733 3549 802 2145 6000 135 5865 1782 508 254 165 113
cat_boundaries=0 1 2 3 4 5
cat_threshold=1282624 8957984 37929026 330240 4280
is_linear=0
shrinkage=0.05


Tree=32
num_leaves=31
num_cat=5
split_feature=30 4 4 2 26 41 32 16 26 16 32 38 1 37 38 34 5 6 13 17 44 16 39 16 39 1 16 52 12 13
split_gain=8.40623 4.78363 2.28425 2.13068 2.05099 1.71941 1.71608 1.63859 1.57568 1.68425 1.5243 2.46971 2.44689 3.16117 1.51064 2.10842 1.98063 1.8855 1.63722 2.32285 1.99007 1.48824 1.48256 1.41201 1.39178 1.38165 1.28733 1.81353 1.27724 1.94881
threshold=2.8583333333333338 0.35833333333333339 0.64166666666666683 2.3500000000000001 19.783333333333339 7.5000000000000009 999.78333333333353 0 14.783333333333337 1 999.14166666666677 -1.1499999999999202 0.8500000000000002 0.38051738676962321 -0.79999999999989757 97.166666666666671 1.9547958971132715 2.5500000000000003 0.52211334636400808 40.565535000000004 68.500000000000014 2 1.0500000000000003 3 -0.24999999999999997 0.45000000000000007 4 -34.499999999999993 -0.45473838294431457 -0.20454453068330639
decision_type=2 2 2 10 2 10 2 9 2 9 2 10 2 2 10 2 2 2 2 2 10 9 10 9 10 2 9 10 2 2
left_child=2 4 26 8 23 -6 -7 -5 21 25 11 -4 13 -13 15 16 18 -16 -9 20 -20 -3 24 -2 -14 -10 27 -1 29 -17
right_child=1 3 10 7 5 6 -8 14 9 -11 -12 12 22 -15 17 28 -18 -19 19 -21 -22 -23 -24 -25 -26 -27 -28 -29 -30 -31
leaf_value=0.037802885665850071 -0.025636656905999412 0.00089837488928168623 -0.0061274386930574871 -0.0066195721060118319 0.011825747640398804 0.056249084599923484 -0.013836055806846588 0.016463069138638122 -0.0015768807148935256 0.00184522311802094 -0.0085472275129150396 0.02629076542306227 -0.0028219279474397691 0.0066126371649402049 0.0051024104576882995 0.25502674255501839 0.18895203950698766 0.21033338426420456 0.13422338047954707 0.14278899367387998 -0.027334555928527678 -0.0074222415946455849 -0.0052371762256147106 -0.0097849290835947417 0.048439334098865944 0.056210873159996233 -0.021816412948732114 -0.0098712282640137754 -0.0012130690286672773 0.043843030275295625
leaf_weight=28 1620 3307 219 266 1595 48 3573 78 541 4491 724 23 20 20 431 22 42 26 25 21 32 2355 58 5919 24 1216 2747 774 198 120
leaf_count=28 1620 3307 219 266 1595 48 3573 78 541 4491 724 23 20 20 431 22 42 26 25 21 32 2355 58 5919 24 1216 2747 774 198 120
internal_value=-0.000677779 -0.000327085 -0.0026385 0.000341276 -0.00101724 -0.000254981 -0.000857475 0.00229561 0.000134339 0.000681806 -0.000634134 0.00200494 0.00706409 0.0170534 0.00320863 0.00503624 0.0091368 0.00112667 0.00653427 0.0116517 0.00639229 -0.000469792 0.00284035 -0.00154462 0.00975057 0.00198913 -0.00325294 -0.0014284 0.00264628 0.00626319
internal_weight=30563 25926 4637 13171 12755 5216 3621 1261 11910 6248 1088 364 145 43 995 538 198 457 156 78 57 5662 102 7539 44 1757 3549 802 340 142
internal_count=30563 25926 4637 13171 12755 5216 3621 1261 11910 6248 1088 364 145 43 995 538 198 457 156 78 57 5662 102 7539 44 1757 3549 802 340 142
cat_boundaries=0 1 2 3 4 5
cat_threshold=4211266 22092352 330262 4730912 330240
is_linear=0
shrinkage=0.05


Tree=33
num_leaves=31
num_cat=5
split_feature=30 4 26 16 4 34 14 33 36 16 5 45 29 51 47 24 44 26 51 54 44 43 32 38 45 36 16 52 16 13
split_gain=8.40623 4.12644 2.38518 2.5997 2.1807 1.86768 1.89007 2.41626 2.13291 1.78446 1.69341 2.08821 1.60712 2.39008 1.57419 1.53055 1.86776 1.63092 2.80787 1.48132 2.07024 1.28847 1.27155 2.08156 2.26111 2.07036 1.26686 1.81353 1.24233 1.21435
threshold=2.8583333333333338 0.14166666666666669 17.483333333333338 0 0.64166666666666683 80.583333333333357 1 0.47491392863561316 -0.3892269216880278 2 1.9905303326351376 13.850000000000001 2.9719601443879751 -1.0999999999999999 30.950000000000003 9.5322503552313425 99.500000000000014 26.716666666666672 2.2500000000000004 9.5000000000000036 61.500000000000007 24.450000000000003 999.14166666666677 -1.1499999999999202 11.050000000000002 -0.072529402855811179 3 -34.499999999999993 4 -0.8905837001257676
decision_type=2 2 2 9 2 2 1 2 2 9 2 10 2 10 10 2 8 2 10 2 10 10 2 10 10 2 9 10 9 2
left_child=4 15 3 5 26 6 7 12 -9 10 29 14 -3 -14 21 -2 28 18 -18 -11 -21 -12 23 -6 25 -25 27 -1 -17 -4
right_child=1 2 9 -5 22 -7 -8 8 -10 19 11 -13 13 -15 -16 16 17 -19 -20 20 -22 -23 -24 24 -26 -27 -28 -29 -30 -31
leaf_value=0.03591274138255756 -0.01738329724386772 -0.0060936416535146525 -0.0042553221601061659 -0.008519482426398781 -0.0058210667584046132 0.00012574454912324591 0.001755605909168833 0.02069409368168668 0.081024487114526728 0.0027465979222877951 0.1277448818096962 0.29910908110190876 0.12904065564007747 0.036218200663482344 0.77655250331543713 0.019652381560584388 0.055391384336554862 -0.030851238381836961 0.16948803222106973 0.023192559054117174 0.1666073730115176 -0.023499595214222319 -0.0081198661372692809 0.046081329275804987 0.0043136287039924077 0.04155538381399234 -0.020725592301295503 -0.0093776668508130812 -0.012794940341079201 0.04986683773957027
leaf_weight=28 3677 72 602 4872 219 5513 257 20 25 5708 42 26 24 78 20 249 71 29 25 59 25 75 724 20 95 30 2747 774 3339 1118
leaf_count=28 3677 72 602 4872 219 5513 257 20 25 5708 42 26 24 78 20 249 71 29 25 59 25 75 724 20 95 30 2747 774 3339 1118
internal_value=-0.000677779 -0.000327085 7.12112e-05 -0.000405577 -0.0026385 0.000292543 0.00329763 0.00656918 0.017184 0.000745917 0.0020786 0.00695892 0.00419299 0.00822723 0.00448578 -0.0013261 -0.000610004 0.00539568 0.00853278 0.000308508 0.00689655 0.00226302 -0.000680086 0.00173029 0.00637491 0.0149701 -0.00323885 -0.0014284 -0.000819376 0.00162781
internal_weight=30563 25926 18536 10861 4637 5989 476 219 45 7675 1883 163 174 102 137 7390 3713 125 96 5792 84 117 1088 364 145 50 3549 802 3588 1720
internal_count=30563 25926 18536 10861 4637 5989 476 219 45 7675 1883 163 174 102 137 7390 3713 125 96 5792 84 117 1088 364 145 50 3549 802 3588 1720
cat_boundaries=0 1 2 3 4 5
cat_threshold=21301780 2724 22233664 330240 1642560
is_linear=0
shrinkage=0.05


Tree=34
num_leaves=31
num_cat=3
split_feature=30 1 16 16 26 38 7 54 39 47 41 39 1 11 7 42 14 1 8 44 44 37 9 47 39 43 34 43 11 42
split_gain=8.14495 4.18318 2.80472 2.23857 2.03886 2.72411 1.78707 1.75476 2.94938 1.71647 1.60439 2.08383 1.72005 2.08819 1.56538 1.43796 1.4275 2.54675 1.4179 1.40495 1.40162 1.39713 1.38779 1.37338 1.71587 1.54746 1.36954 2.5226 1.39555 1.93088
threshold=2.8583333333333338 0.35000000000000003 0 1 22.158333333333335 -2.1333333333333822 0.75000000000000011 1.7333333333333349 23.350000000000005 25.050000000000004 2.3500000000000005 26.450000000000003 0.15000000000000005 0.37940952255126048 2.6500000000000008 0.65000000000000002 2 1.7500000000000002 2.5000000000000004 99.500000000000014 66.500000000000014 -0.54180359862282301 7.5000000000000009 26.450000000000003 23.350000000000005 23.250000000000004 89.583333333333357 3.2500000000000004 0.78656609248549303 0.75000000000000011
decision_type=2 2 9 9 2 10 2 2 10 10 10 8 2 2 2 10 1 2 2 10 10 2 2 8 10 10 2 10 2 10
left_child=6 3 4 -2 26 9 -1 8 14 -6 11 -5 13 -13 -7 -4 17 -17 -10 -12 -19 -20 -9 24 -21 -26 27 -3 -29 -30
right_child=1 2 15 10 5 7 -8 22 18 -11 19 12 -14 -15 -16 16 -18 20 21 23 -22 -23 -24 -25 25 -27 -28 28 29 -31
leaf_value=-0.018098581629286969 -0.016497258131007199 0.045606799925442414 -0.0056064209495755865 0.0032585190925749508 0.018744430401526416 0.2341664625156224 -0.0041727828880755366 -0.057063447837137994 0.20694805188587259 0.28058717533598687 -0.0069022641967502203 -0.034157597434135649 0.14585381088584853 0.16865224210652066 0.53780289665778713 0.014499675568452093 -0.0037418886780109756 0.2302946042978854 -0.056821944492148849 0.017838699233924251 0.11163506316522201 0.034974086439977757 0.051724011644822467 -0.01783918942293071 0.14724603299700256 0.044469772775132477 0.0022412855897320869 0.015938712739780328 0.034101689357178867 0.11080957953206623
leaf_weight=3108 4069 23 4559 510 21 32 1529 147 161 38 9898 45 24 46 26 189 387 21 92 212 53 41 460 93 22 38 3872 682 137 28
leaf_count=3108 4069 23 4559 510 21 32 1529 147 161 38 9898 45 24 46 26 189 387 21 92 212 53 41 460 93 22 38 3872 682 137 28
internal_value=-0.000676143 -0.000330942 0.000410698 -0.000874837 0.00116982 0.00320204 -0.00260616 0.00255969 0.00536779 0.013621 -0.000499171 0.00195969 0.00803649 0.00488474 0.0156626 -0.000430152 0.00176896 0.00452215 0.0033322 -0.000649415 0.0125506 -0.000488356 0.000930653 0.0023966 0.00418963 0.0116473 0.00073596 0.00252844 0.00208358 0.00620836
internal_weight=30563 25926 10969 14957 5760 1018 4637 959 352 59 10888 625 115 91 58 5209 650 263 294 10263 74 133 607 365 272 60 4742 870 847 165
internal_count=30563 25926 10969 14957 5760 1018 4637 959 352 59 10888 625 115 91 58 5209 650 263 294 10263 74 133 607 365 272 60 4742 870 847 165
cat_boundaries=0 1 2 3
cat_threshold=30476820 4732964 7680
is_linear=0
shrinkage=0.05


Tree=35
num_leaves=31
num_cat=4
split_feature=30 4 30 3 16 9 13 6 16 52 37 16 16 28 39 34 39 12 43 6 51 12 48 25 44 12 25 51 34 4
split_gain=8.40492 3.78446 2.07125 1.67528 1.93429 1.66454 2.20102 1.6449 1.51326 1.54302 1.5062 1.38419 1.37656 1.5094 1.7934 1.84445 1.74657 1.46527 1.36309 1.35967 1.91073 1.35691 1.81051 1.53847 1.71347 1.35477 1.40331 1.34322 1.3291 2.19062
threshold=2.8583333333333338 0.4166666666666668 15.458333333333337 0.55000000000000016 0 19.500000000000004 0.98376170968447496 2.6500000000000008 1 -27.499999999999996 -0.7677960035556467 2 3 77.583333333333357 17.750000000000004 85.833333333333357 29.250000000000004 -0.58637393129089832 29.050000000000004 2.9500000000000006 1.2500000000000002 -0.83440738405450643 45.500000000000007 709.42696814396675 61.500000000000007 -0.90199700731761212 709.42696814396675 4.9000000000000021 86.416666666666671 0.11333333333333336
decision_type=2 2 2 2 9 2 2 2 9 8 2 9 9 2 10 2 8 2 10 2 10 2 10 2 8 2 2 10 2 2
left_child=3 2 11 8 5 -5 -7 12 9 -1 -4 -2 13 14 -3 25 -15 -18 -12 20 -9 -17 -23 -24 -25 26 -16 -27 29 -13
right_child=1 7 10 4 -6 6 -8 19 -10 -11 18 28 -14 16 15 21 17 -19 -20 -21 -22 22 23 24 -26 27 -28 -29 -30 -31
leaf_value=0.023509944909774469 -0.020964776925030754 -0.0058591725578711999 -0.021221034044604185 -0.0013821816998071737 -0.015513686915959061 0.0070034621061232649 0.046571122247292498 0.17324361356876927 -0.020953501714818568 -0.0074792980806101727 0.009977723088187361 -0.011124913090735149 -0.0016758828643793423 0.0027009155281691056 0.24318715021427495 0.058744473780457766 0.18803056099842072 0.09644387695825983 -0.015903219320206139 0.030173586437650793 0.0013061423175074541 0.098550311223589038 0.01408835218812023 0.014797054574252315 0.17694538952170955 -0.035691479064466763 -0.04350476842055595 0.38701449798361481 -0.011531027021264021 0.012483385853752624
leaf_weight=30 1780 262 1664 451 543 94 24 37 2727 732 2863 1558 5541 5398 40 74 31 80 911 223 32 35 73 21 24 170 20 21 4264 862
leaf_count=30 1780 262 1664 451 543 94 24 37 2727 732 2863 1558 5541 5398 40 74 31 80 911 223 32 35 73 21 24 170 20 21 4264 862
internal_value=-0.000628575 -0.000279788 -0.00084232 -0.00259829 -0.000908193 0.00113106 0.00643522 0.000367485 -0.00313691 -0.00111385 -8.09118e-05 -0.00133151 0.000275654 0.000783658 0.00290501 0.00472704 0.00050008 0.00670567 0.000471634 0.00407395 0.0102026 0.00799207 0.0106793 0.00770533 0.0149667 0.0017722 0.00831947 -0.000287809 -0.000996401 -6.19821e-05
internal_weight=30585 25984 13902 4601 1112 569 118 12082 3489 762 5438 8464 11790 6249 740 478 5509 111 3774 292 69 227 153 118 45 251 60 191 6684 2420
internal_count=30585 25984 13902 4601 1112 569 118 12082 3489 762 5438 8464 11790 6249 740 478 5509 111 3774 292 69 227 153 118 45 251 60 191 6684 2420
cat_boundaries=0 1 2 3 4
cat_threshold=1147458 68096 8925216 25627142
is_linear=0
shrinkage=0.05


Tree=36
num_leaves=31
num_cat=5
split_feature=24 3 46 4 32 12 9 29 9 2 34 12 32 26 9 42 39 16 51 31 12 16 50 48 12 23 16 48 14 16
split_gain=7.96758 3.58189 1.95718 1.92123 1.86389 1.63027 2.83084 1.54642 1.48094 1.47668 1.61108 1.76185 1.87283 1.5974 2.67429 2.11399 1.58219 1.5772 1.95457 2.34063 1.86627 1.55416 1.50427 1.46213 1.45767 1.77538 1.43013 1.41051 1.38628 1.98992
threshold=4.5032287420405757 0.45000000000000007 2.2500000000000004 0.64166666666666683 1021.0833333333335 -0.034327600513243302 17.500000000000004 1.9428090415820636 9.5000000000000018 2.3500000000000001 86.583333333333357 -0.99863729997741457 1005.5583333333335 24.683333333333341 11.500000000000002 0.75000000000000011 4.9500000000000011 0 -0.79999999999999927 0.60733743993530032 -0.19613531578169993 1 1.0000000180025095e-35 78.500000000000014 0.153890576704062 2.4033678959544691 2 49.500000000000007 3 4
decision_type=2 2 10 2 2 2 2 2 2 10 2 2 2 2 2 10 10 9 10 2 2 9 10 10 2 2 9 8 1 9
left_child=3 4 9 26 -2 7 23 8 -4 10 11 12 -3 21 -15 24 -13 18 19 22 -21 -12 -11 -7 -16 -26 27 -1 29 -18
right_child=1 2 5 -5 -6 6 -8 -9 -10 17 13 16 -14 14 15 -17 28 -19 -20 20 -22 -23 -24 -25 25 -27 -28 -29 -30 -31
leaf_value=0.0485939798324906 -0.0059720330187537501 0.3398113335646582 0.272674446730515 -0.0026600129669528943 -0.019883193846296363 -0.0037417081529941294 0.13893601524926516 -0.0080115422494417554 0.024678814193616085 0.033284209236891189 0.0040601100256442901 0.041969792898531012 0.14600839902034696 -0.0017534392619774763 0.030105861621374849 0.13110767766897044 0.089490276497432131 0.0071478276981010299 0.023999595881225688 0.1116896352337677 0.05610926643711367 -0.0059959646754328593 0.10544028528229135 0.094909825148940141 0.13913769360379288 0.055714654397999268 -0.018861927712534671 -0.0084026366056372138 -0.0011984608393509444 0.0081369150485551302
leaf_weight=21 13857 20 34 979 1258 42 26 155 29 98 2106 32 36 690 195 37 255 556 291 37 24 5037 21 27 38 59 2580 634 1079 332
leaf_count=21 13857 20 34 979 1258 42 26 155 29 98 2106 32 36 690 195 37 255 556 291 37 24 5037 21 27 38 59 2580 634 1079 332
internal_value=-0.000631845 -0.000309241 0.000366023 -0.00265063 -0.000812103 0.00426381 0.0097266 0.00187987 0.0084786 0.000254497 6.75657e-05 0.00144233 0.0101604 -0.000227884 0.00162398 0.00533272 0.00115423 0.00205919 0.00414675 0.00832871 0.0162848 -0.000492084 0.00424013 0.00441389 0.00390277 0.00890834 -0.00323792 -0.00109006 0.000942319 0.00287221
internal_weight=30585 26371 11256 4214 15115 313 95 218 63 10943 9916 1754 56 8162 1019 329 1698 1027 471 180 61 7143 119 69 292 97 3235 655 1666 587
internal_count=30585 26371 11256 4214 15115 313 95 218 63 10943 9916 1754 56 8162 1019 329 1698 1027 471 180 61 7143 119 69 292 97 3235 655 1666 587
cat_boundaries=0 1 2 3 4 5
cat_threshold=6260752 1442310 68096 3208 25186900
is_linear=0
shrinkage=0.05


Tree=37
num_leaves=31
num_cat=6
split_feature=30 4 30 46 43 4 3 38 15 31 14 16 38 27 19 16 52 16 37 2 41 16 51 51 48 34 16 9 29 41
split_gain=7.31202 3.11758 1.97844 1.79439 1.54002 1.50018 1.41201 1.70226 1.46977 1.39179 1.32349 1.2085 1.37164 2.62479 1.60786 1.19627 1.73241 1.19563 1.35559 1.76333 3.02358 1.17309 1.1671 2.3891 1.45182 1.79647 1.1455 1.51303 2.21132 1.16231
threshold=2.8583333333333338 0.44166666666666676 15.458333333333337 0.8500000000000002 29.050000000000004 0.65833333333333344 0.45000000000000007 -1.1999999999999884 2022.5000000000002 0.60733743993530032 0 1 -0.033333333333359853 0.24944382578492955 207.00000000000003 2 -34.499999999999993 3 -0.4675476468112772 0.15000000000000005 17.800000000000004 4 0.64999999999999869 0.20000000000000065 55.500000000000007 79.416666666666671 5 5.5000000000000009 6.823119439757547 14.600000000000003
decision_type=2 2 2 10 10 2 2 10 2 2 1 9 10 2 2 9 10 9 2 10 10 9 10 10 10 2 9 2 2 10
left_child=5 2 9 4 26 15 -5 -8 -9 21 -11 12 -12 14 -14 16 -1 18 -7 20 -20 -2 23 24 25 -15 27 28 -4 -29
right_child=1 -3 3 6 -6 17 7 8 -10 10 11 -13 13 22 -16 -17 -18 -19 19 -21 -22 -23 -24 -25 -26 -27 -28 29 -30 -31
leaf_value=0.031198522880380299 0.0034890649598708461 0.0023259615666896024 0.0099825760254376936 0.025333928787537548 -0.020769915221621499 -0.0041562766033464401 0.29890064470693156 -0.039728106845844394 0.055218069426422406 -0.016031376975112546 -0.0010171978282450275 -0.0077171289773181415 0.12425622106586445 -0.0040407852916144 0.022119521886767801 -0.017048539307248332 -0.0077458852933047356 -0.01322942433866865 0.038496816649892303 0.0029528085253901389 -0.027935051381044813 -0.015111408692283911 -0.004492821439394808 0.067119307331788072 -0.0038826839369518976 0.077019817773521806 -0.00045837050353599008 -0.00087018723427650924 0.41573815698484062 0.047858420908668133
leaf_weight=28 342 11729 41 436 1409 153 30 26 23 1416 608 1651 30 27 26 2776 739 648 26 207 24 4259 133 22 132 39 3394 156 21 34
leaf_count=28 342 11729 41 436 1409 153 30 26 23 1416 608 1651 30 27 26 2776 739 648 26 207 24 4259 133 22 132 39 3394 156 21 34
internal_value=-0.000608958 -0.000283636 -0.000780424 -4.48837e-05 -0.00033135 -0.00244616 0.00276645 0.00891277 0.00315682 -0.00125215 -0.0005803 7.84126e-05 0.00142634 0.00367881 0.0137255 -0.00293952 -0.00113885 -0.000793877 0.00130921 0.00355893 0.011976 -0.00184847 0.00208156 0.00431622 0.00257446 0.0086233 0.000211183 0.00339565 0.010306 0.0013151
internal_weight=30585 25984 14255 5570 5055 4601 515 79 49 8685 4084 2668 1017 409 56 3543 767 1058 410 257 50 4601 353 220 198 66 3646 252 62 190
internal_count=30585 25984 14255 5570 5055 4601 515 79 49 8685 4084 2668 1017 409 56 3543 767 1058 410 257 50 4601 353 220 198 66 3646 252 62 190
cat_boundaries=0 1 2 3 4 5 6
cat_threshold=5378 18300930 68096 17891858 528 819264
is_linear=0
shrinkage=0.05


Tree=38
num_leaves=31
num_cat=1
split_feature=30 6 32 43 20 13 23 37 3 27 44 33 4 26 37 10 14 38 48 12 39 12 41 43 26 52 6 10 23 47
split_gain=6.81921 3.12102 2.09485 1.74964 1.63585 1.73773 1.61486 1.58261 2.13709 1.54655 1.47648 2.00255 1.36522 1.22253 1.30786 1.28197 1.77413 2.152 2.70565 1.6026 1.3826 1.48495 2.14766 1.29457 1.34805 1.26108 1.1762 1.73173 1.18394 1.15941
threshold=2.8583333333333338 0.35000000000000003 1017.4166666666669 26.150000000000002 12.451300000000002 0.79465785173762493 5.1690253814185487 0.72436056753218925 0.75000000000000011 0.094280904158207279 77.500000000000014 0.39293061504651011 0.65833333333333344 9.1166666666666689 -0.5584624993057129 0.98296291314453421 0 -0.09999999999996588 89.500000000000014 -0.45473838294431457 8.1500000000000004 0.80493205379724742 5.6500000000000012 8.0500000000000025 10.516666666666669 -3.4999999999999996 2.6500000000000008 -0.78656609248549292 0.98866813259421116 13.550000000000002
decision_type=2 2 2 10 2 2 2 2 2 2 10 2 2 2 2 2 1 10 10 2 10 2 10 8 2 10 2 2 2 8
left_child=12 2 13 6 -5 9 26 8 -8 -6 -11 -12 -1 -2 29 20 17 18 19 25 21 23 -23 -16 -25 -17 -3 28 -28 -15
right_child=1 3 -4 4 5 -7 7 -9 -10 10 11 -13 -14 14 15 16 -18 -19 -20 -21 -22 22 -24 24 -26 -27 27 -29 -30 -31
leaf_value=-0.014465264955555758 -0.01246769170722398 0.00033699445577850166 -0.01465910734766647 0.0011954846356826072 0.41167427629260911 0.15110494123107235 0.23498468622229218 -0.035720239241836746 0.024934153203923066 0.037443318866218052 0.14583856276871218 0.30020295823085397 -0.0025812621745174482 0.0024480063117642264 -0.018056509859545208 0.19535925536519216 -0.0094781182416913447 -0.028963687691055808 0.13427890620002045 0.010139157749092598 -0.0004444009717458181 0.10825355735016989 0.0083882904159307357 0.031625543587504655 0.006452566796222141 0.12721115027995161 0.12160895747213385 0.028481315299027546 0.045155397421088178 -0.012663835412538366
leaf_weight=3543 1999 5185 3224 371 23 27 42 24 44 301 69 25 1058 1290 117 25 192 52 24 94 7871 27 44 27 53 39 21 197 25 4552
leaf_count=3543 1999 5185 3224 371 23 27 42 24 44 301 69 25 1058 1290 117 25 192 52 24 94 7871 27 44 27 53 39 21 197 25 4552
internal_value=-0.00059588 -0.000281712 -0.000593478 0.000681449 0.00284279 0.00488654 0.000362939 0.00635786 0.00952381 0.00408993 0.00335358 0.0088204 -0.00237009 -0.0003645 -0.00020372 0.000189722 0.00286318 0.00565342 0.00845689 0.00607211 4.97586e-05 0.00358075 0.00977496 0.00134449 0.0062422 0.0121685 0.000241336 0.00364048 0.0123644 -0.000780542
internal_weight=30585 25984 19630 6354 816 445 5538 110 86 418 395 94 4601 16406 14407 8565 426 234 182 158 8139 268 71 197 80 64 5428 243 46 5842
internal_count=30585 25984 19630 6354 816 445 5538 110 86 418 395 94 4601 16406 14407 8565 426 234 182 158 8139 268 71 197 80 64 5428 243 46 5842
cat_boundaries=0 1
cat_threshold=7256
is_linear=0
shrinkage=0.05


Tree=39
num_leaves=31
num_cat=5
split_feature=43 32 2 16 7 35 16 35 2 39 43 1 27 27 16 45 14 52 47 1 49 16 9 38 13 50 35 24 11 52
split_gain=6.61876 3.68699 2.35629 2.00358 1.73488 1.89874 1.73283 1.82761 1.66286 1.61734 2.38454 1.51112 1.76461 1.50597 1.42722 1.36343 1.35919 1.33345 1.2355 1.23386 1.14108 1.31291 1.24493 1.13927 1.1248 1.12283 2.79287 1.11354 2.65185 2.8828
threshold=4.2500000000000009 1017.4166666666669 1.3500000000000003 0 0.55000000000000016 22.900751535789254 1 31.114483892924003 1.0000000180025095e-35 26.550000000000004 28.950000000000003 1.0000000180025095e-35 0.40824829046386318 0.3265986323710906 2 24.050000000000004 3 2.5000000000000004 31.750000000000004 0.95000000000000007 33.400000000000006 4 4.5000000000000009 -3.2499999999999427 0.57240397273781474 2.1500000000000008 12.719186352324803 5.2465166688329541 0.1294095225512602 11.500000000000002
decision_type=8 2 8 9 2 2 9 2 10 10 10 2 2 2 9 10 1 10 8 2 10 9 2 10 2 10 2 2 2 10
left_child=4 2 6 -4 -1 -6 16 17 19 13 -11 -5 14 -10 15 18 -2 -8 -13 -9 21 22 -18 -24 -22 27 -27 28 -14 -30
right_child=1 -3 3 11 5 -7 7 8 9 10 -12 12 25 -15 -16 -17 20 -19 -20 -21 24 -23 23 -25 -26 26 -28 -29 29 -31
leaf_value=-0.018359202583610425 -0.02258101298629572 -0.012997545054640819 -0.013606690264274413 -0.0022545156092685903 -0.0076642490868113677 0.041204469316619044 0.0030492339612026285 -0.0018590055062356146 0.11711827026343585 0.13165209050341292 0.026082561984603805 0.021981688779799346 0.00018463495823570347 0.025299002102050251 -0.0029752388508222666 0.26003774715996025 -0.020753191360753001 -0.0067519031830506008 0.42034175497116594 0.080304303158627272 -0.046843028514293963 -0.016343030688218668 0.058336050931958094 0.0024782511768399666 0.073812503805543841 0.015812903698771121 0.19405416687806748 0.016834214770623551 0.026626475313913368 0.069713258322390947
leaf_weight=1955 1591 4063 715 2941 2228 32 3529 242 21 22 23 688 164 117 2021 28 423 2868 26 20 20 1270 39 1572 31 96 37 3662 116 25
leaf_count=1955 1591 4063 715 2941 2228 32 3529 242 21 22 23 688 164 117 2021 28 423 2868 26 20 20 1270 39 1572 31 96 37 3662 116 25
internal_value=-0.000586071 -0.000291999 -3.96747e-05 0.00050432 -0.0024258 -0.00148224 -0.000525107 -8.75763e-06 0.00308919 0.00674495 0.0149667 0.000690842 0.0010979 0.00405503 0.000121239 0.00198112 -0.00123686 -0.000224322 0.00158241 0.000534146 -0.0006612 -0.000777823 1.46752e-05 0.000648624 0.00675147 0.00175605 0.00627348 0.00160445 0.00450672 0.00953225
internal_weight=30585 26370 22307 10519 4215 2260 11788 6842 445 183 45 9804 6863 138 2763 742 4946 6397 714 262 3355 3304 2034 1611 51 4100 133 3967 305 141
internal_count=30585 26370 22307 10519 4215 2260 11788 6842 445 183 45 9804 6863 138 2763 742 4946 6397 714 262 3355 3304 2034 1611 51 4100 133 3967 305 141
cat_boundaries=0 1 2 3 4 5
cat_threshold=4218880 51941424 16945154 706 50331664
is_linear=0
shrinkage=0.05


Tree=40
num_leaves=31
num_cat=4
split_feature=43 4 14 26 16 54 2 29 41 26 44 34 51 4 16 9 7 35 38 47 14 23 34 37 32 49 54 37 36 43
split_gain=6.73826 3.66979 2.01048 1.69155 2.01519 1.6209 2.38305 1.94347 1.76732 2.55341 1.60502 1.86704 1.65546 1.94881 1.56087 1.55761 1.55761 1.54458 1.37366 2.74411 2.3809 1.56195 1.86359 1.62708 1.62739 1.49073 1.31516 2.80791 1.28192 2.13276
threshold=4.0500000000000007 0.18333333333333338 0 17.741666666666671 1 2.6666666666666665 4.0500000000000007 2.9056810222284128 12.800000000000002 18.583333333333339 98.500000000000014 79.583333333333357 -1.3499999999999994 0.64166666666666683 2 4.5000000000000009 0.55000000000000016 22.900751535789254 -0.15000000000003408 31.550000000000004 3 2.510695154504536 90.416666666666671 0.054117130680653575 1009.8166666666668 4.8500000000000005 9.5000000000000036 0.098627053170538312 0.0094083884483197374 26.450000000000003
decision_type=8 2 1 2 9 2 8 2 10 2 8 2 10 2 9 2 2 2 10 10 1 2 2 2 2 8 2 2 2 8
left_child=16 2 -2 4 -3 6 7 -5 -9 -10 -6 -12 13 -13 -4 -11 -1 -18 19 25 21 22 -20 24 -24 -8 -7 -28 -22 -30
right_child=1 3 14 5 10 26 18 8 9 15 11 12 -14 -15 -16 -17 17 -19 20 -21 28 -23 23 -25 -26 -27 27 -29 29 -31
leaf_value=-0.017441242454429903 -0.0042964153936004314 -0.019874825208707855 -0.025246159573418542 -0.0092887231193332191 -0.0011264803924858904 -0.0004250330629953745 0.10240856435943779 0.010915112027825996 0.068650838661633726 0.083840964871841617 0.067271916501812468 0.0071393147248823251 0.0028771401073308498 0.033140583731047328 -0.011484515088808572 0.010541116881749121 -0.0078147918708190954 0.039765225961268143 0.10246174654023724 0.71089393953440416 -0.0018146889612309946 0.22774602773391736 0.040526326718355571 0.19272824589181117 0.21605843395979726 -0.017365929879683949 0.00021725189339085599 0.27400100481613743 0.06447735840479954 0.3598890955928522
leaf_weight=1908 4720 651 1331 888 9356 4056 132 502 36 29 30 50 284 44 3064 110 2161 31 94 31 233 20 48 62 22 392 70 33 135 45
leaf_count=1908 4720 651 1331 888 9356 4056 132 502 36 29 30 50 284 44 3064 110 2161 31 94 31 233 20 48 62 22 392 70 33 135 45
internal_value=-0.000601609 -0.00030943 -0.00112177 0.000117269 -0.000285644 0.000722099 0.00165701 0.000367387 0.00238517 0.00671045 -0.000104359 0.00296496 0.00201005 0.0077577 -0.00188986 0.00363048 -0.00248775 -0.0015784 0.00331933 0.00148622 0.00486269 0.00866849 0.00782839 0.0116578 0.0064194 0.00062965 9.73756e-05 0.0056741 0.00232805 0.00555247
internal_weight=30568 26468 9115 17353 10415 6938 2779 1565 677 175 9764 408 378 94 4395 139 4100 2192 1214 555 659 246 226 132 70 524 4159 103 413 180
internal_count=30568 26468 9115 17353 10415 6938 2779 1565 677 175 9764 408 378 94 4395 139 4100 2192 1214 555 659 246 226 132 70 524 4159 103 413 180
cat_boundaries=0 1 2 3 4
cat_threshold=2536 8921088 4370530 776
is_linear=0
shrinkage=0.05


Tree=41
num_leaves=31
num_cat=4
split_feature=24 4 13 16 50 2 47 17 13 27 1 36 4 53 38 3 1 43 16 17 46 32 32 40 16 16 37 2 30 40
split_gain=6.58717 2.86426 1.62614 1.53242 1.28058 1.26874 1.55596 1.6859 1.2358 1.21964 1.38477 1.36544 1.18511 1.15665 1.41578 1.11392 1.08398 1.07781 1.37219 1.05793 1.30388 1.02357 1.01578 0.970498 0.961812 0.958341 1.72074 1.63782 1.88933 1.18989
threshold=4.3376470774448315 0.38000000000000006 0.92628984363228828 0 7.1500000000000012 3.9500000000000006 28.950000000000003 52.298650000000009 -0.94445443497892134 0.3265986323710906 1.0250000000000001 0.13305652916123537 0.64166666666666683 9.3000000000000043 -0.46666666666664008 7.1500000000000012 0.15000000000000005 3.8500000000000001 1 48.298370000000006 1.0000000180025095e-35 1024.4416666666668 1020.8833333333336 64.500000000000014 2 3 -0.48458959842730837 0.45000000000000007 1.0000000180025095e-35 86.500000000000014
decision_type=2 2 2 9 10 10 10 2 2 2 2 2 2 10 10 2 2 8 9 2 8 2 2 10 9 9 2 10 2 10
left_child=12 2 3 8 22 21 7 9 -2 10 -7 -12 17 -4 -15 -11 -16 -1 -19 20 -20 24 -5 -8 -3 26 -14 29 -29 -28
right_child=1 5 13 4 -6 6 23 -9 -10 15 11 -13 25 14 16 -17 -18 18 19 -21 -22 -23 -24 -25 -26 -27 27 28 -30 -31
leaf_value=-0.016569180331708407 0.013431948586681145 -0.013898884259364953 -0.019715958824180636 -0.0024156274493082677 0.139870471218971 -0.038598361632983851 0.19655332234989598 0.097519794317003319 -0.017380591944249926 -0.0083370607083276174 0.11640552586088469 0.084195530300870861 -0.012683628300673941 -0.012972815278558245 0.015345447220981509 0.22520036042935798 0.032536623585568775 -0.017422626974661546 0.050195502341450073 -0.0065045687838633393 -0.0051830928963515661 -0.023403358371545568 -0.015656312643848987 0.035862490352965765 0.0017368610992141672 -0.011905555915325482 0.041606051071975819 -0.013590158705187413 0.023970267084569317 0.014889729400963884
leaf_weight=1860 321 403 1492 8733 25 21 20 26 2376 292 22 46 158 69 83 23 35 399 30 598 22 166 520 21 12121 409 25 122 102 28
leaf_count=1860 321 403 1492 8733 25 21 20 26 2376 292 22 46 158 69 83 23 35 399 30 598 22 166 520 21 12121 409 25 122 102 28
internal_value=-0.000599973 -0.000325378 -0.000832718 -0.000628388 -0.000321918 0.00020097 0.00274888 0.00186003 -0.00167523 0.00106409 0.00622896 0.00969163 -0.00256188 -0.00228992 0.00141635 -0.000396701 0.00474174 -0.00304046 -0.00175865 -0.000302986 0.00652591 0.000106381 -0.000352856 0.0120438 0.000158094 -0.000912215 0.000730172 0.00312162 0.00124944 0.0110169
internal_weight=30568 26815 13654 11975 9278 13161 471 430 2697 404 89 68 3753 1679 187 315 118 2909 1049 650 52 12690 9253 41 12524 844 435 277 224 53
internal_count=30568 26815 13654 11975 9278 13161 471 430 2697 404 89 68 3753 1679 187 315 118 2909 1049 650 52 12690 9253 41 12524 844 435 277 224 53
cat_boundaries=0 1 2 3 4
cat_threshold=4861988 17182742 532480 17891920
is_linear=0
shrinkage=0.05


Tree=42
num_leaves=31
num_cat=6
split_feature=39 7 3 34 2 14 16 44 16 16 28 24 2 16 11 12 40 7 3 46 35 32 13 13 24 13 48 13 13 14
split_gain=6.29735 2.81327 2.19319 2.01858 1.65985 1.87138 2.13701 1.99725 1.47546 1.35457 1.28532 1.50152 1.4203 1.21195 1.19779 1.67266 1.6982 2.66334 1.4013 1.1874 1.16431 1.14501 2.50688 1.13492 2.06954 1.14024 1.10711 1.09627 1.0892 1.07466
threshold=4.0500000000000007 0.25000000000000006 0.55000000000000016 83.833333333333357 0.95000000000000007 0 1 99.500000000000014 2 3 60.166666666666679 11.902275214633997 0.15000000000000005 4 -0.12940952255126037 -0.99863729997741457 75.500000000000014 1.4500000000000002 6.9500000000000011 1.9500000000000002 36.001543143729535 996.98333333333346 -0.085727341951035402 0.068612210320797354 4.6822451630946738 0.042904758199554367 88.500000000000014 0.98669422938859319 0.92628984363228828 5
decision_type=10 2 2 2 8 1 9 10 9 9 2 2 10 9 2 2 10 2 2 10 2 2 2 2 2 2 8 2 2 1
left_child=2 9 -1 -4 8 -6 7 -7 -3 -2 11 -10 -13 -5 15 16 17 -8 19 20 23 22 -17 24 -16 -26 -15 -28 -11 -12
right_child=1 4 3 13 5 6 14 -9 10 28 29 12 -14 26 18 21 -18 -19 -20 -21 -22 -23 -24 -25 25 -27 27 -29 -30 -31
leaf_value=-0.015740721315122986 -0.019267755241989454 -0.01414786243156977 0.047249585111839826 -0.012592890369073123 0.014716472556790037 -0.013187049531768103 0.30338274647146257 0.025118439940905693 0.010643068208279925 -0.0049710833834755979 -0.0090684638984190775 0.073923875519626578 0.38374573833394393 -0.0047536477594685173 0.041261521641891605 0.085825297137269219 -0.022140572779458693 0.014968089803752549 0.21455345353558905 0.068100015396197575 0.17792723594425455 -0.0059769202916349065 -0.0020051327894144598 -0.0024419574863457781 0.012260175766427619 0.090289597373009192 0.0064352509226477984 0.02789517669299324 -0.022049105561692883 0.00089786733415656472
leaf_weight=2740 1821 2333 24 458 3133 1364 33 22 152 5266 1843 32 21 339 35 38 48 39 34 114 38 2509 113 1317 1597 32 255 43 560 4215
leaf_count=2740 1821 2333 24 458 3133 1364 33 22 152 5266 1843 32 21 339 35 38 48 39 34 114 38 2509 113 1317 1597 32 255 43 560 4215
internal_value=-0.000598337 -0.000325546 -0.00248633 -0.000621036 -5.25793e-07 0.000422315 -1.56622e-05 -0.00177638 -0.000515351 -0.00113573 -0.00011398 0.00377864 0.0110169 -0.000935989 0.000397004 -0.0003597 0.00541216 0.0102635 0.00106248 0.000952729 0.000763471 -0.000620279 0.00360688 0.000652443 0.00152034 0.00126143 0.000486786 0.00271721 -0.00075907 -0.000245953
internal_weight=30568 26709 3859 1119 19062 10466 7333 1386 8596 7647 6263 205 53 1095 5947 2780 120 72 3167 3133 3019 2660 151 2981 1664 1629 637 298 5826 6058
internal_count=30568 26709 3859 1119 19062 10466 7333 1386 8596 7647 6263 205 53 1095 5947 2780 120 72 3167 3133 3019 2660 151 2981 1664 1629 637 298 5826 6058
cat_boundaries=0 1 2 3 4 5 6
cat_threshold=4482 4743266 18419748 4337700 546820 354
is_linear=0
shrinkage=0.05


Tree=43
num_leaves=31
num_cat=2
split_feature=39 7 3 16 30 30 17 2 49 12 35 54 13 43 14 7 43 39 23 33 41 40 30 2 41 53 31 53 40 1
split_gain=6.2915 2.69554 1.66959 1.49936 1.38823 1.28669 1.50485 1.28144 1.32536 1.23386 2.31536 1.22217 1.89607 1.7274 1.19277 2.01539 1.14254 2.26616 1.09763 1.6482 1.05866 0.966371 0.949769 1.72418 1.38857 1.82993 1.28082 1.96671 2.07228 1.4218
threshold=3.6500000000000008 0.25000000000000006 0.55000000000000016 0 -0.28333333333333327 15.458333333333337 48.298370000000006 1.9500000000000002 6.9000000000000012 -0.99863729997741457 13.482496425418601 7.1000000000000041 0.68552235175575782 25.950000000000003 1 3.7500000000000004 17.950000000000003 18.950000000000003 0.18691361306262758 0.28284271247460296 4.1500000000000012 27.500000000000004 23.016666666666669 1.3500000000000003 14.200000000000001 11.050000000000002 0.98432153734889416 2.5 81.500000000000014 0.55000000000000016
decision_type=10 2 2 9 2 2 2 10 10 2 2 2 2 10 1 2 8 10 2 2 10 8 2 8 10 10 2 10 10 2
left_child=2 5 -1 4 -3 -2 16 8 14 10 -6 21 -13 -14 15 -5 17 -7 19 -4 -9 -10 26 -24 -25 -26 -11 -28 29 -29
right_child=1 3 18 7 9 6 -8 20 11 22 -12 12 13 -15 -16 -17 -18 -19 -20 -21 -22 -23 23 24 25 -27 27 28 -30 -31
leaf_value=-0.014953685249366839 -0.012086033520346325 0.026061755240226178 -0.00026473080158029874 -0.0080536071477930581 -0.02864707425189221 -0.013751577488579107 0.039703236139959366 -0.022550773871157767 0.01301724364492479 -0.0013809776055553381 0.33695684995116282 0.0073090982141816281 0.13305844969898836 0.0083440319311337604 0.0071296143249887272 0.15876192304370407 -0.01001747063660042 0.18872306661738103 -0.0033704624219616196 0.024991123559418682 0.024596110212659138 -0.0056462420552187281 -0.02980435314913752 0.14394209653652604 0.67771102733809352 0.31305935306544841 -0.0016332681924678084 -0.022922759054433861 0.082222507617124935 0.037493212161032519
leaf_weight=2568 4945 21 21 1235 34 66 158 185 36 1407 27 467 33 41 2837 29 2511 31 965 20 1297 10887 88 212 23 20 239 58 62 45
leaf_count=2568 4945 21 21 1235 34 66 158 185 36 1407 27 467 33 41 2837 29 2511 31 965 20 1297 10887 88 212 23 20 239 58 62 45
internal_value=-0.000580345 -0.00031933 -0.00255169 -3.37202e-06 0.00121099 -0.00110944 -0.000245835 -0.000163276 -0.00029714 0.00109476 0.00810147 -0.000573095 0.00174644 0.00917679 0.000474262 -0.000800566 -0.000532956 0.00478888 -0.000824969 0.00717761 0.00124148 -0.000687993 0.000895965 0.00330807 0.00539004 0.0135731 0.000438959 0.00292007 0.0071169 0.00276431
internal_weight=30568 26994 3574 19283 2236 7711 2766 17047 15565 2215 61 11464 541 74 4101 1264 2608 97 1006 41 1482 10923 2154 343 255 43 1811 404 165 103
internal_count=30568 26994 3574 19283 2236 7711 2766 17047 15565 2215 61 11464 541 74 4101 1264 2608 97 1006 41 1482 10923 2154 343 255 43 1811 404 165 103
cat_boundaries=0 1 2
cat_threshold=16777728 1124
is_linear=0
shrinkage=0.05


Tree=44
num_leaves=31
num_cat=4
split_feature=24 2 16 16 32 36 31 49 16 47 23 2 12 11 5 15 26 53 38 16 48 38 39 47 24 32 13 30 47 38
split_gain=5.48119 2.32365 1.66832 1.49387 1.39667 1.46593 1.38641 1.39273 1.30954 1.27424 1.11068 1.90635 1.54763 1.17047 1.33844 1.54868 2.0532 1.51463 1.63408 1.23917 1.23703 1.2114 1.11902 1.08303 1.45974 1.62753 1.39482 1.3235 1.05675 1.03518
threshold=4.3376470774448315 0.95000000000000007 0 1 1020.0416666666669 -0.97544154861436871 0.60184900284225928 37.600000000000001 2 32.250000000000007 7.8085153424957507 0.15000000000000005 0.47753588643748834 -0.60355339059327384 0.10000000000000007 2022.5000000000002 5.2166666666666677 14.150000000000002 -0.94999999999998852 3 59.500000000000007 -0.23333333333329162 8.2500000000000018 29.050000000000004 18.020560183386852 1008.8833333333336 0.068612210320797354 23.258333333333336 24.950000000000003 -0.65833333333330291
decision_type=2 8 9 9 2 2 2 10 9 10 2 10 2 2 2 2 2 10 10 9 8 10 10 10 2 2 2 2 10 10
left_child=-1 3 -3 10 5 -4 -5 -8 9 -7 13 -12 -13 19 -15 16 21 18 20 28 -18 -16 -22 24 -10 -26 27 -27 -2 -11
right_child=1 2 4 6 -6 8 7 -9 23 29 11 12 -14 14 15 -17 17 -19 -20 -21 22 -23 -24 -25 25 26 -28 -29 -30 -31
leaf_value=-0.010729519565246428 0.0001782830956985745 -0.020760045019165001 -0.013153071965781114 -0.017931993243419871 -0.010208503260924344 0.013956594739385257 -0.0068805481625824399 0.070478037771413107 0.00098742613942147351 0.65727036417589602 0.013862275252485519 0.13988787354670049 0.00038282581587898714 -0.012614834371048765 0.01076399419935567 -0.00044670750293333128 0.13928770661663153 0.086723861714989248 -0.0048592271126337398 -0.014995205373609908 0.031911465156676498 0.06677945930531122 0.006497814815790131 -0.014004083346747504 0.0028128011008268349 0.12175812661495092 0.0060800137068818903 0.060988807625713973 0.040598234432190475 0.010095849189398064
leaf_weight=3753 545 233 321 2437 1145 2076 2285 35 7979 22 481 30 24 1732 20 3021 24 23 326 1632 37 20 120 1241 495 40 178 246 26 21
leaf_count=3753 545 233 321 2437 1145 2076 2285 35 7979 22 481 30 24 1732 20 3021 24 23 326 1632 37 20 120 1241 495 40 178 246 26 21
internal_value=-0.000559081 -0.000308596 0.000136813 -0.000794971 0.000209087 0.00036096 -0.00149672 -0.000624974 0.000448035 0.00157578 -0.000378512 0.00182209 0.0107209 -0.000535471 -0.000134321 0.000416306 0.00280652 0.00198076 0.00140998 -0.0015047 0.00521811 0.0137157 0.00359643 0.000211499 0.000403888 0.0022469 0.00437406 0.00653617 0.000507657 0.0100928
internal_weight=30568 26815 13997 12818 13764 12619 4757 2320 12298 2119 8061 535 54 7526 5323 3591 570 530 507 2203 181 40 157 10179 8938 959 464 286 571 43
internal_count=30568 26815 13997 12818 13764 12619 4757 2320 12298 2119 8061 535 54 7526 5323 3591 570 530 507 2203 181 40 157 10179 8938 959 464 286 571 43
cat_boundaries=0 1 2 3 4
cat_threshold=8192 46451266 16843264 4196354
is_linear=0
shrinkage=0.05


Tree=45
num_leaves=31
num_cat=4
split_feature=43 32 4 3 31 13 4 28 16 26 35 4 40 47 13 47 16 27 26 34 4 16 39 45 29 23 4 26 14 47
split_gain=5.25118 2.96029 2.06278 1.63161 1.59931 2.04109 1.44054 1.27542 1.21101 1.5429 1.81619 2.57947 1.13325 1.21463 1.07478 1.84448 1.22105 1.05533 1.336 1.3585 1.48097 2.30981 1.53344 2.38936 2.30607 1.99158 1.89864 2.19223 1.25795 1.38822
threshold=4.2500000000000009 1017.4166666666669 0.4166666666666668 6.5500000000000007 0.57154760664940907 -0.78938882915716746 0.54166666666666685 98.833333333333357 0 26.416666666666675 31.114483892924003 0.058333333333333341 53.500000000000007 23.950000000000003 -0.99904236206516772 11.750000000000002 1 0.42426406871192918 28.916666666666675 89.583333333333357 0.083333333333333356 2 16.150000000000002 14.900000000000002 4.9440812476641245 1.9017181775537824 0.18333333333333338 20.983333333333338 3 27.950000000000003
decision_type=8 2 2 2 2 2 2 2 9 2 2 2 10 10 2 10 9 2 2 2 2 9 10 8 2 2 2 2 1 10
left_child=6 2 8 -4 -5 -6 -1 -8 9 -2 12 -12 13 -11 15 -3 -16 -10 19 20 -19 22 23 24 25 -22 27 -24 -23 -30
right_child=1 14 3 4 5 -7 7 -9 17 10 11 -13 -14 -15 16 -17 -18 18 -20 -21 21 28 26 -25 -26 -27 -28 -29 29 -31
leaf_value=-0.01228513477371574 -0.010944603300914298 0.032559376805537402 0.0029223550947774651 0.043749763011689063 0.4417281065439726 0.052772861521984363 -0.0048489374789514959 0.01807835052578009 -0.010071792900686072 0.13278768697610385 0.012215010099453017 0.26066206459962993 -0.020851438843249578 0.011902346994446634 -0.005278255063998147 -0.0028057634159366941 -0.019090108508543924 0.0003606831195299236 -0.017485358015009601 -0.0016152218481922367 0.12449571203262427 -0.010273891115587838 -0.0069539606440867834 0.0016880639556029102 0.01877384798702916 0.078311410286171612 -0.0083488611934633174 0.079650696136890964 0.042582381769659589 -0.0080932569392446214
leaf_weight=2651 3267 24 10491 117 20 39 1538 27 2469 23 29 26 130 65 2111 58 1846 1042 1096 2114 22 302 22 54 57 51 72 20 468 205
leaf_count=2651 3267 24 10491 117 20 39 1538 27 2469 23 29 26 130 65 2111 58 1846 1042 1096 2114 22 302 22 54 57 51 72 20 468 205
internal_value=-0.000539466 -0.000276296 -4.97735e-05 0.000451387 0.0052243 0.0119289 -0.00217737 -0.00097438 -0.000513262 -0.00128166 0.00232515 0.0104356 0.000275102 0.0046538 -0.00152138 0.00414129 -0.00163883 -0.000171163 0.000212665 0.000599443 0.00143622 0.00258031 0.00636157 0.00939707 0.0130669 0.0189466 0.00201577 0.0104513 0.00134504 0.00253989
internal_weight=30456 26240 22201 10667 176 59 4216 1565 11534 3540 273 55 218 88 4039 82 3957 7994 5525 4429 2315 1273 298 184 130 73 114 42 975 673
internal_count=30456 26240 22201 10667 176 59 4216 1565 11534 3540 273 55 218 88 4039 82 3957 7994 5525 4429 2315 1273 298 184 130 73 114 42 975 673
cat_boundaries=0 1 2 3 4
cat_threshold=8941668 18532422 35328 3098
is_linear=0
shrinkage=0.05


Tree=46
num_leaves=31
num_cat=4
split_feature=39 32 4 4 3 34 13 16 31 1 16 38 27 39 31 9 24 37 53 34 28 4 2 14 16 32 13 46 36 23
split_gain=4.70683 2.52358 1.93521 1.78199 1.31816 1.20884 1.20543 1.1862 1.10791 1.39418 1.10348 1.10647 1.11494 2.24341 1.86346 1.59588 1.56497 1.44676 1.23961 1.08773 1.0668 1.06375 1.05553 1.0521 1.04817 1.04192 1.0103 1.23245 0.983011 1.27276
threshold=4.2500000000000009 1017.4166666666669 0.54166666666666685 0.4166666666666668 6.5500000000000007 83.833333333333357 0.62058661934845294 0 0.57154760664940907 2.3500000000000001 1 -0.40000000000014774 0.63420991968134866 8.3500000000000032 0.78598713689858479 6.5000000000000009 5.5188731219517289 -0.99367007692845211 0.80000000000000016 97.833333333333357 98.833333333333357 0.083333333333333356 0.35000000000000003 2 3 1014.7166666666668 -0.97322851985520697 0.35000000000000003 -0.3026788303460049 1.4339272925120541
decision_type=10 2 2 2 2 2 2 9 2 2 9 10 2 10 2 2 2 2 10 2 2 2 8 1 9 2 2 10 2 2
left_child=2 3 -1 6 -5 -4 10 -3 -6 -10 23 -12 15 14 16 18 -14 -15 19 -13 -7 -17 -21 -2 -8 -20 27 -9 -19 -30
right_child=1 7 5 4 8 20 24 26 9 -11 11 12 13 17 -16 21 -18 28 25 22 -22 -23 -24 -25 -26 -27 -28 -29 29 -31
leaf_value=-0.013055268269950389 -0.017557138804418348 -0.0041886227755087982 0.031143670589244721 0.0020885495408437711 0.041562274861104594 -0.0045080311574037428 -0.012720177170022041 -0.00083200479945103826 0.033690234078445756 0.3698753531562371 -0.0062053996273382095 0.026026785447132085 0.0092912552301590238 0.04504648355595281 -0.010707231234607794 -0.019497510210187557 0.082619834513751766 -0.0050177284194674668 -0.010650865149220416 0.04663562796975558 0.023675882127571223 -0.00028246728420097146 0.15312774784176164 -0.0052430253344131726 -0.0058964733694259475 0.068499202652422278 -0.017364636375823944 0.028116991731120446 0.10043743345118256 0.011861042838606976
leaf_weight=2516 608 2021 27 10586 117 1361 577 128 28 31 2977 264 57 21 39 589 28 749 205 23 24 1096 23 834 2380 25 1938 33 62 1089
leaf_count=2516 608 2021 27 10586 117 1361 577 128 28 31 2977 264 57 21 39 589 28 749 205 23 24 1096 23 834 2380 25 1938 33 62 1089
internal_value=-0.000546033 -0.000306846 -0.00216135 -9.77337e-05 0.000366098 -0.00067984 -0.000526358 -0.00144414 0.00465644 0.0102369 -0.000229599 2.27352e-05 0.000538628 0.00138135 0.00789686 -0.000235946 0.0120447 0.000960386 0.00212923 0.00419219 -0.000884414 -0.000994007 0.0112798 -0.0014875 -0.00139833 -0.000651892 -0.00227348 0.00152079 0.000815745 0.00173312
internal_weight=30456 26528 3928 22408 10762 1412 11646 4120 176 59 8689 7247 4270 2045 124 2225 85 1921 540 310 1385 1685 46 1442 2957 230 2099 161 1900 1151
internal_count=30456 26528 3928 22408 10762 1412 11646 4120 176 59 8689 7247 4270 2045 124 2225 85 1921 540 310 1385 1685 46 1442 2957 230 2099 161 1900 1151
cat_boundaries=0 1 2 3 4
cat_threshold=18532420 4730886 1584 1826880
is_linear=0
shrinkage=0.05


Tree=47
num_leaves=31
num_cat=3
split_feature=43 32 4 4 3 35 44 16 36 33 13 31 1 35 15 13 16 32 31 23 44 34 33 38 30 31 49 9 13 16
split_gain=4.26453 2.6653 1.8095 1.50037 1.29666 1.17691 1.56746 1.32769 2.46895 2.05352 1.62112 1.10791 1.21868 1.0931 1.08741 0.988936 1.17313 1.3232 1.8512 2.24862 2.70894 1.92117 1.28424 1.21343 1.07264 1.10047 1.0623 1.51448 1.05457 0.98853
threshold=4.2500000000000009 1017.4166666666669 0.4166666666666668 0.54166666666666685 6.5500000000000007 0.65824829046386313 99.500000000000014 0 0.55232288754380987 0.4994438257849122 -0.26296220265651482 0.57154760664940907 2.3500000000000001 0.48570226039551589 2022.5000000000002 0.62058661934845294 1 1007.5166666666668 0.51854497287013512 3.8269346717934885 64.500000000000014 73.416666666666671 0.299999999999983 -0.40000000000014774 15.458333333333337 0.53332926424530369 9.3500000000000032 19.500000000000004 -0.12839835514655126 2
decision_type=10 2 2 2 2 2 10 9 2 2 2 2 2 2 2 2 9 2 2 2 10 2 2 10 2 2 10 2 2 9
left_child=3 2 5 -1 29 6 7 8 13 10 -10 -6 -13 -2 -12 16 17 18 19 21 -21 -7 -22 -19 25 -18 -23 -28 -20 -4
right_child=1 -3 4 -5 11 15 -8 -9 9 -11 14 12 -14 -15 -16 -17 24 23 28 20 22 26 -24 -25 -26 -27 27 -29 -30 -31
leaf_value=-0.011041345229259859 -0.0061031900627553926 -0.010264780954743612 -0.011748892261519145 -0.0031438241434240642 0.039484161118049359 0.10484119808379043 0.082717309656719806 -0.00859994264964563 -0.032441190316870865 0.077765213306771719 0.063727687962419663 0.032143867040559687 0.33499902677596394 0.12785814353531527 0.022634137212719386 -0.010571183047348137 -0.015294236862205008 -0.01931674485209901 0.044800381067967417 0.11007588723777458 -0.006386130280204314 -0.020255812906084619 0.030372808101202388 0.0023649486841435534 -0.0016589374234619566 -0.005491259992433239 0.0056969093774955635 0.11185950199921856 -0.014851051865334626 0.0044249335265422107
leaf_weight=2699 235 4033 598 1609 117 27 32 412 24 21 29 27 32 37 33 2595 971 389 154 28 23 52 24 1060 3550 1491 108 22 181 9843
leaf_count=2699 235 4033 598 1609 117 27 32 412 24 21 29 27 32 37 33 2595 971 389 154 28 23 52 24 1060 3550 1491 108 22 181 9843
internal_value=-0.000524691 -0.000284534 -6.89586e-05 -0.00198231 0.000401709 -0.000503563 0.00131819 0.000878522 0.00296839 0.00947712 0.00603949 0.00465644 0.0102369 0.000514516 0.010306 -0.000644023 -0.000371284 0.000654443 0.00259247 0.00556142 0.0129827 0.00289335 0.00562633 -0.000169072 -0.000724001 -0.00152715 0.00104338 0.00345888 7.46034e-05 0.000329945
internal_weight=30456 26148 22115 4308 10617 11498 823 791 379 107 86 176 59 272 62 10675 8080 2068 619 284 75 209 47 1449 6012 2462 182 130 335 10441
internal_count=30456 26148 22115 4308 10617 11498 823 791 379 107 86 176 59 272 62 10675 8080 2068 619 284 75 209 47 1449 6012 2462 182 130 335 10441
cat_boundaries=0 1 2 3
cat_threshold=54919714 1149472 565248
is_linear=0
shrinkage=0.05


Tree=48
num_leaves=31
num_cat=4
split_feature=24 4 16 29 26 16 48 2 4 38 47 50 16 36 16 12 12 26 48 26 38 54 17 4 13 13 32 31 26 4
split_gain=4.27495 1.90097 1.53227 1.48497 1.39532 2.48432 1.67077 2.40874 1.36546 1.30231 3.654 1.26013 1.17646 1.20836 1.12299 1.10068 1.46066 1.55081 1.62578 1.31204 1.27078 1.18742 1.26884 1.23378 1.36105 1.55565 1.13051 1.08452 1.11 1.06674
threshold=4.5032287420405757 0.35833333333333339 0 8.9969125210773502 17.483333333333338 1 29.500000000000004 0.65000000000000002 0.65833333333333344 -2.3166666666666624 25.050000000000004 7.1500000000000012 2 0.21911747008686211 3 -0.87448095783103963 -0.81002486285477515 20.483333333333338 83.500000000000014 14.241666666666669 -0.36666666666661735 5.3583333333333334 51.152600000000007 0.058333333333333341 -0.94445443497892134 -0.83910684176851635 1017.1166666666668 0.7386138800877895 28.183333333333341 0.041666666666666678
decision_type=2 2 9 2 2 9 10 8 2 10 10 8 9 2 9 2 2 2 10 2 10 2 2 2 2 2 2 2 2 2
left_child=8 2 27 11 -3 6 7 -6 14 10 -7 -4 13 -10 -1 19 17 -17 20 -5 -19 23 -23 24 -18 -26 -27 28 -2 -29
right_child=1 4 3 15 5 9 -8 -9 12 -11 -12 -13 -14 -15 -16 16 21 18 -20 -21 -22 22 -24 -25 25 26 -28 29 -30 -31
leaf_value=-0.011850437594989877 -0.01416347538761753 -0.0012157650423524338 -0.0055382648021599376 0.015459508263632552 0.28035325284720863 -0.014568471552578994 0.051312804059524035 0.01105242332943521 -0.01095251514575277 0.0029308480642921417 0.20658271339552062 0.04033159397290409 -0.011061358071800292 0.01043190740816295 -0.0054672061940090255 -0.021024892712776366 -0.011083140212009956 0.21994277893855485 0.17199225314641842 -0.020724057262413803 -0.0081262312469720047 -0.0085562007956823272 0.067791956833458247 0.015281560590575095 0.13853048437161339 0.037180761979422182 0.048083722073899327 -0.019740512650735342 0.13921343315840073 0.0041886620409259121
leaf_weight=1952 2424 8105 7301 37 27 97 589 33 234 4462 54 122 420 326 1273 32 30 26 24 244 27 525 85 254 22 47 24 640 21 999
leaf_count=1952 2424 8105 7301 37 27 97 589 33 234 4462 54 122 420 326 1273 32 30 26 24 244 27 525 85 254 22 47 24 640 21 999
internal_value=-0.000511557 -0.000274466 -0.00070785 -0.000334844 0.000143261 0.000777255 0.00364891 0.0116473 -0.00199163 0.000364473 0.00493051 -0.000614973 -0.000357108 0.00114015 -0.0024883 0.00117275 0.00188851 0.00737855 0.0112192 -0.00161864 0.00630885 0.00128153 -8.1955e-05 0.00348714 0.00759545 0.01058 0.00696202 -0.00150705 -0.00217783 -0.000515528
internal_weight=30456 26251 12884 8800 13367 5262 649 60 4205 4613 151 7423 980 560 3225 1377 1096 109 77 281 53 987 610 377 123 93 71 4084 2445 1639
internal_count=30456 26251 12884 8800 13367 5262 649 60 4205 4613 151 7423 980 560 3225 1377 1096 109 77 281 53 987 610 377 123 93 71 4084 2445 1639
cat_boundaries=0 1 2 3 4
cat_threshold=13135908 5456448 17924674 1749060
is_linear=0
shrinkage=0.05


Tree=49
num_leaves=31
num_cat=4
split_feature=30 4 16 4 3 32 13 16 12 32 53 36 31 1 12 16 37 40 34 48 30 9 45 31 13 6 45 13 51 14
split_gain=3.94922 1.93949 1.44326 1.35157 1.26845 1.17314 1.14782 1.5905 1.65731 1.68114 1.59684 1.47805 1.14123 1.35755 1.1374 1.01551 1.56508 2.10823 2.5558 2.00742 1.92725 1.87751 1.7722 1.63145 1.58158 1.45153 1.54276 1.89936 1.4249 1.38819
threshold=1.8166666666666669 0.11333333333333336 0 0.68333333333333346 6.5500000000000007 1020.0416666666669 -0.33662488294938414 1 0.86167001593038561 1009.7333333333335 -3.2999999999999989 -0.21327526195526444 0.57154760664940907 2.3500000000000001 -0.60019216940316611 2 -0.54180359862282301 84.500000000000014 57.416666666666679 87.500000000000014 23.516666666666669 16.500000000000004 16.400000000000002 0.29999999999999999 -0.068612210320797326 1.6500000000000001 5.2000000000000011 -0.66012780149078443 0.75000000000000011 3
decision_type=2 2 9 2 2 2 2 9 2 2 10 2 2 2 2 9 2 10 2 10 2 2 8 2 2 2 10 2 10 1
left_child=3 6 -3 -1 5 15 7 8 9 11 -11 -2 -6 -14 -13 16 21 20 19 -19 -18 -4 25 -20 -24 26 27 -23 -29 -17
right_child=1 2 4 -5 12 -7 -8 -9 -10 10 -12 14 13 -15 -16 29 17 18 23 -21 -22 22 24 -25 -26 -27 -28 28 -30 -31
leaf_value=-0.010690297073426131 0.052376116866678618 -0.010725401371963659 0.0071368974584409888 -0.0003809160767938976 0.03149230222417318 -0.0095091999346188227 -0.011200499936764181 -0.010160000256785442 0.04286016329266519 0.020183150088613152 -0.012330857762248473 0.079086795603460144 0.030279706615918608 0.31708426618136482 0.023270769509830026 0.0057707401287600529 -0.014977623918609946 0.25429824281501728 -0.0091699362080745004 0.046032412557847846 0.14560322349155871 -0.050737702246428706 0.074363210322856296 0.011113909244668702 0.034648547126175065 0.11959978699461654 0.022028611381057585 0.072381604914245806 0.082520445775747672 -0.0029953490805227087
leaf_weight=2908 104 650 1549 781 125 1195 3886 2318 26 209 312 20 29 32 26 3449 1412 20 404 20 37 20 45 1057 57 22 346 29 33 9335
leaf_count=2908 104 650 1549 781 125 1195 3886 2318 26 209 312 20 29 32 26 3449 1412 20 404 20 37 20 45 1057 57 22 346 29 33 9335
internal_value=-0.000511557 -0.000300183 -4.93315e-05 -0.00204522 2.9646e-05 -1.05109e-05 -0.0010223 -0.000290207 0.001789 0.00133363 -9.59628e-06 0.005996 0.00413756 0.00973813 0.013449 9.11113e-05 0.00069056 -5.08469e-05 0.00126241 0.0137157 -0.00141122 0.0017348 0.00423836 0.000920538 0.0101861 0.00288825 0.00224247 0.00840438 0.0127214 -0.000146162
internal_weight=30456 26767 19866 3689 19216 19030 6901 3015 697 671 521 150 186 61 46 17835 5051 2950 1501 40 1449 2101 552 1461 102 450 428 82 62 12784
internal_count=30456 26767 19866 3689 19216 19030 6901 3015 697 671 521 150 186 61 46 17835 5051 2950 1501 40 1449 2101 552 1461 102 450 428 82 62 12784
cat_boundaries=0 1 2 3 4
cat_threshold=532480 1802306 17041920 4480
is_linear=0
shrinkage=0.05


Tree=50
num_leaves=31
num_cat=1
split_feature=24 6 14 24 32 2 12 32 37 38 32 1 52 49 46 38 28 38 43 44 3 48 32 37 12 36 47 18 44 13
split_gain=3.67768 2.19688 1.95217 1.48026 1.39358 1.63626 1.46008 1.3764 1.34746 1.27227 1.80863 1.31443 1.25784 1.25547 1.28381 1.2053 1.1204 1.47945 1.8278 1.11484 1.44152 1.93733 1.43961 1.25099 1.10649 2.3651 1.06585 1.56564 1.06256 1.05219
threshold=3.9193473192711683 0.35000000000000003 0 9.5322503552313425 1014.6166666666668 3.6500000000000008 -0.31226905285971468 986.14166666666677 -0.5584624993057129 -2.1666666666666852 1012.1583333333334 0.95000000000000007 -8.4999999999999982 7.3000000000000016 5.6500000000000012 -2.2666666666665942 88.583333333333357 -1.0000000180025095e-35 15.550000000000002 36.500000000000007 0.55000000000000016 78.500000000000014 1009.4166666666669 -0.87998693141818718 -0.99863729997741457 0.24845132390605004 11.950000000000001 8.7002500000000023 28.500000000000004 -0.27948563485160954
decision_type=2 2 1 2 2 8 2 2 2 10 2 2 10 8 10 10 2 10 10 10 2 10 2 2 2 2 10 2 8 2
left_child=7 3 4 -2 5 -3 -6 12 26 10 11 15 -1 -11 -15 -10 17 -8 -19 -7 21 23 -23 -21 25 -22 27 -5 -4 -26
right_child=1 2 28 8 6 19 16 -9 9 13 -12 -13 -14 14 -16 -17 -18 18 -20 20 24 22 -24 -25 29 -27 -28 -29 -30 -31
leaf_value=0.024488848363968359 -0.0061109258225105793 0.0061510216138511865 0.079905427949525931 -0.020353572995932417 -0.028584508044646913 0.067364117206857463 -0.019539415387409467 -0.01104256243161812 -0.017301276717152876 0.0141373088033349 0.13232129492039554 0.12888029501917944 -0.0005851581081349988 -0.0038915034856333735 0.12991336266616624 0.051925388624274552 -0.0033000886308683247 0.034112564729395618 0.0188330577104741 0.16275712959409652 -0.022003113486479872 0.13473930151649469 0.20456241909676592 -0.01960401597549026 0.046687753654630265 0.22467032990323249 -0.011765543864848176 0.086882225297376728 -0.001630150574075771 -0.011746766804214484
leaf_weight=47 11027 1174 33 31 229 31 36 2329 100 2018 36 22 138 3803 41 23 171 28 33 20 21 24 34 43 658 26 4102 66 4041 206
leaf_count=47 11027 1174 33 31 229 31 36 2329 100 2018 36 22 138 3803 41 23 171 28 33 20 21 24 34 43 658 26 4102 66 4041 206
internal_value=-0.00056242 -0.000398369 0.000383366 -0.000648595 0.00141394 0.00195119 -0.00097566 -0.0023945 -0.000215777 0.000262281 0.00438984 0.00189524 0.00175581 0.000134763 -0.000395412 -0.000121853 0.00152928 0.00581874 0.0105565 0.00337221 0.00309078 0.00821635 0.0148021 0.00213946 0.00240917 0.00987261 -0.000903766 0.00427394 -0.000310963 0.00200208
internal_weight=30591 28077 6808 21269 2734 2237 497 2514 10242 6043 181 145 185 5862 3844 123 268 97 61 1063 1032 121 58 63 911 47 4199 97 4074 864
internal_count=30591 28077 6808 21269 2734 2237 497 2514 10242 6043 181 145 185 5862 3844 123 268 97 61 1063 1032 121 58 63 911 47 4199 97 4074 864
cat_boundaries=0 1
cat_threshold=5056
is_linear=0
shrinkage=0.05


Tree=51
num_leaves=31
num_cat=4
split_feature=24 16 3 49 26 32 36 16 31 16 28 18 44 33 39 34 42 23 41 12 10 3 1 1 16 51 24 39 5 9
split_gain=3.57773 2.065 2.07133 1.82824 1.60221 1.27996 1.26054 1.25049 1.64507 1.22915 1.4507 2.74517 2.07669 2.04735 1.97578 1.93921 2.09426 1.72066 1.30893 1.30552 1.20938 1.18914 1.37802 1.16143 1.14644 1.1371 1.12873 1.14633 1.0766 1.7297
threshold=3.9193473192711683 0 1.0000000180025095e-35 7.7500000000000009 17.483333333333338 1009.5416666666669 -0.92100952354946031 1 2.4500000000000011 2 71.416666666666671 -25.168549999999996 36.500000000000007 0.40000000000000574 20.950000000000003 87.166666666666671 0.15000000000000005 3.3208844400524726 12.800000000000002 0.19613531578169985 -0.78656609248549292 0.55000000000000016 1.2500000000000002 0.25000000000000006 3 -1.6000000000000008 11.081278069764243 19.750000000000004 2.0816681711721688e-17 14.500000000000002
decision_type=2 9 2 8 2 2 2 9 2 9 2 2 10 2 10 2 10 2 10 2 2 2 2 2 9 10 2 8 2 2
left_child=21 26 3 7 6 24 -4 8 -3 -6 11 14 13 -12 -11 20 18 -15 -17 28 -16 22 -1 -8 -5 -24 -2 -28 29 -14
right_child=1 2 4 5 9 -7 23 -9 -10 10 12 -13 19 17 15 16 -18 -19 -20 -21 -22 -23 25 -25 -26 -27 27 -29 -30 -31
leaf_value=-0.011187342944008661 -0.0114287978727848 0.0085395464010760962 -0.0089592290941429599 0.025010599261327371 -0.00091603868023122962 -0.018900884033055333 -0.0057521857405048015 -0.0057719154617559467 0.13193920978913073 0.32642724898433162 0.0023963387239311538 0.017578336347606301 0.13322897612771228 0.25109505298513685 0.07811159394632268 0.20176192118545672 0.12588568026113192 0.039505313419185679 -0.021925618678238796 -0.013381955103536951 -0.075157614662103994 -0.00062847787127788329 0.046609626823775008 0.00043531952690372159 -0.0087567202050469924 -0.0032800555021432693 0.042707983989252518 -0.012470085432608424 0.010574642538717045 -0.062099765629777842
leaf_weight=1933 879 926 970 209 4429 2257 4890 1232 23 31 68 650 36 26 108 20 26 21 22 667 40 525 21 7356 853 35 22 23 2269 24
leaf_count=1933 879 926 970 209 4429 2257 4890 1232 23 31 68 650 36 26 108 20 26 21 22 667 40 525 21 7356 853 35 22 23 2269 24
internal_value=-0.00054771 -0.000385903 -0.000306115 -0.00117271 -8.6132e-05 -0.00191166 -0.00042978 -4.8142e-05 0.00130852 0.000452168 0.00108509 0.00285921 0.000576965 0.00716768 0.0073452 0.00564553 0.0126285 0.0151805 0.00570071 0.000323753 0.00243079 -0.00235472 -0.00291338 -0.000292339 -0.000480182 0.00481283 -0.00269779 0.00498891 0.000882314 0.00748752
internal_weight=30591 28077 27153 5500 21653 3319 13216 2181 949 8437 4008 897 3111 115 247 216 68 47 42 2996 148 2514 1989 12246 1062 56 924 45 2329 60
internal_count=30591 28077 27153 5500 21653 3319 13216 2181 949 8437 4008 897 3111 115 247 216 68 47 42 2996 148 2514 1989 12246 1062 56 924 45 2329 60
cat_boundaries=0 1 2 3 4
cat_threshold=532480 33980486 33816612 1394784
is_linear=0
shrinkage=0.05


Tree=52
num_leaves=31
num_cat=6
split_feature=24 2 31 16 16 16 52 31 32 29 14 48 42 12 6 27 9 14 16 5 33 43 27 52 53 38 35 33 44 31
split_gain=2.90892 1.84274 1.97095 1.61165 1.60035 1.45786 1.44367 1.71658 1.39741 1.30859 1.29703 1.2785 1.26424 1.27477 1.2485 1.54187 1.43482 1.30844 1.22311 1.43804 1.32797 1.21749 2.39834 1.38277 2.13085 2.00375 1.21217 1.23063 1.19518 2.36047
threshold=3.9193473192711683 0.95000000000000007 0.57154760664940907 0 1 2 -1.4999999999999998 2.4500000000000011 986.14166666666677 4.4087031600079616 3 89.500000000000014 1.2500000000000002 -0.49998158062385478 0.35000000000000003 0.094280904158206127 11.500000000000002 4 5 0.14142135623730961 0.28674417556810655 6.4500000000000011 0.42426406871192918 15.500000000000002 3.5999999999999965 0.69999999999998874 37.245431964177747 0.44969125210770217 93.500000000000014 0.59999999999999998
decision_type=2 8 2 9 9 9 10 2 2 2 1 10 10 2 2 2 2 1 9 2 2 10 2 10 10 10 2 2 10 2
left_child=8 2 5 -3 12 21 26 9 28 -8 11 -11 -4 -14 -5 16 -16 18 19 -17 -21 22 -2 24 -24 -26 -6 -28 -1 -30
right_child=1 3 4 14 6 -7 7 -9 -10 10 -12 -13 13 -15 15 17 -18 -19 -20 20 -22 -23 23 -25 25 -27 27 -29 29 -31
leaf_value=-0.00026503911887199738 -0.013845395080855563 -0.016289169148429872 -0.0074448343239931665 -0.002308483362803382 0.013070447760356206 -0.011648487860454478 0.0062951439841585598 0.069072254332894351 -0.009966979726698369 -0.0020190519217440652 -0.013388681387999105 0.075295638317009 0.10019438158787333 -0.00074560809761566808 0.0029701061695060439 0.18370410158568601 0.069491123694852497 -0.00013885858697439002 0.01466132243659315 -0.0081505409756525721 0.083662542695853326 -0.0061527621830374055 -0.00042333705015808686 0.032418367053595153 0.02308516802142796 0.057421919810436609 0.0061990112194463464 0.12773704268478911 -0.015894083630821159 0.038908192812112219
leaf_weight=133 149 285 3546 8717 1294 4064 868 40 2329 363 741 38 84 179 175 29 173 3543 1282 86 109 2014 125 23 68 39 22 21 28 24
leaf_count=133 149 285 3546 8717 1294 4064 868 40 2329 363 741 38 84 179 175 29 173 3543 1282 86 109 2014 125 23 68 39 22 21 28 24
internal_value=-0.000526462 -0.00038056 -0.000796164 1.42358e-05 -0.000226513 -0.00142855 0.000563715 -0.000268281 -0.00215584 -0.000472614 -0.0015848 0.000717586 -0.00092823 0.00241353 9.06241e-05 0.000688331 0.00390692 0.000466419 0.00169514 0.00504058 0.00371604 -0.000448912 0.00205395 0.00499804 0.00383455 0.00901027 0.00184354 0.0100928 0.00202593 0.0084453
internal_weight=30591 28077 13678 14399 7196 6482 3387 2050 2514 2010 1142 401 3809 263 14114 5397 348 5049 1506 224 195 2418 404 255 232 107 1337 43 185 52
internal_count=30591 28077 13678 14399 7196 6482 3387 2050 2514 2010 1142 401 3809 263 14114 5397 348 5049 1506 224 195 2418 404 255 232 107 1337 43 185 52
cat_boundaries=0 1 2 3 4 5 6
cat_threshold=8192 46700592 37882386 816 960 1968128
is_linear=0
shrinkage=0.05


Tree=53
num_leaves=31
num_cat=4
split_feature=24 16 4 32 14 3 12 54 35 12 34 16 37 11 36 23 29 53 52 5 49 13 54 34 36 16 43 10 46 24
split_gain=2.94502 1.78482 1.46758 1.56885 1.38713 1.53119 1.27413 1.27749 1.27078 1.25765 1.18354 1.12037 1.19347 2.27373 1.11737 1.08104 1.23307 1.211 1.03716 2.32319 1.01198 1.00804 1.45563 1.14686 0.946501 0.944727 0.939441 1.28209 0.90028 0.900286
threshold=3.9193473192711683 0 0.041666666666666678 1020.7166666666668 1 2.3500000000000001 -0.19613531578169993 0.46666666666666662 3.2829089846240636 0.36075750887067765 55.833333333333336 2 -0.6600555926929218 -0.60355339059327384 0.63232724901282089 6.436882868747051 14.0039671298169 -7.4500000000000002 22.500000000000004 0.12472191289246472 10.600000000000003 -0.99904236206516772 1.8000000000000012 96.833333333333357 0.6778315663416653 3 26.750000000000004 0.25881904510252091 0.35000000000000003 5.2465166688329541
decision_type=2 9 2 2 1 2 2 2 2 2 2 9 2 2 2 2 2 10 10 2 10 2 2 2 2 9 10 2 8 2
left_child=6 4 9 -4 15 26 -1 8 -8 -3 -5 12 -11 -14 -9 18 17 -17 21 -20 -21 22 -2 -24 -16 -26 -6 -28 29 -13
right_child=1 2 3 10 5 -7 7 14 -10 11 -12 28 13 -15 24 16 -18 -19 19 20 -22 -23 23 -25 25 -27 27 -29 -30 -31
leaf_value=-0.011863876880534873 -0.0037345767484693541 -0.013668144410115601 0.00026511449017981709 0.081709272327368049 -0.011924803991857894 0.055036308447752383 0.043078229780053524 -0.010136328556414543 -0.0069603931065790802 -0.010912140433794404 -0.011421102188816994 0.012491743789300241 0.10021241963651434 0.01240506454667443 0.034572364402867942 0.043909181447004314 0.17115982707076696 -0.003831260108280716 0.039332899328818019 0.057548918830878815 -0.023898922144905434 -0.0099129678393915701 0.0020888581506428548 0.02646687111836564 -0.020286368507522176 0.0024530523033108476 -0.04178070241596283 0.061645847226162891 -0.022930197669500517 -0.0050912100354465785
leaf_weight=926 66 2316 19159 20 2620 39 26 1068 27 29 913 161 22 55 33 28 37 193 28 21 63 1455 30 32 130 304 24 21 143 602
leaf_count=926 66 2316 19159 20 2620 39 26 1068 27 29 913 161 22 55 33 28 37 193 28 21 63 1455 30 32 130 304 24 21 143 602
internal_value=-0.000536268 -0.000389464 -0.000211268 -5.02697e-05 -0.00128238 -0.0020154 -0.00217573 -0.00131604 0.00630885 -0.00118386 -0.0020523 0.000286532 0.00490956 0.00862516 -0.0015797 -0.000262341 0.00275087 0.00133424 -0.000722672 0.00392507 -0.000237813 -0.00105174 0.00320062 0.00869565 0.000460286 -0.000161254 -0.0021669 0.00498891 -0.000305645 0.000373475
internal_weight=30591 28077 23420 20092 4657 2704 2514 1588 53 3328 933 1012 106 77 1535 1953 258 221 1695 112 84 1583 128 62 467 434 2665 45 906 763
internal_count=30591 28077 23420 20092 4657 2704 2514 1588 53 3328 933 1012 106 77 1535 1953 258 221 1695 112 84 1583 128 62 467 434 2665 45 906 763
cat_boundaries=0 1 2 3 4
cat_threshold=569376 2528 1179650 2116
is_linear=0
shrinkage=0.05


Tree=54
num_leaves=31
num_cat=2
split_feature=24 5 26 3 12 32 49 31 26 48 47 32 44 51 42 51 36 31 14 13 28 32 52 50 47 14 18 40 37 35
split_gain=2.80161 1.92889 1.55314 1.42674 1.57898 3.07999 1.50056 2.71177 1.40615 1.72903 1.47247 1.36061 1.26799 2.34181 1.22375 1.00498 0.990148 1.58097 1.94417 1.12433 1.38455 0.995754 1.29972 0.988804 1.15976 0.979307 1.26935 1.44993 1.80625 3.1881
threshold=9.5322503552313425 0.21602468994692872 3.0416666666666674 1.0000000180025095e-35 -0.99863729997741457 1004.4833333333335 4.8500000000000005 1.4216565314369831 18.583333333333339 42.500000000000007 19.350000000000005 1015.2166666666668 98.500000000000014 -1.5999999999999985 0.8500000000000002 3.9000000000000017 -0.24626963813713779 0.57927157323275946 0 0.98376170968447496 78.583333333333357 1021.0833333333335 -44.499999999999993 7.0500000000000007 25.050000000000004 1 13.9214 93.500000000000014 -0.48458959842730837 7.0945599899431757
decision_type=2 2 2 2 2 2 8 2 2 10 10 2 8 8 10 10 2 2 1 2 2 2 10 10 10 1 2 10 2 2
left_child=1 2 -1 6 5 -5 7 15 10 -10 -7 23 -3 -14 -15 -2 17 -4 -19 -20 -21 22 -18 25 -25 -6 -27 -28 29 -29
right_child=3 12 16 4 11 8 -8 -9 9 -11 -12 -13 13 14 -16 -17 21 18 19 20 -22 -23 -24 24 -26 26 27 28 -30 -31
leaf_value=-0.0088146338940177493 -0.00086672858728492749 -0.0016792625645011793 -0.010913460051745389 0.28049752120669519 0.010723520711030311 0.21336755538910057 -0.013436104483025646 0.093942021675985005 0.31021299533439656 -0.046425904378419078 0.23172033757576266 -0.01107688212011273 0.032192175128594951 -0.0040033231757755482 0.049663480441470453 0.17308764934552986 0.045431302330070047 -0.0099603391568001166 0.0033160574074501108 0.040052753269207271 -0.0072385147148539873 -0.013154710549271989 -0.00073384031774807615 0.17532770588201871 0.011202890826019239 0.025762489814319507 -0.011123635251572799 0.149889124454996 -0.0017852800710598756 0.00026360217827449129
leaf_weight=1941 423 6977 2032 28 4784 51 2504 43 20 105 24 1261 43 255 33 27 20 1013 753 37 32 841 3732 21 32 870 2186 59 364 80
leaf_count=1941 423 6977 2032 28 4784 51 2504 43 20 105 24 1261 43 255 33 27 20 1013 753 37 32 841 3732 21 32 870 2186 59 364 80
internal_value=-0.000534634 -0.000942737 -0.00138014 2.6392e-05 0.000316131 0.00442788 -0.000929233 0.00159197 0.00224887 -0.000999202 0.00765646 0.000219009 -0.000320194 0.00270311 0.00107601 0.000444345 -0.00108746 -0.00167697 -0.000613047 0.00118976 0.00730825 -0.000591105 -0.000242532 0.000449017 0.00725047 0.000405723 -0.000222746 -0.000760479 0.00165971 0.00650611
internal_weight=30591 17709 10401 12882 9885 228 2997 493 200 125 75 9657 7308 331 288 450 8460 3867 1835 822 69 4593 3752 8396 53 8343 3559 2689 503 139
internal_count=30591 17709 10401 12882 9885 228 2997 493 200 125 75 9657 7308 331 288 450 8460 3867 1835 822 69 4593 3752 8396 53 8343 3559 2689 503 139
cat_boundaries=0 1 2
cat_threshold=3214 7584
is_linear=0
shrinkage=0.05


Tree=55
num_leaves=31
num_cat=6
split_feature=2 43 31 16 16 14 34 43 12 35 10 27 10 16 54 5 37 2 35 14 26 44 52 35 14 36 34 54 11 2
split_gain=2.81297 2.45025 1.92825 1.83196 1.34995 1.40215 1.25901 1.18664 1.18441 2.85433 1.75229 1.15199 1.17638 1.14093 1.04531 1.02446 1.48316 1.91277 1.68018 1.02027 1.44574 1.18947 0.999808 1.26605 1.00392 1.16071 1.8315 1.03564 1.33198 0.987765
threshold=0.95000000000000007 2.0500000000000003 0.33993463423951903 0 1 2 98.833333333333357 26.650000000000002 -0.99863729997741457 17.448335275691452 0.37940952255126054 0.61824123303304745 -1.0000000180025095e-35 3 6.0000000000000036 0.40960461199756409 0.74584090418902649 0.35000000000000003 4.6784206501525123 4 18.958333333333339 72.500000000000014 -8.4999999999999982 37.245431964177747 5 0.90231874244136201 98.833333333333357 2.1666666666666696 0.60355339059327384 4.6500000000000012
decision_type=8 10 2 9 9 1 2 10 2 2 2 2 2 9 2 2 2 10 2 1 2 10 10 2 1 2 2 2 2 10
left_child=1 -1 -3 -2 6 14 8 -8 9 -5 -11 12 -9 15 -6 22 19 18 -18 20 -17 -22 23 -4 -24 -26 27 28 -27 -10
right_child=3 2 13 4 5 -7 7 11 29 10 -12 -13 -14 -15 -16 16 17 -19 -20 -21 21 -23 24 -25 25 26 -28 -29 -30 -31
leaf_value=-0.0089391938741051943 -0.016061113624205751 -0.011251495798288227 0.0058648260969680708 -0.0055914892302892901 0.0038112336853725996 -0.0052614161796066088 0.017519780100319484 0.17442929438845234 0.00047501528940838877 0.11389450610987786 0.31998182282894366 0.064981934527500451 0.43416383765304811 -0.0051766890676811323 -0.011536326258851582 -0.012386958565706228 0.1478434220835301 -0.016612778110599202 0.018158352556661258 0.0012763931535012944 0.045825275892634854 0.25686835749379083 -0.0096861898016481675 0.10738083687401474 -0.00044950637395196956 0.0017288866294134357 0.069957818126442931 -0.014418005992948072 0.0093613092358665381 0.13370286220089572
leaf_weight=1937 328 2897 711 98 4182 5392 715 21 3437 23 21 43 50 6380 723 44 27 30 22 638 36 38 1072 26 1455 42 33 68 21 73
leaf_count=1937 328 2897 711 98 4182 5392 715 21 3437 23 21 43 50 6380 723 44 27 30 22 638 36 38 1072 26 1455 42 33 68 21 73
internal_value=-0.000513847 -0.000987589 -0.000749626 -2.84665e-05 5.47726e-05 -0.000260501 0.000778205 0.0025389 0.000380602 0.00485573 0.0154195 0.00727432 0.0111814 -0.000438313 0.000350958 0.000195407 0.00176625 0.00828066 0.0143585 0.00108451 0.00515222 0.00985155 -0.000186694 0.00144485 -0.000633571 0.000156527 0.00414381 0.00148741 0.00610143 0.000199423
internal_weight=30583 15477 13540 15106 14778 10297 4481 829 3652 142 44 114 71 10643 4905 4263 835 79 49 756 118 74 3428 737 2691 1619 164 131 63 3510
internal_count=30583 15477 13540 15106 14778 10297 4481 829 3652 142 44 114 71 10643 4905 4263 835 79 49 756 118 74 3428 737 2691 1619 164 131 63 3510
cat_boundaries=0 1 2 3 4 5 6
cat_threshold=8192 18154000 4562 5653062 1152 3396
is_linear=0
shrinkage=0.05


Tree=56
num_leaves=31
num_cat=6
split_feature=39 6 4 16 14 35 13 50 51 48 35 35 2 14 50 5 16 36 31 14 37 53 32 49 43 45 30 16 12 43
split_gain=2.89188 1.74727 1.59544 1.46232 1.24794 2.21719 1.32075 1.21351 1.26107 1.57438 1.50875 1.11843 1.09696 1.65337 1.59856 1.36123 1.1993 1.35314 0.936732 1.72071 1.93362 1.45909 1.54122 1.11776 0.935819 1.37675 0.917845 0.860131 1.78564 1.09393
threshold=4.0500000000000007 0.25000000000000006 0.083333333333333356 0 1 12.719186352324803 0.99815866078541859 1.0000000180025095e-35 -3.4999999999999982 94.500000000000014 2.4032561733691682 1.4571067811865477 0.95000000000000007 2 2.5500000000000003 0.24972191289246473 3 0.89700993643141291 1.3695092389449433 4 0.75470851359426627 1.7999999999999998 1013.1166666666668 17.450000000000006 4.4500000000000011 11.15 -1.1166666666666665 5 0.75110426010738141 6.1500000000000012
decision_type=10 2 2 9 1 2 2 8 8 8 2 2 8 1 10 2 9 2 2 1 2 10 2 10 10 10 2 9 2 10
left_child=1 27 -2 26 5 7 24 -3 -9 10 -10 -11 18 14 -14 -16 -15 -18 -5 23 21 -21 -23 -20 -6 -26 -4 28 29 -1
right_child=2 4 3 12 6 -7 -8 8 9 11 -12 -13 13 16 15 -17 17 -19 19 20 -22 22 -24 -25 25 -27 -28 -29 -30 -31
leaf_value=-0.010549747322073746 -0.0080890968195654177 -0.0037389308170002614 0.016543572515850553 -0.005356707154212409 -0.0062264155686367426 0.046766791728427452 0.03477347187420838 -0.023489721601502329 0.037517592443216147 -0.0047024714883076371 0.012305515306133233 0.016361093611308317 0.0076421854233005293 -0.013141959154385633 0.072684823157224576 0.048022215696369892 0.00030745810449831499 -0.016356062563000505 -0.024126071376226455 -0.0020555160107584842 0.067606941461446413 0.037996713738498528 0.11266174837879872 0.062516276715086763 0.046797337679450927 -0.0034809688949744687 0.0065867340678458014 -0.011500940619944194 0.01665909685980321 0.027471135847935091
leaf_weight=181 5854 370 22 6913 794 35 23 33 21 56 21 55 2534 675 20 35 5359 520 207 110 27 63 23 41 30 58 4332 2115 35 21
leaf_count=181 5854 370 22 6913 794 35 23 33 21 56 21 55 2534 675 20 35 5359 520 207 110 27 63 23 41 30 58 4332 2115 35 21
internal_value=-0.000508942 -0.0017905 -0.000324481 -0.000119966 -0.000454516 0.00132257 -0.00161185 0.000575435 0.00386889 0.00578053 0.0140143 0.00265526 -0.000334703 3.11699e-05 0.00109846 0.00952813 -0.000391525 -0.000160467 -0.000788181 0.00136913 0.00444015 0.00290668 0.00778165 -0.00151104 -0.00193856 0.00295119 0.0006943 -0.0026402 0.00026305 -0.0015339
internal_weight=30583 3848 26735 20881 1496 591 905 556 186 153 42 111 16527 9143 2589 55 6554 5879 7384 471 223 196 86 248 882 88 4354 2352 237 202
internal_count=30583 3848 26735 20881 1496 591 905 556 186 153 42 111 16527 9143 2589 55 6554 5879 7384 471 223 196 86 248 882 88 4354 2352 237 202
cat_boundaries=0 1 2 3 4 5 6
cat_threshold=22020624 6 4482 24640 5682 131602
is_linear=0
shrinkage=0.05


Tree=57
num_leaves=31
num_cat=6
split_feature=39 3 32 36 33 34 16 16 14 54 16 36 31 24 4 1 41 11 16 39 9 36 42 16 12 23 48 9 7 30
split_gain=2.81243 1.65071 1.5423 1.39087 1.28234 1.26073 1.11375 1.10859 1.27735 1.10748 1.80522 2.72418 2.34289 1.59198 1.50562 2.47668 1.43218 1.28009 1.84973 1.78916 1.94672 1.24753 1.38093 1.21649 1.20033 2.32287 1.71995 1.68018 1.21506 1.15024
threshold=4.0500000000000007 0.55000000000000016 1017.4166666666669 -0.75461379195228384 1.7594190960528839 83.833333333333357 0 1 2 1.5000000000000009 3 0.0094083884483197374 0.55288886667555115 4.9406255182608421 1.4833333333333336 0.15000000000000005 9.3500000000000032 -0.12940952255126037 4 19.050000000000004 21.500000000000004 0.96125852260395661 0.15000000000000005 5 -0.36876293119226017 1.376078863326563 54.500000000000007 7.5000000000000009 3.7500000000000004 0.34166666666666673
decision_type=10 2 2 2 2 2 9 9 1 2 9 2 2 2 2 2 10 2 9 10 2 2 8 9 2 2 10 2 2 2
left_child=1 6 3 7 9 -3 -1 8 -2 10 11 12 13 -5 15 -14 -17 23 19 -19 -21 -12 -23 29 25 26 -15 -27 -26 -11
right_child=2 5 -4 4 -6 -7 -8 -9 -10 17 21 -13 14 24 -16 16 -18 18 -20 20 -22 22 -24 -25 28 27 -28 -29 -30 -31
leaf_value=0.0041976072344925936 0.016186462727406471 0.043621456453436805 -0.0074497403829347324 0.036107444157154577 0.052527952780498377 -0.00087573372818595605 -0.0081767836631884347 -0.0085404561823233093 -0.0056119356364640605 0.0098508347172027045 -0.0049866090879551288 0.0015840657850434842 0.018452857966356789 0.20305090967217226 0.040638149560061593 0.029273692777733708 0.10388914358581464 0.0081635030308931274 -0.0009373010093423062 0.040322944089246686 0.29419758335301899 0.004849488684651751 0.049189749597524292 -0.0094980955816095919 -0.0060034013824406558 0.01346385126963893 0.011602071779778225 0.41982743151603708 0.086350207110113028 -0.00015875218482822896
leaf_weight=133 758 25 4149 25 39 1082 2608 2015 1040 52 1961 1517 30 25 82 24 38 1340 5625 195 41 85 21 4240 278 22 235 27 74 2797
leaf_count=133 758 25 4149 25 39 1082 2608 2015 1040 52 1961 1517 30 25 82 24 38 1340 5625 195 41 85 21 4240 278 22 235 27 74 2797
internal_value=-0.000487689 -0.00175151 -0.000305779 -0.00014301 3.38238e-05 -0.000121941 -0.00240962 -0.00101361 -0.000105084 1.49448e-05 0.000704303 0.00164006 0.00389489 0.0025798 0.00907524 0.0134636 0.0191626 -0.00019944 0.000270096 0.00177794 0.00580262 -0.000377932 0.00490104 -0.000676392 0.00211012 0.00438369 0.00249904 0.0143585 0.000113603 0.000124164
internal_weight=30583 3848 26735 22586 18773 1107 2741 3813 1798 18734 4444 2377 860 686 174 92 62 14290 7201 1576 236 2067 106 7089 661 309 260 49 352 2849
internal_count=30583 3848 26735 22586 18773 1107 2741 3813 1798 18734 4444 2377 860 686 174 92 62 14290 7201 1576 236 2067 106 7089 661 309 260 49 352 2849
cat_boundaries=0 1 2 3 4 5 6
cat_threshold=16908800 43190836 4536 21190674 885314 5522036
is_linear=0
shrinkage=0.05


Tree=58
num_leaves=31
num_cat=4
split_feature=43 32 1 53 16 51 34 13 16 1 34 26 24 27 23 48 14 38 3 13 46 14 26 30 29 45 51 9 51 32
split_gain=2.80236 1.86601 1.4142 1.75854 1.54371 1.23429 1.17505 1.24785 1.74668 1.18813 1.6445 1.9047 1.41568 1.17216 1.08917 1.35511 1.52345 1.47165 1.22867 1.45809 1.22323 1.15716 1.44645 1.93638 1.08101 2.73026 1.52865 1.45526 1.37949 1.28466
threshold=1.8500000000000003 1025.116666666667 0.35000000000000003 -10.699999999999998 0 8.2500000000000018 99.833333333333357 -0.53667642277345495 1 1.0000000180025095e-35 88.583333333333357 27.81666666666667 11.466773282239677 1.7500000000000007 4.9623514036781895 29.500000000000004 2 -2.3166666666666624 0.15000000000000005 0.94445443497892156 1.6500000000000001 3 0.81666666666666687 -0.48333333333333328 2.4719640003162362 25.750000000000004 4.5000000000000036 11.500000000000002 -4.4499999999999993 1008.4166666666669
decision_type=8 2 2 8 9 8 2 2 9 2 2 2 2 2 2 8 1 10 2 2 10 1 2 2 2 10 10 2 10 2
left_child=-1 2 6 -4 5 -5 7 8 -2 13 11 -11 -12 -10 21 -16 17 -17 -19 20 -20 24 23 -23 29 26 28 -28 -26 -6
right_child=1 -3 3 4 14 -7 -8 -9 9 10 12 -13 -14 -15 15 16 -18 18 19 -21 -22 22 -24 -25 25 -27 27 -29 -30 -31
leaf_value=-0.0067351625760693097 -0.013871775940107743 -0.016298059294575739 -0.0089989731568411221 0.0078761171040886164 0.011315024592022615 0.024276443658743489 0.0073482364375635411 -0.0061850788928653087 -0.0030306277979383171 0.059751070315937099 -0.0087495132804763839 -0.022523824950388044 0.03103190694880701 0.043754039177993947 0.19152367489783295 0.10161849105654289 -0.01373599489155565 -0.0051655301924795278 0.010517803058691912 0.18851314849864723 0.16823432525748597 -0.0017459311663240067 -0.0071062680130570518 0.041803082356828947 0.057258752961654905 0.04973981880425124 0.0089743568567967561 0.11971735030139381 0.0018369265469228421 -0.01634514935215961
leaf_weight=2638 1817 614 962 5025 205 41 1078 10051 1718 401 350 108 191 145 34 22 351 209 213 34 24 40 2846 21 41 27 24 23 924 406
leaf_count=2638 1817 614 962 5025 205 41 1078 10051 1718 401 350 108 191 145 34 22 351 209 213 34 24 40 2846 21 41 27 24 23 924 406
internal_value=-0.000466435 -0.000319377 -0.000258132 0.000164746 0.000352041 0.000979097 -0.000564031 -0.000680262 -1.05718e-05 0.000747493 0.00209504 0.00413475 0.000175567 -8.05229e-06 -0.000232854 0.00136963 0.000978782 0.00271431 0.00218704 0.00440797 0.0030156 -0.000545304 -0.00114326 0.00646481 0.000512016 0.00149649 0.00107697 0.00987261 0.0006476 -0.00115366
internal_weight=30583 27945 27331 11472 10510 5066 15859 14781 4730 2913 1050 509 541 1863 5444 887 853 502 480 271 237 4557 2907 61 1650 1039 1012 47 965 611
internal_count=30583 27945 27331 11472 10510 5066 15859 14781 4730 2913 1050 509 541 1863 5444 887 853 502 480 271 237 4557 2907 61 1650 1039 1012 47 965 611
cat_boundaries=0 1 2 3 4
cat_threshold=22088212 25700372 7244 4768
is_linear=0
shrinkage=0.05


Tree=59
num_leaves=31
num_cat=0
split_feature=39 4 32 37 23 4 49 40 36 12 2 13 28 38 45 37 27 45 12 11 53 41 32 28 24 1 12 26 37 26
split_gain=2.47651 1.58925 1.39344 1.27742 1.26273 1.05003 1.06947 1.07241 1.00886 1.02223 1.91673 1.70749 2.19292 1.98396 1.68891 1.46377 1.44715 1.41941 1.44991 1.32967 1.36987 1.51049 1.31663 1.18919 2.35304 1.50434 1.39233 1.39409 1.33052 1.18361
threshold=4.0500000000000007 0.34166666666666673 1027.0166666666671 0.72436056753218925 0.18691361306262758 1.0000000180025095e-35 9.3500000000000032 34.500000000000007 -0.75461379195228384 0.19613531578169985 2.3500000000000001 -0.84831994561267254 96.416666666666671 -1.0000000180025095e-35 33.400000000000006 -0.78470452653140843 1.7500000000000007 19.600000000000005 -0.99937381720471408 -0.12940952255126037 2.6000000000000014 11.15 1018.3166666666668 76.833333333333357 5.5557887307284259 1.2500000000000002 0.13690605792347552 11.458333333333336 -0.74402027655649128 20.641666666666669
decision_type=10 2 2 2 2 2 8 10 2 2 8 2 2 10 10 2 2 10 2 2 10 10 2 2 2 2 2 2 2 2
left_child=1 -1 5 4 -3 6 7 -2 -7 10 15 12 13 16 19 -10 -12 18 -17 -15 21 -21 -13 24 -20 26 27 -26 -29 -25
right_child=2 3 -4 -5 -6 8 -8 -9 9 -11 11 22 -14 14 -16 17 -18 -19 23 20 -22 -23 -24 29 25 -27 -28 28 -30 -31
leaf_value=-0.01065931087537476 0.073859200535659364 0.021534974402778611 -0.01733134725027306 -0.0068949148536742392 -0.0012103029816303832 -0.0049850962498483595 -0.015318607705034175 -0.0023004659134266353 -0.0080590938122182751 -0.0022928575502083525 0.00014816520664025657 0.0073277749989854053 0.29197472792510082 0.011700809704774866 0.050361258204598303 0.096049947715874967 0.14315167605965312 -0.014095473807479504 -0.01636119027461333 0.10376664259603151 0.013015308679638991 0.16662418809373877 -0.0096081667486144287 0.0030852747650283539 0.030447746464233306 0.2469146328032964 0.089671220358543385 0.057093746205846146 0.0081906689690553671 -0.016061721407682968
leaf_weight=1797 22 35 319 369 1647 3672 1649 1222 2427 7602 587 3394 21 223 21 35 31 556 126 118 72 36 485 2498 24 87 27 39 575 867
leaf_count=1797 22 35 319 369 1647 3672 1649 1222 2427 7602 587 3394 21 223 21 35 31 556 126 118 72 36 485 2498 24 87 27 39 575 867
internal_value=-0.00047461 -0.00166056 -0.000303909 -0.000709377 -0.000124845 -0.000264234 -0.00116311 -5.62668e-05 -0.00015368 -1.28468e-05 0.000269815 0.00102444 0.00275448 0.00244463 0.00489257 -0.000248586 0.000582429 0.000254441 0.000563333 0.00424182 0.00694383 0.00960415 0.000529761 0.000479601 0.00211821 0.00317777 0.00236806 0.00189625 0.00143299 5.20032e-05
internal_weight=30583 3848 26735 2051 1682 26416 2893 1244 23523 19851 12249 4988 1109 1088 470 7261 618 4834 4278 449 226 154 3879 4243 878 752 665 638 614 3365
internal_count=30583 3848 26735 2051 1682 26416 2893 1244 23523 19851 12249 4988 1109 1088 470 7261 618 4834 4278 449 226 154 3879 4243 878 752 665 638 614 3365
is_linear=0
shrinkage=0.05


Tree=60
num_leaves=31
num_cat=2
split_feature=30 32 16 13 38 43 51 5 52 45 31 30 33 16 49 32 49 32 6 48 29 32 35 47 38 48 12 49 11 32
split_gain=2.37583 1.49702 1.43008 1.07786 1.11556 0.99377 0.936506 0.909009 0.90685 1.27827 1.19705 1.55852 1.1374 0.832943 0.976794 0.868936 0.8294 0.810607 1.43171 0.908288 0.993805 0.808009 0.800388 1.06664 2.48252 1.23968 1.1511 1.65962 0.948118 1.43646
threshold=1.0000000180025095e-35 1017.4166666666669 0 0.5863955333706955 0.69999999999998874 -4.4499999999999993 9.5500000000000025 0.24719640003162371 11.500000000000002 12.800000000000002 0.68958842066956316 -1.1166666666666665 0.32998316455372451 1 44.800000000000004 1027.0166666666671 5.9000000000000012 1006.6416666666668 1.0000000180025095e-35 95.500000000000014 2.9719601443879751 1016.0166666666668 11.185237245927743 17.750000000000004 -0.96666666666664003 94.500000000000014 0.13690605792347552 11.15 0.1294095225512602 1012.5416666666669
decision_type=2 2 9 2 10 8 10 2 8 10 2 2 2 9 8 2 8 2 2 8 2 2 2 10 10 10 2 10 2 2
left_child=7 2 3 4 22 -4 -7 8 -1 -10 -11 12 -12 16 15 -15 -3 18 -9 -20 -21 -6 28 25 -25 -24 -26 -28 -2 -30
right_child=1 13 5 -5 21 6 -8 17 9 10 11 -13 -14 14 -16 -17 -18 -19 19 20 -22 -23 23 24 26 -27 27 -29 29 -31
leaf_value=-0.0083377554234997271 -0.0088172135610174226 0.0040703836394332324 0.013563109811530175 -0.0096183752235929239 -0.016564445455014242 -0.00032266493805311529 0.019785588398648767 0.030472622600719253 -0.012578282722017824 -0.0075008662214154035 0.0087647875938903635 -0.0025723096711590329 0.024969274563535884 -0.0038701216177960715 0.036015919870928399 -0.01572456448311061 -0.015505957137097962 -0.010349384422490428 -0.0012996987947856749 -0.0087373052663329252 0.016344032320127464 0.0020016183445191126 -0.0057078393566845935 0.22871353053609483 -0.0022815016921310313 0.039452666140853659 0.14453446337636752 0.0089902596590582615 -0.001193883688980353 0.03033092993096493
leaf_weight=1425 561 150 56 992 359 21074 34 33 140 58 26 22 20 3241 25 301 649 218 153 22 20 39 181 24 99 22 20 26 386 83
leaf_count=1425 561 150 56 992 359 21074 34 33 140 58 26 22 20 3241 25 301 649 218 153 22 20 39 181 24 99 22 20 26 386 83
internal_value=-0.000467678 -0.000346374 -0.000191184 -0.00125263 -0.00052775 -5.05346e-05 -6.82214e-05 -0.00207524 -0.00260481 7.51585e-05 0.0037272 0.0082232 0.013449 -0.00119787 -0.000862432 -0.000934475 -0.00265109 -6.72507e-05 0.00201666 0.000384417 0.00688836 -0.0028636 0.00013551 0.00212308 0.00505618 -0.000320041 0.00258442 0.00911063 -0.000582469 0.00107653
internal_weight=30459 28322 23956 2792 1800 21164 21108 2137 1691 266 126 68 46 4366 3567 3542 799 446 228 195 42 398 1402 372 169 203 145 46 1030 469
internal_count=30459 28322 23956 2792 1800 21164 21108 2137 1691 266 126 68 46 4366 3567 3542 799 446 228 195 42 398 1402 372 169 203 145 46 1030 469
cat_boundaries=0 1 2
cat_threshold=569344 8728576
is_linear=0
shrinkage=0.05


Tree=61
num_leaves=31
num_cat=3
split_feature=24 16 43 36 7 16 31 2 54 29 2 36 41 31 23 3 54 23 27 9 51 4 27 12 16 36 42 17 48 31
split_gain=2.16098 1.58114 1.20932 0.918662 0.958887 1.29907 1.12165 0.991435 0.92525 0.889132 1.27837 1.08659 0.882151 0.972733 1.05426 1.38654 1.21809 1.63983 1.50587 1.10266 1.23741 0.978735 1.39277 0.852008 2.19839 1.76292 1.66208 1.9163 2.83829 1.1511
threshold=3.7684258443912961 0 6.9500000000000011 0.59177782487759256 0.75000000000000011 1 0.32659863237109066 0.35000000000000003 1.2 5.2808988664221426 2.4500000000000006 -0.58460764026683132 27.750000000000004 0.59066817155564577 1.9373130758498953 0.25000000000000006 5.8000000000000034 3.8269346717934885 0.60000000000000109 8.5000000000000018 1.9000000000000015 1.5166666666666671 0.33993463423951903 -0.99863729997741457 2 0.16660679201995385 1.4500000000000002 41.308535000000006 68.500000000000014 0.9273618495495709
decision_type=2 9 10 2 2 9 2 10 2 2 10 2 10 2 2 2 2 2 2 2 10 2 2 2 9 2 8 2 10 2
left_child=3 2 -2 -1 -5 6 -6 -7 -8 10 -4 -12 23 21 19 16 17 -16 -19 -15 -21 -14 -23 24 25 -3 27 29 -29 -27
right_child=1 12 9 4 5 7 8 -9 -10 -11 11 -13 13 14 15 -17 -18 18 -20 20 -22 22 -24 -25 -26 26 -28 28 -30 -31
leaf_value=-0.008667938313862273 -0.0081296657086347961 -0.027897137601850353 -0.0024339192605780267 -0.0055478549631804257 0.0017914293597162314 0.012958808899405351 0.032856613732489465 -0.019665010226832529 0.024242653870328364 -0.0088561731940541184 -0.011370413000023231 0.11887080753960806 -0.0057645206051262126 -0.0020914034851733047 -0.0039124973979015893 -0.0081082565080473866 0.013024655743234928 0.037765539585455053 0.057028929237279424 0.067638262848853589 0.031546731781913626 0.070378240886956142 -0.0073919343419579292 -0.0015302658022201183 -0.017540297097462073 0.23053735777371367 -0.013601087856735819 0.29959042373420397 0.0062085679661787281 -0.023199288154806166
leaf_weight=1358 1011 62 2523 464 50 31 20 98 35 1116 21 43 412 22 22 131 61 21 21 28 22 25 34 22433 227 61 33 28 21 25
leaf_count=1358 1011 62 2523 464 50 31 20 98 35 1116 21 43 412 22 22 131 61 21 21 28 22 25 34 22433 227 61 33 28 21 25
internal_value=-0.000467678 -0.000354364 -0.00118965 -0.00203298 -0.00055866 0.0020504 0.00586446 -0.00140187 0.011343 -0.000773677 -0.000264776 0.00670827 -0.000187561 0.00144537 0.00353551 0.00203046 0.00579536 0.0106084 0.0163895 0.00887656 0.0129741 -1.06146e-05 0.00600677 -0.000244648 0.00189236 0.00520616 0.00809042 0.0105477 0.0184318 0.00603949
internal_weight=30459 28403 4714 2056 698 234 105 129 55 3703 2587 64 23689 799 328 256 125 64 42 72 50 471 59 22890 457 230 168 135 49 86
internal_count=30459 28403 4714 2056 698 234 105 129 55 3703 2587 64 23689 799 328 256 125 64 42 72 50 471 59 22890 457 230 168 135 49 86
cat_boundaries=0 1 2 3
cat_threshold=569376 1081856 8651348
is_linear=0
shrinkage=0.05


Tree=62
num_leaves=31
num_cat=4
split_feature=24 32 16 16 2 27 24 13 13 26 2 36 16 35 50 11 40 38 48 12 35 31 54 49 10 33 23 24 36 14
split_gain=2.08818 1.20618 1.8841 1.22566 1.60938 1.71413 1.74085 1.26057 1.43654 1.18587 1.20408 1.71354 1.34272 1.67902 1.71118 1.39871 1.38118 1.20498 1.52802 1.71113 1.46923 1.3042 2.85676 1.28223 1.32096 1.20501 1.51034 1.73707 1.17004 1.36422
threshold=4.3376470774448315 1011.4833333333335 0 1 0.95000000000000007 0.15664965809277251 7.9423839174124344 -0.97322851985520697 -0.99168614031016833 4.1833333333333345 2.4500000000000006 -0.74617431842883131 2 32.999158227686117 0.15000000000000005 -0.5 33.500000000000007 0.19999999999998866 49.500000000000007 -0.69794415476634331 6.4903703492039311 0.12472191289246397 0.90000000000000058 10.900000000000002 0.25881904510252091 0.097140452079068421 2.2620364714970314 9.2815858988460374 0.52454461829005494 3
decision_type=2 2 9 9 10 2 2 2 2 2 8 2 9 2 10 2 10 10 8 2 2 2 2 8 2 2 2 2 2 1
left_child=-1 2 -2 4 -3 6 -6 8 -5 -4 12 -12 13 15 -15 16 -11 18 19 20 -13 22 -19 -24 -25 26 -23 -28 29 -7
right_child=1 3 9 7 5 28 -8 -9 -10 10 11 17 -14 14 -16 -17 -18 21 -20 -21 -22 25 23 24 -26 -27 27 -29 -30 -31
leaf_value=-0.0049287809778239405 -0.0063995653885759859 -0.0024907252844888219 0.0079860328596571273 -0.0020984109371156314 0.0097154982327572192 -0.0038979670375203002 0.16109930370057837 -0.0098090178968568437 0.038174260855121357 0.060685410735641522 -0.0084840378531969695 0.18815912555648867 -0.0047888110143109773 0.050158926315321067 0.32643239087829762 0.011915169992129574 -0.011679463858479157 0.24284820554567901 0.0018961173148824989 0.0040983664244221866 0.080107084628624439 -0.017145722739315441 -0.003093857591240548 0.039767897686383925 0.22645098459511065 0.014842774390168862 0.047664277432190712 0.11871470076237296 -0.0033592502913597877 0.055656840172283034
leaf_weight=3771 2156 4535 178 284 34 101 20 5687 103 22 866 21 5407 96 20 1506 651 29 3005 184 80 49 90 30 20 926 22 68 365 133
leaf_count=3771 2156 4535 178 284 34 101 20 5687 103 22 866 21 5407 96 20 1506 651 29 3005 184 80 49 90 30 20 926 22 68 365 133
internal_value=-0.000451262 -0.000295639 -8.42847e-06 -0.000689038 -0.000123123 0.00219721 0.0107209 -0.00117026 0.00158874 0.000214606 0.000159637 0.000732824 -0.000241494 0.00077003 0.00663221 0.000461198 -0.00143367 0.00112287 0.00062308 0.00412136 0.00934718 0.00245523 0.00653459 0.00356888 0.00998004 0.00180734 0.00614666 0.0099889 0.00142714 0.00418624
internal_weight=30459 26688 15426 11262 5188 653 54 6074 387 13270 13092 5390 7702 2295 116 2179 673 4524 3290 285 101 1234 169 140 50 1065 139 90 599 234
internal_count=30459 26688 15426 11262 5188 653 54 6074 387 13270 13092 5390 7702 2295 116 2179 673 4524 3290 285 101 1234 169 140 50 1065 139 90 599 234
cat_boundaries=0 1 2 3 4
cat_threshold=4907008 5949460 8389222 6152
is_linear=0
shrinkage=0.05


Tree=63
num_leaves=31
num_cat=3
split_feature=26 32 16 13 38 1 44 16 12 34 2 18 33 48 23 31 42 45 49 49 2 49 51 12 28 45 46 14 12 4
split_gain=1.81553 1.6564 1.76494 1.12007 1.22083 0.968688 1.50174 1.49253 1.18631 2.01849 1.10935 1.2858 1.44804 1.33454 1.62185 1.54704 0.984053 1.40102 1.53814 1.59433 1.1328 0.980807 1.0956 1.7999 1.15847 1.2673 1.45357 1.11183 0.964113 0.966449
threshold=-1.5833333333333328 1017.4166666666669 0 0.5863955333706955 0.69999999999998874 0.25000000000000006 99.500000000000014 1 -0.99863729997741457 85.583333333333357 1.0000000180025095e-35 133.33485500000003 0.88942233806785553 62.500000000000007 2.0142146070843769 0.56073157915017025 0.95000000000000007 15.650000000000002 17.150000000000002 5.4500000000000011 6.3500000000000005 28.050000000000004 -2.1000000000000001 0.99054754357789243 96.166666666666671 7.3000000000000016 0.15000000000000005 2 0.98526426544274892 0.28333333333333338
decision_type=2 2 9 2 10 2 10 9 2 2 10 2 2 10 2 2 8 8 10 8 8 10 10 2 2 10 8 1 2 2
left_child=-1 2 3 4 -2 6 -4 8 9 -7 11 12 13 -8 15 -15 21 -18 19 -19 -21 22 23 24 25 26 -10 -27 29 -24
right_child=1 -3 5 -5 -6 7 10 -9 16 -11 -12 -13 -14 14 -16 -17 17 18 -20 20 -22 -23 28 -25 -26 27 -28 -29 -30 -31
leaf_value=-0.0090274214720130041 0.00020867249491066599 -0.006696827327211898 -0.0034114811248168262 -0.0083850203825896336 -0.013818678095431497 0.28239652730427006 0.073509218735196918 -0.0016380280485974435 0.032900961148801061 0.033231033546568478 -0.0036477662887029875 0.14363104856679879 0.15586779367072168 -0.0042126714016810212 -0.029667361554701108 0.10365602002080512 0.011957300240683193 0.11818791525866264 0.094972387581748433 -0.0074781342540557573 0.019575873000294536 -0.01946550697119144 0.02742431811364316 0.029628289355644641 0.093104472242936831 0.021234151184595668 0.057006702225415755 -0.01383336502699237 -0.01215103918429194 0.0007440094667852744
leaf_weight=519 1451 4731 10607 1254 429 29 22 5602 118 68 142 24 37 32 96 23 464 23 20 63 30 112 275 39 35 235 26 213 230 3510
leaf_count=519 1451 4731 10607 1254 429 29 22 5602 118 68 142 24 37 32 96 23 464 23 20 63 30 112 275 39 35 235 26 213 230 3510
internal_value=-0.000429922 -0.000379091 -0.000217978 -0.00132629 -0.000558482 -5.99964e-05 -0.000392878 0.00026956 0.000854529 0.00633368 0.00271204 0.004827 0.00356973 0.00164645 -3.30919e-05 0.00680581 0.000757448 0.00266622 0.00712711 0.00490956 0.00198711 0.000518452 0.000629124 0.00250713 0.00185776 0.00133423 0.00541291 2.23153e-05 0.00031755 0.000508572
internal_weight=30459 29940 25209 3134 1880 22075 10983 11092 5490 97 376 234 210 173 151 55 5393 600 136 116 93 4793 4681 666 627 592 144 448 4015 3785
internal_count=30459 29940 25209 3134 1880 22075 10983 11092 5490 97 376 234 210 173 151 55 5393 600 136 116 93 4793 4681 666 627 592 144 448 4015 3785
cat_boundaries=0 1 2 3
cat_threshold=569344 22153748 2872
is_linear=0
shrinkage=0.05


Tree=64
num_leaves=31
num_cat=2
split_feature=30 2 32 16 34 47 38 32 51 4 14 23 47 37 51 26 7 39 27 7 32 39 48 38 49 41 48 26 43 3
split_gain=1.66284 1.36933 1.17192 0.993072 1.30931 1.39369 1.98931 1.77713 1.30967 1.27468 1.40511 1.19385 2.13474 1.19215 1.07895 1.275 1.86381 1.92837 2.16029 1.32666 1.38779 1.2527 1.96287 1.13096 1.07696 1.03644 1.34388 1.00205 0.993371 1.08995
threshold=0.91666666666666685 1.9500000000000002 1024.7833333333335 0 84.583333333333357 6.7500000000000009 0.40000000000003416 1005.9166666666669 9.5500000000000025 0.041666666666666678 1 1.5043489140985626 31.050000000000004 0.32207486928760282 -0.99999999999999978 24.558333333333337 0.55000000000000016 11.750000000000002 0.82865352631040412 1.2500000000000002 1008.5416666666669 26.750000000000004 87.500000000000014 -0.63333333333338249 6.9000000000000012 10.250000000000002 84.500000000000014 6.7583333333333337 6.9500000000000011 1.0000000180025095e-35
decision_type=2 10 2 9 2 8 10 2 8 2 1 2 10 2 8 2 2 10 2 2 2 10 10 10 8 10 10 2 10 2
left_child=-1 2 3 4 5 6 -2 -8 11 -7 -11 12 -6 14 15 16 17 -12 -19 20 -18 -16 23 -23 -5 -9 27 -27 -26 -30
right_child=1 -3 -4 24 8 9 7 25 -10 10 13 -13 -14 -15 21 -17 19 18 -20 -21 -22 22 -24 -25 28 26 -28 -29 29 -31
leaf_value=-0.0049621460199116181 0.00031701864558862246 0.013212101794098943 -0.01107634972029185 0.0005591447429609017 0.001206744588069507 -0.0076628870243563157 -0.01173261936644591 0.054230399703802813 0.024029542770457182 -0.0027014205608730138 -0.0025002971349855378 -0.0043296673727361039 0.67616307619346661 -0.0031376524555395469 0.0081604257177007467 -0.038319620235489626 0.16958874867921198 0.034027317329437631 0.096852668619353821 0.10226078808526658 0.096924426945045244 0.16950928981259231 0.16247495318591321 -0.019927009725142913 -0.0074012553320934975 0.011274358791834409 -0.00032584368150961678 0.025583291327342186 -0.013560418896072776 -0.0028267010677605797
leaf_weight=2938 123 1783 643 3718 2702 815 23 22 20 607 67 5262 21 256 496 38 25 51 24 26 26 20 24 37 1166 21 22 22 2125 7336
leaf_count=2938 123 1783 643 3718 2702 815 23 22 20 607 67 5262 21 256 496 38 25 51 24 26 26 20 24 37 1166 21 22 22 2125 7336
internal_value=-0.000431564 -0.000310854 -0.000403683 -0.000349671 1.39392e-05 0.000956248 0.00465465 0.00953678 -0.000309179 0.000613032 0.00139355 -0.000341262 0.00050861 0.00245432 0.00339288 0.00608712 0.00755363 0.004152 0.00965379 0.0138132 0.0184931 0.00219199 0.00795314 0.00288967 -0.000621731 0.0128014 0.00960061 0.0147332 -0.000878416 -0.000708693
internal_weight=30459 27521 25738 25095 10750 2745 233 110 8005 2512 1697 7985 2723 1090 834 257 219 142 75 77 51 577 81 57 14345 87 65 43 10627 9461
internal_count=30459 27521 25738 25095 10750 2745 233 110 8005 2512 1697 7985 2723 1090 834 257 219 142 75 77 51 577 81 57 14345 87 65 43 10627 9461
cat_boundaries=0 1 2
cat_threshold=17910290 4420
is_linear=0
shrinkage=0.05


Tree=65
num_leaves=31
num_cat=4
split_feature=32 26 6 47 35 14 16 28 38 2 36 32 24 40 37 40 31 2 3 2 31 2 50 47 37 28 16 16 50 27
split_gain=1.43644 1.48062 1.24801 1.12794 1.46734 1.08908 1.18642 1.8898 2.44631 1.99405 2.04212 1.82089 1.48194 1.71848 1.39103 1.26194 1.2606 1.78445 1.25308 1.18954 1.07527 1.05247 1.05142 1.0414 1.26043 1.04037 1.56228 1.52154 1.547 1.74235
threshold=1024.7833333333335 -1.5833333333333328 0.35000000000000003 0.55000000000000016 13.169797739216788 0 1 88.416666666666671 -0.29999999999989763 0.75000000000000011 0.12172177679190362 999.14166666666677 17.749952017405779 91.500000000000014 -0.27410675839322945 74.500000000000014 0.18856180831641331 11.800000000000002 1.3500000000000003 1.2500000000000002 0.15000000000000027 0.8500000000000002 2.4500000000000006 14.950000000000001 -0.92016437830680042 88.416666666666671 2 3 1.0000000180025095e-35 0.49665548085837813
decision_type=2 2 2 8 2 1 9 2 10 8 2 2 2 10 2 10 2 8 2 10 2 10 10 10 2 2 9 9 10 2
left_child=1 -1 -3 4 -4 6 7 8 -5 -10 15 16 20 -14 23 21 -9 18 19 -18 -13 -11 -8 -12 -25 26 -7 -27 -29 -30
right_child=-2 2 3 5 -6 25 22 11 9 10 14 12 13 -15 -16 -17 17 -19 -20 -21 -22 -23 -24 24 -26 27 -28 28 29 -31
leaf_value=-0.0078421351718086004 -0.011732575242486901 -0.0030171452777181897 -0.0078093894386640165 0.0089833883730901561 0.061321609265257364 0.015983205514219952 -0.00097218068828405595 -0.0057881858841708524 -0.027018303381850413 0.0092045671213694929 0.048305556866280012 -0.026111183601794659 0.096527305575758005 0.5562330653432197 0.0068840007447428719 -0.0089074829878332852 0.013348651727347102 0.16618893311568136 -0.011996613531986569 0.033235138824466492 0.00097722240164573883 0.32143846741867493 0.12484081402888554 0.23989013363548733 0.034815924530292135 0.018429428328730783 -0.012249414971014661 -0.0072902609697972111 0.018358329508972974 -0.008280281321049866
leaf_weight=508 758 21939 445 206 23 364 1407 37 51 28 34 152 108 25 30 50 32 29 48 20 780 21 22 27 28 898 1171 911 192 134
leaf_count=508 758 21939 445 206 23 364 1407 37 51 28 34 152 108 25 30 50 32 29 48 20 780 21 22 27 28 898 1171 911 192 134
internal_value=-0.000409804 -0.00035498 -0.000308435 0.000259173 -0.00211493 0.000422476 0.00110489 0.00199289 0.00468322 0.00782237 0.00990371 0.000970675 0.000211247 0.00514651 0.0143157 0.00459132 0.00583985 0.00817196 0.004995 0.0103647 -0.00049351 0.0102851 3.82171e-05 0.0174523 0.0131579 -0.00016304 -0.00115628 0.000550324 -0.000589369 0.00236124
internal_weight=30478 29720 29212 7273 468 6805 3135 1706 475 269 218 1231 1065 133 119 99 166 129 100 52 932 49 1429 89 55 3670 1535 2135 1237 326
internal_count=30478 29720 29212 7273 468 6805 3135 1706 475 269 218 1231 1065 133 119 99 166 129 100 52 932 49 1429 89 55 3670 1535 2135 1237 326
cat_boundaries=0 1 2 3 4
cat_threshold=5060 27134052 12910592 22073878
is_linear=0
shrinkage=0.05


Tree=66
num_leaves=31
num_cat=5
split_feature=32 49 16 11 16 16 2 16 51 47 40 7 43 53 45 29 16 34 36 52 13 38 5 36 5 42 33 12 33 38
split_gain=1.44523 1.3475 1.54847 1.28474 1.43854 1.43729 1.09297 1.28025 1.6615 3.80629 3.44883 2.95967 1.70819 1.64837 1.35633 1.47692 1.23484 1.26298 1.5359 1.36221 1.09253 1.26071 1.71571 1.33514 1.91075 1.82658 2.10793 1.08243 1.07888 1.05533
threshold=1024.7833333333335 7.3000000000000016 0 1.0000000180025095e-35 1 2 0.75000000000000011 3 1.2999999999999998 17.150000000000002 81.500000000000014 2.1500000000000008 0.25000000000000006 10.700000000000003 20.100000000000005 2.4972191289246477 4 99.583333333333357 0.21911747008686211 1.5000000000000002 0.46236593929171271 -0.86666666666673098 1.0000000180025095e-35 0.25852345968071472 0.33495889939662077 0.35000000000000003 0.44969125210773736 -0.77876393083476048 0.44969125210773736 -2.89999999999992
decision_type=2 8 9 2 9 9 8 9 10 10 10 2 10 10 10 2 9 2 2 10 2 10 2 2 2 10 2 2 2 10
left_child=1 3 -3 4 -1 -5 16 8 12 11 -11 -10 -8 -14 -9 -16 17 -7 -19 -20 -6 22 -22 -23 25 27 -27 -25 -24 -30
right_child=-2 2 -4 5 20 6 7 14 9 10 -12 -13 13 -15 15 -17 -18 18 19 -21 21 23 28 24 -26 26 -28 -29 29 -31
leaf_value=-0.0088081018443312287 -0.011145946480362556 -0.0061942739795863844 -0.0024051625186136596 0.015608745557170704 -0.004722700791441263 -0.0030685971908625841 0.014674564739429938 -0.0021221192429988489 -0.0096180122592293901 0.037460575416306367 0.25811187729602092 0.11693570799522379 -0.0062271032528358281 0.010533990219424243 0.054429166875582649 -0.0087590164869363728 -0.0082723096771359396 -0.0012525353646741088 0.035696231508196258 0.10585709834383482 0.022610220753595457 0.00072658709051335647 -0.011890879713510754 -0.025026812385743155 -0.00071300623604619168 0.091504912466963823 0.0046256403593957929 0.012186300001305954 0.0495129481995462 0.00027240767359096811
leaf_weight=1231 758 2262 17991 2189 1652 626 20 1178 109 25 20 23 271 27 22 28 636 50 35 21 27 352 293 25 138 37 21 180 25 206
leaf_count=1231 758 2262 17991 2189 1652 626 20 1178 109 25 20 23 271 27 22 28 636 50 35 21 27 352 293 25 138 37 21 180 25 206
internal_value=-0.000403242 -0.00034825 -0.000578431 0.000144182 -0.000509901 0.000662865 -3.38601e-05 0.000803783 0.00292021 0.00686053 0.0194013 0.00257381 0.000817352 -0.000134184 -7.26932e-05 0.00798403 -0.0010891 0.000323405 0.00537229 0.0110517 9.10274e-05 0.00117322 -0.000644167 0.00250299 0.00447519 0.00697453 0.0148021 0.00475378 -0.00127838 0.0012765
internal_weight=30478 29720 20253 9467 4187 5280 3091 1723 495 177 45 132 318 298 1228 50 1368 732 106 56 2956 1304 551 753 401 263 58 205 524 231
internal_count=30478 29720 20253 9467 4187 5280 3091 1723 495 177 45 132 318 298 1228 50 1368 732 106 56 2956 1304 551 753 401 263 58 205 524 231
cat_boundaries=0 1 2 3 4 5
cat_threshold=565312 9032198 33866242 1642512 25167936
is_linear=0
shrinkage=0.05


Tree=67
num_leaves=31
num_cat=5
split_feature=32 47 45 24 5 6 27 54 14 52 23 16 43 52 31 9 47 36 27 27 1 9 16 52 50 14 14 2 52 13
split_gain=1.32159 1.28019 1.14276 2.3972 1.85616 1.07576 0.893801 0.869436 1.54385 1.3889 1.27024 1.10463 1.48552 1.28411 1.84079 1.10683 1.06864 2.01522 1.35746 1.02883 0.853799 0.852455 2.57297 1.71563 1.49891 0.93026 0.887756 0.808051 1.21465 2.09292
threshold=1021.0833333333335 0.55000000000000016 3.4000000000000008 4.6822451630946738 0.10000000000000007 0.35000000000000003 0.081649658092772678 5.2583333333333337 0 -14.499999999999998 5.8590692333335861 1 26.550000000000004 26.500000000000004 0.3299831645537224 8.5000000000000018 26.550000000000004 -0.46364175804399804 0.56073157915017025 0.86538366571647851 0.95000000000000007 3.5000000000000004 2 28.500000000000004 2.7500000000000004 3 4 1.0000000180025095e-35 -11.499999999999998 0.49252992309759819
decision_type=2 8 10 2 2 2 2 2 1 10 2 9 10 10 2 2 10 2 2 2 2 2 9 10 10 1 1 10 10 2
left_child=1 2 3 -1 -5 6 -3 11 -9 -10 19 13 -13 -7 -15 -14 17 -17 -19 -11 -18 22 25 24 26 -8 -24 28 29 -28
right_child=-2 5 -4 4 -6 7 21 8 9 10 -12 12 15 14 -16 16 20 18 -20 -21 -22 -23 23 -25 -26 -27 27 -29 -30 -31
leaf_value=-0.0076505950534663707 -0.0076239075624367414 -0.010292034272659492 -0.0057875272903546993 -0.0037663679533124135 0.10009935445220111 -0.004752318315650126 0.00082485898103422004 -0.01361177784098018 0.20203589380129108 0.0087992675143064754 -0.02678757246522603 0.0015194604723737224 0.04119580200278105 0.13055742306211834 0.0094544216065319212 -0.002281127758679989 0.13011129622666501 0.33879368908899121 0.05015604873711306 0.076838529440062905 -0.0025939298134381177 -0.0029331445632479435 -0.0028784812622336866 0.041932697991989731 0.076536580795565856 -0.018117948417796088 0.045817841695062034 0.00099627653642012418 0.025389495748910626 0.070842769414564924
leaf_weight=70 2026 711 1545 20 28 1621 484 113 23 20 41 4453 155 22 48 26 22 38 23 24 58 16488 639 38 20 617 46 429 602 28
leaf_count=70 2026 711 1545 20 28 1621 484 113 23 20 41 4453 155 22 48 26 22 38 23 24 58 16488 639 38 20 617 46 429 602 28
internal_value=-0.000434411 -0.000346549 -0.00169262 0.00304826 0.0116424 -0.000262981 -0.000445726 0.000286371 0.00336951 0.00728196 0.00499412 0.000180942 0.000569475 -0.000914116 0.00570613 0.00384973 0.00667265 0.0105052 0.0154664 0.0108844 0.00249688 -0.000381877 0.000408183 0.00156724 0.00134913 -0.00148952 0.00119259 0.00204017 0.00313563 0.00917679
internal_weight=30478 28452 1663 118 48 26789 20102 6687 221 108 85 6466 4775 1691 70 322 167 87 61 44 80 19391 2903 1802 1764 1101 1744 1105 676 74
internal_count=30478 28452 1663 118 48 26789 20102 6687 221 108 85 6466 4775 1691 70 322 167 87 61 44 80 19391 2903 1802 1764 1101 1744 1105 676 74
cat_boundaries=0 1 2 3 4 5
cat_threshold=1840 42004482 20985908 2172 1078
is_linear=0
shrinkage=0.05


Tree=68
num_leaves=31
num_cat=4
split_feature=32 16 13 49 11 36 2 31 16 51 38 14 53 52 52 2 38 52 44 32 44 3 51 33 45 24 51 13 48 16
split_gain=1.32846 1.3458 1.36071 1.04809 1.3003 1.27804 1.01963 1.42846 1.85536 1.4854 1.50717 1.41979 1.40583 1.60129 2.40886 1.1607 1.14053 1.29006 1.21812 0.9834 0.970132 1.81638 1.84697 1.32162 1.26814 1.17456 0.977992 1.56372 2.06707 1.12993
threshold=1024.7833333333335 0 0.76785215827905995 3.6500000000000008 0.78656609248549303 0.55232288754380987 0.55000000000000016 0.57927157323275946 1 1.3999999999999992 3.141666666666652 2 7.4000000000000021 -13.499999999999998 -9.4999999999999982 1.0000000180025095e-35 -1.5333333333334733 -3.4999999999999996 73.500000000000014 995.01666666666677 95.500000000000014 0.95000000000000007 2.8500000000000001 0.35295130420050985 13.500000000000002 5.1689536532568718 3.0000000000000018 -0.91968655568559032 58.500000000000007 3
decision_type=2 9 2 10 2 2 8 2 9 10 10 1 10 10 10 10 10 8 8 2 10 2 10 2 10 2 10 2 10 9
left_child=1 2 3 4 -1 -6 7 8 9 10 19 16 -13 -14 -15 -16 -11 -18 -19 -3 26 24 23 -23 -22 -26 -9 28 -28 -29
right_child=-2 6 -4 -5 5 -7 -8 20 -10 11 -12 12 13 14 15 -17 17 18 -20 -21 21 22 -24 -25 25 -27 27 29 -30 -31
leaf_value=-0.0024395631189066923 -0.010207453778222592 0.035307953759841755 -0.0075598600196834179 -0.0039822319506053446 0.0032453057621814512 0.06008205392004129 -6.1825253979000196e-05 -0.0032163623545052519 -0.014735652098756137 0.05667510829590186 0.021031427098769758 -0.0028822290711649498 -0.013778309588861688 0.052127881116281818 0.063250697172664072 -0.0073788893750500479 -0.0090292388594060587 -0.011050439450706712 0.079516734751348461 -0.0082777406712871548 -0.00097656825899862 0.19912673736386233 0.19032501934403107 -0.023987117466002805 -0.0031348086216672118 0.063715714118702013 0.11362778278532011 0.014473303178719947 0.0059231156694660447 -0.0036930301865044724
leaf_weight=137 758 60 799 1544 45 28 15813 5033 1984 24 20 618 62 21 34 41 75 20 34 2139 377 23 20 21 33 44 20 256 30 365
leaf_count=137 758 60 799 1544 45 28 15813 5033 1984 24 20 618 62 21 34 41 75 20 34 2139 377 23 20 21 33 44 20 256 30 365
internal_value=-0.000426209 -0.000373486 -0.00146893 -0.000695515 0.0026178 0.00800273 -0.000269898 -0.000631491 -0.001249 -0.000487636 -0.00119193 0.00118932 0.000279861 0.00449083 0.00853278 0.00432756 0.00542612 0.0039117 0.00979667 -0.00131645 -0.000122146 0.00194943 0.00982839 0.00408163 0.000836819 0.00667964 -0.000310304 0.00148264 0.00998004 0.000796972
internal_weight=30478 29720 2553 1754 210 73 27167 11354 5132 3148 2219 929 776 158 96 75 153 129 54 2199 6222 518 64 44 454 77 5704 671 50 621
internal_count=30478 29720 2553 1754 210 73 27167 11354 5132 3148 2219 929 776 158 96 75 153 129 54 2199 6222 518 64 44 454 77 5704 671 50 621
cat_boundaries=0 1 2 3 4
cat_threshold=565248 46156370 1032 54657046
is_linear=0
shrinkage=0.05


Tree=69
num_leaves=31
num_cat=3
split_feature=16 32 39 26 51 27 36 34 47 37 37 37 49 48 53 14 29 27 50 49 13 52 49 44 31 37 14 34 51 30
split_gain=1.37774 1.36339 1.2821 1.08753 0.863477 1.05021 1.88929 0.85928 1.37704 1.4796 1.92076 1.17187 1.02016 1.54488 1.14286 0.854631 1.30236 0.741798 0.724012 1.78066 1.0638 0.704709 0.694397 1.3447 0.744987 0.687694 0.754604 0.955703 1.06851 0.807807
threshold=0 1021.0833333333335 7.9500000000000011 4.7166666666666677 0.69999999999999962 0.14999999999999972 0.52454461829005494 94.416666666666671 15.050000000000002 -0.93663057229426983 -0.97143282014716392 0.93044423416964328 23.900000000000002 62.500000000000007 1.7999999999999983 1 8.1717642867670648 0.68475461947247196 7.0500000000000007 14.900000000000002 -0.76235363884839025 -14.499999999999998 10.900000000000002 78.500000000000014 0.47842333648024454 0.90679424529573371 2 74.833333333333357 0.49999999999999994 22.941666666666674
decision_type=9 2 10 2 10 2 2 2 8 2 2 2 10 10 10 1 2 2 10 8 2 10 8 10 2 2 1 2 10 2
left_child=2 18 -1 -4 -3 6 -6 -5 9 10 -9 21 14 17 -10 16 -7 -14 25 20 -20 -11 23 -16 -25 -2 27 28 -27 -28
right_child=1 4 3 7 5 15 -8 8 12 11 -12 -13 13 -15 22 -17 -18 -19 19 -21 -22 -23 -24 24 -26 26 29 -29 -30 -31
leaf_value=-0.0051295336626287456 -0.0006557074276568038 -0.010639714770666326 0.013143876344707817 -0.0083930504960290989 -0.012092811156704766 -0.0015088488578407762 0.18256779721945796 0.0019025625348868301 -0.019103889202322311 0.03714191323121336 0.041491790896859934 0.015963128604671261 0.040848511452300132 -0.018919079965585572 -0.013208110849830375 -0.012032485005856694 0.019534757051445494 0.011386738469880137 0.12102357801188682 0.17119227405482212 -0.017305522506700484 -0.00020472530528290703 -0.0080489510485618684 0.045433050985980605 0.02776306176130279 0.085253950564198377 -0.011645180304815032 -0.0041414411465379034 -0.0057700198549017478 0.011034220931173816
leaf_weight=1400 23138 943 23 1592 23 202 22 27 274 31 29 23 20 72 39 201 27 26 20 20 45 311 133 20 22 39 1151 288 27 290
leaf_count=1400 23138 943 23 1592 23 202 22 27 274 31 29 23 20 72 39 201 27 26 20 20 45 311 133 20 22 39 1151 288 27 290
internal_value=-0.000414725 -0.000282841 -0.00127341 -0.000628289 -0.00179113 -5.26217e-05 0.00720621 -0.000723532 0.000404049 0.00260033 0.0101604 0.00143796 -0.00112193 0.00304826 -0.00213071 -0.000813765 0.00127562 0.0101952 -0.000197458 0.00440658 0.000384023 0.000701548 0.000607192 0.00425401 0.0104513 -0.000213172 -0.00115593 0.000906343 0.00635401 -0.00165736
internal_weight=30478 26436 4042 2642 1418 475 45 2619 1027 421 56 365 606 118 488 430 229 46 25018 85 65 342 214 81 42 24933 1795 354 66 1441
internal_count=30478 26436 4042 2642 1418 475 45 2619 1027 421 56 365 606 118 488 430 229 46 25018 85 65 342 214 81 42 24933 1795 354 66 1441
cat_boundaries=0 1 2 3
cat_threshold=565280 4650 1680
is_linear=0
shrinkage=0.05


Tree=70
num_leaves=31
num_cat=5
split_feature=16 47 32 33 16 31 16 55 16 31 32 1 36 14 7 29 40 38 3 37 44 31 26 29 13 2 9 54 35 32
split_gain=1.64769 1.48817 1.29298 0.930345 1.28742 1.21557 1.38267 1.22727 1.19104 1.48679 2.67345 1.16374 1.78165 1.1295 1.20306 2.04923 1.91388 1.10732 1.08167 1.06009 1.67544 1.69084 1.61339 1.06838 1.05925 1.69929 1.27303 1.03976 1.36291 1.33777
threshold=0 1.4500000000000002 1021.0833333333335 0.24944382578496593 1 0.95000000000000073 2 40.416666666666679 3 0.98994949366116713 1008.5416666666669 0.25000000000000006 0.83247153614849612 4 1.3100000000000003 1.7926456271808611 87.500000000000014 0.95000000000015927 1.6500000000000001 -0.54180359862282301 39.500000000000007 0.79302515022468856 20.058333333333337 3.17859624443807 -0.98053927088909909 0.15000000000000005 10.500000000000002 3.2333333333333369 2.4972191289246477 1013.7166666666668
decision_type=9 10 2 2 9 2 9 2 9 2 2 2 2 1 2 2 10 10 2 2 8 2 2 2 2 10 2 2 2 2
left_child=1 -1 3 5 11 6 -2 8 18 10 -10 -5 24 14 15 16 -14 -17 -7 -6 21 22 23 -21 25 26 -13 -11 -29 -30
right_child=2 -3 -4 4 19 7 -8 -9 9 27 -12 12 13 -15 -16 17 -18 -19 -20 20 -22 -23 -24 -25 -26 -27 -28 28 29 -31
leaf_value=-0.0078763072572559847 -0.00034985354124468065 -0.003728056923059787 -0.00731912335679196 -0.00047464949453057399 -0.0066055106107805635 -0.0044263471798508917 -0.0087537518260999547 -0.014989695797467959 -0.0066319498155453255 -0.0026409168431330587 0.072098919637470421 0.31368995796639987 0.0065839421102048008 -0.013721701197977243 -0.0061779243199327916 -0.012670890071106189 0.055162360129494194 0.022052540801412363 0.045306719666485494 0.12059773127450323 -0.00047020829377643412 0.010672694348711521 0.19056811355655978 -0.0030277264028423937 0.0099890821543900735 -0.00055345396996729916 0.075899834266962951 0.11836828153399642 0.00059831589680972022 0.030594553038820745
leaf_weight=695 3032 4592 1356 3487 3156 649 3750 236 21 284 29 41 22 336 267 111 26 22 39 31 4627 121 20 32 3057 69 38 40 204 139
leaf_count=695 3032 4592 1356 3487 3156 649 3750 236 21 284 29 41 22 336 267 111 26 22 39 31 4627 121 20 32 3057 69 38 40 204 139
internal_value=-0.000384716 -0.0011865 -0.000216221 -0.00013104 9.92674e-05 -0.000553835 -0.000849296 0.000667234 0.00122767 0.00263375 0.010978 0.000570389 0.00115439 -0.000982019 0.000676707 0.00383766 0.0126819 0.000638616 -0.000272168 -0.000342 0.000123159 0.00455659 0.0100481 0.00610143 0.00167701 0.00580689 0.0108091 0.00204617 0.00374576 0.00272515
internal_weight=30529 5287 25242 23886 15463 8423 6782 1641 1405 717 50 7476 3989 784 448 181 48 133 688 7987 4831 204 83 63 3205 148 79 667 383 343
internal_count=30529 5287 25242 23886 15463 8423 6782 1641 1405 717 50 7476 3989 784 448 181 48 133 688 7987 4831 204 83 63 3205 148 79 667 383 343
cat_boundaries=0 1 2 3 4 5
cat_threshold=569376 17107538 38864896 38144080 5800
is_linear=0
shrinkage=0.05


Tree=71
num_leaves=31
num_cat=3
split_feature=16 32 12 41 33 44 24 39 5 39 12 16 33 14 26 52 6 23 33 32 2 11 4 27 12 35 36 51 3 33
split_gain=1.59162 1.35132 1.13615 2.09461 1.09088 1.7598 1.06891 1.14633 1.00704 0.974906 1.03074 0.798093 1.1223 1.11717 1.30762 1.29461 1.20436 3.3987 1.49702 1.22297 1.10867 1.11129 1.09739 1.05196 1.18701 1.80904 1.26057 1.11354 1.07633 1.52688
threshold=0 1021.0833333333335 -0.92302220264522072 7.5000000000000009 1.7594190960528839 65.500000000000014 11.081278069764243 19.750000000000004 0.094280904158206405 4.8500000000000005 0.99628166032228249 1 0.24944382578496593 2 14.983333333333336 -11.499999999999998 0.45000000000000007 4.3103987745872319 0.38586123009299872 1007.7166666666668 0.55000000000000016 0.37940952255126048 1.541666666666667 1.6515985179909802 -0.99863729997741457 13.482496425418601 0.88233614944046523 8.0500000000000025 0.15000000000000005 0.37117221962514096
decision_type=9 2 2 10 2 10 2 8 2 8 2 9 2 1 2 10 2 2 2 2 8 2 2 2 2 2 2 8 2 2
left_child=2 4 3 -1 8 -6 -4 -8 9 10 -2 12 -10 14 -13 16 18 22 19 -16 -21 -22 -18 24 25 -14 27 -26 29 -28
right_child=1 -3 6 -5 5 -7 7 -9 11 -11 -12 13 23 -15 15 -17 17 -19 -20 20 21 -23 -24 -25 26 -27 28 -29 -30 -31
leaf_value=0.10526331965056668 -0.0057504313512729945 -0.0069345732790995138 -0.0069350128961272592 -0.0042155183611841743 0.16302391799398247 -0.022696007416853362 0.039077089772165001 -0.013665150669518145 -0.0019441166174787193 -0.0030251136976423196 0.0093142466042650737 -0.0029043040828028743 0.0039653957135411281 -0.0046374535294496306 0.094680604056688919 0.0034049923751347066 0.098736148763568288 0.19419546809522648 -0.0040572595185083982 0.080057382860701951 -0.032701093270330599 0.063126499054387872 -0.05453358580982353 -0.0098352017793888209 0.0061044932990957628 0.26828189713390577 0.037291735852812126 0.053057056323549692 -0.010467814862086177 -0.013666256392576138
leaf_weight=28 1061 1997 1123 63 30 25 22 23 3751 7341 22 1825 55 4560 20 2599 30 32 226 51 43 27 32 275 4506 30 35 28 623 46
leaf_count=28 1061 1997 1123 63 30 25 22 23 3751 7341 22 1825 55 4560 20 2599 30 32 226 51 43 27 32 275 4506 30 35 28 623 46
internal_value=-0.000389629 -0.000314208 -0.00212355 0.0032382 -0.000222381 0.00680581 -0.00255971 0.00498891 -0.000236608 -0.000690876 -0.00209122 -3.29903e-05 0.000294365 -0.000356951 0.000168535 0.000800626 0.00324225 0.00828905 0.0019477 0.00598866 0.00408753 -1.19039e-09 0.00144927 0.000743108 0.000898911 0.00675676 0.000803725 0.00110937 -0.00116461 0.00425401
internal_weight=30529 29270 1259 91 27273 55 1168 45 27218 8424 1083 18794 9349 9445 4885 3060 461 94 367 141 121 70 62 5598 5323 85 5238 4534 704 81
internal_count=30529 29270 1259 91 27273 55 1168 45 27218 8424 1083 18794 9349 9445 4885 3060 461 94 367 141 121 70 62 5598 5323 85 5238 4534 704 81
cat_boundaries=0 1 2 3
cat_threshold=532480 21432912 6376
is_linear=0
shrinkage=0.05


Tree=72
num_leaves=31
num_cat=4
split_feature=16 5 47 49 33 31 38 16 38 14 32 41 10 16 40 43 50 2 36 7 52 34 42 26 47 47 28 47 33 11
split_gain=1.62799 1.04716 1.0223 0.891519 1.00311 0.909719 0.847297 1.17105 1.02786 1.13841 1.99604 1.93643 1.2375 1.05828 1.37034 2.32298 1.18784 1.04342 1.63469 1.77211 2.7237 1.1181 1.05093 1.40578 1.10487 1.19739 1.04374 1.02842 0.995027 1.30618
threshold=0 0.094280904158206405 1.8500000000000003 6.9000000000000012 0.22586347517122932 0.3999999999999998 1.6833333333333373 1 -0.09999999999996588 2 996.11666666666679 11.15 -0.70710678118654735 3 49.500000000000007 11.550000000000002 3.2500000000000004 2.0500000000000003 0.039329438249692268 0.35000000000000003 3.5000000000000004 49.416666666666679 0.65000000000000002 15.54166666666667 20.150000000000002 23.250000000000004 91.166666666666671 11.750000000000002 1.0677078252031451 -0.60355339059327384
decision_type=9 2 10 10 2 2 8 9 10 1 2 10 2 9 10 10 10 8 2 2 10 2 10 2 10 10 2 8 2 2
left_child=2 -2 -1 4 5 -4 8 -8 28 -10 11 -11 -13 14 15 -12 -16 -15 26 20 -20 -21 24 -24 27 -26 -19 -23 -3 -30
right_child=1 6 3 -5 -6 -7 7 -9 9 10 13 12 -14 17 16 -17 -18 18 19 21 -22 22 23 -25 25 -27 -28 -29 29 -31
leaf_value=-0.0078185575383323529 -0.0040791804718336346 -0.00206258609878726 0.00017568120228230648 -0.0052241989228835736 -0.0026377843732462618 0.039411781716542534 0.0053576951416561469 -0.011219616535310223 -0.0017370139084478657 0.043479754394821594 0.036968369393545829 0.027882533033537361 -0.0033610509260987918 -0.004757140649363098 0.0049781302301549861 0.035749257729837246 0.13115037179509195 0.0042717839613629826 0.012561607829788901 0.24089857929584968 0.13593517263234631 0.035716879759477252 0.01464533014211083 0.044567547534063466 0.13671331552077723 0.024927151776072604 -0.032053728702382489 -0.018727744423209215 -0.007144934698527363 0.043041578531182428
leaf_weight=358 9437 10996 22 804 54 21 348 828 2218 37 23 35 63 1591 1875 96 27 602 30 30 26 36 22 32 28 105 133 112 190 350
leaf_count=358 9437 10996 22 804 54 21 348 828 2218 37 23 35 63 1591 1875 96 27 602 30 30 26 36 22 32 28 105 133 112 190 350
internal_value=-0.000409283 -0.000332992 -0.00216295 -0.00128177 0.00324408 0.00893271 -0.000126809 -0.00142845 -4.47563e-05 0.000427601 0.000851803 0.00684678 0.00316004 0.000683709 0.00154842 0.00675902 0.00123022 4.17093e-05 0.00118502 0.00366896 0.011943 0.0023966 0.0015667 0.00794824 0.000337957 0.00364388 -0.000238064 -0.00263336 -0.000336337 0.00175893
internal_weight=30529 29270 1259 901 97 43 19833 1176 18657 7121 4903 135 98 4768 2021 119 1902 2747 1156 421 56 365 335 54 281 133 735 148 11536 540
internal_count=30529 29270 1259 901 97 43 19833 1176 18657 7121 4903 135 98 4768 2021 119 1902 2747 1156 421 56 365 335 54 281 133 735 148 11536 540
cat_boundaries=0 1 2 3 4
cat_threshold=532480 1050656 3112 22218832
is_linear=0
shrinkage=0.05


Tree=73
num_leaves=31
num_cat=3
split_feature=16 32 12 24 39 41 44 12 45 9 18 29 33 16 41 50 47 12 12 14 13 11 49 6 41 6 23 31 38 40
split_gain=1.71139 1.02475 1.00017 1.0755 1.14633 0.976958 0.893549 1.58588 1.94878 1.20668 1.4974 1.0124 0.78462 1.35397 1.25872 1.9391 2.0482 1.76238 1.50856 1.32962 1.24535 1.72357 1.52074 1.1457 1.14268 1.11487 2.33745 1.10955 1.08845 1.11439
threshold=0 1021.0833333333335 -0.94723957588908092 11.081278069764243 19.750000000000004 7.5000000000000009 61.500000000000007 -0.16236015996470335 25.750000000000004 18.500000000000004 8.7002500000000023 10.692665260751994 0.24944382578496593 1 20.450000000000003 0.15000000000000005 11.750000000000002 0.060046746386240392 -0.60705757442910058 2 -0.43165695018450106 0.25881904510252057 21.400000000000002 1.5500000000000003 4.8500000000000005 2.0500000000000003 1.5473667198080447 0.16329931618554575 -1.566666666666549 74.500000000000014
decision_type=9 2 2 2 8 10 10 2 10 2 2 2 2 9 10 8 8 2 2 1 2 2 10 2 10 2 2 2 10 10
left_child=2 12 5 -4 -5 -1 7 -3 9 11 -11 -9 23 14 -14 19 -17 18 -18 -16 21 22 -15 -2 -25 26 27 -26 -23 -30
right_child=1 6 3 4 -6 -7 -8 8 -10 10 -12 -13 13 20 15 16 17 -19 -20 -21 -22 28 -24 24 25 -27 -28 -29 29 -31
leaf_value=0.10096318561793852 -0.0034307393664324681 -0.013000939782764794 -0.0059660103927237293 0.035375827218341697 -0.012720683189898052 -0.0011253943393621305 -0.0080057796594561782 -0.01137785605937777 0.050626948068123727 0.0061841701243999193 0.017332911325344768 0.018135834214680763 0.0013747417332519258 -0.0059903606250917224 0.018043854168091466 0.0019034338722247722 0.065580435154013919 0.020401087478562542 0.29551441207833767 -0.0068464031128537585 -0.0033718705163586857 -0.012153916742570971 0.035504590500279473 -0.017003521936437657 0.011551954333815883 0.0072492566367394363 -0.026623976327714172 0.11279440936175565 0.0058795760825806473 0.037383187439673421
leaf_weight=24 9615 253 1135 22 23 55 1522 123 22 36 21 20 5474 1694 254 73 25 25 22 218 8243 100 164 43 21 120 41 61 408 672
leaf_count=24 9615 253 1135 22 23 55 1522 123 22 36 21 20 5474 1694 254 73 25 25 22 218 8243 100 164 43 21 120 41 61 408 672
internal_value=-0.000404369 -0.000326161 -0.00220235 -0.00258453 0.00498891 0.00322377 -0.00141956 0.000473583 0.00355696 0.001999 0.00814361 -0.000454229 -0.000246214 -4.37495e-05 0.000556456 0.0026981 0.00775327 0.0137309 0.0194268 0.00114382 -0.00036799 0.00049702 -0.000452076 -0.00060145 0.0025166 0.00384615 0.00718928 0.0120585 0.00199136 0.00245348
internal_weight=30529 29270 1259 1180 45 79 1997 475 222 200 57 143 27273 17372 6091 617 145 72 47 472 11281 3038 1858 9901 286 243 123 82 1180 1080
internal_count=30529 29270 1259 1180 45 79 1997 475 222 200 57 143 27273 17372 6091 617 145 72 47 472 11281 3038 1858 9901 286 243 123 82 1180 1080
cat_boundaries=0 1 2 3
cat_threshold=532480 17042000 1622
is_linear=0
shrinkage=0.05


Tree=74
num_leaves=31
num_cat=1
split_feature=39 6 35 19 32 49 13 48 32 51 17 51 44 36 31 42 14 31 3 48 44 3 48 49 35 19 45 53 9 24
split_gain=1.35078 1.06003 1.0658 1.23497 1.0503 0.965112 1.24743 1.19532 1.74974 1.76427 1.61432 1.45517 2.42296 1.35545 1.8453 1.20842 1.10968 1.02522 1.5281 1.54285 1.13263 0.967834 1.31066 1.09659 2.24261 2.02988 1.97982 1.66947 1.19294 1.63828
threshold=4.2500000000000009 0.25000000000000006 20.74983110869621 9.0000000000000018 1026.3833333333337 9.3500000000000032 -0.53667642277345495 62.500000000000007 1012.3166666666668 4.9000000000000021 38.991650000000007 -3.2999999999999989 66.500000000000014 0.1030105402675535 0.80000000000000027 1.0000000180025095e-35 0 0.57154760664940907 2.4500000000000006 78.500000000000014 65.500000000000014 0.15000000000000005 64.500000000000014 13.850000000000001 3.711722196251515 7.0000000000000009 20.450000000000003 0.39999999999999908 10.500000000000002 15.164785056850901
decision_type=8 2 2 2 2 8 2 8 2 10 2 10 10 2 2 10 1 2 2 10 10 2 10 10 2 2 10 10 2 2
left_child=1 2 -1 -4 5 16 21 8 11 -10 -11 12 13 -8 -15 -14 -2 -18 -19 20 -20 -7 -23 -24 25 -25 27 -27 -26 -30
right_child=4 -3 3 -5 -6 6 7 -9 9 10 -12 -13 15 14 -16 -17 17 18 19 -21 -22 22 23 24 28 26 -28 -29 29 -31
leaf_value=-0.0059759722592495693 0.0043054730922388647 -0.00069717276315974322 0.047964184383182312 0.0010012197575561376 -0.01092734405763654 -0.0055928585304129844 -0.0080458971361833907 -0.0061941407489699623 -0.012445113033039341 0.0670029115588998 0.00037405652385349503 0.0023672723285894648 0.039473102806419219 0.17072194193479087 -0.010213269274436826 0.15389874551397806 -0.0056499251314228579 8.306070360865358e-05 0.059093927309919449 -0.0060381581381338274 0.265059738843827 -0.00087272416519859413 0.0085720613984240478 0.14396801117143876 -0.0056265277609680855 -0.030302334599551218 0.059864383388130354 0.05087985075144183 0.0030705110082443659 0.33203621703078601
leaf_weight=2270 5798 1508 22 123 364 1702 87 7655 1161 22 42 1506 20 26 25 20 2819 2634 34 53 27 1376 722 35 215 50 26 55 110 22
leaf_count=2270 5798 1508 22 123 364 1702 87 7655 1161 22 42 1506 20 26 25 20 2819 2634 34 53 27 1376 722 35 215 50 26 55 110 22
internal_value=-0.000399456 -0.00126558 -0.00191504 0.00223983 -0.000271743 -0.000234739 -0.000499763 -0.000792307 7.04673e-05 -0.00136724 0.00670827 0.00111632 0.00539023 0.00224475 0.00870841 0.0162095 0.000112184 -0.000391782 0.000294748 0.00595968 0.0113748 0.00021678 0.000821492 0.00200389 0.00377119 0.00854907 0.00568268 0.00261655 0.00148372 0.00522331
internal_weight=30529 3923 2415 145 26606 26242 14877 10564 2909 1225 64 1684 178 138 51 40 11365 5567 2748 114 61 4313 2611 1235 513 166 131 105 347 132
internal_count=30529 3923 2415 145 26606 26242 14877 10564 2909 1225 64 1684 178 138 51 40 11365 5567 2748 114 61 4313 2611 1235 513 166 131 105 347 132
cat_boundaries=0 1
cat_threshold=6682
is_linear=0
shrinkage=0.05


Tree=75
num_leaves=31
num_cat=4
split_feature=16 32 9 31 12 24 50 40 12 9 7 12 36 47 49 16 14 28 33 44 16 11 34 28 40 54 44 3 44 47
split_gain=1.50556 1.07288 1.11978 1.02604 1.04016 0.888693 0.882835 0.978626 0.81309 0.984076 0.774485 1.0678 0.646481 1.15437 0.634875 0.883261 1.18064 1.31189 1.15479 1.58045 1.381 1.56106 1.69658 2.8254 2.8062 1.2299 2.37835 1.18309 1.17937 1.2635
threshold=0 1024.1583333333335 20.500000000000004 1.1775681155103797 0.60705757442910058 3.0539923959215858 1.0000000180025095e-35 69.500000000000014 -0.85283291294431784 4.5000000000000009 1.2500000000000002 0.09427574864652731 0.96445517412081949 3.9500000000000006 7.7500000000000009 1 2 85.416666666666671 0.37416573867740327 72.500000000000014 3 1.0000000180025095e-35 92.833333333333357 90.166666666666671 88.500000000000014 2.3500000000000028 88.500000000000014 0.75000000000000011 47.500000000000007 0.55000000000000016
decision_type=9 2 2 2 2 2 10 10 2 2 2 2 2 10 10 9 1 2 2 10 9 2 2 2 10 2 8 2 8 8
left_child=8 5 -3 4 -4 6 10 -8 9 -1 -2 -12 -10 -14 15 -7 17 -17 25 -20 -21 27 -23 -24 -25 28 -27 -22 -19 -30
right_child=1 2 3 -5 -6 14 7 -9 12 -11 11 -13 13 -15 -16 16 -18 18 19 20 21 22 23 24 -26 26 -28 -29 29 -31
leaf_value=0.024691735378150555 -0.0083636682741815398 -0.01021638683057431 -0.011557745765513827 0.010935842051162313 0.022453000714141948 -0.0022752247873381783 0.037865634383215219 -0.00034276234031226593 -0.006382303226925558 -0.00086651222507886825 -0.020588177283065476 0.012560404974635918 -0.0083399700880346182 0.018589666788848384 -0.0022601783594192741 0.00031512680525699085 -0.00077382520464419375 0.040777849469356871 -0.0040958470441691854 0.030986221775172781 0.038627214194860891 0.048891718158900921 0.2294987744338943 0.046366970492326277 -0.00068473521349176356 0.14888573945054859 -0.012603983870728686 -0.033070476218155245 0.012175212263656914 -0.0016343813141014392
leaf_weight=26 440 765 75 24 31 3227 20 47 1088 110 34 27 27 32 16495 1890 4435 39 178 353 23 37 20 32 34 38 41 29 99 933
leaf_count=26 440 765 75 24 31 3227 20 47 1088 110 34 27 27 32 16495 1890 4435 39 178 353 23 37 20 32 34 38 41 29 99 933
internal_value=-0.000352214 -0.000278459 -0.00198302 0.00230592 0.0001885 -0.000224966 -0.00218272 0.00320417 -0.00202227 0.00161646 -0.00290361 0.00237316 -0.00247145 0.00262267 -0.000185106 0.000101681 0.000377848 0.00103032 0.00197726 0.0035689 0.00494224 0.00850891 0.0120634 0.0159117 0.0108926 0.000999912 0.00701643 0.00172745 0.000555502 0.000232534
internal_weight=30649 29366 895 130 106 28471 568 67 1283 136 501 61 1147 59 27903 11408 8181 3746 1856 706 528 175 123 86 66 1150 79 52 1071 1032
internal_count=30649 29366 895 130 106 28471 568 67 1283 136 501 61 1147 59 27903 11408 8181 3746 1856 706 528 175 123 86 66 1150 79 52 1071 1032
cat_boundaries=0 1 2 3 4
cat_threshold=532480 29442082 826 34609668
is_linear=0
shrinkage=0.05


Tree=76
num_leaves=31
num_cat=3
split_feature=16 32 24 9 31 51 50 47 36 32 40 14 16 42 27 44 49 45 44 26 4 38 6 38 44 27 27 30 24 54
split_gain=1.35805 1.05307 0.97461 0.806226 0.736867 1.02773 0.684152 0.655655 0.666753 1.00926 0.644128 0.63434 1.22046 1.21485 1.06233 1.82165 0.919022 1.67274 1.37005 1.95513 1.8555 1.24158 1.42842 1.45428 1.3646 1.13458 1.61831 1.43943 1.1817 1.12656
threshold=0 1024.7833333333335 3.0539923959215858 20.500000000000004 1.0461503839711841 1.3999999999999992 1.0000000180025095e-35 1.6500000000000001 0.96445517412081949 1010.1416666666668 69.500000000000014 1 2 0.25000000000000006 1.6499999999999992 98.500000000000014 4.1500000000000012 12.4 49.500000000000007 19.316666666666674 0.2166666666666667 0.4666666666666402 0.35000000000000003 -0.09999999999996588 61.500000000000007 0.4988876515698592 0.64999999999999991 13.34166666666667 10.51035277681305 0.63333333333333375
decision_type=9 2 2 2 2 10 10 10 2 2 10 1 9 8 2 10 10 10 10 2 2 10 2 10 10 2 2 2 2 2
left_child=7 2 6 -3 5 -5 -2 -1 -9 -10 -8 12 13 16 -13 -16 25 29 19 20 -19 22 -20 -24 -23 -4 -27 -28 -29 -18
right_child=1 3 11 4 -6 -7 10 8 9 -11 -12 14 -14 -15 15 -17 17 18 21 -21 -22 24 23 -25 -26 26 27 28 -30 -31
leaf_value=-0.0065159574155061965 -0.0072936549361952117 -0.010937723118858983 0.00013877584989805333 -0.011532504686691192 0.0044906946638867146 0.0093297261300954552 0.035972352664054456 -0.0040178868231178317 0.021329314324610417 -0.0099456021995749239 -0.00032562422329665216 -0.0012857841899679935 -0.0016295412281034961 -0.011281527418809445 -0.013900394516239936 0.12235496225064113 0.018543093582112306 0.072182606164714308 -0.01088880186742891 0.01570225248545179 0.027604014865431261 -0.0078857328408536952 0.0095816771680508964 0.057756832264438097 0.054027877730800006 0.038878064967765483 -0.0014597083450096048 0.17224799000740088 0.075561261802865556 -0.0035605602824004914
leaf_weight=363 504 641 120 65 24 21 20 865 29 26 47 19190 5720 373 671 25 45 38 345 107 60 59 99 24 145 43 90 24 70 796
leaf_count=363 504 641 120 65 24 21 20 865 29 26 47 19190 5720 373 671 25 45 38 345 107 60 59 99 24 145 43 90 24 70 796
internal_value=-0.000358739 -0.000288671 -0.000240259 -0.00213687 0.00181653 -0.000348433 -0.00228507 -0.00194494 -0.00124987 0.00408348 0.00245902 -0.000198617 0.000172622 0.00110698 -0.000350824 -0.00226979 0.00158588 0.00111169 0.00263938 0.00621648 0.011315 0.00154739 0.000128177 0.00475223 0.00480157 0.00393258 0.00601057 0.00396524 0.00828905 -0.000481513
internal_weight=30649 29366 28615 751 110 86 571 1283 920 55 67 28044 8158 2438 19886 696 2065 1718 877 205 98 672 468 123 204 347 227 184 94 841
internal_count=30649 29366 28615 751 110 86 571 1283 920 55 67 28044 8158 2438 19886 696 2065 1718 877 205 98 672 468 123 204 347 227 184 94 841
cat_boundaries=0 1 2 3
cat_threshold=532480 424 1278560
is_linear=0
shrinkage=0.05


Tree=77
num_leaves=31
num_cat=3
split_feature=30 52 16 10 37 36 31 7 34 16 32 40 51 11 53 37 11 51 43 51 53 50 51 16 9 35 2 43 34 53
split_gain=1.23506 1.07087 1.15045 2.50978 2.00036 1.36161 1.33724 0.958001 0.852883 0.844616 0.968783 0.949942 0.791522 1.62998 0.695361 0.685897 0.680554 0.663791 0.650277 0.917423 0.644263 1.41507 1.92581 1.24979 1.89725 1.63424 0.981291 0.874169 1.7538 0.863171
threshold=0.91666666666666685 10.500000000000002 0 0.60355339059327384 -0.51047088384516737 -0.29232203331489143 0.94633797110522677 0.55000000000000016 86.833333333333357 1 1025.116666666667 38.500000000000007 -3.9999999999999982 0.25881904510252057 27.350000000000005 -0.72590230203074335 0.60355339059327384 1.3999999999999992 -0.24999999999999997 1.2500000000000002 9.7500000000000018 10.550000000000002 -0.90000000000000002 2 18.500000000000004 21.941838668982431 2.4500000000000006 3.4500000000000006 95.833333333333357 12.050000000000002
decision_type=2 8 9 2 2 2 2 2 2 9 2 10 10 2 8 2 2 10 8 10 10 8 10 9 2 2 10 10 2 10
left_child=1 7 3 6 -5 -6 18 8 15 -2 14 -12 13 -4 20 -1 -13 -18 19 -3 -11 23 -23 26 27 29 -22 28 -25 -26
right_child=9 2 12 4 5 -7 -8 -9 -10 10 11 16 -14 -15 -16 -17 17 -19 -20 -21 21 22 -24 24 25 -27 -28 -29 -30 -31
leaf_value=0.01422653066270353 -0.0042663484446079725 0.0095759417774729551 0.01547194883275225 -0.0090977337456120046 0.028983123594955557 0.037716935329192014 0.02335048712878296 -0.0010591199511358685 -0.0066593564893616848 -0.0010563204514283102 0.016827148540431051 -0.01298338674802681 -0.0058926236411909246 -0.015992717700426113 -0.015673588465120212 -0.0035075642558206016 -0.0088180951399027332 0.0082850417416235559 -0.0078183916046969028 -0.0034144054740122293 -0.0096885538294179153 0.066944279368502599 0.0058634345399903587 0.033525187360176865 0.00077686443409815038 0.11979964306148359 0.051335992075162019 -3.1144330097374875e-05 -0.00020557527552979334 0.029530373789689146
leaf_weight=37 887 27 20 24 23 25 20 1026 957 23779 31 372 245 21 176 331 138 37 110 56 637 22 44 34 121 35 27 1187 61 139
leaf_count=37 887 27 20 24 23 25 20 1026 957 23779 31 372 245 21 176 331 138 37 110 56 637 22 44 34 121 35 27 1187 61 139
internal_value=-0.000360371 -0.00133808 0.000604096 0.00279566 0.010957 0.0168399 0.000164241 -0.00180979 -0.00269791 -0.000257331 -0.000206704 -0.00223145 -0.00162108 0.00474452 -0.000162212 -0.000651998 -0.00271431 -0.000142777 -0.00111341 0.00222623 -0.000141072 0.000656667 0.00786687 0.000443977 0.0012066 0.00482887 -0.00136478 0.000382184 0.00499474 0.00346021
internal_weight=30649 2922 571 285 72 48 213 2351 1325 27727 26840 578 286 41 26262 368 547 175 193 83 26086 2307 66 2241 1577 295 664 1282 95 260
internal_count=30649 2922 571 285 72 48 213 2351 1325 27727 26840 578 286 41 26262 368 547 175 193 83 26086 2307 66 2241 1577 295 664 1282 95 260
cat_boundaries=0 1 2 3
cat_threshold=1073232 532480 42995808
is_linear=0
shrinkage=0.05


Tree=78
num_leaves=31
num_cat=3
split_feature=30 37 16 49 32 51 47 41 38 32 16 16 12 43 45 3 31 48 23 6 54 52 7 52 3 49 9 49 13 51
split_gain=1.19626 0.935596 1.09424 0.915653 0.835319 1.70083 2.25772 1.18669 1.20355 0.734824 0.851917 0.813422 1.37592 0.971391 0.728049 0.979529 0.992481 1.7484 0.776898 0.721014 0.785779 1.58288 0.85501 0.676361 0.820882 0.795918 0.930231 0.733774 0.649863 0.636273
threshold=0.91666666666666685 0.21420408501362573 0 11.15 996.11666666666679 -2.8999999999999986 -1.0000000180025095e-35 7.3000000000000016 -0.2666666666667083 1024.7833333333335 1 2 0.62060948182742293 8.8500000000000032 11.15 1.0000000180025095e-35 1.1599799529055705 65.500000000000014 0.4864147903159815 0.25000000000000006 1.7000000000000011 -3.4999999999999996 0.8500000000000002 11.500000000000002 0.45000000000000007 14.600000000000003 13.500000000000002 10.600000000000003 0.82964644928663589 5.9000000000000021
decision_type=2 2 9 10 2 8 10 10 10 2 9 9 2 10 8 2 2 10 2 2 2 10 2 8 2 8 2 10 2 10
left_child=1 4 3 -3 5 6 -1 8 -7 10 29 -11 -13 -14 18 16 -16 -18 -6 -4 -21 -22 -23 24 -17 26 -26 -25 -29 -2
right_child=9 2 19 -5 14 7 -8 -9 -10 11 -12 12 13 -15 15 23 17 -19 -20 20 21 22 -24 27 25 -27 -28 28 -30 -31
leaf_value=-0.0056616044059947801 -0.0050885955927302334 -0.0017842913390074739 -0.009735080943810856 0.015125193808474281 0.013789277800285271 0.0027796490648180918 0.078109333074834739 -0.0017241216205419142 0.025267038584392734 -0.011213727842776409 -0.00081038473698064571 -0.004101420678666404 0.00085278810081778657 0.020022513603571487 0.002587772892621543 -0.0057104646137672646 -0.00044656858853296113 0.034214383598208248 -0.007195900463227517 -0.0033807221939177916 -0.0035874115635713341 0.024413240859740101 0.00090752360860021745 -0.0031386276427940356 -0.0054471238112303796 -0.0074226770637624605 0.016790592760366617 0.050889223112465035 -0.0013139138714504291 0.010985345888148363
leaf_weight=22 823 62 847 40 28 33 22 236 21 503 26198 110 28 21 93 293 21 22 532 341 34 24 26 64 30 41 40 30 20 44
leaf_count=22 823 62 847 40 28 33 22 236 21 503 26198 110 28 21 93 293 21 22 532 341 34 24 26 64 30 41 40 30 20 44
internal_value=-0.000358739 -0.00132097 -0.00227058 0.00258697 -0.000478006 0.00173601 0.0108844 0.000344708 0.00702403 -0.000257331 -0.00021707 -0.00190304 0.0012123 0.00824847 -0.00108723 4.58634e-05 0.00382072 0.0100928 -0.00241029 -0.0026597 -0.000999766 0.00332937 0.00898203 -0.000945765 -0.00190547 0.00175517 0.00499287 0.00245399 0.00698603 -0.00175009
internal_weight=30649 2922 1374 102 1548 334 44 290 54 27727 27065 662 159 49 1214 654 136 43 560 1272 425 84 50 518 404 111 70 114 50 867
internal_count=30649 2922 1374 102 1548 334 44 290 54 27727 27065 662 159 49 1214 654 136 43 560 1272 425 84 50 518 404 111 70 114 50 867
cat_boundaries=0 1 2 3
cat_threshold=16777744 532480 8443936
is_linear=0
shrinkage=0.05


Tree=79
num_leaves=31
num_cat=2
split_feature=30 41 52 2 32 16 44 12 32 51 45 23 41 11 51 6 2 34 47 14 44 45 12 27 4 43 10 39 44 24
split_gain=1.41403 0.9149 1.11045 1.43933 0.882999 0.866861 0.832843 1.28542 0.999881 1.51507 0.899218 0.827554 1.71769 0.788522 1.11903 1.10636 0.755492 0.877034 0.821083 0.753549 1.0895 2.12733 0.700109 0.77842 0.971018 0.690703 0.860143 0.688523 0.717276 0.661073
threshold=0.91666666666666685 29.550000000000004 -2.4999999999999996 1.0000000180025095e-35 1025.116666666667 0 80.500000000000014 -0.64056958004474651 996.11666666666679 -2.0999999999999983 10.900000000000002 0.30496688342842942 7.5000000000000009 0.60355339059327384 1.3999999999999992 1.0000000180025095e-35 0.55000000000000016 77.833333333333357 4.0500000000000007 1 74.500000000000014 15.650000000000002 -0.85283291294431784 0.43204937989385755 0.24166666666666672 -4.4499999999999993 -0.37940952255126059 1.0500000000000003 75.500000000000014 11.081278069764243
decision_type=2 10 10 10 2 9 10 2 2 8 8 2 10 2 10 2 8 2 10 1 10 10 2 2 2 10 2 10 8 2
left_child=1 6 3 -3 5 22 7 -1 9 -9 25 12 -8 -6 -15 -16 17 18 -13 -12 -21 -22 23 24 -2 26 -10 28 -11 -24
right_child=4 2 -4 -5 13 -7 11 8 10 27 19 16 -14 14 15 -17 -18 -19 -20 20 21 -23 29 -25 -26 -27 -28 -29 -30 -31
leaf_value=0.038434115649034581 0.034601416254908424 -0.00041844190589604706 -0.0010927506998099368 0.10638248132866304 -0.010676048808586584 -0.00077748288165177873 0.030626383206906152 0.028306348363972608 -0.012608357603486218 0.0021603355889859024 -0.0048084312403222961 0.037781744620392965 -0.0071987996104783862 -0.0033918445333816411 -0.01330699653259605 0.0091654662201162192 -0.0022743832949480504 -0.0059577433553221013 -0.0085648216632928029 -0.00035565216465051276 0.027367267231678205 -0.0077977700428008114 -0.0057056084838100563 -0.0056174767966975991 0.003722109505642222 -0.0092539505605412648 0.0070211835883063553 -0.0085703942715285083 0.016062681474284756 0.0071713406372701507
leaf_weight=42 21 20 54 21 406 26262 29 27 22 42 273 24 29 147 22 22 661 939 47 165 25 27 701 52 55 340 26 89 20 39
leaf_count=42 21 20 54 21 406 26262 29 27 22 42 273 24 29 147 22 22 661 939 47 165 25 27 701 52 55 340 26 89 20 39
internal_value=-0.000360371 -0.00140652 0.00341745 0.0096107 -0.000250118 -0.000208257 -0.00156875 -0.00049176 -0.000833256 0.00258282 -0.00152602 -0.00225262 0.00361446 -0.00215207 0.000497121 0.00748299 -0.00245647 -0.0033165 0.00203938 -0.000102021 0.00204756 0.0084453 -0.00175379 0.00163934 0.00486202 -0.00332389 0.0022869 0.000628722 0.00466989 -0.00236455
internal_weight=30649 2922 95 41 27727 27130 2827 1098 1056 178 878 1729 58 597 191 44 1671 1010 71 490 217 52 868 128 76 388 48 151 62 740
internal_count=30649 2922 95 41 27727 27130 2827 1098 1056 178 878 1729 58 597 191 44 1671 1010 71 490 217 52 868 128 76 388 48 151 62 740
cat_boundaries=0 1 2
cat_threshold=532480 4116
is_linear=0
shrinkage=0.05


Tree=80
num_leaves=31
num_cat=5
split_feature=39 44 16 54 47 2 53 44 49 16 11 16 16 13 44 14 32 40 10 33 27 36 36 51 5 1 29 26 12 37
split_gain=1.67026 1.09968 1.09907 1.17207 1.36289 1.22434 1.10648 1.28418 1.0342 1.19566 1.08354 1.54642 1.3339 1.48898 1.91802 1.14403 1.32753 1.93238 1.78159 1.40447 1.15811 1.09846 1.79769 1.62928 1.26017 1.61717 1.105 1.09458 1.53332 1.18945
threshold=3.6500000000000008 78.500000000000014 0 0.63333333333333375 -7.6499999999999995 0.15000000000000005 -1.0000000180025095e-35 87.500000000000014 7.7500000000000009 1 1.0000000180025095e-35 2 3 0.77873524214322032 57.500000000000007 4 1001.5583333333335 86.500000000000014 -0.37940952255126059 0.5887840577552016 0.049999999999999885 -0.19280597302859098 -0.84306140016734787 -2.2999999999999989 0.25623346456686363 0.35000000000000003 5.6861651579932326 21.81666666666667 0.153890576704062 -0.42429432952108265
decision_type=10 10 9 2 10 10 10 10 8 9 2 9 9 2 10 1 2 10 2 2 2 2 2 10 2 2 2 2 2 2
left_child=1 -1 3 4 -3 -6 7 -7 10 -10 12 15 -2 27 -15 20 17 18 -17 -18 -12 22 -21 -23 -25 26 -26 -14 29 -29
right_child=8 2 -4 -5 5 6 -8 -9 9 -11 11 -13 13 14 -16 16 19 -19 -20 21 -22 23 -24 24 25 -27 -28 28 -30 -31
leaf_value=-0.00028422482356495567 -0.0077332839165130942 0.015568777947232354 -0.0054582459768075936 -0.0037594275082820068 -0.0041307933986532968 0.042360191092872444 0.00055626227153583372 0.0027238722809122609 -0.00073407648527998401 -0.0060848705377881396 0.024657029192829791 -0.0024449366775375508 -0.003234848471469549 0.062693059861278086 0.0078288543239608179 0.076630279532185694 0.0061084062229310116 0.015935499581682052 0.010933086701293544 0.060671355576455116 -0.0025883447553849935 0.15697219796625975 -0.0078911958526506672 0.0042892631731431558 0.081069062845940787 0.029631689685814568 0.081575623946827977 -0.0072505753307812422 0.091857930961057446 0.056920392062991557
leaf_weight=1147 2335 21 1205 922 103 21 119 41 8525 7877 32 2004 1593 54 463 30 2063 144 35 41 948 23 187 113 20 63 22 250 64 152
leaf_count=1147 2335 21 1205 922 103 21 119 41 8525 7877 32 2004 1593 54 463 30 2063 144 35 41 948 23 187 113 20 63 22 250 64 152
internal_value=-0.000422478 -0.00143751 -0.00203939 -0.000957887 0.00172075 0.000809573 0.00328548 0.00869565 -0.000288113 -0.000537128 9.58986e-05 0.000563308 -0.000448984 0.000336413 0.00273641 0.00116453 0.00168841 0.00552367 0.0126728 0.0013783 -0.000303001 0.00384779 0.00135905 0.00620075 0.00486015 0.00880114 0.0163895 -0.00026468 0.00186655 0.000721212
internal_weight=30617 3579 2432 1227 305 284 181 62 27038 16402 10636 5725 4911 2576 517 3721 2741 209 65 2532 980 469 228 241 218 105 42 2059 466 402
internal_count=30617 3579 2432 1227 305 284 181 62 27038 16402 10636 5725 4911 2576 517 3721 2741 209 65 2532 980 469 228 241 218 105 42 2059 466 402
cat_boundaries=0 1 2 3 4 5
cat_threshold=1245762 26429970 34380358 42586630 5124
is_linear=0
shrinkage=0.05


Tree=81
num_leaves=31
num_cat=2
split_feature=39 44 3 52 16 43 40 5 53 31 36 13 38 29 53 47 39 38 32 2 11 38 49 16 32 13 52 12 5 5
split_gain=1.51692 1.02131 0.99035 1.00968 0.991403 1.12816 1.05411 1.36366 1.22321 1.60279 1.52276 2.23818 1.90296 1.46001 1.46613 1.15742 2.20388 3.26664 1.00535 0.959741 0.930867 1.57845 1.52597 0.973098 1.36382 0.911016 0.900442 1.4687 1.00858 2.7465
threshold=3.6500000000000008 80.500000000000014 1.0000000180025095e-35 3.5000000000000004 0 -0.24999999999999997 52.500000000000007 8.3266726846886753e-17 0.80000000000000016 0.15000000000000027 0.11125897424790709 0.5863955333706955 -0.96666666666664003 7.0197853469904805 -1.8500000000000012 17.250000000000004 11.250000000000002 0.050000000000011376 1004.7833333333335 2.6500000000000008 0.1294095225512602 0.33333333333342813 8.4500000000000011 1 1013.7166666666668 0.99374406038856467 -18.499999999999996 -0.47753588643748823 0.3282908984624065 0.40000000000000013
decision_type=10 10 2 8 9 10 10 2 10 2 2 2 10 2 10 10 10 10 2 10 2 10 8 9 2 2 10 2 2 2
left_child=1 -1 19 4 5 -4 7 -6 9 -9 11 15 -13 -12 -15 16 -11 -18 -17 -2 -7 22 26 24 -24 -5 27 -22 -28 -30
right_child=2 -3 3 25 6 20 -8 8 -10 10 13 12 -14 14 -16 18 17 -19 -20 -21 21 -23 23 -25 -26 -27 28 -29 29 -31
leaf_value=-0.0003992939378049298 -0.0049727803013932502 -0.0033676962308545155 0.033526929730266608 -0.0024460843909932008 0.093864491012011622 -0.0049144438650371479 0.001503961334900462 0.036084449513528759 -0.0025338099576425696 -0.008934394908834865 -0.011071603362780548 0.072425835861091539 0.099358970496626439 -0.0032945469893425326 0.054804428413884637 0.026734730052648897 0.056676773732440136 0.026852983667387899 -0.0023688593045212859 0.074545983453891282 0.20777743077763097 -0.0088549902690779215 0.0010659648386195286 -0.0068099738308355987 0.033659226092885269 -0.019565815324613184 0.0087351028421974366 0.017548874376408691 0.056004544121066951 0.017416333992206344
leaf_weight=1298 5645 2281 27 8605 32 2718 6479 31 460 21 173 21 23 36 20 22 20 29 147 37 20 684 125 594 31 384 383 37 52 182
leaf_count=1298 5645 2281 27 8605 32 2718 6479 31 460 21 173 21 23 36 20 22 20 29 147 37 20 684 125 594 31 384 383 37 52 182
internal_value=-0.000414312 -0.00138163 -0.000286264 -0.000130175 0.000162931 -0.000393783 0.00052232 0.00200464 0.00167979 0.00328669 0.00261668 0.00506888 0.0154195 -0.000414667 0.00659536 0.00315767 0.0085592 0.0143585 0.000916616 -0.000872918 -0.000451712 0.000336795 0.00128502 -0.000266632 0.00313064 -0.000533425 0.00301142 0.00901926 0.00245503 0.00504058
internal_weight=30617 3579 27038 21356 12367 4853 7514 1035 1003 543 512 283 44 229 56 239 70 49 169 5682 4826 2108 1424 750 156 8989 674 57 617 234
internal_count=30617 3579 27038 21356 12367 4853 7514 1035 1003 543 512 283 44 229 56 239 70 49 169 5682 4826 2108 1424 750 156 8989 674 57 617 234
cat_boundaries=0 1 2
cat_threshold=39628802 557058
is_linear=0
shrinkage=0.05


Tree=82
num_leaves=31
num_cat=4
split_feature=39 2 46 1 50 44 16 12 27 54 14 33 31 43 10 23 37 23 37 3 29 52 31 33 32 49 16 28 14 4
split_gain=1.31052 0.935245 0.937419 0.914288 1.28713 0.897862 0.858814 0.883587 0.857964 1.41858 0.854664 0.851659 0.833397 1.13031 1.19066 1.04351 1.11804 2.08047 1.12281 0.783243 0.976995 1.37902 1.23423 0.774652 0.769619 0.731616 1.06145 0.920604 1.44614 1.76399
threshold=3.6500000000000008 2.3500000000000001 0.45000000000000007 0.55000000000000016 2.0500000000000003 80.500000000000014 0 -0.40828930082137055 0.20548046676563245 1.5666666666666673 1 1.0677078252031451 0.30912061651652373 4.0500000000000007 0.37940952255126054 0.65127322097453977 -0.19220368617328723 0.42214167997467117 -0.81958508920113127 0.8500000000000002 7.1258485105158877 9.5000000000000018 0.71954126026849985 1.0974713752227394 1007.5166666666668 9.5500000000000025 2 60.166666666666679 3 0.058333333333333341
decision_type=10 10 10 2 8 10 9 2 2 2 1 2 2 10 2 2 2 2 2 2 2 10 2 2 2 8 9 2 1 2
left_child=5 25 3 -3 8 11 7 -7 9 24 -10 -1 -9 15 -15 16 18 -18 -14 20 21 22 -12 -21 -5 -2 27 28 -27 -30
right_child=1 2 -4 4 -6 6 -8 12 10 -11 19 -13 13 14 -16 -17 17 -19 -20 23 -22 -23 -24 -25 -26 26 -28 -29 29 -31
leaf_value=-0.00075292017025893317 -0.00045416427407549153 -0.0098444375876502142 -0.018379669585676925 -0.021585870645424804 0.16737718126755824 -0.0079614423988817844 -0.0050097397650644441 -0.0045560080802827139 -0.020982631736478175 0.12278783762784923 0.0097417914850807547 0.028596258487884996 0.022855566035894774 0.01832262567991513 0.039337187540081017 -0.0011924234591756547 -0.00074118623009694282 0.043688944729442396 -0.0050001891088204825 0.012957395941604577 -0.035390746054763396 0.12386122282091974 0.047633539505287897 0.0483407689739737 0.032974738207421209 -0.0032489345908253212 -0.0064823930448315095 -0.0019406011567530493 0.0027498053150256342 0.15317581747039849
leaf_weight=1278 12761 236 184 28 32 247 1126 314 141 22 73 20 25 35 20 414 27 23 50 431 20 34 28 28 30 251 6293 6247 122 77
leaf_count=1278 12761 236 184 28 32 247 1126 314 141 22 73 20 25 35 20 414 27 23 50 431 20 34 28 28 30 251 6293 6247 122 77
internal_value=-0.000412679 -0.000293661 0.00102168 0.00157284 0.00232384 -0.00131178 -0.00190917 -0.000922669 0.00194587 0.00686642 0.00142365 -0.000261922 -0.000209229 0.000892105 0.00771325 0.000194768 0.00419664 0.00998004 0.000332888 0.00221118 0.00531915 0.00684678 0.00390702 0.00120889 0.00275387 -0.000359403 -0.000623553 -0.000184134 0.00199955 0.00504543
internal_weight=30617 27038 1287 1103 867 3579 2281 1155 835 80 755 1298 908 594 55 539 125 50 75 614 155 135 101 459 58 25751 12990 6697 450 199
internal_count=30617 27038 1287 1103 867 3579 2281 1155 835 80 755 1298 908 594 55 539 125 50 75 614 155 135 101 459 58 25751 12990 6697 450 199
cat_boundaries=0 1 2 3 4
cat_threshold=1245762 88 26937874 3920
is_linear=0
shrinkage=0.05


Tree=83
num_leaves=31
num_cat=4
split_feature=39 39 34 27 50 40 27 35 13 53 27 33 16 31 3 49 20 32 43 16 31 14 36 52 34 31 46 29 31 16
split_gain=1.22491 0.811538 0.876549 1.46289 1.12399 0.932722 1.40474 1.23032 0.850516 1.40082 1.18374 0.883123 0.771602 1.61108 0.744885 0.903852 1.29413 1.11124 1.05868 0.951977 1.43846 1.32981 1.65262 1.21072 1.15578 1.67813 1.3226 0.960557 1.01694 0.950376
threshold=3.8500000000000001 5.1500000000000012 95.166666666666671 0.094280904158207279 1.4500000000000002 90.500000000000014 0.85764535535124076 5.6861651579932326 0.47751829461125783 7.1999999999999993 0.7257180352359085 0.094280904158200993 0 0.7386138800877895 1.0000000180025095e-35 7.7500000000000009 59.749600000000008 1009.5416666666669 16.050000000000004 1 2.4500000000000011 2 0.87647696995515123 6.5000000000000009 81.416666666666671 0.68958842066956316 1.0000000180025095e-35 1.4571067811865477 0.57154760664940751 3
decision_type=10 10 2 2 8 10 2 2 2 10 2 2 9 2 2 8 2 2 10 9 2 1 2 10 2 2 8 2 2 9
left_child=-1 2 3 -2 8 7 -7 -5 -4 11 -11 -10 13 -13 15 19 17 29 -18 20 21 22 23 24 25 26 -3 28 -23 -17
right_child=1 14 4 5 -6 6 -8 -9 9 10 -12 12 -14 -15 -16 16 18 -19 -20 -21 -22 27 -24 -25 -26 -27 -28 -29 -30 -31
leaf_value=-0.0026344034401312813 0.044895254336673282 0.069261002583435746 -0.0076510999071343335 0.038306716721388911 0.030227892819814025 0.0045358806490357209 0.027421875144506225 -0.0019718491228058648 0.0095227411119005873 -0.0029090934676295598 0.017650935473719067 -0.0024609958587367012 -0.0082593939611037438 0.021158554930500277 -0.0011050694161862183 -0.01452955949361427 -0.016323058531522189 -0.011447228659644764 0.076325480507872828 -0.00372022440299108 0.13612613245797675 0.0044449477061649567 0.027977117456794848 -0.012406699871215178 0.031825903523020803 0.016727585991937296 0.033462980290078284 -0.0060123252451085877 0.067976717980133411 0.0095048169536923674
leaf_weight=3696 22 30 128 20 27 94 26 251 33 23 31 84 222 20 20393 579 23 2244 23 1186 21 59 20 82 113 45 20 591 25 486
leaf_count=3696 22 30 128 20 27 94 26 251 33 23 31 84 222 20 20393 579 23 2244 23 1186 21 59 20 82 113 45 20 591 25 486
internal_value=-0.000412679 -0.000295494 0.00111609 0.00286855 -0.000158424 0.00216057 0.00582848 0.000534857 -0.000656072 0.000447832 0.00794824 -0.000682262 -0.00147194 0.00201577 -0.000348882 -0.000862614 -0.0013785 -0.00149437 0.00694143 -7.29906e-05 0.00105304 0.000786721 0.00343642 0.00258531 0.00461317 0.00867508 0.0149701 -0.000474384 0.00451843 -0.000164305
internal_weight=30617 26921 981 413 568 391 120 271 541 413 54 359 326 104 25940 5547 3355 3309 46 2192 1006 985 310 290 208 95 50 675 84 1065
internal_count=30617 26921 981 413 568 391 120 271 541 413 54 359 326 104 25940 5547 3355 3309 46 2192 1006 985 310 290 208 95 50 675 84 1065
cat_boundaries=0 1 2 3 4
cat_threshold=1904704 33851458 4192 33984532
is_linear=0
shrinkage=0.05


Tree=84
num_leaves=31
num_cat=1
split_feature=39 44 54 37 35 41 37 5 5 36 44 19 30 11 10 43 26 3 10 16 35 35 36 47 41 42 17 53 38 33
split_gain=1.08207 0.945672 1.11741 0.852526 1.28943 1.69147 0.940019 1.0898 1.42078 1.49648 1.42179 2.11706 1.4934 1.44139 0.841909 0.952274 1.18485 0.702908 0.866292 1.08606 1.62983 1.66927 1.10314 1.05045 0.920975 0.882842 0.883127 0.98567 0.866863 0.936854
threshold=3.8500000000000001 78.500000000000014 0.63333333333333375 0.21420408501362573 17.73257700947212 12.4 -0.83450398190757047 0.12472191289246472 0.29056810222284135 -0.8949002852437673 61.500000000000007 65.500000000000014 -0.28333333333333327 1.0000000180025095e-35 0.78656609248549325 -1.0000000180025095e-35 0.61666666666666681 1.0000000180025095e-35 -0.70710678118654735 0 25.27623771916932 27.511863568895347 0.93237423173771117 10.250000000000002 31.150000000000002 5.3500000000000005 55.924650000000007 -1.0000000180025095e-35 2.7666666666667088 0.24944382578496593
decision_type=10 10 2 2 2 10 2 2 2 2 8 2 2 2 2 10 2 2 2 9 2 2 2 8 10 10 2 10 10 2
left_child=1 3 14 4 6 -6 -1 -8 9 -9 -11 12 -12 -13 -3 -16 -17 18 19 20 22 -22 -2 24 28 26 -25 -28 29 -20
right_child=17 2 -4 -5 5 -7 7 8 -10 10 11 13 -14 -15 15 16 -18 -19 23 -21 21 -23 -24 25 -26 -27 27 -29 -30 -31
leaf_value=-0.0062397931838571868 -0.0085948834393113193 -0.00082521277882784496 -0.0044877410485459086 -0.0050234496978802633 0.028958853337193453 -0.0085346861273581896 -0.0055934665239770302 -0.0049352094561716554 0.00014298187161002353 -0.0030819671865631899 0.042825962266626688 0.034487460927417182 -0.0077259485965123359 0.0078270051009875722 0.012568077537764259 0.028631013863349722 -0.012355595771201024 -0.00077733155235668505 -0.0067611024904602251 -0.015131086696252599 0.098343977970507868 0.002916056715751604 0.060548781063647097 -0.0052155939902973694 0.027233444277519399 0.12153823863078242 0.044692186934297155 -0.0073881655337169954 0.024252161257008898 0.01050297646660385
leaf_weight=157 283 361 2027 405 35 22 234 31 187 32 27 20 27 24 48 20 39 21256 288 1043 28 66 20 3428 21 32 21 24 32 379
leaf_count=157 283 361 2027 405 35 22 234 31 187 32 27 20 27 24 48 20 39 21256 288 1043 28 66 20 3428 21 32 21 24 32 379
internal_value=-0.000396348 -0.00119856 -0.00175344 -4.57925e-05 0.000904408 0.00814361 0.000345013 0.00127126 0.0030451 0.00648665 0.00883935 0.0118247 0.0051756 0.0199546 0.000448621 0.00434174 8.46012e-05 -0.000286208 -0.000781099 -0.00184015 0.000405305 0.00616365 -0.00136919 -0.00042011 0.00131926 -0.00077744 -0.000853705 0.00609756 0.00100844 0.000622094
internal_weight=30617 3696 2495 1201 796 57 739 582 348 161 130 98 54 44 468 107 59 26921 5665 1440 397 94 303 4225 720 3505 3473 45 699 667
internal_count=30617 3696 2495 1201 796 57 739 582 348 161 130 98 54 44 468 107 59 26921 5665 1440 397 94 303 4225 720 3505 3473 45 699 667
cat_boundaries=0 1
cat_threshold=17965586
is_linear=0
shrinkage=0.05


Tree=85
num_leaves=31
num_cat=3
split_feature=3 39 13 16 9 39 35 53 16 5 2 16 54 39 49 4 29 48 31 37 39 29 44 33 9 41 42 51 13 45
split_gain=1.21953 0.944505 0.995301 1.04755 0.925696 1.27608 1.26747 1.50583 1.1817 1.09676 1.07034 1.05621 1.14616 1.12026 1.05868 1.04051 0.988311 0.97847 1.04722 0.971726 1.48006 0.91776 1.20366 1.22976 1.21164 0.907 0.875901 0.869278 0.840394 1.20592
threshold=0.35000000000000003 4.2500000000000009 0.93262014971044704 0 8.5000000000000018 13.850000000000003 2.5623346456686353 -11.199999999999996 1 0.35295130420052201 1.2500000000000002 2 0.63333333333333375 5.0500000000000007 10.600000000000003 0.058333333333333341 11.100540382949655 68.500000000000014 0.99999999999999989 -0.34122636676478468 28.250000000000004 5.0495097567963931 97.500000000000014 0.4994438257849122 3.5000000000000004 12.800000000000002 6.0500000000000007 -0.19999999999999749 0.96914236212857585 6.6500000000000012
decision_type=2 10 2 9 2 10 2 10 9 2 10 9 2 10 10 2 2 10 2 2 10 2 10 2 2 10 10 10 2 8
left_child=1 -1 4 28 5 11 7 -7 -6 15 26 16 -13 14 -14 -9 21 19 -19 20 -17 22 23 -3 -25 -21 -8 -12 -4 -30
right_child=-2 2 3 -5 8 6 10 9 -10 -11 27 12 13 -15 -16 17 -18 18 -20 25 -22 -23 -24 24 -26 -27 -28 -29 29 -31
leaf_value=-0.0035723839976476678 7.3620179449430213e-05 0.007875940524457543 -0.012406869371585069 -0.011435989053279836 0.0007039805414255358 0.090790835928214145 -0.0061909657084452362 -0.0093727857378401152 -0.0060111361751920738 -0.030980412555389643 0.10084063614529847 0.071115890747977265 -0.00076176825656226721 -0.0063714467093691739 0.030456770103486231 0.10877844731424756 0.049828422474991356 -0.0050428935725379022 0.069290122259472661 -0.038827786981171654 0.00530456156466048 -0.0020500531813571056 0.024813265001647579 0.053476637961337337 -0.0077379864881801062 0.045379911388643675 0.20342069083415906 0.048957484123225051 0.026579813446635778 -0.0048920500588598738
leaf_weight=2087 14431 442 311 530 2970 23 2678 119 4668 94 35 37 23 573 23 39 26 117 25 28 22 240 38 45 22 23 21 67 131 643
leaf_count=2087 14431 442 311 530 2970 23 2678 119 4668 94 35 37 23 573 23 39 26 117 25 28 22 240 38 45 22 23 21 67 131 643
internal_value=-0.00030641 -0.000605587 -0.000457787 -0.00162529 -0.000305693 0.00024159 -0.00030537 0.0020404 -0.000646759 0.00142368 -0.000715791 0.00146688 -4.50395e-05 -0.000557262 0.00694143 0.00264004 0.0026546 0.00444707 0.00168895 0.00793934 0.0121931 0.00236946 0.00350027 0.00285798 0.00916542 0.00283757 -0.000905859 0.0043095 -0.000707699 0.000167936
internal_weight=30531 16100 14013 1615 12398 4760 3291 490 7638 467 2801 1469 656 619 46 373 813 254 142 112 61 787 547 509 67 51 2699 102 1085 774
internal_count=30531 16100 14013 1615 12398 4760 3291 490 7638 467 2801 1469 656 619 46 373 813 254 142 112 61 787 547 509 67 51 2699 102 1085 774
cat_boundaries=0 1 2 3
cat_threshold=46356484 17158672 17484336
is_linear=0
shrinkage=0.05


Tree=86
num_leaves=31
num_cat=4
split_feature=3 31 16 39 28 13 31 32 12 52 38 32 38 16 37 38 33 36 14 48 44 16 33 29 29 27 23 43 39 47
split_gain=1.14878 0.872192 1.10406 1.03755 0.956305 2.14604 2.1584 1.18689 1.03227 1.443 2.72244 0.845315 0.795764 0.763334 1.06047 1.28674 1.30781 1.25559 1.81589 1.19978 1.18336 1.1755 1.5337 1.37759 1.25782 1.48358 2.45031 1.17293 1.12855 1.63632
threshold=0.35000000000000003 0.33993463423951903 0 28.950000000000003 65.833333333333357 0.11135519690480852 0.14999999999999972 1017.0166666666668 -0.82967701355261869 1.5000000000000002 0.599999999999966 1008.6166666666668 -0.35000000000007953 1 -0.022243433579717451 2.6500000000000346 0.50990195135929794 -0.092358908581720425 2 92.500000000000014 97.500000000000014 3 0.087965281125455888 1.7926456271808611 2.9719601443879751 0.37416573867739411 2.9523768399023278 5.9500000000000011 5.7500000000000009 1.0000000180025095e-35
decision_type=2 2 9 10 2 2 2 2 2 10 10 2 10 9 2 10 2 2 1 8 10 9 2 2 2 2 2 10 10 10
left_child=1 2 3 4 5 6 -1 8 9 10 12 -11 -6 -3 15 19 -17 -16 20 27 21 23 -23 -19 -24 26 -26 28 29 -15
right_child=-2 13 -4 -5 7 -7 -8 -9 -10 11 -12 -13 -14 14 17 16 -18 18 -20 -21 -22 22 24 -25 25 -27 -28 -29 -30 -31
leaf_value=0.03330188827802872 6.9939170476963176e-05 -0.0037659111519050201 -0.0075771846680338477 -0.028772034509031704 0.057709193421439854 -0.010823187309373686 0.031572244901967327 -0.0061140451186743926 -4.5642270876052994e-05 0.082682478849706087 0.1283957812741375 -0.010219124038132663 -0.029878843475254758 0.010354765992801364 -0.007443106904904075 0.049284056628229975 -0.00013172614892800611 0.021197329755753926 -0.0062619922228745045 -0.0049313842189352081 0.016074349331197252 0.042956908184082564 -0.0097395930890790336 -0.020125736327082734 -0.013035872721009426 0.027145532273937775 0.072169367234469053 0.0021456287231567954 0.013464930586551866 -0.00084669863480538459
leaf_weight=23 14431 6305 2138 195 23 29 23 430 812 34 34 70 24 106 1108 22 20 20 706 587 25 32 117 122 21 232 25 2437 138 242
leaf_count=23 14431 6305 2138 195 23 29 23 430 812 34 34 70 24 106 1108 22 20 20 706 587 25 32 117 122 21 232 25 2437 138 242
internal_value=-0.000296584 -0.000586954 -0.00124508 -0.000284109 0.000159775 0.00565912 0.0123644 -0.000129635 0.000817369 0.00418692 0.00918619 0.000288183 0.00138004 -0.000381164 2.5124e-05 0.000574307 0.00926366 -0.000784852 0.000269209 0.000470071 0.00228439 0.0018538 0.00312285 -0.00203813 0.00234118 0.00417116 0.0123644 0.000884334 0.00312693 0.00160873
internal_weight=30531 16100 3835 1697 1502 75 46 1427 997 185 81 104 47 12265 5960 3552 42 2408 1300 3510 594 569 427 142 395 278 46 2923 486 348
internal_count=30531 16100 3835 1697 1502 75 46 1427 997 185 81 104 47 12265 5960 3552 42 2408 1300 3510 594 569 427 142 395 278 46 2923 486 348
cat_boundaries=0 1 2 3 4
cat_threshold=55052336 47718454 2962 6144
is_linear=0
shrinkage=0.05


Tree=87
num_leaves=31
num_cat=4
split_feature=3 31 2 35 36 16 24 32 35 1 17 54 51 16 47 40 51 42 31 38 47 45 47 38 16 11 5 16 43 45
split_gain=1.07755 0.905429 1.00906 1.16645 1.40921 1.12324 1.8599 1.98118 1.07292 1.07183 1.90577 0.789824 0.766369 0.7623 1.06827 0.767553 0.967469 0.755053 0.751394 0.749903 0.741647 0.989821 0.734785 0.754494 1.20514 1.10998 1.07937 0.9454 2.0174 2.34451
threshold=0.35000000000000003 0.33993463423951903 1.9500000000000002 29.249872411255421 0.43849161059432668 0 4.6822451630946738 1016.6166666666668 2.9719601443879751 0.15000000000000005 34.870850000000011 1.7000000000000011 -0.59999999999999598 1 -3.8499999999999992 62.500000000000007 5.9000000000000021 6.0500000000000007 0.30000000000000054 0.30000000000001142 -0.6499999999999998 21.800000000000004 32.95000000000001 1.5000000000000571 2 -0.98296291314453399 0.29719601443879745 3 26.650000000000002 21.800000000000004
decision_type=2 2 8 2 2 9 2 2 2 2 2 2 10 9 8 10 10 10 2 10 8 10 10 10 9 2 2 9 8 8
left_child=1 2 3 -1 12 -4 7 -7 9 10 -8 -11 -5 14 -3 16 -16 -15 -10 -12 21 -2 23 27 25 -25 -27 -22 -29 -30
right_child=20 13 5 4 -6 6 8 -9 18 11 19 -13 -14 17 15 -17 -18 -19 -20 -21 22 -23 -24 24 -26 26 -28 28 29 -31
leaf_value=-0.0083881517157227015 -0.0056195635761015451 0.018453982495613773 -0.0076601583465524623 0.023312371269140722 0.048485742965971024 0.041856079648210476 0.082654477457429848 -0.0053301576933052156 -0.0055315769391588235 0.074981069804986963 -0.0041511219565483299 -0.010856243170171385 -0.030288125572269804 -0.0025962270744994062 0.0052131829427568936 -0.0016745254035288881 0.031586999299653633 0.054904007585402474 0.032340916850862204 0.013993161051383821 0.0033722946232316049 0.007231054399582661 -0.040545436548629604 0.039057710256859335 -0.020816532592526662 0.0061286597036605099 -0.013711520752560397 -0.0022501002058351411 0.04061677082466681 0.18267492818562381
leaf_weight=1867 546 26 618 20 33 34 35 32 926 38 45 67 52 8789 902 2474 34 40 48 20 6687 35 167 26 383 241 292 5507 505 42
leaf_count=1867 546 26 618 20 33 34 35 32 926 38 45 67 52 8789 902 2474 34 40 48 20 6687 35 167 26 383 241 292 5507 505 42
internal_value=-0.000293309 -0.000574532 -0.00124508 -0.00203337 0.00309229 -0.000410607 0.00045813 0.0086233 4.23933e-06 0.00329108 0.00699301 -0.00023787 -0.000832179 -0.000364858 0.000266967 0.000190609 0.0014101 -0.000610357 -0.000687816 0.00192012 2.04408e-05 -0.00172948 9.38609e-05 0.000134106 -0.00123129 0.000272359 -0.000215721 0.000235065 -0.000217676 0.00267775
internal_weight=30531 16100 3835 1972 105 1863 1245 66 1179 205 100 105 72 12265 3436 3410 936 8829 974 65 14431 581 13850 13683 942 559 533 12741 6054 547
internal_count=30531 16100 3835 1972 105 1863 1245 66 1179 205 100 105 72 12265 3436 3410 936 8829 974 65 14431 581 13850 13683 942 559 533 12741 6054 547
cat_boundaries=0 1 2 3 4
cat_threshold=13852740 17256960 9063024 39272966
is_linear=0
shrinkage=0.05


Tree=88
num_leaves=31
num_cat=4
split_feature=3 31 8 33 14 37 37 35 14 51 36 9 53 16 37 12 33 5 51 11 36 51 50 32 16 50 34 51 23 38
split_gain=1.09013 0.905429 0.766799 0.988243 2.34513 1.99499 1.44847 0.93043 0.885707 1.73943 1.14896 0.743378 1.1188 1.33599 1.46054 1.09739 2.18528 1.0926 1.41357 1.47327 1.08161 1.45477 0.957125 0.90781 0.813523 0.801207 0.812014 0.890603 0.791305 0.740752
threshold=0.35000000000000003 0.33993463423951903 2.5000000000000004 0.40000000000000574 0 -0.77307350971160471 -0.60855578140800259 22.634780297479228 1 -0.84999999999999953 0.35124375646960448 3.5000000000000004 -2.0999999999999983 2 -0.39779781333858283 0.78409092058139029 0.15000000000006256 2.0816681711721688e-17 -1.0000000180025095e-35 -0.70710678118654757 0.14430147607780835 -1.0999999999999959 1.0000000180025095e-35 1008.3416666666668 3 0.55000000000000016 99.583333333333357 0.99999999999999944 1.3454681587858173 1.3000000000001253
decision_type=2 2 2 2 1 2 2 2 1 10 2 2 8 9 2 2 2 2 10 2 2 10 8 2 9 8 2 10 2 10
left_child=1 2 3 -1 5 -5 -7 -4 9 -9 -11 12 13 14 20 -15 -17 18 28 -20 -2 -22 -16 -21 25 26 -14 -28 -13 -19
right_child=11 -3 7 4 -6 6 -8 8 -10 10 -12 17 24 15 22 16 -18 29 19 23 21 -23 -24 -25 -26 -27 27 -29 -30 -31
leaf_value=-0.0036867421621332701 0.012520365339989438 -0.0015086565002262423 -0.0080905598152534175 -0.0054320803065459966 -0.0037315224208957667 0.068071554351958927 0.078275092986583153 0.088611612303356013 -0.016605091693918515 -0.025198511181861474 0.029955098524004593 0.011009417119064767 -0.0041710688470104314 -0.0069025946867677865 -0.012569571013806262 0.051726917176003279 -0.0003073667116342165 0.00070931557159508482 0.083927885954891202 0.11702847841930407 0.1801338979480078 0.058799168848492171 0.026679225583261475 -0.014975881848035123 -0.014203025929356315 0.05521017284619989 -0.0028470122467722141 0.025459950021050559 -0.014541932342369 -0.0040992731651954403
leaf_weight=1329 62 12265 1806 37 353 24 67 23 108 55 33 20 299 354 120 22 74 10927 32 24 24 36 30 44 1134 36 38 37 56 1062
leaf_count=1329 62 12265 1806 37 353 24 67 23 108 55 33 20 299 354 120 22 74 10927 32 24 24 36 30 44 1134 36 38 37 56 1062
internal_value=-0.000291671 -0.000574532 -0.00124508 -0.000497211 0.0014446 0.00695148 0.0114709 -0.00191349 0.00116385 0.00408753 0.00124858 2.39055e-05 -0.000807556 0.00081706 0.00350939 -0.000869377 0.00385015 0.000178789 0.00408858 0.00799201 0.00769861 0.0124792 0.00033311 0.00381791 -0.00156726 0.000357057 -0.000320771 0.00432756 -0.00105125 0.000121359
internal_weight=30531 16100 3835 1810 481 128 91 2025 219 111 88 14431 2266 722 272 450 96 12165 176 100 122 60 150 68 1544 410 374 75 76 11989
internal_count=30531 16100 3835 1810 481 128 91 2025 219 111 88 14431 2266 722 272 450 96 12165 176 100 122 60 150 68 1544 410 374 75 76 11989
cat_boundaries=0 1 2 3 4
cat_threshold=784 7240 33866320 17863200
is_linear=0
shrinkage=0.05


Tree=89
num_leaves=31
num_cat=3
split_feature=5 13 31 46 12 16 37 30 38 16 31 31 31 29 4 35 12 19 52 51 31 52 17 9 11 36 3 16 33 28
split_gain=0.870845 1.18735 1.10231 1.03591 1.16222 0.931559 1.63788 0.861096 0.855927 0.847696 1.08815 0.862449 1.08701 0.96535 1.34234 1.2873 0.881145 0.991214 1.94652 1.43395 2.32412 0.810194 0.753253 1.42345 0.712992 1.03763 1.46445 1.15929 1.76727 0.988475
threshold=0.094280904158206405 0.76785215827905995 0.95335664307167323 0.25000000000000006 -0.32853027881941038 0 -0.49414420032659917 -5.5583333333333327 -0.40000000000003405 1 0.33993463423951903 2.5504084313139335 1.3000000000000007 8.4991829279939903 0.041666666666666678 10.354803868458292 0.79462857753386984 17.000000000000004 3.5000000000000004 -2.5999999999999983 0.65489609014628392 -49.499999999999993 55.924650000000007 14.500000000000002 -0.9159756150367534 0.85603175410319254 1.0000000180025095e-35 2 0.19428090415819368 67.583333333333357
decision_type=2 2 2 8 2 9 2 2 10 9 2 2 2 2 2 2 2 2 10 10 2 8 2 2 2 2 2 9 2 2
left_child=1 9 -3 5 -5 6 -4 -2 -6 10 -1 12 13 16 -15 -16 22 18 -18 20 -19 -9 -12 -24 25 27 -27 28 -11 -29
right_child=7 2 3 4 8 -7 -8 21 -10 24 11 -13 -14 14 15 -17 17 19 -20 -21 -22 -23 23 -25 -26 26 -28 29 -30 -31
leaf_value=-0.0039265836777315913 -0.006132363460990841 -0.0059764811848425402 0.056405667927269865 0.083387889119494421 -0.012702477949787436 -0.0054299420500318243 -0.00027264157685875939 0.014271371875332112 0.09085055649991583 0.079463627000532736 -0.0026015618289070602 0.046262200274207105 -0.0097073473727085479 0.0013440807423713758 0.030848092045059762 0.057312179145400023 0.040712005484515534 -0.013014949805948832 -0.014615008278094999 0.00054827077315615098 0.032199398561399729 -0.00033183643020794437 0.041213825422966283 -0.012292659358324921 -0.0045933322850795436 0.10477815271291098 -0.0061189326127662367 0.018346989616033815 0.0012055197507997468 -0.0075043910873152236
leaf_weight=418 109 1914 29 26 27 441 72 20 28 37 572 41 277 46 23 26 34 27 26 233 29 20512 36 20 4921 34 34 120 73 326
leaf_count=418 109 1914 29 26 27 441 72 20 28 37 572 41 277 46 23 26 34 27 26 233 29 20512 36 20 4921 34 34 120 73 326
internal_value=-0.000291671 -0.000677446 -0.00161011 0.000216657 0.00548705 -0.000571851 0.00355535 -0.000106827 0.00136116 -0.000355634 0.000583025 0.0012589 0.00104143 0.00176289 0.00657203 0.0123218 0.00129465 0.00330851 0.00915141 0.0020927 0.00926916 -8.32854e-05 0.00017513 0.0057041 -0.000661555 0.000929337 0.00675477 0.000215787 0.00457952 -0.000942777
internal_weight=30531 9890 2537 623 81 542 101 20641 55 7353 1808 1390 1349 1072 95 49 977 349 60 289 56 20532 628 56 5545 624 68 556 110 446
internal_count=30531 9890 2537 623 81 542 101 20641 55 7353 1808 1390 1349 1072 95 49 977 349 60 289 56 20532 628 56 5545 624 68 556 110 446
cat_boundaries=0 1 2 3
cat_threshold=16891968 946688 4194352
is_linear=0
shrinkage=0.05


Tree=90
num_leaves=31
num_cat=2
split_feature=24 45 6 44 12 2 16 31 10 27 29 24 44 32 53 49 32 44 27 27 24 39 6 29 32 52 9 16 11 31
split_gain=0.99032 0.966974 1.05546 1.10382 0.879292 0.831904 1.10471 1.31768 1.27392 1.53309 1.19294 1.57534 1.26797 1.24882 2.10463 1.10203 1.13048 1.05114 0.789939 1.05021 0.903144 1.26265 1.32745 1.51325 1.05548 0.788298 1.08696 0.78705 1.3225 1.08671
threshold=3.9643175172126872 10.600000000000003 0.25000000000000006 37.500000000000007 -0.62729398729515451 2.3500000000000001 0 0.20000000000000065 -0.78656609248549292 0.35000000000000103 2.9056810222284128 6.0970567912189191 89.500000000000014 1003.6166666666668 1.0499999999999992 14.200000000000001 1014.6166666666668 75.500000000000014 0.29999999999999999 0.32998316455372256 3.8459280388055461 0.25000000000000006 0.35000000000000003 3.3495889939662065 983.55833333333339 20.500000000000004 6.5000000000000009 1 0.37940952255126048 1.6017348322476186
decision_type=2 10 2 10 2 10 9 2 2 2 2 2 10 2 10 10 2 10 2 2 2 10 2 2 2 8 2 9 2 2
left_child=1 -1 3 -3 -4 27 7 -7 9 -9 11 -10 13 -13 17 -12 -17 -15 -6 -20 21 24 -23 -24 -21 -8 -27 28 -2 -30
right_child=5 2 4 -5 18 6 25 8 10 -11 15 12 -14 14 -16 16 -18 -19 19 20 -22 22 23 -25 -26 26 -28 -29 29 -31
leaf_value=-0.004833103014654676 -0.00062831209132953422 0.010724522678844717 0.036773531581837743 -0.0034741043725102583 -0.0036803958087585492 -0.014994803938008856 -0.0040017039490262418 0.11297746031059896 0.038069987269344623 0.037090649062979326 -0.019795630399355446 -0.015554416423962795 -0.024521906855679038 0.12520848481066063 0.12655853914730783 0.0033545059628064286 0.051329501974669227 -0.029699558891751202 0.0031090706614398545 0.010283878728503976 -0.011088557995999939 0.037779739344786664 0.030354132462728035 -0.0016598540625576031 -0.0048563599967868208 0.16462806647435263 0.014209655886255676 -0.0019021161538899758 0.0055429725368538879 0.047409253416274423
leaf_weight=1087 2221 31 31 982 167 81 663 21 25 58 125 38 59 31 32 38 20 21 27 24 60 25 32 48 140 25 69 23213 1137 60
leaf_count=1087 2221 31 31 982 167 81 663 21 25 58 125 38 59 31 32 38 20 21 27 24 60 25 32 48 140 25 69 23213 1137 60
internal_value=-0.000309078 -0.00123206 -0.000437114 -0.0013967 0.00131745 -0.000221391 0.00101064 0.00269182 0.00375988 0.00954488 0.00258288 0.00519165 0.00356157 0.00647011 0.0098692 -0.000354998 0.00533563 0.00364683 0.00083158 0.00216231 0.00138256 0.00261984 0.00689819 0.00374532 -0.000121878 -0.000241169 0.00403826 -0.000281815 0.000425891 0.00176677
internal_weight=30591 2654 1567 1013 554 27937 1306 549 468 79 389 206 181 122 84 183 58 52 523 356 329 269 105 80 164 757 94 26631 3418 1197
internal_count=30591 2654 1567 1013 554 27937 1306 549 468 79 389 206 181 122 84 183 58 52 523 356 329 269 105 80 164 757 94 26631 3418 1197
cat_boundaries=0 1 2
cat_threshold=5478448 16898
is_linear=0
shrinkage=0.05


Tree=91
num_leaves=31
num_cat=4
split_feature=30 16 32 2 16 31 9 27 38 9 1 2 49 38 6 52 9 14 16 42 29 31 45 2 44 27 36 46 11 7
split_gain=1.0162 0.85509 1.63049 0.751722 1.03485 1.27071 1.09251 1.81108 2.39933 1.08377 0.935001 0.847312 1.15976 0.832633 0.894987 0.790461 1.08696 0.783989 1.9586 1.27146 1.24768 0.951219 1.11212 1.45531 1.54704 1.2981 1.39321 1.22285 1.39178 1.18176
threshold=0.64166666666666694 0 1003.4583333333335 2.3500000000000001 1 0.20000000000000065 7.5000000000000009 0.35590260840104393 -1.6000000000000794 9.5000000000000018 2.3500000000000001 4.5500000000000007 10.600000000000003 -1.4499999999999884 1.7500000000000002 20.500000000000004 6.5000000000000009 2 3 0.65000000000000002 14.681792809136267 1.2823586447220416 11.050000000000002 0.15000000000000005 65.500000000000014 0.56073157915017025 -0.29232203331489143 0.35000000000000003 0.1294095225512602 0.25000000000000006
decision_type=2 9 2 10 9 2 2 2 10 2 2 10 10 10 2 8 2 1 9 10 2 2 10 10 10 2 2 10 2 2
left_child=1 2 -1 17 5 -5 13 8 -8 -9 -10 -11 -13 14 -7 -6 -17 18 19 20 21 22 27 24 25 -24 -27 -2 -29 -26
right_child=3 -3 -4 4 15 6 7 9 10 11 -12 12 -14 -15 -16 16 -18 -19 -20 -21 -22 -23 23 -25 29 26 -28 28 -30 -31
leaf_value=0.015391962006501909 0.0044267021598643156 -0.0024522724379407996 -0.0009932043912289953 -0.014245063741108394 -0.0034759089013726208 -0.0041330877263074757 -0.0026191898073885667 0.046454777392262572 0.10575530144134807 -0.0046270002397776648 0.10145968183277319 0.012851758502260287 0.12164580240609522 -0.012073655725609627 0.083997070425129189 0.156396663150635 0.013499173091942894 -0.001746346291617669 -0.0010256426519965767 -0.02868452073383548 0.18449348496619758 -0.0087367431428606503 0.043379677004174472 0.0003410711498407053 -0.009179848461328707 0.016047766384709349 0.064475037271574637 0.13662871278238095 -0.022440533124167213 0.11343391648978927
leaf_weight=26 417 2564 75 81 664 37 27 33 24 144 21 32 21 108 22 25 69 22633 3003 90 27 143 32 88 35 32 35 24 20 39
leaf_count=26 417 2564 75 81 664 37 27 33 24 144 21 32 21 108 22 25 69 22633 3003 90 27 143 32 88 35 32 35 24 20 39
internal_value=-0.000296002 -0.00122885 0.00310531 -0.000206976 0.000963228 0.00258882 0.00363462 0.00542866 0.012344 0.00325945 0.0194013 0.00185185 0.00725047 0.000388987 0.00516074 -0.000247365 0.00403826 -0.000264483 0.000381716 0.00230823 0.00290326 0.00257196 0.00330979 0.00591727 0.00857885 0.012664 0.016617 0.00183257 0.00975057 0.00310391
internal_weight=30591 2665 101 27926 1308 550 469 302 72 230 45 197 53 167 59 758 94 26618 3985 982 892 865 722 261 173 99 67 461 44 74
internal_count=30591 2665 101 27926 1308 550 469 302 72 230 45 197 53 167 59 758 94 26618 3985 982 892 865 722 261 173 99 67 461 44 74
cat_boundaries=0 1 2 3 4
cat_threshold=528 5478448 136 9454160
is_linear=0
shrinkage=0.05


Tree=92
num_leaves=31
num_cat=4
split_feature=30 31 16 14 34 9 44 52 2 16 31 10 27 14 45 52 47 27 47 53 31 36 23 53 42 10 31 43 52 50
split_gain=0.882351 0.84662 1.06756 1.32958 1.204 1.56235 0.933171 0.829198 0.804237 0.986964 1.27071 1.32915 1.53309 0.956812 1.71886 1.53935 1.7955 0.956177 1.18328 1.64895 0.824451 0.815516 1.02105 0.796328 0.78403 0.849236 0.765476 0.938217 0.85439 0.759436
threshold=0.64166666666666694 0.73333176808581224 0 1 99.166666666666671 12.500000000000002 64.500000000000014 -50.499999999999993 2.3500000000000001 2 0.20000000000000065 -0.78656609248549292 0.35000000000000103 3 15.050000000000002 9.5000000000000018 8.5500000000000025 0.63420991968134866 11.15 1.0499999999999992 0.75000000000000044 0.43849161059432668 5.517473614095243 2.1500000000000012 0.65000000000000002 0.60355339059327384 0.48989794855663643 11.250000000000002 14.500000000000002 0.55000000000000016
decision_type=2 2 9 1 2 2 10 8 10 9 2 2 2 1 10 10 10 2 10 10 2 2 2 10 10 2 2 10 10 10
left_child=1 29 3 4 5 -3 -7 -2 -9 10 -10 12 -12 20 17 16 -16 18 -15 -20 -13 22 26 -22 25 -5 27 -11 -29 -1
right_child=7 2 -4 24 -6 6 -8 8 9 21 11 13 -14 14 15 -17 -18 -19 19 -21 23 -23 -24 -25 -26 -27 -28 28 -30 -31
leaf_value=-0.0043494526131355061 0.0030682766805033681 0.019237850940261005 -0.0017677976844183091 0.0007225596127341733 -0.0026741575746780013 0.014758777576841181 -0.0043293813369244807 -0.0012364529901482352 -0.013532810554052983 0.077407943485964789 0.10204082222300162 -0.016878939727859772 0.031047909949065752 -0.01112191231983055 0.054015587081977727 0.10726985120125035 -0.014972396681975118 -0.035516314232542083 0.015784578981628206 0.12845432023439859 -0.0067595627977617622 -0.015714761109456941 0.15749928144727526 0.05127252802847726 0.0094872272533041875 -0.0086588747389633805 -0.0031311355457044341 -0.012409313491507517 0.12283349748564241 0.0029878388235018206
leaf_weight=1474 20 39 657 222 26 20 37 26598 81 31 21 108 58 38 20 25 31 51 28 29 35 303 25 25 38 86 267 109 23 66
leaf_count=1474 20 39 657 222 26 20 37 26598 81 31 21 108 58 38 20 25 31 51 28 29 35 303 25 25 38 86 267 109 23 66
internal_value=-0.000284561 -0.0011538 -0.000111102 0.00169421 0.00598032 0.00905307 0.00376532 -0.000201605 -0.000208916 0.00100145 0.00258882 0.00363462 0.00954488 0.00243527 0.00448083 0.0107753 0.00577299 0.00150582 0.00446898 0.00901926 -0.000505335 -0.000182269 0.00115359 0.00415973 5.61628e-05 -0.000778969 0.000581259 0.0032802 0.0014383 -0.00191546
internal_weight=30591 2665 1125 468 122 96 57 27926 27906 1308 550 469 79 390 222 76 51 146 95 57 168 758 455 60 346 308 430 163 132 1540
internal_count=30591 2665 1125 468 122 96 57 27926 27906 1308 550 469 79 390 222 76 51 146 95 57 168 758 455 60 346 308 430 163 132 1540
cat_boundaries=0 1 2 3 4
cat_threshold=17826388 2 5478448 5216
is_linear=0
shrinkage=0.05


Tree=93
num_leaves=31
num_cat=3
split_feature=30 47 37 45 44 36 36 5 5 33 29 43 16 3 52 16 47 26 39 31 49 16 36 40 13 40 9 13 33 33
split_gain=0.912468 0.844606 0.918841 0.888076 0.900017 0.923354 1.14285 1.21587 0.835589 1.96857 3.02623 0.917016 0.703383 0.68628 1.02167 0.989837 1.07087 1.02278 1.09402 1.0032 0.898609 1.08404 1.19651 1.08338 1.02844 1.03718 0.898512 1.55594 1.48436 1.06292
threshold=0.64166666666666694 -7.6499999999999995 -0.88331878775930239 10.600000000000003 37.500000000000007 0.14430147607780835 0.28698114221338983 0.1247219128924648 0.24032561733691682 0.24944382578494059 3.2829089846240636 10.550000000000002 0 1.0000000180025095e-35 4.5000000000000009 1 9.0500000000000025 9.3416666666666703 11.850000000000003 0.33993463423951903 9.9000000000000004 2 -0.82907796521596722 83.500000000000014 -0.97322851985520697 34.500000000000007 6.5000000000000009 -0.52211334636400797 0.47842333648025653 0.3265986323710951
decision_type=2 8 2 8 8 2 2 2 2 2 2 10 9 2 8 9 8 2 10 2 8 9 2 10 2 10 2 2 2 2
left_child=1 2 -1 -3 -5 -6 7 -7 11 10 -10 -8 -2 15 -15 16 17 -14 19 -19 24 22 23 -22 -17 -26 -24 28 29 -28
right_child=12 3 -4 4 5 6 8 -9 9 -11 -12 -13 13 14 -16 20 -18 18 -20 -21 21 -23 26 -25 25 -27 27 -29 -30 -31
leaf_value=0.0046722169991913953 -0.0067497974145119977 -0.0044151926682865304 -0.00013920527898353738 0.0082949322057091872 -0.0038271949203331594 0.10293215196222652 -0.0019330218193361712 -0.002671777556968727 0.00030967470842847708 -0.00022976859424585366 0.016251170646502264 0.011524509977397962 -0.001691539994272431 0.00075909890689298133 -0.0020174908022407086 -0.024418701038474537 -0.011583914414632161 0.0017799535299782713 -0.023531380160768289 0.036150309884833691 0.096010131376795468 -0.010782494795600152 -0.013305877280694836 -0.00092080155911856249 0.055698226758503812 0.0036504180367265444 0.057897239333076424 -0.0032416035039124036 0.03498623484275256 -0.019259700034537953
leaf_weight=23 284 1036 55 37 771 20 500 20 27 134 21 21 224 13440 8664 182 1529 23 32 35 20 1169 136 23 25 1852 64 159 22 43
leaf_count=23 284 1036 55 37 771 20 500 20 27 134 21 21 224 13440 8664 182 1529 23 32 35 20 1169 136 23 25 1852 64 159 22 43
internal_value=-0.000269851 -0.0011538 0.00396927 -0.00130842 -0.000551223 -0.000739715 0.000518099 0.00872818 4.97784e-05 0.0029654 0.0116424 -0.000969105 -0.000185491 -0.000159483 -3.48364e-05 -0.000657266 -0.00160002 0.00105062 0.00554939 0.00963855 -0.000182183 -0.00105739 0.000974637 0.00893271 0.000512359 0.000860369 0.000188634 0.00177022 0.00584818 0.00340803
internal_weight=30591 2665 78 2587 1551 1514 743 40 703 182 48 521 27926 27642 22104 5538 1843 314 90 58 3695 1636 467 43 2059 1877 424 288 129 107
internal_count=30591 2665 78 2587 1551 1514 743 40 703 182 48 521 27926 27642 22104 5538 1843 314 90 58 3695 1636 467 43 2059 1877 424 288 129 107
cat_boundaries=0 1 2 3
cat_threshold=8192 12589600 1769488
is_linear=0
shrinkage=0.05


Tree=94
num_leaves=31
num_cat=2
split_feature=30 52 45 53 34 4 36 37 5 13 16 31 36 13 2 53 44 27 44 2 2 16 36 45 24 36 4 3 40 53
split_gain=1.06302 0.826276 0.693449 0.881845 0.986277 1.15567 1.0558 1.19924 0.954191 1.44291 0.762968 0.78267 1.01821 0.751576 0.73003 0.990047 1.47869 1.98572 1.56552 1.02265 0.663788 0.935439 1.1599 2.47258 0.846476 1.21449 1.07793 1.40906 1.14353 1.66606
threshold=0.64166666666666694 -50.499999999999993 10.600000000000003 -9.2499999999999964 96.833333333333357 1.216666666666667 0.95341649529180106 0.020350321995342226 1.0000000180025095e-35 0.094279221775424304 0 0.84325757171114601 -0.34149544581325614 0.88264628153994418 0.15000000000000005 3.8000000000000029 83.500000000000014 0.43204937989385755 93.500000000000014 0.45000000000000007 2.2500000000000004 1 -0.68233934397077733 8.4500000000000011 12.993201373158971 0.55232288754380987 1.7833333333333337 0.65000000000000002 74.500000000000014 1.0000000180025095e-35
decision_type=2 8 10 10 2 2 2 2 2 2 9 2 2 2 8 10 10 2 10 10 10 9 2 10 2 2 2 2 10 10
left_child=2 -2 10 -4 6 14 8 -8 9 -5 11 -1 -13 -11 -6 16 17 19 -18 -16 -3 -22 23 -23 -24 26 -26 -28 -29 -30
right_child=1 20 3 4 5 -7 7 -9 -10 13 -12 12 -14 -15 15 -17 18 -19 -20 -21 21 22 24 -25 25 -27 27 28 29 -31
leaf_value=-0.003104932006002965 0.0028769079011335408 -0.0011121415899896508 -0.0064524666157744276 0.011316309186601127 -0.002014656785694729 -0.0096705381564511639 -0.0010547809137197955 0.021860498474051557 -0.0030862451678907526 -0.0072232283380961647 -0.0045686262376378904 -0.0042749819324790451 0.0060094867621446274 0.0088869779793857937 -0.0054336047789454219 -0.002333334048502549 -0.00022651931589573167 0.01212383301034799 0.022957103478164115 0.0020742528382886728 0.020154288322440664 0.13448208953668939 -0.013007228291483382 -0.0070970050375543164 -0.037828211006554709 -0.070530186007998194 0.15082897903436843 -0.014788736971057155 -0.025851038962826291 0.44506912390010361
leaf_weight=220 20 26500 314 24 85 50 26 23 696 69 803 36 30 30 22 56 92 30 36 23 679 30 438 61 36 52 22 47 21 20
leaf_count=220 20 26500 314 24 85 50 26 23 696 69 803 36 30 30 22 56 92 30 36 23 679 30 438 61 36 52 22 47 21 20
internal_value=-0.000274754 -0.0001837 -0.00122885 -0.000558341 3.1692e-05 0.00210606 -0.000910035 0.00621181 -0.00133683 0.00272136 -0.00219906 6.75436e-05 0.00484115 5.04529e-05 0.00313862 0.00445774 0.00608075 0.0116511 0.0028103 0.00498891 -0.000190999 0.000867647 -0.000386652 0.00488474 -0.00114762 0.00156487 0.00390144 0.00635786 0.00351873 0.0096107
internal_weight=30591 27926 2665 1576 1262 394 868 49 819 123 1089 286 66 99 344 259 203 75 128 45 27906 1406 727 91 636 198 146 110 88 41
internal_count=30591 27926 2665 1576 1262 394 868 49 819 123 1089 286 66 99 344 259 203 75 128 45 27906 1406 727 91 636 198 146 110 88 41
cat_boundaries=0 1 2
cat_threshold=16777280 38983716
is_linear=0
shrinkage=0.05


Tree=95
num_leaves=31
num_cat=5
split_feature=2 31 44 27 10 37 38 29 16 38 51 28 24 16 51 40 27 4 33 36 19 23 14 16 13 16 12 33 31 53
split_gain=1.01667 1.68563 1.19199 1.21509 1.36103 3.2544 1.22383 1.16678 1.13762 1.07146 0.949616 1.57526 1.88938 2.02197 1.92538 1.26304 1.07532 0.998887 1.06949 0.979601 1.49951 2.13781 0.960091 1.02782 0.929768 0.875869 0.867448 0.871608 0.83582 1.76051
threshold=0.55000000000000016 0.58878405775519049 95.500000000000014 1.1860297916438132 -0.37940952255126059 0.38051738676962321 -2.1666666666666852 5.1422346211470673 0 3.141666666666652 3.0000000000000018 68.166666666666671 4.2532148860665453 1 3.2000000000000011 41.500000000000007 0.42426406871192918 0.61666666666666681 0.7019785346990548 0.64745047856346993 102.00000000000001 3.6973923364384516 2 3 0.9551754620460815 4 0.42389877423262928 0.20548046676563933 0.97067524415831186 4.7500000000000018
decision_type=8 2 10 2 2 2 10 2 9 10 10 2 2 9 10 10 2 2 2 2 2 2 1 9 2 9 2 2 2 10
left_child=1 8 10 4 5 26 -6 -7 9 -1 22 -12 -13 24 -15 -16 -17 18 19 20 -18 -22 23 -3 -14 -2 27 -4 -8 -30
right_child=25 2 3 -5 6 7 28 -9 -10 -11 11 12 13 14 15 16 17 -19 -20 -21 21 -23 -24 -25 -26 -27 -28 -29 29 -31
leaf_value=-0.0029811893898400938 -0.0063459655835711908 -0.0011101024907657357 0.067321039294753846 -0.0075338080273887227 0.067611014409902317 0.019140411583837277 -0.003249893510309148 0.16371110687104651 -0.0073458273584872018 0.015821365913316759 -0.0061042378493051681 -0.0030128522852330367 -0.02265426283158542 0.053214546901696802 0.097275759278474497 -0.01833823375269095 0.00026445832887865447 0.13035527722946788 -0.02277383575805024 0.059757049783060429 0.041634174272563711 -0.011728409015051422 5.4886249286653267e-05 -0.0056587456013562614 0.026424491273512721 6.9173205353214085e-05 0.035587689409351274 -0.01934455831887957 0.00079041356929183688 0.093768988502636832
leaf_weight=3312 333 1238 24 79 27 20 218 22 2609 34 235 96 91 21 23 51 85 21 24 31 30 27 3206 1191 25 17256 22 52 99 40
leaf_count=3312 333 1238 24 79 27 20 218 22 2609 34 235 96 91 21 23 51 85 21 24 31 30 27 3206 1191 25 17256 22 52 99 40
internal_value=-0.000267173 -0.000603332 -7.7165e-05 0.00204775 0.00291929 0.00713776 0.00137985 0.0187648 -0.00122164 -0.00060487 -0.000277557 0.0013814 0.00290421 0.004323 0.00629836 0.00544334 0.00447789 0.00600642 0.00489599 0.00626805 0.00450387 0.0107706 -0.000501323 -0.00124841 -0.00142744 -1.96156e-05 0.00214067 -0.000394219 0.000602071 0.00363048
internal_weight=30542 12953 6998 603 524 140 384 42 5955 3346 6395 760 525 429 313 292 269 218 197 173 142 57 5635 2429 116 17589 98 76 357 139
internal_count=30542 12953 6998 603 524 140 384 42 5955 3346 6395 760 525 429 313 292 269 218 197 173 142 57 5635 2429 116 17589 98 76 357 139
cat_boundaries=0 1 2 3 4 5
cat_threshold=46287442 266784 5254 64033286 8192
is_linear=0
shrinkage=0.05


Tree=96
num_leaves=31
num_cat=4
split_feature=2 31 16 24 16 42 54 51 23 26 32 14 53 47 38 41 29 4 19 5 14 31 15 36 38 5 34 37 47 37
split_gain=1.04374 1.26211 1.1835 1.00975 1.06554 1.88044 1.30761 1.20223 1.54294 2.69832 2.12282 1.37968 1.40005 1.56148 1.93841 1.3855 1.24934 1.16946 1.18333 2.32015 1.14202 1.04487 1.27835 0.98008 0.967823 1.40164 1.4927 1.80423 1.11282 0.961073
threshold=0.55000000000000016 0.58878405775519049 0 4.8535240416711032 1 0.8500000000000002 1.7333333333333349 2.9000000000000017 4.9623514036781895 13.616666666666669 1012.3166666666668 2 -10.699999999999998 17.550000000000004 -0.13333333333338257 2.3500000000000005 5.8972611465541744 0.38000000000000006 38.500000000000007 0.40960461199756409 3 1.6506310717667227 2022.5000000000002 0.40425265885236339 -0.83333333333331427 0.25623346456686363 81.583333333333357 0.12101397700441012 29.850000000000005 -0.96902514256483496
decision_type=8 2 9 2 9 8 2 10 2 2 2 1 10 10 10 8 2 2 2 2 1 2 2 2 10 2 2 2 10 2
left_child=1 2 -1 -3 7 6 17 11 9 -9 -11 -5 13 -13 -15 -14 -10 -6 -19 -20 24 22 23 -7 25 28 -27 -28 -8 -17
right_child=-2 3 -4 4 5 21 20 8 16 10 -12 12 15 14 -16 29 -18 18 19 -21 -22 -23 -24 -25 -26 26 27 -29 -30 -31
leaf_value=-0.0014112468414051987 -0.00010621580501479771 -0.0019337114368073124 -0.0081517538996933696 -0.015298716814797589 -4.2179452210146374e-05 0.050898467360315475 -0.0069486455859640202 0.0040448138750811755 0.080451003650941072 0.12443527268423174 0.085433502812306217 -0.0042990322919495899 0.1036045980763864 0.031686939245838923 0.044279735122145295 0.022028923719567335 -0.027069351459088682 0.0046416328143358944 0.06631109172102137 0.032098599731583646 -0.010723693722929884 0.11446480937284509 0.0094765952767279713 0.16388675410571263 -0.0044844560825863149 0.18458296367746596 -0.02033471007398192 0.068728595063548628 0.10307132695203139 0.00082489295814184779
leaf_weight=3085 17589 1592 2870 276 208 27 187 128 37 49 31 33 40 23 22 27 86 53 20 47 2260 25 283 29 424 20 46 32 37 956
leaf_count=3085 17589 1592 2870 276 208 27 187 128 37 49 31 33 40 23 22 27 86 53 20 47 2260 25 283 29 424 20 46 32 37 956
internal_value=-0.000270448 -0.000611052 -0.00114608 -0.000155758 0.000170177 -0.000307436 -0.000680845 0.001199 0.0039112 0.00653532 0.0137328 0.000555514 0.00134551 0.0078105 0.0138581 0.000865017 -0.000528027 0.00231637 0.00624479 0.0106557 -0.00100795 0.00310354 0.00237393 0.00926916 0.000687739 0.00276312 0.0077472 0.00460947 0.000580097 0.000493336
internal_weight=30542 12953 5955 6998 5406 3698 3334 1708 331 208 80 1377 1101 78 45 1023 123 328 120 67 3006 364 339 56 746 322 98 78 224 983
internal_count=30542 12953 5955 6998 5406 3698 3334 1708 331 208 80 1377 1101 78 45 1023 123 328 120 67 3006 364 339 56 746 322 98 78 224 983
cat_boundaries=0 1 2 3 4
cat_threshold=13257298 18071622 3072 2060
is_linear=0
shrinkage=0.05


Tree=97
num_leaves=31
num_cat=4
split_feature=2 31 16 34 47 16 30 54 16 51 37 48 49 37 32 16 42 40 47 33 37 4 33 52 27 44 35 37 28 37
split_gain=0.986459 0.940963 1.06611 0.931072 2.7366 0.877859 0.852994 1.05931 1.28594 1.58028 1.34368 1.26181 1.17259 1.75915 2.3318 1.15854 1.27604 1.15217 1.14056 1.05482 1.05225 1.23324 1.17018 1.48446 1.5987 2.09873 1.63202 2.0515 1.28003 1.27923
threshold=0.55000000000000016 0.58878405775519049 0 54.416666666666679 9.2500000000000018 1 3.2583333333333333 1.8 2 1.7999999999999998 -0.9305993610142741 79.500000000000014 5.2000000000000011 -0.13921532422141411 1009.2833333333335 3 0.8500000000000002 90.500000000000014 14.450000000000001 0.28674417556810655 0.21420408501362573 0.31666666666666671 0.44969125210773736 16.500000000000004 0.18856180831641331 54.500000000000007 4.6784206501525123 -0.087025251786503763 61.833333333333336 0.03145523644492728
decision_type=8 2 9 2 10 9 2 2 9 10 2 10 10 2 2 9 10 10 10 2 2 2 2 10 2 10 2 2 2 2
left_child=1 2 3 4 -1 -2 -3 8 9 12 -10 -11 -8 -14 -15 17 -17 20 -12 -13 21 22 23 24 -9 26 -26 28 -28 -27
right_child=5 6 -4 -5 -6 -7 7 15 10 11 18 19 13 14 -16 16 -18 -19 -20 -21 -22 -23 -24 -25 25 29 27 -29 -30 -31
leaf_value=0.064484520717444746 -0.0060233565141418937 -0.0018416133900388189 -0.0067067711810474499 -0.0013132487917674992 -0.016496512958704222 7.1025335336296117e-05 -0.0078864829403705941 0.10526638193471312 0.015994337817639547 0.0045356747330441106 -0.010362366230130444 0.0056856517181142381 -0.0054782578847743651 0.073045835286725189 0.019763400099861272 -0.0063052717997259689 0.034299302832596516 -0.0098528702021725249 0.022489677729729946 0.14911323868235107 -0.0033615186343866317 -0.0093660151237421364 0.00033579077311410559 -0.015028027751899153 0.11495680509689735 0.017289067993759146 -0.022880229746205707 0.11824225454760595 0.044836372024483664 0.05902479137381568
leaf_weight=29 333 1564 3588 2281 57 17256 53 20 24 27 283 20 76 38 49 2993 313 188 141 25 383 162 216 58 21 221 37 20 42 24
leaf_count=29 333 1564 3588 2281 57 17256 53 20 24 27 283 20 76 38 49 2993 313 188 141 25 383 162 216 58 21 221 37 20 42 24
internal_value=-0.000260625 -0.000591751 -0.00105372 -0.000225065 0.00487805 -1.67729e-05 -0.000198627 9.75311e-05 0.00186116 0.0043945 0.000130975 0.010957 0.00240629 0.00450644 0.00935706 -0.000178797 -0.000687556 0.00102703 -0.000518747 0.0160754 0.00160286 0.00261235 0.00357305 0.00504401 0.00616723 0.00540948 0.0108243 0.00812311 0.00448799 0.00275398
internal_weight=30542 12953 5955 2367 86 17589 6998 5434 736 288 448 72 216 163 87 4698 3306 1392 424 45 1204 821 659 443 385 365 120 99 79 245
internal_count=30542 12953 5955 2367 86 17589 6998 5434 736 288 448 72 216 163 87 4698 3306 1392 424 45 1204 821 659 443 385 365 120 99 79 245
cat_boundaries=0 1 2 3 4
cat_threshold=4344402 8192 46188592 18071622
is_linear=0
shrinkage=0.05


Tree=98
num_leaves=31
num_cat=6
split_feature=2 27 14 24 16 51 4 16 51 34 14 16 51 52 53 53 14 51 44 44 10 38 39 12 48 44 33 3 38 44
split_gain=0.989953 0.969157 1.11421 1.22785 1.10864 1.3796 1.06554 1.45388 1.85868 1.5741 1.39031 1.28244 1.21989 1.03643 2.11853 1.03493 1.37519 2.23136 1.94415 1.47582 1.3973 1.33185 1.61101 1.52522 1.30971 1.20998 1.19072 0.993013 1.5714 0.955041
threshold=0.55000000000000016 0.73181661333667225 0 3.8459280388055461 1 -7.4999999999999973 0.25833333333333336 2 1.3999999999999992 48.833333333333336 3 4 -0.19999999999999749 25.500000000000004 -6.4499999999999993 -5.7999999999999972 5 2.8500000000000001 47.500000000000007 86.500000000000014 0.98296291314453421 0.099999999999965908 28.350000000000005 -0.81002486285477515 62.500000000000007 90.500000000000014 0.30912061651655093 1.7500000000000002 -0.94999999999998852 84.500000000000014
decision_type=8 2 1 2 9 10 2 9 10 2 1 9 10 10 10 8 1 10 10 10 2 10 10 2 10 10 2 2 10 10
left_child=1 2 -1 29 5 -3 7 -5 9 12 -10 13 -9 -8 -15 21 17 20 -19 -20 -17 22 -6 -23 -22 -21 -24 -7 -29 -4
right_child=-2 4 3 6 15 27 11 8 10 -11 -12 -13 -14 14 -16 16 -18 18 19 25 24 23 26 -25 -26 -27 -28 28 -30 -31
leaf_value=-0.0076362696339660405 -0.00010445628153086255 0.0087155700092097273 -0.0019398700013772492 -0.011270469081815749 -0.0044514391309359433 0.0013618436956177736 0.0034583787122409631 0.088052908510526037 -0.011166706580930781 -0.0070916717923551423 0.012507689118256522 -0.0020743289648923915 -0.023266422350480893 0.15596693715755114 0.00466069482282088 -0.0054161217191271791 -0.0075306509354983314 0.034378167450187409 -0.0033701276990799655 0.11941985617052489 0.16685228329013421 0.06198487283695641 0.23967973790097316 0.012342687043485141 -0.0034872144771903521 0.046342377760965392 0.0059759666310644569 0.085961523141374174 0.027564699055433673 -0.0037140557757557495
leaf_weight=2100 17589 30 388 1048 300 1540 844 33 106 1188 489 1354 20 21 44 1112 1290 20 82 31 20 49 21 147 27 53 49 22 52 473
leaf_count=2100 17589 30 388 1048 300 1540 844 33 106 1188 489 1354 20 21 44 1112 1290 20 82 31 20 49 21 147 27 53 49 22 52 473
internal_value=-0.000263899 -0.000595612 -0.000929935 -0.000579918 -3.61202e-05 0.00101566 -0.000288513 -0.000925767 -7.04199e-05 -0.00117235 0.00222652 0.000523617 0.00725047 0.00196388 0.00806451 -0.000577685 -0.000996168 0.000129141 0.00521225 0.00343167 -0.000685878 0.00136018 -0.000405297 0.00469148 0.00774947 0.00808561 0.0064194 0.000823987 0.00647773 -0.00232842
internal_weight=30542 12953 8108 6008 4845 1644 5147 2884 1836 1241 595 2263 53 909 65 3201 2635 1345 186 166 1159 566 370 196 47 84 70 1614 74 861
internal_count=30542 12953 8108 6008 4845 1644 5147 2884 1836 1241 595 2263 53 909 65 3201 2635 1345 186 166 1159 566 370 196 47 84 70 1614 74 861
cat_boundaries=0 1 2 3 4 5 6
cat_threshold=450 17992224 5640736 528 5423666 2506
is_linear=0
shrinkage=0.05


Tree=99
num_leaves=31
num_cat=3
split_feature=2 31 42 54 27 23 14 16 26 52 5 47 34 11 36 13 38 48 39 51 51 9 16 32 51 36 5 53 26 44
split_gain=1.09686 0.88626 1.01542 1.78581 1.16131 1.40308 1.08265 1.52054 0.984255 1.19224 1.14523 1.4313 1.32688 1.12613 0.961233 1.22618 1.219 1.16868 1.64837 1.82139 1.05703 1.01824 1.00386 1.13473 0.930957 0.914335 1.41838 0.909237 1.20742 1.32165
threshold=0.35000000000000003 0.58878405775519049 0.55000000000000016 1.8333333333333344 1.1130528499277859 4.1486961117510885 0 1 28.916666666666675 -3.4999999999999996 0.15000000000000011 3.4500000000000006 94.166666666666671 -0.12940952255126037 0.89700993643141291 0.81994155618811793 0.13333333333326894 67.500000000000014 2.9500000000000006 0.8000000000000026 1.7000000000000008 22.500000000000004 2 992.64166666666677 -8.8499999999999979 0.67029552444630591 0.17926456271808619 3.8000000000000029 28.916666666666675 69.500000000000014
decision_type=8 2 8 2 2 2 1 9 2 10 2 10 2 2 2 2 10 10 10 10 10 2 9 2 10 2 2 10 2 10
left_child=1 14 6 25 -5 -6 7 8 9 10 11 -3 -13 -14 20 -16 17 -17 -19 -20 21 -1 23 -22 -8 26 -4 28 29 -7
right_child=-2 2 3 4 5 27 24 -9 -10 -11 -12 12 13 -15 15 16 -18 18 19 -21 22 -23 -24 -25 -26 -27 -28 -29 -30 -31
leaf_value=-0.0074218645208588944 -0.00016067868526315122 0.045763230532766458 -0.01008114081838735 -0.0039030260113138539 -0.011592261159998358 0.20186937932460847 0.023652234171175214 -0.0089402408046624065 -0.034454178500838449 -0.0023756556786986489 -0.0015135542732543843 -0.0043372392527732282 0.011867435565894612 0.097559607351493591 -0.002852418908147053 -0.0031801906121301012 -0.014156609180994886 -0.0009250556562404302 0.040434490044362136 0.029076802837261186 0.033236650356399028 0.0053711939826167178 0.0037688294280302879 -0.011829695384982436 -0.00032517559484555479 0.054539569470323693 0.1244180931512656 0.00073760486423099861 0.0069158890124152942 0.0073360360402999758
leaf_weight=3195 19498 23 37 439 38 22 34 1134 100 302 81 48 23 20 238 29 59 29 35 26 26 116 671 511 3665 30 36 29 27 21
leaf_count=3195 19498 23 37 439 38 22 34 1134 100 302 81 48 23 20 238 29 59 29 35 26 26 116 671 511 3665 30 36 29 27 21
internal_value=-0.000273722 -0.000671853 -0.000269272 0.00155353 0.000468667 0.00448578 -0.00049723 -0.0015249 0.000518859 0.00143834 0.00448488 0.00771253 0.00488474 0.0112529 -0.00117019 0.00112953 0.00426726 0.00717884 0.0099889 0.0146481 -0.00138191 -0.0018438 -0.000115886 -0.00170901 -1.21335e-05 0.00761397 0.00458276 0.00761857 0.010699 0.0158933
internal_weight=30542 11044 6109 679 576 137 5430 1731 597 497 195 114 91 43 4935 416 178 119 90 61 4519 3311 1208 537 3699 103 73 99 70 43
internal_count=30542 11044 6109 679 576 137 5430 1731 597 497 195 114 91 43 4935 416 178 119 90 61 4519 3311 1208 537 3699 103 73 99 70 43
cat_boundaries=0 1 2 3
cat_threshold=5136 51593220 18321446
is_linear=0
shrinkage=0.05


Tree=100
num_leaves=31
num_cat=2
split_feature=16 52 38 16 39 39 34 48 34 12 52 12 12 29 31 29 40 52 24 29 37 2 52 37 39 47 32 35 34 38
split_gain=0.770697 0.81785 0.748166 1.54761 0.812727 1.31098 1.59732 1.29098 1.30923 1.00758 1.00235 0.757908 0.945641 1.80461 1.23976 1.2434 1.2234 1.18038 1.7383 1.31019 1.21631 1.85899 1.08332 1.25125 0.952506 1.28796 0.99553 0.839926 1.25538 1.18046
threshold=0 -20.499999999999996 1.6833333333333373 1 7.0500000000000007 8.9500000000000011 77.833333333333357 84.500000000000014 94.833333333333357 0.95768026224311686 -1.0000000180025095e-35 0.99863729997741479 0.98805149616583232 9.0614662937099748 0.7386138800877895 4.9440812476641245 77.500000000000014 14.500000000000002 5.2465166688329541 4.9944382578492954 0.16823245820887914 1.0000000180025095e-35 1.0000000180025095e-35 -0.16153822874849902 10.050000000000002 8.5500000000000025 1011.0416666666669 2.2586347517122229 95.416666666666671 0.19999999999998866
decision_type=9 8 8 9 10 10 2 10 2 2 10 2 2 2 2 2 10 10 2 2 2 10 10 2 10 10 2 2 2 10
left_child=1 -1 11 4 -4 6 -6 -7 -9 -8 -10 12 27 14 15 16 22 18 -16 -19 21 -20 24 -24 -14 -26 -27 29 -29 -2
right_child=2 -3 3 -5 5 7 9 8 10 -11 -12 -13 13 -15 17 -17 -18 19 20 -21 -22 -23 23 -25 25 26 -28 28 -30 -31
leaf_value=0.0042112457034894583 -0.00033098053474824528 -0.0063256590629972619 -0.0072499424046650329 -0.0075161641774814493 0.04568656865526264 -0.0068603810901999131 0.0037266451643650903 -0.00024847482052864947 0.0030161576791706084 0.02928955011036884 0.074679622588671904 -0.011648796743314059 -0.011062039811902798 -0.0060551345664333458 -0.012949413397022892 -0.013689897116883391 -0.00067730855459667127 0.054783769817336792 0.079624588452322495 0.017356797997347274 0.0065857716265767781 0.011265810362056093 0.023424358499736127 0.063259164193921816 0.061449521282864988 0.067826291986967241 -0.030454749579720625 -0.00056465090386097054 -0.003754743122703809 0.0070806566027401159
leaf_weight=21 5265 322 185 1102 28 281 89 78 28 23 24 449 53 108 50 121 230 20 23 21 53 39 28 27 20 29 24 15207 4985 1679
leaf_count=21 5265 322 185 1102 28 281 89 78 28 23 24 449 53 108 50 121 230 20 23 21 53 39 28 27 20 29 24 15207 4985 1679
internal_value=-0.000268196 -0.00259134 -0.000240926 -0.00121865 0.000562926 0.0015333 0.00571021 0.000109461 0.00422752 0.00303301 0.0103647 -0.000177799 -0.000145094 0.001501 0.0023845 0.00110881 0.00242033 0.00567685 0.00378558 0.0132603 0.00716768 0.0119163 0.0054942 0.011343 0.00293418 0.00663475 0.00254237 -0.000196419 -0.000359548 0.000277933
internal_weight=30612 343 30269 1838 736 551 140 411 130 112 52 28431 27982 846 738 532 411 206 165 41 115 62 181 55 126 73 53 27136 20192 6944
internal_count=30612 343 30269 1838 736 551 140 411 130 112 52 28431 27982 846 738 532 411 206 165 41 115 62 181 55 126 73 53 27136 20192 6944
cat_boundaries=0 1 2
cat_threshold=8192 33704480
is_linear=0
shrinkage=0.05


Tree=101
num_leaves=31
num_cat=3
split_feature=53 52 35 16 13 34 16 12 34 31 24 42 52 26 16 37 31 50 23 29 49 17 26 47 27 52 51 31 39 35
split_gain=1.00072 0.875451 0.846698 1.29706 1.14101 1.09301 1.24389 1.53505 1.20844 1.19114 1.89016 1.0595 1.25739 0.989523 1.10865 1.27876 1.07522 1.37747 1.05146 1.09388 1.02346 1.94519 3.00076 1.47144 0.970353 1.24975 1.14225 1.78988 1.6734 1.49783
threshold=-16.449999999999996 -50.499999999999993 2.2586347517122229 0 0.96477059369951434 95.416666666666671 1 -0.14539831731376843 97.416666666666671 0.61824123303304745 3.8459280388055461 9.0500000000000025 15.500000000000002 -0.34166666666666656 2 0.31088062260445887 0.20548046676563272 2.2500000000000004 1.09377983915355 4.4984562605386751 7.3000000000000016 52.298650000000009 12.81666666666667 2.9500000000000006 0.7133644853010902 -8.4999999999999982 1.1499999999999988 0.60733743993530032 6.9500000000000011 27.511863568895347
decision_type=10 10 2 9 2 2 9 2 2 2 2 8 10 2 9 2 2 8 2 2 8 2 2 10 2 10 10 2 10 2
left_child=-1 -2 3 11 -5 13 7 -7 -9 10 -10 -3 -13 -4 15 16 17 -15 19 -18 21 23 -23 -17 -20 -26 -27 28 -28 -29
right_child=1 2 5 4 -6 6 -8 8 9 -11 -12 12 -14 14 -16 20 18 -19 24 -21 -22 22 -24 -25 25 26 27 29 -30 -31
leaf_value=-0.0064678759812406873 0.025827457221584457 0.0021481123816225315 -0.0037200959807816673 -0.00012173356801418049 -0.0064290332720206627 -0.0033697659882423736 -0.0051649367649269631 0.0035754600914238918 0.023030584186886315 0.039480986598196252 -0.00048048238629267906 -0.0040554263258526183 0.060099487090470055 -0.005571442674265837 -0.0016074671289845639 0.015296462027483044 0.01139122001041532 0.01543080355604505 0.0011707582216207229 0.015477873934238698 -0.0071699708249405684 0.0019487202088666708 0.17109754840238015 -0.0048172707569450884 -0.0052404241894160744 0.0087327803648678121 0.034562713004192544 -0.00019588099970113419 0.037563154520294496 0.14240373344906243
leaf_weight=776 30 3583 456 3084 626 656 4326 362 20 36 77 21 23 697 11502 30 254 31 1861 34 691 50 20 310 219 619 20 113 54 31
leaf_count=776 30 3583 456 3084 626 656 4326 362 20 36 77 21 23 697 11502 30 254 31 1861 34 691 50 20 310 219 619 20 113 54 31
internal_value=-0.000263296 -0.000217188 -0.000225794 0.000240557 -0.000416657 -0.000378076 -0.000992315 0.000469381 0.00257524 0.00664913 0.00375901 0.000911439 0.00861678 -0.000180085 -0.000116716 0.000501575 0.000924206 -0.000810329 0.00131821 0.00419993 -0.00100354 0.000975371 0.0085592 -0.000588064 0.00103356 0.0022441 0.00312388 0.00623567 0.0125506 0.00298404
internal_weight=30612 29836 29806 7337 3710 22469 5477 1151 495 133 97 3627 44 16992 16536 5034 3933 728 3205 288 1101 410 70 340 2917 1056 837 218 74 144
internal_count=30612 29836 29806 7337 3710 22469 5477 1151 495 133 97 3627 44 16992 16536 5034 3933 728 3205 288 1101 410 70 340 2917 1056 837 218 74 144
cat_boundaries=0 1 2 3
cat_threshold=38052454 10092576 1165824
is_linear=0
shrinkage=0.05


Tree=102
num_leaves=31
num_cat=4
split_feature=16 52 38 16 34 51 49 35 38 16 6 10 38 26 47 27 24 44 29 9 31 34 16 4 13 32 2 48 6 50
split_gain=0.764165 0.81785 0.774865 1.12801 1.45865 2.61462 0.842531 0.679944 1.1315 1.34975 1.18992 1.74426 1.74458 1.34629 1.19331 1.46238 1.17222 1.5207 1.20539 1.5962 0.98017 0.926422 1.15579 1.28313 1.45692 1.26543 1.1212 1.01298 1.43649 0.936558
threshold=0 -20.499999999999996 1.6833333333333373 1 55.833333333333336 0.49999999999999994 5.2000000000000011 2.2586347517122229 0.35000000000007964 2 1.0000000180025095e-35 -0.37940952255126059 0.75000000000005695 26.016666666666669 10.550000000000002 0.40000000000000002 7.8910606409766908 75.500000000000014 2.107525783562807 18.500000000000004 2.4500000000000011 95.416666666666671 3 0.65833333333333344 0.98376170968447496 1025.116666666667 5.2500000000000009 50.500000000000007 0.45000000000000007 7.0500000000000007
decision_type=9 8 8 9 2 10 10 2 10 9 2 2 10 2 10 2 2 10 2 2 2 2 9 2 2 2 10 10 2 10
left_child=1 -1 7 4 5 -4 -6 8 20 -10 11 16 13 14 -13 -16 17 -11 -18 -20 -2 29 23 25 27 -23 -24 28 -25 -9
right_child=2 -3 3 -5 6 -7 -8 21 9 10 -12 12 -14 -15 15 -17 18 -19 19 -21 -22 22 26 24 -26 -27 -28 -29 -30 -31
leaf_value=0.0038932777992338632 -0.00055142153802120806 -0.0058857426756259903 -0.0027580492622993344 -0.0067349701320143784 -0.017165340088075392 0.06754925853103308 0.0025207936844538485 -0.00051137434646894694 -0.0035058920348779868 0.067200871261707443 0.0056053954593706856 0.0013691940553249772 -0.0061133769728806513 -0.045867324892955336 0.17604218086846596 0.07558510998476832 0.12233765817234582 -0.017120952618024602 -0.0023727646132400862 0.13930970260589146 0.017611285775264537 -0.0025778428162951091 -0.0052531250126665197 0.13492301152233435 0.0154059091783497 0.00098429775725034649 0.078633774027583314 0.0019267666758137625 0.0043479612888031958 0.084022302403412283
leaf_weight=21 5652 322 29 1173 99 23 514 15962 516 26 601 26 146 26 25 40 23 25 26 23 39 653 4079 25 34 27 36 330 33 58
leaf_count=21 5652 322 29 1173 99 23 514 15962 516 26 601 26 146 26 25 40 23 25 26 23 39 653 4079 25 34 27 36 330 33 58
internal_value=-0.000277996 -0.00259134 -0.000250834 -0.00124585 0.000407346 0.0084453 -0.000269125 -0.000186593 0.000233524 0.00145366 0.00252231 0.0047138 0.00241353 0.00695986 0.00982437 0.0134409 0.00962632 0.00381605 0.0137309 0.0092668 -8.87362e-05 -0.000328907 -0.000907594 0.000530527 0.00270078 -0.000808706 -0.00129088 0.00182942 0.00791738 -0.00014045
internal_weight=30612 343 30269 1838 665 52 613 28431 7194 1503 987 386 263 117 91 65 123 51 72 49 5691 21237 5217 1102 422 680 4115 388 58 16020
internal_count=30612 343 30269 1838 665 52 613 28431 7194 1503 987 386 263 117 91 65 123 51 72 49 5691 21237 5217 1102 422 680 4115 388 58 16020
cat_boundaries=0 1 2 3 4
cat_threshold=8192 33703968 10033152 1703970
is_linear=0
shrinkage=0.05


Tree=103
num_leaves=31
num_cat=3
split_feature=24 39 40 41 3 53 13 12 19 53 4 13 53 49 12 28 35 13 16 48 14 1 10 37 16 51 43 38 36 35
split_gain=0.777721 0.790273 0.98479 0.778026 1.159 0.72165 0.823292 0.743415 0.699969 0.685366 0.651012 1.15735 1.74662 1.30462 1.57128 2.2357 1.04023 1.13573 1.05973 1.41368 1.05307 0.989249 1.05364 0.997573 0.968195 1.97671 1.24215 1.4901 0.940981 1.28433
threshold=19.706131798300429 27.250000000000004 87.500000000000014 9.9000000000000004 0.25000000000000006 -16.449999999999996 -0.98933596577443683 0.9993738172047143 599.50000000000011 3.7000000000000002 0.25833333333333336 -0.64713682673509032 -8.2499999999999982 20.450000000000003 -0.32853027881941038 70.833333333333357 3.2829089846240636 0.92628984363228828 0 48.500000000000007 1 1.0000000180025095e-35 0.98296291314453421 -0.72590230203074335 2 4.3500000000000014 13.550000000000002 1.2500000000000571 -0.53886157859801809 2.7265482080417307
decision_type=2 10 10 10 2 8 2 2 2 10 2 2 8 10 2 2 2 2 9 10 1 2 2 2 9 8 8 10 2 2
left_child=5 -2 3 -3 -5 6 -1 10 -8 -6 11 12 13 14 15 -7 17 18 19 -13 -21 22 -20 -23 25 -18 27 -27 -25 -30
right_child=1 2 -4 4 9 7 8 -9 -10 -11 -12 16 -14 -15 -16 -17 24 -19 21 20 -22 23 -24 28 -26 26 -28 -29 29 -31
leaf_value=0.018744159586712821 -0.027947344512089852 -0.0076469032500155291 0.16382649236812785 -0.033449545498716912 0.4561867869978482 -0.017092356216675996 -0.0078868869473624204 -0.010140052426107648 0.06959901459771449 0.062132541727531521 -0.000178001328555453 0.036747739729365396 -0.00023924373110391744 0.058601473196558354 0.00098273126284608618 0.14586616003141095 -0.0017280354691886193 -0.0034722631909099573 7.5972693408925004e-07 0.0033587639104190022 -0.0066000403723177649 -0.0044596186440502231 0.074741642440317363 0.0024834345196658972 -0.0053352150748499126 -0.0014046525309306761 0.1027380186493516 0.017943139354951353 0.066884416241946007 0.075968798270631882
leaf_weight=25 59 75 28 24 26 30 627 321 29 26 17176 21 2886 32 160 31 1935 489 517 100 332 111 36 92 5142 64 23 23 146 26
leaf_count=25 59 75 28 24 26 30 627 321 29 26 17176 21 2886 32 160 31 1935 489 517 100 332 111 36 92 5142 64 23 23 146 26
internal_value=-0.000284529 0.00256195 0.00421552 0.00261416 0.00617608 -0.000306842 -0.00191602 -0.000269929 -0.00225575 0.0103647 -0.00024377 -0.000523119 0.000304226 0.00428684 0.00291723 0.00973813 -0.000809863 0.000240628 0.00097386 -0.0010041 -0.00164314 0.00192943 0.000605676 0.00393228 -0.00108319 -0.000158144 0.00635786 0.00361653 0.00560394 0.00778617
internal_weight=30612 238 179 151 76 30374 681 29693 656 52 29372 12196 3139 253 221 61 9057 1870 1381 453 432 928 553 375 7187 2045 110 87 264 172
internal_count=30612 238 179 151 76 30374 681 29693 656 52 29372 12196 3139 253 221 61 9057 1870 1381 453 432 928 553 375 7187 2045 110 87 264 172
cat_boundaries=0 1 2 3
cat_threshold=5310562 4360 83988
is_linear=0
shrinkage=0.05


Tree=104
num_leaves=31
num_cat=2
split_feature=4 13 2 37 38 28 44 36 42 32 18 12 27 12 39 37 31 13 49 14 55 31 53 19 47 33 49 2 37 14
split_gain=0.623236 0.858652 1.24888 1.44018 1.05506 2.43484 1.03669 1.10657 1.50981 1.02174 0.972534 1.21801 1.4815 0.9084 1.52361 1.82088 0.937302 1.51287 0.829789 0.787471 0.947853 0.919216 0.67736 0.899729 0.663541 1.26421 0.742684 0.641183 0.898553 1.12771
threshold=0.058333333333333341 -0.98053927088909909 4.8500000000000005 -0.34122636676478468 0.50000000000005695 77.416666666666671 76.500000000000014 -0.26419337545928173 0.95000000000000007 1002.1833333333335 18.489315000000001 -0.068614738002134482 0.71180521680208697 0.13690605792347552 25.550000000000004 -0.61745290991257884 0.45000000000000068 -0.99904236206516772 13.150000000000002 0 55.166666666666679 1.2823586447220416 -16.449999999999996 599.50000000000011 -2.4499999999999997 0.262466929133717 1.2500000000000002 1.0000000180025095e-35 -0.4675476468112772 1
decision_type=2 2 8 2 10 2 10 2 10 2 2 2 2 2 10 2 2 2 8 1 2 2 8 2 10 2 10 8 2 1
left_child=18 2 3 -2 9 -6 -7 -8 -9 -4 -5 -12 -13 16 15 -15 -11 -18 24 20 -20 -22 23 -3 25 -1 -26 -28 -29 -30
right_child=1 22 4 10 5 6 7 8 -10 13 11 12 -14 14 -16 -17 17 -19 19 -21 21 -23 -24 -25 26 -27 27 28 29 -31
leaf_value=0.039602353192495221 -0.024092014101418618 -0.0071061958592378684 0.30172425703308425 -0.0073766403298725748 0.064393168656373082 -0.028590103694354746 0.0052387064870414463 0.1815474947316561 0.013747601895128449 -0.011942424443227441 0.085975227230228296 -0.014898415367282146 0.030891427383208239 0.12285430790907409 -0.058744876276739758 0.10622480641882491 0.039027765407031519 -0.0087627118984144829 -0.0033097467898785247 -0.011629390592507637 0.075793930081357958 -0.0032849768350046932 -0.0007254606895143712 0.10422343136643226 -0.011846262277416291 -0.00077789638185061377 -0.0039206118191933269 -0.0053324027704394587 -0.0020764553163266377 0.017564225524238374
leaf_weight=20 328 522 39 86 23 72 45 25 20 188 21 67 37 20 31 31 37 119 715 810 30 33 23639 24 177 21 1652 710 455 615
leaf_count=20 328 522 39 86 23 72 45 25 20 188 21 67 37 20 31 31 37 119 715 810 30 33 23639 24 177 21 1652 710 455 615
internal_value=-0.000274729 -0.000172224 0.00113952 -0.000639957 0.00261498 0.00580767 0.00363973 0.00721421 0.0127494 0.0013438 0.00258171 0.00539568 0.00317003 0.000633653 0.00535932 0.0106654 -0.000494044 0.00237027 -0.000771273 -0.00172533 -0.000558306 0.00530903 -0.000236717 -0.00197766 -0.000356156 0.00596107 -0.000428086 -0.000265145 0.000393235 0.00130829
internal_weight=30612 25374 1189 539 650 185 162 90 45 465 211 125 104 426 82 51 344 156 5238 1588 778 63 24185 546 3650 41 3609 3432 1780 1070
internal_count=30612 25374 1189 539 650 185 162 90 45 465 211 125 104 426 82 51 344 156 5238 1588 778 63 24185 546 3650 41 3609 3432 1780 1070
cat_boundaries=0 1 2
cat_threshold=2740 2698
is_linear=0
shrinkage=0.05


Tree=105
num_leaves=31
num_cat=2
split_feature=4 13 35 46 9 16 44 35 41 35 48 19 27 36 36 51 48 19 37 37 19 47 34 16 51 47 33 27 4 52
split_gain=0.767625 1.15199 1.15593 1.54527 0.934831 1.8013 1.03844 1.19424 1.46076 1.29677 1.54999 0.922153 0.916924 1.31568 1.03518 0.873812 0.912173 0.899107 0.961852 0.852838 0.845388 0.841337 0.957557 1.61396 1.71501 0.95607 0.944828 1.04564 1.29987 0.963619
threshold=0.18333333333333338 0.84831994561267277 27.34755659555902 0.25000000000000006 3.5000000000000004 0 99.500000000000014 20.505080041943444 3.4000000000000008 6.515986323710905 49.500000000000007 65.500000000000014 0.47842333648024354 -0.3892269216880278 -0.08182694893111464 -1.0000000180025095e-35 57.500000000000007 43.000000000000007 -0.96079495899659695 -0.99751473479721076 48.500000000000007 32.95000000000001 88.833333333333357 1 -7.4999999999999973 28.650000000000002 0.995543132428235 1.0499999999999998 0.78333333333333355 -4.4999999999999991
decision_type=2 2 2 10 2 9 10 2 10 2 10 2 2 2 2 10 10 2 2 2 2 10 2 9 8 8 2 2 2 10
left_child=1 4 -3 11 5 15 7 9 -9 10 -7 -4 14 -14 -10 -1 -17 -18 -19 -6 -12 22 23 26 -25 -26 -2 28 29 -28
right_child=21 2 3 -5 19 6 -8 8 12 -11 20 -13 13 -15 -16 16 17 18 -20 -21 -22 -23 -24 24 25 -27 27 -29 -30 -31
leaf_value=-0.012511452908418494 -0.0038259395092507978 -0.0057520246350124477 -0.01048821385979876 0.039053862747874764 0.049870770057530441 0.066393118425556563 0.036696525486143917 0.15178612820610021 0.00052784449902817639 -0.0063395259407174514 0.062833426580611473 0.025047203166937055 0.0786042749496733 -0.017666540369956411 0.098453044351220376 0.040628872642586814 -0.017725049400264644 0.11665905212001988 0.0048852509649981966 -0.0021629042548930487 0.00051436556662381387 -0.027257345498061615 -0.0008995408924508593 0.079986180095082543 0.011957554402225408 -0.016644574558872426 0.052512114236170887 -0.013634242096649964 0.13477668974899762 -0.0096586584783333821
leaf_weight=278 1954 1803 74 23 26 23 25 21 21 244 25 39 22 47 22 33 138 20 178 6939 112 277 15477 26 2302 201 24 62 37 34
leaf_count=278 1954 1803 74 23 26 23 25 21 21 244 25 39 22 47 22 33 138 20 178 6939 112 277 15477 26 2302 201 24 62 37 34
internal_value=-0.000273216 -0.000629383 -0.00172503 0.00271859 -0.000369461 0.000913902 0.00295403 0.00254142 0.00664913 0.00118782 0.00468457 0.000309459 0.0043711 0.000795947 0.0100928 -0.000890277 0.000690868 -8.92603e-05 0.00206966 -0.00059224 0.00266229 -9.65978e-05 -5.89063e-05 0.000571107 0.00141979 0.0012924 -0.000450239 0.00327817 0.00657203 0.00189329
internal_weight=30507 10113 1939 136 8174 1209 562 537 133 404 160 113 112 69 43 647 369 336 198 6965 137 20394 20117 4640 2529 2503 2111 157 95 58
internal_count=30507 10113 1939 136 8174 1209 562 537 133 404 160 113 112 69 43 647 369 336 198 6965 137 20394 20117 4640 2529 2503 2111 157 95 58
cat_boundaries=0 1 2
cat_threshold=51605522 37953588
is_linear=0
shrinkage=0.05


Tree=106
num_leaves=31
num_cat=0
split_feature=32 43 48 48 49 50 42 43 6 38 29 51 32 28 47 47 9 32 19 36 29 27 13 36 53 33 23 12 47 52
split_gain=0.671181 0.903533 1.16856 1.64851 1.13256 1.09855 0.912257 1.95137 1.93959 1.42114 2.28618 1.45108 0.985495 0.86906 0.94456 0.906927 0.82184 1.39258 1.84853 1.55872 1.20541 1.17031 1.2009 1.47627 0.929727 1.06239 0.811905 1.13821 2.1295 1.69207
threshold=1011.4833333333335 18.050000000000004 84.500000000000014 56.500000000000007 1.6000000000000003 2.1500000000000008 0.35000000000000003 16.950000000000003 0.35000000000000003 0.50000000000005695 6.9880749227427259 2.9000000000000017 1013.3416666666668 99.166666666666671 2.8500000000000001 1.0000000180025095e-35 4.5000000000000009 1015.2166666666668 102.00000000000001 -0.20211927372851737 1.4571067811865477 0.75865377844940352 0.98669422938859319 0.89187398874303636 -12.149999999999999 0.85122372841814908 0.71491094821091361 -0.11135109471829395 1.0500000000000003 14.500000000000002
decision_type=2 8 10 8 10 10 10 10 2 10 2 10 2 2 8 10 2 2 2 2 2 2 2 2 10 2 2 2 10 10
left_child=13 2 3 4 -2 6 16 9 -9 11 12 -8 -11 15 -15 -1 17 18 20 -20 -5 24 -23 -24 -18 -26 27 28 -17 -29
right_child=1 -3 -4 5 -6 -7 7 8 -10 10 -12 -13 -14 14 -16 26 21 -19 19 -21 -22 22 23 -25 25 -27 -28 29 -30 -31
leaf_value=-0.0020271603574160448 0.022603922558387553 -0.006894527835047847 -0.002774913027451021 0.030907859385572709 -0.0043660802033361227 0.022618877191292745 -0.0093141143759244913 0.022464002043164254 0.099106307714376424 0.098366009808542487 0.044233881148201565 0.022202231702008607 0.0019544802396416691 -0.0005648067129208705 0.024048797275977331 0.009340063910031976 -0.0087356897282518057 0.000957567716079766 0.014282295517127284 0.11910663071762753 -0.01361457241695386 -0.0066056612632854244 -0.00204893574431663 0.024032572329871802 0.0025794828319817623 0.038122732129510895 -0.00033015784776451156 0.0071878529476328322 -0.0031615979525045101 0.039985530461325462
leaf_weight=1250 30 4450 3308 24 1288 20 210 37 21 24 28 32 110 21 20 56 113 351 47 32 97 699 44 22 1719 20 15415 378 578 63
leaf_count=1250 30 4450 3308 24 1288 20 210 37 21 24 28 32 110 21 20 56 113 351 47 32 97 699 44 22 1719 20 15415 378 578 63
internal_value=-0.00028305 -0.000560267 -0.000251327 0.000233488 -0.00128215 0.000780799 0.000716233 0.0027916 0.0113597 0.00155902 0.00518199 -0.000867411 0.00246085 -8.46416e-05 0.00717761 -0.000101466 0.000413496 0.00216839 0.00549725 0.0114412 0.00161024 4.39406e-05 -0.0016011 0.00484115 0.000723502 0.00100914 -3.03331e-06 0.00132546 -3.1542e-05 0.0032759
internal_weight=30507 12726 8276 4968 1318 3650 3630 462 58 404 162 242 134 17781 41 17740 3168 551 200 79 121 2617 765 66 1852 1739 16490 1075 634 441
internal_count=30507 12726 8276 4968 1318 3650 3630 462 58 404 162 242 134 17781 41 17740 3168 551 200 79 121 2617 765 66 1852 1739 16490 1075 634 441
is_linear=0
shrinkage=0.05


Tree=107
num_leaves=31
num_cat=5
split_feature=32 16 35 14 32 9 40 14 48 47 32 14 29 42 5 23 28 50 24 34 40 26 38 31 39 14 10 49 51 35
split_gain=0.788295 1.05532 1.21144 1.23336 1.78923 1.67003 1.15148 1.12938 1.19277 1.06857 0.973125 0.97151 1.07571 0.963824 1.2809 1.78059 0.866043 0.87571 0.865729 0.942996 0.831592 1.14567 1.22323 1.43381 0.88614 1.01231 1.54617 1.13887 0.860364 0.847018
threshold=1011.4833333333335 0 17.509122228980612 1 1010.9833333333335 16.500000000000004 31.500000000000004 2 24.500000000000004 26.950000000000003 1002.3833333333336 3 14.681792809136267 1.6500000000000001 0.74916573867739433 6.5067153032353717 99.166666666666671 0.35000000000000003 19.097176846349473 90.833333333333357 78.500000000000014 24.941666666666674 1.0333333333333601 0.41096093353126545 4.9500000000000011 4 0.98296291314453421 7.3000000000000016 1.7500000000000002 3.4496731711975954
decision_type=2 9 2 1 2 2 10 1 8 10 2 1 2 10 2 2 2 10 2 2 8 2 10 2 10 1 2 10 10 2
left_child=1 11 7 4 9 -6 -5 8 -3 -4 -8 12 -1 20 15 -15 17 18 -9 -20 24 -22 -23 -24 29 26 27 28 -26 -13
right_child=-2 2 3 6 5 -7 10 16 -10 -11 -12 13 -14 14 -16 -17 -18 -19 19 -21 21 22 23 -25 25 -27 -28 -29 -30 -31
leaf_value=0.00025244144985100351 -0.0019115215933251961 0.09945401856718579 0.027790360573892111 0.059211444468920515 0.1428396917434703 0.0022241251688802479 -0.010379957804816606 0.0019457761780575199 -0.0031689632397434091 -0.037266664121148978 0.0054569488797153107 0.0058549958048783332 0.17661513913823693 -0.0056487260625096482 0.11199952025812453 0.10224807522380713 0.018622861218659397 -0.0042142001338530948 -0.022777738506021477 0.75977324109279054 -0.0036733815630894274 0.00024947552928727637 0.23571981896882555 0.035653022110908879 -0.0039562030825517373 -0.011673274154958592 0.21941248026070334 -0.012547944182405388 0.094954007895098697 -0.0015999781839417461
leaf_weight=2891 12726 22 531 25 37 20 213 3785 3176 78 794 56 31 212 39 29 23 597 23 31 1886 1023 31 141 37 1727 21 137 26 139
leaf_count=2891 12726 22 531 25 37 20 213 3785 3176 78 794 56 31 212 39 29 23 597 23 31 1886 1023 31 141 37 1727 21 137 26 139
internal_value=-0.000310912 -9.58895e-05 0.000269617 0.00147812 0.00313563 0.0116462 0.000374243 1.95777e-06 -0.000713819 0.00238877 0.000114188 -0.000501418 0.000235325 -0.000892259 0.00196358 0.000601409 0.000515763 0.000466625 0.000743663 0.00702403 -0.00104707 -0.000520919 0.000690318 0.00459035 -0.00180346 -0.00212515 0.00106015 -0.000249876 0.00530903 0.00140953
internal_weight=30507 17781 9355 1698 666 57 1032 7657 3198 609 1007 8426 2922 5504 280 241 4459 4436 3839 54 5224 3081 1195 172 2143 1948 221 200 63 195
internal_count=30507 17781 9355 1698 666 57 1032 7657 3198 609 1007 8426 2922 5504 280 241 4459 4436 3839 54 5224 3081 1195 172 2143 1948 221 200 63 195
cat_boundaries=0 1 2 3 4 5
cat_threshold=39378960 5728 3744 4264 2048
is_linear=0
shrinkage=0.05


Tree=108
num_leaves=31
num_cat=2
split_feature=32 16 54 14 52 37 38 23 12 24 47 1 37 50 36 29 35 32 26 29 23 48 3 35 37 37 23 48 51 27
split_gain=0.653791 0.85845 1.00818 1.20737 1.05763 2.31622 1.545 1.05074 1.25976 1.0217 1.3294 1.25793 1.51773 1.31426 1.56362 2.43225 1.8472 2.19245 1.20668 1.16861 1.07736 1.34069 0.997452 1.96219 0.973007 1.124 0.9706 2.01926 1.5718 1.58721
threshold=1011.4833333333335 0 3.8000000000000016 1 -25.499999999999996 0.31088062260445887 -0.43333333333333707 1.5473667198080447 -0.99863729997741457 15.959890511171171 19.450000000000003 0.8500000000000002 0.83026526964652791 1.0000000180025095e-35 0.69298555228371594 2.2586347517122229 3.711722196251515 1005.3166666666668 23.116666666666674 3.4496731711975954 1.3605900040689491 87.500000000000014 2.3500000000000001 6.4903703492039311 -0.68032157627936651 -0.83950863889754479 4.0198843950707372 70.500000000000014 2.149999999999999 0.53953141390848469
decision_type=2 9 2 1 10 2 10 2 2 2 8 2 2 10 2 2 2 2 2 2 2 10 2 2 2 2 2 8 10 2
left_child=1 -1 3 7 5 -4 -7 9 -9 10 11 13 -13 14 19 16 17 -16 -11 -3 21 -21 -10 -24 25 -20 27 28 29 -6
right_child=-2 2 4 -5 26 6 -8 8 22 18 -12 12 -14 -15 15 -17 -18 -19 24 20 -22 -23 23 -25 -26 -27 -28 -29 -30 -31
leaf_value=-0.001377721279389941 -0.0018159455136589364 0.0073216627133752925 0.020478791513617436 -0.0027203294458748003 0.084885020207202511 0.059469397695929786 0.016648209591575657 0.21946342613522904 -0.0026349698068688244 0.18730004741051906 -0.012489116387109587 -0.0032670309636124977 0.030889787611595401 -0.00060089493883030097 0.084590088209301653 -0.0061030226534880376 0.070212487524856537 -0.0035285106783540529 0.065232153743224039 0.069012272008110928 -0.0081679908617091207 0.0033977996238283349 0.018640462205355052 0.23154046625932112 -0.036839157959652244 0.53181068177215607 0.0033906888860652574 0.0033190163275449167 0.1385663426836512 -0.00081571580449653835
leaf_weight=8761 12726 261 94 3507 23 25 21 30 1642 31 213 428 43 141 32 37 24 26 33 22 21 21 78 22 57 31 1951 147 20 39
leaf_count=8761 12726 261 94 3507 23 25 21 30 1642 31 213 428 43 141 32 37 24 26 33 22 21 21 78 22 57 31 1951 147 20 39
internal_value=-0.000294523 -9.87015e-05 0.000243628 -6.71644e-05 0.00114219 0.00535332 0.0145336 0.000635321 -0.000174935 0.00165013 0.00118588 0.0019127 -1.06146e-05 0.00346095 0.00479622 0.00969773 0.0144945 0.00963855 0.00552268 0.00299908 0.00904836 0.0135731 -0.000350153 0.0044955 0.00326177 0.0074883 0.000871518 0.00395024 0.0102314 0.00628019
internal_weight=30507 17781 9020 6700 2320 140 46 3193 1772 1421 1269 1056 471 585 444 119 82 58 152 325 64 43 1742 100 121 64 2180 229 82 62
internal_count=30507 17781 9020 6700 2320 140 46 3193 1772 1421 1269 1056 471 585 444 119 82 58 152 325 64 43 1742 100 121 64 2180 229 82 62
cat_boundaries=0 1 2
cat_threshold=39510032 4874
is_linear=0
shrinkage=0.05


Tree=109
num_leaves=31
num_cat=4
split_feature=53 12 12 43 32 46 10 30 38 51 16 43 33 4 26 14 46 16 53 50 12 9 35 1 16 44 31 41 31 4
split_gain=0.689377 0.730698 0.674405 1.101 2.39728 1.47527 1.34721 0.959724 0.957964 1.08413 0.859788 1.21595 1.95703 0.761237 1.24683 0.929492 1.50185 1.32784 1.81011 1.49799 1.2761 1.21908 1.72002 1.59183 1.4693 1.20777 1.14331 1.13848 1.11326 1.67474
threshold=-16.449999999999996 0.9993738172047143 0.98805149616583232 9.7500000000000018 1003.9833333333335 0.65000000000000002 -0.37940952255126059 5.3416666666666677 0.31666666666666293 2.3500000000000001 0 11.65 0.26246692913375064 0.18333333333333338 2.5833333333333339 1 1.0000000180025095e-35 2 3.8999999999999999 0.15000000000000005 0.18771856543719881 3.5000000000000004 2.0274023338281633 1.0000000180025095e-35 3 85.500000000000014 0.46427960923947065 16.400000000000002 0.90921211313239081 0.11333333333333336
decision_type=8 2 2 10 2 8 2 2 10 10 9 8 2 2 2 1 8 9 10 10 2 2 2 2 9 10 2 10 2 2
left_child=-1 2 13 8 6 10 7 -5 -4 -10 -6 12 -12 14 -2 16 17 18 19 20 -16 22 23 -17 -24 27 -27 -22 -26 -30
right_child=1 -3 3 4 5 -7 -8 -9 9 -11 11 -13 -14 -15 15 21 -18 -19 -20 -21 25 -23 24 -25 28 26 -28 -29 29 -31
leaf_value=-0.005154957144272933 -0.0047911797736581259 -0.010886363430744662 -0.0040491827489295036 0.047414841385124203 -0.011495807034002195 0.072365186780909557 0.024986070640044034 0.07811523814579388 4.0000151043722265e-05 0.018686157582180618 -0.005798226537312939 0.0029253460122668578 0.052974093360964591 -0.00039489650611161474 0.03870480601776103 0.018658841572177891 -0.010385003699694969 0.00087689222018188888 -0.0042705039954319688 0.073127613782688117 0.0014226671809632954 -0.0037943759685763012 -0.0095467781613123165 0.14145426495237193 0.0011754132192490874 0.0018970665601023631 0.053187704796518104 0.043603087624920919 0.023666627444033445 0.092639584497614835
leaf_weight=687 575 319 342 25 109 34 37 23 167 37 23 257 33 18986 24 98 560 1097 115 24 161 5760 484 38 279 20 23 32 114 24
leaf_count=687 575 319 342 25 109 34 37 23 167 37 23 257 33 18986 24 98 560 1097 115 24 161 5760 484 38 279 20 23 32 114 24
internal_value=-0.000304357 -0.000268277 -0.000242535 0.000979669 0.00257808 0.0011401 0.010282 0.0158004 -0.000604286 0.00210681 0.000331674 0.00165583 0.0083779 -0.000289294 -0.000656549 -0.000509992 0.000421082 0.00124992 0.00367881 0.00591341 0.00480584 -0.000791087 0.000785844 0.00602498 -5.54997e-06 0.00368488 0.0112529 0.00199378 0.00214235 0.00586531
internal_weight=30507 29820 29501 1087 541 456 85 48 546 204 422 313 56 28414 9428 8853 2056 1496 399 284 260 6797 1037 136 901 236 43 193 417 138
internal_count=30507 29820 29501 1087 541 456 85 48 546 204 422 313 56 28414 9428 8853 2056 1496 399 284 260 6797 1037 136 901 236 43 193 417 138
cat_boundaries=0 1 2 3 4
cat_threshold=4329488 100 8524322 60264464
is_linear=0
shrinkage=0.05


Tree=110
num_leaves=31
num_cat=3
split_feature=36 24 33 38 40 40 33 2 16 2 16 38 37 13 45 33 33 39 36 14 49 37 53 51 11 53 26 44 11 43
split_gain=0.651144 0.715935 0.902653 0.931162 0.939687 1.32777 0.891552 0.640972 1.25749 1.11097 1.04009 1.19126 1.52662 1.22935 1.70392 1.07129 1.45051 1.29381 1.19406 1.261 1.27075 1.54572 1.28164 2.31967 2.24556 1.69343 1.2451 1.11195 1.01803 1.07936
threshold=0.97971694712545931 7.6177161213776277 0.41096093353126945 -1.1666666666665717 70.500000000000014 83.500000000000014 0.20000000000001708 2.3500000000000001 0 2.5500000000000003 1 1.1000000000001935 -0.8051611950967289 0.99374406038856467 9.3500000000000032 0.54365021434332073 0.5656854249492328 7.7500000000000009 -0.68959345243092296 2 9.1500000000000021 0.83854283435573396 2.2000000000000011 -3.1499999999999999 -0.37940952255126015 5.6500000000000021 24.158333333333335 61.500000000000007 -0.60355339059327384 26.950000000000003
decision_type=2 2 2 10 10 10 2 8 9 8 9 10 2 2 10 2 2 10 2 1 10 2 10 10 2 10 2 10 2 10
left_child=7 -2 3 -3 -5 6 -6 10 9 -9 11 12 -1 -13 -15 18 17 -17 -14 20 21 22 23 -20 -24 -26 -21 -18 -29 -30
right_child=1 2 -4 4 5 -7 -8 8 -10 -11 -12 13 15 14 -16 16 27 -19 19 26 -22 -23 24 -25 25 -27 -28 28 29 -31
leaf_value=-0.0043903246832793048 -0.009007359721358587 0.056293136207935135 -0.028110304027428881 -0.034872021127649949 0.20173474455877738 -0.02190818535523999 0.0017712122422088466 0.082022880062295606 0.00066072220185144927 -0.0052759798485257775 -0.002634668698836455 -0.004230786213426865 -0.0028438629281569371 0.040200976495920172 -0.011868022740386354 0.0050632415911700639 -0.002039109753851433 0.0069486703928447833 0.20228018161078412 0.00047293688271194984 -0.00016977364488279212 -0.019813726949305523 -0.00059770781591084209 0.015124969738884811 0.050206832001223216 0.20468647293604675 0.07759848395057678 -0.00058454906223357134 0.030430276458555096 0.10367492879292595
leaf_weight=1392 329 40 80 55 20 43 20 25 10300 1243 10456 1100 1190 20 22 20 356 38 23 2453 207 49 25 141 39 23 24 246 540 27
leaf_count=1392 329 40 80 55 20 43 20 25 10300 1243 10456 1100 1190 20 22 20 356 38 23 2453 207 49 25 141 39 23 24 246 540 27
internal_value=-0.000284162 -0.00193323 3.87435e-05 0.00202134 7.24101e-05 0.0034296 0.00997506 -0.000251845 3.97633e-05 -0.00143964 -0.000435266 -3.14778e-06 0.000248045 -0.00149724 0.00688836 0.000628574 0.00192731 0.00963855 0.000246759 0.000780804 0.00302649 0.00516494 0.0067503 0.00414381 0.0116533 0.0167472 0.000307586 0.00154392 0.00256426 0.0037295
internal_weight=30546 587 258 178 138 83 40 29959 11568 1268 18391 7935 6793 1142 42 5401 1227 58 4174 2984 507 300 251 164 87 62 2477 1169 813 567
internal_count=30546 587 258 178 138 83 40 29959 11568 1268 18391 7935 6793 1142 42 5401 1227 58 4174 2984 507 300 251 164 87 62 2477 1169 813 567
cat_boundaries=0 1 2 3
cat_threshold=4218944 13025858 904
is_linear=0
shrinkage=0.05


Tree=111
num_leaves=31
num_cat=2
split_feature=36 24 39 2 16 29 4 52 24 35 54 51 40 1 12 4 29 37 38 24 41 12 16 48 27 36 18 37 26 27
split_gain=0.649852 0.715935 0.88594 0.629312 0.983056 1.27942 1.04531 0.996073 0.978465 1.24454 1.25992 1.11221 1.44231 1.70139 1.27368 1.35872 1.08845 1.04805 1.63167 1.49858 0.91118 1.38989 0.89616 1.10738 0.85541 0.865419 1.49533 0.81356 0.892082 0.833935
threshold=0.97971694712545931 7.6177161213776277 12.450000000000001 1.1500000000000001 0 1.5664965809277263 0.11333333333333336 39.500000000000007 17.969490706409314 20.163221152158833 3.4666666666666686 0.8000000000000026 79.500000000000014 1.1500000000000001 -0.051478754770346226 0.54166666666666685 3.4496731711975954 -0.94275930409484354 -0.40000000000014774 18.614963634539524 3.4000000000000008 0.71612580616132593 1 87.500000000000014 0.1247219128924648 0.63951874611716131 16.195350000000001 -0.022243433579717451 1.7833333333333337 0.049999999999999885
decision_type=2 2 10 8 9 2 2 10 2 2 2 10 8 2 2 2 2 2 10 2 10 2 9 8 2 2 2 2 2 2
left_child=3 -2 -3 4 6 -6 -1 24 22 10 11 12 13 16 -14 20 -10 18 -12 -20 -16 -22 23 27 25 -8 -27 28 -5 -29
right_child=1 2 -4 8 5 -7 7 -9 9 -11 17 -13 14 -15 15 -17 -18 -19 19 -21 21 -23 -24 -25 -26 26 -28 29 -30 -31
leaf_value=-0.0031524666559525384 -0.0085569917352906529 0.047172173424457176 -0.0044836226301541871 0.0087571760290634775 -0.0064334520131549364 -0.0019482461810905721 -0.006926236446902637 0.0089618578003803247 0.31196473423641002 -0.013921306179711447 0.007716664022309608 0.019090334438683961 0.001437941433380021 0.074146151272967795 0.022501249094366058 0.028455843679028588 0.06552007181930132 -0.0016314807179467223 0.040643266219454452 0.13938946983530084 0.18310387888292851 0.1133557395775709 0.00044571920378403757 -0.0083207942061516542 0.0010867668790778418 -0.013345159259763912 0.012807243003850152 0.016188327904276826 0.00088556205857620661 -0.0055597214310041058
leaf_weight=2142 329 25 233 28 1092 7355 162 48 26 363 83 269 213 30 22 63 22 660 23 20 21 23 7161 1203 5093 39 23 70 2035 1670
leaf_count=2142 329 25 233 28 1092 7355 162 48 26 363 83 269 213 30 22 63 22 660 23 20 21 23 7161 1203 5093 39 23 70 2035 1670
internal_value=-0.000285799 -0.00193323 3.87435e-05 -0.000253513 -0.000468219 -0.000837759 -5.12178e-05 0.000321521 -8.92651e-06 0.00106632 0.00171175 0.00327238 0.00487979 0.0110115 0.00347851 0.00739737 0.0168399 0.000343467 0.00452022 0.012413 0.0124054 0.0165533 -0.000171365 -0.000683799 0.000256718 -0.00276662 0.00225443 -0.000266889 0.00040473 -0.00106316
internal_weight=30546 587 258 29959 15954 8447 7507 5365 14005 1838 1475 689 420 78 342 129 48 786 126 43 66 44 12167 5006 5317 224 62 3803 2063 1740
internal_count=30546 587 258 29959 15954 8447 7507 5365 14005 1838 1475 689 420 78 342 129 48 786 126 43 66 44 12167 5006 5317 224 62 3803 2063 1740
cat_boundaries=0 1 2
cat_threshold=4639298 54714466
is_linear=0
shrinkage=0.05


Tree=112
num_leaves=31
num_cat=1
split_feature=47 2 23 36 47 12 47 24 45 5 45 36 36 47 16 39 26 38 36 3 51 39 7 24 27 34 9 10 23 54
split_gain=0.738667 0.936261 0.818418 0.707287 0.756192 1.1954 0.658325 0.88544 1.57831 1.4659 0.769274 1.10545 0.634511 0.58389 1.48078 0.944486 0.971153 0.934067 1.53928 1.2363 1.16285 1.42641 2.29916 1.04337 1.29128 1.0074 0.981804 0.928507 1.21989 1.44107
threshold=-7.6499999999999995 1.3500000000000003 0.6009788318929089 0.97971694712545931 16.950000000000003 0.87857987807829374 0.25000000000000006 4.4193930730077637 3.4000000000000008 0.10000000000000007 21.400000000000002 0.36905459482559522 0.99529541199236637 3.6500000000000008 0 11.950000000000001 4.1833333333333345 -1.4999999999999429 0.94879261869693687 0.55000000000000016 -0.30000000000000043 2.2500000000000004 1.0250000000000001 4.4193930730077637 0.30456030825826186 97.833333333333357 7.5000000000000009 -0.78656609248549292 4.2759201180107942 5.0500000000000034
decision_type=8 8 2 2 10 2 8 2 10 2 10 2 2 8 9 10 2 10 2 2 10 10 2 2 2 2 2 2 2 2
left_child=1 2 -1 6 -5 12 7 -2 9 -9 -10 -12 -6 14 15 16 -8 -16 19 27 21 -21 -23 24 -22 -20 -26 -19 -29 -30
right_child=3 -3 -4 4 5 -7 13 8 10 -11 11 -13 -14 -15 17 -17 -18 18 25 20 23 22 -24 -25 26 -27 -28 28 29 -31
leaf_value=0.010662584942863183 -0.0030931506382377099 0.011064364335081622 -0.00092651258428369 -0.0080038698912522754 -0.016990597334150464 0.03165278065974008 6.834948203574016e-05 -0.0017338862881117858 -0.0023191227441525151 0.084668901569897259 -0.0032212711051885774 0.012706810011253209 0.039084091471735471 -0.001022049143185007 -0.00086378273879886497 0.039526285793352801 -0.011866386488058408 -0.0045100093314102791 0.051569282520378512 -0.0010187853047487613 -0.0012159486326603413 0.046464145207511999 0.01432654301200764 -0.0037732856549765126 0.021254033170645059 0.0049341442147617445 0.032351179820777141 0.00059158747229999011 0.020833208482446887 0.0041127534204102719
leaf_weight=20 934 31 71 385 134 31 200 23 406 28 34 21 36 26331 426 23 254 158 34 24 36 20 39 123 20 22 35 565 28 54
leaf_count=20 934 31 71 385 134 31 200 23 406 28 34 21 36 26331 426 23 254 158 34 24 36 20 39 123 20 22 35 565 28 54
internal_value=-0.000277614 0.0036036 0.00104281 -0.00029319 -0.00201331 0.000472401 -0.000259401 -0.00130005 0.00037102 0.00870841 -0.000553027 0.00499092 -0.00117578 -0.000206397 0.000604045 -0.00181688 -0.00235631 0.00133618 0.00208099 0.00166954 0.00442612 0.00944645 0.013621 0.00247548 0.00653128 0.0101604 0.011343 0.000652092 0.00149127 0.00718636
internal_weight=30546 122 91 30424 586 201 29838 1446 512 51 461 55 170 28392 2061 477 454 1584 1158 1102 297 83 59 214 91 56 55 805 647 82
internal_count=30546 122 91 30424 586 201 29838 1446 512 51 461 55 170 28392 2061 477 454 1584 1158 1102 297 83 59 214 91 56 55 805 647 82
cat_boundaries=0 1
cat_threshold=17633280
is_linear=0
shrinkage=0.05


Tree=113
num_leaves=31
num_cat=3
split_feature=36 2 16 29 27 36 30 4 31 10 34 48 14 42 34 12 26 26 35 12 41 5 18 33 32 14 49 52 33 47
split_gain=0.791176 0.630508 0.818487 1.05381 0.880856 0.918319 1.03115 0.900945 0.802309 1.3756 1.91005 1.25818 0.999075 1.16904 1.42725 1.953 1.3527 1.73896 1.25466 1.21744 1.04931 1.33888 1.78395 0.840649 1.80446 0.784816 1.31044 1.1614 2.2591 1.10636
threshold=0.97971694712545931 1.1500000000000001 0 1.5664965809277263 0.1247219128924648 0.71991144170526133 1.216666666666667 0.11333333333333336 1.7032640580429763 -0.37940952255126059 84.833333333333357 90.500000000000014 1 0.15000000000000005 99.166666666666671 -0.17927415433127133 3.7166666666666672 5.2166666666666677 26.2826515654289 -0.3925595026791337 10.600000000000003 0.31785962444380711 14.860880000000002 0.62092539874770247 1014.0166666666668 2 39.250000000000007 -37.499999999999993 0.32829089846237741 12.050000000000002
decision_type=2 8 9 2 2 2 2 2 2 2 2 10 1 8 2 2 2 2 2 2 10 2 2 2 2 1 10 10 2 10
left_child=1 2 4 -4 5 -1 -7 -6 12 -10 -11 -12 13 23 16 19 -15 -18 20 -16 21 22 -19 -9 -25 27 -27 28 -5 -28
right_child=-2 -3 3 25 7 6 -8 8 9 10 11 -13 -14 14 15 -17 17 18 -20 -21 -22 -23 -24 24 -26 26 29 -29 -30 -31
leaf_value=-0.0070330755376009323 -0.0058251008103721909 -7.5834076991541255e-06 -0.0059729334929494674 -0.0072403997618328874 -0.0025321934557672888 0.029219199026594644 -0.0038261922946225338 -0.00035209616703738613 -0.0025053442523885489 0.10222088520677504 -0.0013410561474052852 0.15012172539461877 -0.00087241298712917217 -0.0048336984545079686 0.04454239789875334 -0.0085836633145434157 0.011448837161553975 0.068607560253980793 0.041733756581253993 0.15820654422910085 -0.0021717018503192619 -0.030754493092581832 0.00026847529803280049 0.0032315431803979612 0.044139731163815282 -0.004400502111280835 0.051173368547986792 -0.00045762040692948354 0.11922373974076161 -0.026217729006387105
leaf_weight=239 587 14005 1092 20 2063 21 46 1190 99 34 60 22 3067 94 37 35 34 36 25 23 201 36 28 87 30 3776 22 3488 27 22
leaf_count=239 587 14005 1092 20 2063 21 46 1190 99 34 60 22 3067 94 37 35 34 36 25 23 201 36 28 87 30 3776 22 3488 27 22
internal_value=-0.000285799 -0.000250176 -0.000465085 -0.000802286 -8.44753e-05 -0.00271153 0.00245902 2.7078e-05 0.000381463 0.00337052 0.00706288 0.00292326 0.000250857 0.00116285 0.00310508 0.00867508 0.0019379 0.00333241 0.00220791 0.0141431 0.00131186 0.0054945 0.00982839 0.000355748 0.00439795 -0.000588029 -0.00108352 -4.93651e-05 0.00774947 0.00748299
internal_weight=30546 29959 15954 8447 7507 306 67 7201 5138 215 116 82 4923 1856 549 95 454 360 326 60 301 100 64 1307 117 7355 3820 3535 47 44
internal_count=30546 29959 15954 8447 7507 306 67 7201 5138 215 116 82 4923 1856 549 95 454 360 326 60 301 100 64 1307 117 7355 3820 3535 47 44
cat_boundaries=0 1 2 3
cat_threshold=4639298 4752 3372
is_linear=0
shrinkage=0.05


Tree=114
num_leaves=31
num_cat=1
split_feature=36 12 2 24 35 13 11 36 1 33 9 47 34 44 31 36 35 16 48 37 2 38 36 13 41 26 27 51 38 32
split_gain=0.713355 0.701934 0.674222 0.784626 1.14341 1.08756 2.1199 2.73596 1.94312 1.02203 1.24211 0.928336 0.828945 0.83655 0.937212 1.66303 1.06228 0.819682 1.0825 0.98534 0.865199 1.75017 1.33129 1.06063 0.840814 1.35193 0.805342 1.19052 1.08909 1.26507
threshold=0.97971694712545931 0.99054754357789243 1.1500000000000001 17.969490706409314 20.163221152158833 -0.86599350048911161 0.1294095225512602 -0.34149544581325614 0.95000000000000007 0.299999999999983 20.500000000000004 25.950000000000003 23.583333333333339 59.500000000000007 1.2256517540566831 0.048999293242038743 2.9719601443879751 0 87.500000000000014 -0.12943824472539392 1.4500000000000002 -0.1999999999999886 0.35124375646960448 0.98376170968447496 2.1000000000000005 15.858333333333336 0.20548046676563245 1.1499999999999988 -0.96666666666664003 1008.7333333333335
decision_type=2 2 8 2 2 2 2 2 2 2 2 10 2 8 2 2 2 9 8 2 8 10 2 2 10 2 2 10 10 2
left_child=2 -2 -1 17 5 6 11 -8 9 -9 -11 -5 -7 -14 26 16 -16 18 19 20 21 22 -4 24 25 -22 27 -15 29 -28
right_child=1 -3 3 4 -6 12 7 8 -10 10 -12 -13 13 14 15 -17 -18 -19 -20 -21 23 -23 -24 -25 -26 -27 28 -29 -30 -31
leaf_value=-0.0012495095707310815 -0.0074376953308165576 0.003861464712955408 0.0080058682842866838 0.079010824747194008 -0.013173759243181661 0.17059090492923215 0.006864370063141308 0.1221587816970718 -0.0059628668971593198 0.1489277018526296 0.19355244405631639 -0.020992823726046168 -0.028483064753593114 0.0033297751820124712 0.060953811959486105 -0.008754702979220777 0.050556822591267037 0.0004329252877631278 -0.0082885549332939578 -0.0049233384611202854 -0.0044147541380649812 -0.023848873041737991 0.046773912521939819 0.076708904708137515 -0.0001544324803724672 0.071632783304808448 0.0022810462288751221 0.073894170109359392 -0.010851431493732348 0.11661567494610514
leaf_weight=15954 559 28 23 44 363 23 75 34 26 27 23 134 107 117 20 39 21 7637 1127 1722 26 23 21 36 1513 39 173 27 519 66
leaf_count=15954 559 28 23 44 363 23 75 34 26 27 23 134 107 117 20 39 21 7637 1127 1722 26 23 21 36 1513 39 173 27 519 66
internal_value=-0.000292346 -0.0020184 -0.00025852 -5.35638e-06 0.000957509 0.00157616 0.00395208 0.00769854 0.0127157 0.016409 0.0209581 5.6147e-05 0.000800287 0.000601413 0.00105895 0.0062422 0.0132603 -0.000150818 -0.000682806 -0.000239489 0.000621616 0.0061848 0.0120181 0.000390309 0.000196438 0.00576037 0.000598602 0.00402498 -5.27647e-05 0.00273944
internal_weight=30546 587 29959 14005 1838 1475 363 185 110 84 50 178 1112 1089 982 80 41 12167 4530 3403 1681 67 44 1614 1578 65 902 144 758 239
internal_count=30546 587 29959 14005 1838 1475 363 185 110 84 50 178 1112 1089 982 80 41 12167 4530 3403 1681 67 44 1614 1578 65 902 144 758 239
cat_boundaries=0 1
cat_threshold=54583394
is_linear=0
shrinkage=0.05


Tree=115
num_leaves=31
num_cat=3
split_feature=53 47 33 3 49 14 16 31 24 11 47 9 40 48 11 34 53 53 2 23 16 3 4 3 38 48 48 46 52 34
split_gain=0.693491 0.857383 1.58401 0.619841 0.953864 1.30099 1.11353 1.27903 2.22949 1.09609 1.34229 0.926546 0.885514 1.69225 0.912043 0.884895 0.884243 2.15632 0.974846 0.866442 1.8049 1.2161 1.51263 1.52959 1.43608 1.0576 0.98704 0.987975 1.39423 1.39901
threshold=-14.699999999999996 25.950000000000003 0.28674417556808013 1.0000000180025095e-35 9.3500000000000032 0 1 1.4003967129816901 10.0975031298741 -0.98296291314453399 10.15 11.500000000000002 56.500000000000007 56.500000000000007 0.1294095225512602 86.166666666666671 -7.4500000000000002 -5.7999999999999972 1.0500000000000003 5.4662687081572834 2 0.55000000000000016 0.31666666666666671 0.45000000000000007 -0.03333333333347354 29.500000000000004 17.500000000000004 0.55000000000000016 6.5000000000000009 80.833333333333357
decision_type=10 10 2 2 8 1 9 2 2 2 8 2 10 10 2 2 10 10 8 2 9 2 2 2 10 10 10 8 10 2
left_child=1 -1 -3 4 5 -2 12 16 11 10 -6 -9 13 -7 -15 -14 -8 18 -18 -5 21 22 -21 24 -24 -23 -22 -28 -29 -30
right_child=3 2 -4 19 9 6 7 8 -10 -11 -12 -13 15 14 -16 -17 17 -19 -20 20 26 25 23 -25 -26 -27 27 28 29 -31
leaf_value=-0.0055600598797579288 -0.0077053171280404053 0.057917140108688737 -0.0099960724342832621 -0.00071584963107223999 0.020376450107928684 -0.0057233488294563453 -0.0074124470145427298 0.04297551575543803 0.12799997572478711 -0.0051685982393914242 0.0027987777599156093 -0.019584935231798519 0.0010426544421007777 0.14534039034814922 0.0077340671555994464 -0.0085531157382713208 0.098710576578909151 0.0050218080440924944 0.017549435902989335 0.022874989197101042 0.014240380575016016 0.14420613359422887 0.014249140410161398 0.079855042763084694 0.10843852484114549 -0.010098217521832591 -0.0039773413203405671 0.00034501054893944536 0.0048530734693708671 0.16097162163115505
leaf_weight=865 901 28 85 21140 33 44 63 22 39 3030 146 29 383 33 32 315 28 652 22 450 23 29 41 20 20 209 1566 213 38 37
leaf_count=865 901 28 85 21140 33 44 63 22 39 3030 146 29 383 33 32 315 28 652 22 450 23 29 41 20 20 209 1566 213 38 37
internal_value=-0.000264606 -0.00157448 0.00251989 -0.00022126 -0.00068606 3.31618e-05 0.000861191 0.00210958 0.00776914 -0.00126048 0.00254048 0.000880625 -0.00047118 0.00371219 0.00883256 -0.00113164 0.00147039 0.00197977 0.011976 -0.000108468 0.000744491 0.00276601 0.00413293 0.0104192 0.00646481 -0.000167998 -9.80352e-05 -0.000226526 0.00246442 0.00832224
internal_weight=30536 978 113 29558 5772 2563 1662 855 90 3209 179 51 807 109 65 698 765 702 50 23786 2646 769 531 81 61 238 1877 1854 288 75
internal_count=30536 978 113 29558 5772 2563 1662 855 90 3209 179 51 807 109 65 698 765 702 50 23786 2646 769 531 81 61 238 1877 1854 288 75
cat_boundaries=0 1 2 3
cat_threshold=2692 21502514 12671488
is_linear=0
shrinkage=0.05


Tree=116
num_leaves=31
num_cat=4
split_feature=3 10 16 33 29 36 35 35 10 36 47 16 38 32 5 54 24 32 48 11 16 14 49 29 35 33 51 38 36 4
split_gain=0.73765 1.00407 1.11928 1.29457 1.32924 0.839614 0.909567 0.885168 1.33077 1.49827 0.770287 1.38393 1.35877 1.11858 1.58807 1.49978 1.46884 1.2206 1.19247 1.09853 1.06569 0.950117 1.18798 2.14893 1.17041 1.22941 0.940592 0.887886 0.870048 0.805357
threshold=1.0000000180025095e-35 -0.70710678118654735 0 0.7788880963698368 4.5944283290283296 0.85045798222086255 14.406769944101594 25.27623771916932 -0.9159756150367534 0.12172177679190362 9.0500000000000025 1 2.7666666666667088 999.78333333333353 0.081649658092772678 2.5666666666666695 5.7757157292462775 1019.3416666666668 85.500000000000014 -0.5 2 3 8.1000000000000032 8.6474121275209654 2.7265482080417307 0.52808988664221124 -1.0999999999999959 -0.23333333333340531 -0.51159853242278108 0.55833333333333346
decision_type=2 2 9 2 2 2 2 2 2 2 8 9 10 2 2 2 2 2 10 2 9 1 10 2 2 2 10 10 2 2
left_child=1 2 3 5 -5 7 -7 -1 9 -9 11 -3 13 14 -13 -15 17 -17 -18 -19 -12 22 23 24 25 -22 -21 -25 -26 -30
right_child=-2 10 -4 4 -6 6 -8 8 -10 -11 20 12 -14 15 -16 16 18 19 -20 26 21 -23 -24 27 28 -27 -28 -29 29 -31
leaf_value=-0.0068700991738729431 -0.00053029471264607003 -0.0034393946165067781 -0.012960058685685292 0.030150266440772747 -0.0024469254447467789 -0.0071367165343102891 0.068391677249855384 0.10938674850126183 -0.014187607323115857 -0.0010732886303485691 -0.0076493994291473638 0.00044814492739695403 0.022171879919748311 -0.0048814167710258954 0.046740542750456644 -0.0015250968551390762 0.046358304515251574 -0.0045753081680070104 0.015560395856553923 0.057995433682448111 0.077666526681620329 -0.0031669115484069914 -0.00050825912780591337 0.050209202823705015 -0.012709177483880979 -0.0033605206997649748 0.018853811736242267 0.11914180523621068 0.0047133104632350103 0.15869673393247022
leaf_weight=446 24591 284 829 28 32 23 33 29 67 31 1836 20 27 164 20 162 25 32 24 20 29 846 522 21 80 21 28 33 212 21
leaf_count=446 24591 284 829 28 32 23 33 29 67 31 1836 20 27 164 20 162 25 32 24 20 29 846 522 21 80 21 28 33 212 21
internal_value=-0.000261331 -0.000761132 -0.00187076 -0.000350452 0.00665557 -0.00102528 0.00481283 -0.00159658 0.00208497 0.00748752 -0.000380612 0.00101724 0.00251832 0.0019693 0.00997506 0.00126346 0.00341807 0.00181743 0.0113035 0.00686642 -0.00069178 0.000181047 0.00126962 0.0032726 0.00188653 0.00898203 0.0116424 0.0125693 0.000750558 0.00229515
internal_weight=30536 5945 1518 689 60 629 56 573 127 60 4427 806 522 495 40 455 291 242 49 80 3621 1785 939 417 363 50 48 54 313 233
internal_count=30536 5945 1518 689 60 629 56 573 127 60 4427 806 522 495 40 455 291 242 49 80 3621 1785 939 417 363 50 48 54 313 233
cat_boundaries=0 1 2 3 4
cat_threshold=51589652 17072198 21002802 5488
is_linear=0
shrinkage=0.05


Tree=117
num_leaves=31
num_cat=3
split_feature=3 10 16 33 29 23 16 29 3 36 4 33 32 5 29 34 5 23 38 27 37 4 48 5 24 5 5 16 28 36
split_gain=0.803195 0.916038 0.874612 0.863331 1.24197 0.708559 1.46685 0.962372 1.10613 1.45431 1.21497 1.13224 1.9071 0.938072 1.28755 1.29792 2.10004 1.31651 1.18157 1.29128 1.20054 0.928429 0.839346 0.788284 0.779384 0.753327 1.59544 0.941996 1.31283 1.33344
threshold=1.0000000180025095e-35 -0.70710678118654735 0 0.7788880963698368 4.5944283290283296 5.4662687081572834 1 4.9102935861554124 0.25000000000000006 -0.91450428498405845 0.31666666666666671 0.39293061504651011 1010.7583333333333 0.050000000000000003 7.3560216199038555 87.583333333333357 0.40960461199756409 5.7961862064961531 -1.1999999999999884 0.70000000000000073 0.18096705959923337 0.58333333333333359 17.500000000000004 0.050000000000000162 5.8922726321002115 0.15000000000000011 0.14999999999999999 2 57.166666666666679 -0.70811972747828034
decision_type=2 2 9 2 2 2 9 2 2 2 2 2 2 2 2 2 2 2 10 2 2 2 10 2 2 2 2 9 2 2
left_child=1 2 -1 -4 -5 -2 7 8 9 -7 -10 23 -13 18 -15 -16 17 -17 -9 20 -20 -12 -8 -11 -24 26 27 -26 -29 -30
right_child=5 -3 3 4 -6 6 22 13 10 11 21 12 -14 14 15 16 -18 -19 19 -21 -22 -23 24 -25 25 -27 -28 28 29 -31
leaf_value=-0.012582588617177932 -0.00076039768479101405 -0.001025338162665183 -0.0031331586598104637 0.028642753118734099 -0.0052733072162764582 -0.0017331481906919675 0.012319619955923254 0.083337515665398487 -0.014826361284379787 0.0020711342491463378 0.040099392944048989 0.074261684860130364 0.10342470290737744 -0.0077555721914759753 -0.0068650745504354894 0.092367086764967923 0.13232958382041646 -0.015148279288609914 -0.0029832857206442426 -0.01180583169604521 0.081182274220499839 -0.0083668352020108746 -0.0044471399387412897 0.031071268770683141 -0.0033045168882284873 -0.0053093223601602003 0.081818426048635484 -0.0074930308524648326 -0.019966046489269435 0.047134933686463855
leaf_weight=753 21874 4427 699 28 38 34 25 37 44 31 33 21 21 122 171 23 32 70 25 54 20 32 182 21 640 815 28 56 40 140
leaf_count=753 21874 4427 699 28 38 34 25 37 44 31 33 21 21 122 171 23 32 70 25 54 20 32 182 21 640 815 28 56 40 140
internal_value=-0.000256419 -0.000777953 -0.00183782 -0.000612825 0.00484115 -0.000130333 0.000631186 0.00242791 0.00512442 0.00827478 0.00142071 0.0114772 0.0175772 0.00131745 0.000143505 0.00192502 0.00579536 0.00198711 0.00492285 0.00206862 0.00831485 0.00576037 -0.000118797 0.00652591 -0.000239336 9.01623e-05 0.00108395 0.000707681 0.00333198 0.00555247
internal_weight=30536 5945 1518 765 66 24591 2717 791 237 128 109 94 42 554 418 296 125 93 136 99 45 65 1926 52 1901 1719 904 876 236 180
internal_count=30536 5945 1518 765 66 24591 2717 791 237 128 109 94 42 554 418 296 125 93 136 99 45 65 1926 52 1901 1719 904 876 236 180
cat_boundaries=0 1 2 3
cat_threshold=12896352 12671488 33685542
is_linear=0
shrinkage=0.05


Tree=118
num_leaves=31
num_cat=4
split_feature=53 13 30 47 38 38 27 3 10 32 37 16 13 37 52 14 40 34 35 16 53 42 52 31 34 53 53 16 36 38
split_gain=0.862241 0.898146 0.630449 1.02083 0.698323 0.611809 0.757543 0.599576 1.01167 0.861885 0.826671 1.0453 1.12147 0.981165 0.956009 0.839278 1.05042 1.22894 0.745169 0.739756 0.694329 0.816782 0.838168 1.38737 0.715817 0.667467 2.03226 0.662406 1.23867 1.01919
threshold=-14.699999999999996 -0.76235363884839025 -3.2833333333333328 -5.9499999999999993 -0.63333333333315511 0.44166666666660609 0.77888809636986156 1.0000000180025095e-35 -0.78656609248549292 1010.3416666666668 -0.7677960035556467 0 0.98053927088909931 -0.7556052008726164 -1.0000000180025095e-35 1 82.500000000000014 85.583333333333357 9.9163022768896152 2 -1.4500000000000008 0.35000000000000003 1.0000000180025095e-35 0.61644140029689798 48.833333333333336 -1.7499999999999989 -2.1499999999999999 3 -0.90230369211370276 -0.63333333333315511
decision_type=8 2 2 8 10 10 2 2 2 2 2 9 2 2 10 1 10 2 2 9 10 10 10 2 2 10 10 9 2 10
left_child=1 5 3 4 -2 6 -1 8 9 18 11 12 20 14 -12 16 17 -13 -4 -11 21 22 -10 -24 -22 26 -20 -15 -29 -30
right_child=2 -3 7 -5 -6 -7 -8 -9 10 19 13 15 -14 27 -16 -17 -18 -19 25 -21 24 -23 23 -25 -26 -27 -28 28 29 -31
leaf_value=-0.01606729867218749 0.010845874507500727 -0.0059390653467227654 -0.0089280624353702525 -0.003400218072246804 -0.00053829903280993424 0.063903693932211333 0.0075022774182415645 -0.00036853196701680838 -0.023218612059789343 0.0007063491250639723 -0.00054926093482567139 -0.0049539311929108478 0.01852124878021395 -0.001439107195023119 0.072829452506463915 -0.016004823619616953 -0.011432178623942794 0.034394859812969261 0.0041319521408686626 -0.013702555550518159 0.056625451527001706 0.047944292390829882 0.033024748790946218 -0.001945916110557175 -0.014092702480761358 -0.0031586490651486551 0.038388327118413369 0.019066864308997972 -0.0097079382039427804 0.0034115180465019526
leaf_weight=50 20 762 150 570 22 41 26 23385 58 121 21 35 21 1854 23 513 39 27 80 654 47 31 28 66 187 178 25 123 361 1018
leaf_count=50 20 762 150 570 22 41 26 23385 58 121 21 35 21 1854 23 513 39 27 80 654 47 31 28 66 187 178 25 123 361 1018
internal_value=-0.000271156 -0.00181436 -0.000225411 -0.00181343 0.00570071 0.00226302 -0.000394219 -0.000191944 -0.0006537 -0.00193693 -0.000305475 -0.00153027 0.000357062 7.35261e-05 0.00748299 -0.00283609 0.00130513 0.00547504 -0.000150082 -0.00293511 -0.000203789 0.00210267 0.000591715 0.00350691 -0.00200769 0.00135994 0.0045195 -2.38384e-05 0.000753917 0.000329924
internal_weight=30536 879 29657 612 42 117 76 29045 5660 1208 4452 1052 438 3400 44 614 101 62 433 775 417 183 152 94 234 283 105 3356 1502 1379
internal_count=30536 879 29657 612 42 117 76 29045 5660 1208 4452 1052 438 3400 44 614 101 62 433 775 417 183 152 94 234 283 105 3356 1502 1379
cat_boundaries=0 1 2 3 4
cat_threshold=33738820 42 180240 54645314
is_linear=0
shrinkage=0.05


Tree=119
num_leaves=31
num_cat=3
split_feature=3 37 16 13 37 48 49 23 45 30 38 16 32 35 11 12 53 55 16 44 24 40 33 49 47 38 30 34 44 37
split_gain=0.82048 0.84213 0.909215 0.878317 0.742461 1.23479 0.670787 0.847398 1.017 1.11259 1.3216 0.795528 1.02641 0.791573 0.766736 1.08657 0.710495 0.799259 0.812819 1.36595 1.43302 0.927466 1.59391 1.16917 2.48723 1.21528 0.800023 1.13183 1.36089 1.02086
threshold=1.0000000180025095e-35 -0.84933174221562313 0 0.97702786266997033 -0.96902514256483496 88.500000000000014 9.3500000000000032 1.3891616035804211 11.15 23.258333333333336 -0.40000000000003405 1 995.61666666666679 3.0456030825826179 -0.98296291314453399 0.35275208654909496 -5.7999999999999972 9.1666666666666661 2 66.500000000000014 12.775007435042129 77.500000000000014 0.050000000000039797 6.0500000000000007 10.250000000000002 0.65833333333330313 14.416666666666668 83.833333333333357 46.500000000000007 -0.32249586599558638
decision_type=2 2 9 2 2 10 8 2 10 2 10 9 2 2 2 2 8 2 9 10 2 10 2 10 10 10 2 2 10 2
left_child=1 2 3 4 5 -1 7 -3 9 16 -11 12 -8 -12 15 -14 -9 -18 -19 20 26 -21 -23 -24 25 -25 27 28 -20 -30
right_child=-2 6 -4 -5 -6 -7 11 8 -10 10 13 -13 14 -15 -16 -17 17 18 19 21 -22 22 23 24 -26 -27 -28 -29 29 -31
leaf_value=0.00066684451845142186 -0.00050018100248894084 -0.011233214239611825 -0.014385986938723901 0.013399884734139162 -0.010693940637675205 0.021335665387310576 0.04122382495546368 0.040861405810302398 -0.0019848499990015242 0.11492195485135188 0.09940018267413965 -0.0059843126932400022 -0.0034397723864990578 -0.0025859007433857101 -0.0015727738279615153 0.037381963968153034 0.016453539043199565 -0.0050143124755349811 -0.0039036576298292908 -0.012271014533700561 0.20733204925217269 0.032503049366383312 -0.0049451327540994319 0.01963043734820881 -0.015775706423894562 0.030496610004275188 -0.0070356051409780646 -0.0029350718849095701 0.047427263917241141 0.028474471460895875
leaf_weight=107 24591 252 627 20 272 22 22 58 631 30 22 1835 24 62 766 20 24 489 24 143 26 32 195 40 56 21 33 41 20 31
leaf_count=107 24591 252 627 20 272 22 22 58 631 30 22 1835 24 62 766 20 24 489 24 143 26 32 195 40 56 21 33 41 20 31
internal_value=-0.000276068 -0.000803184 -0.0020895 -0.000243564 -0.00076041 0.00236251 -0.000527865 0.000112101 0.000460036 0.00123599 0.00595968 -0.00106295 0.000225625 0.00273484 -6.1722e-05 0.00634921 0.000798799 0.000531868 0.000343149 0.00147299 0.00528269 0.000133442 0.00154025 0.000448573 0.00439795 0.0113748 0.00338699 0.00534022 0.00898801 0.0136008
internal_weight=30536 5945 1048 421 401 129 4897 2230 1978 1347 114 2667 832 84 810 44 1233 1175 1151 662 175 487 344 312 117 61 149 116 75 51
internal_count=30536 5945 1048 421 401 129 4897 2230 1978 1347 114 2667 832 84 810 44 1233 1175 1151 662 175 487 344 312 117 61 149 116 75 51
cat_boundaries=0 1 2 3
cat_threshold=34787408 10100756 29364246
is_linear=0
shrinkage=0.05


Tree=120
num_leaves=31
num_cat=2
split_feature=7 13 16 31 13 2 47 29 48 16 47 41 49 13 44 53 40 17 47 2 24 4 30 38 52 43 27 32 31 1
split_gain=0.706067 1.06614 1.00132 0.816902 1.02196 0.930283 1.55422 0.778867 1.57191 0.769567 0.882325 0.851192 0.853255 0.922643 1.66435 1.65374 1.17243 0.921364 0.776274 0.842469 1.14728 1.94232 1.07292 1.09701 0.992616 1.5462 1.04858 1.02234 2.07882 0.963963
threshold=0.25000000000000006 0.82964644928663589 0 0.41899350299921795 0.97322851985520709 1.0000000180025095e-35 18.150000000000002 4.6784206501525132 79.500000000000014 1 -4.7499999999999991 14.200000000000001 25.750000000000004 0.98933596577443728 88.500000000000014 13.150000000000004 90.500000000000014 51.152600000000007 -1.0000000180025095e-35 0.45000000000000007 12.268581547927285 0.51666666666666683 -3.8833333333333329 1.1333333333334965 10.500000000000002 12.250000000000002 0.29439202887759525 1012.8166666666668 0.60184900284225928 1.4500000000000002
decision_type=2 2 9 2 2 10 10 2 8 9 8 10 10 2 10 10 10 2 10 8 2 2 2 10 10 10 2 2 2 2
left_child=1 -1 3 -3 -5 7 -7 8 -6 11 -11 -2 13 18 -15 16 -16 -18 -13 20 22 -22 -20 -24 26 27 -21 29 -29 -26
right_child=9 2 -4 4 5 6 -8 -9 -10 10 -12 12 -14 14 15 -17 17 -19 19 24 21 -23 23 -25 25 -27 -28 28 -30 -31
leaf_value=-0.0011464832348950318 -0.00053999060289595989 -0.012213031252627829 -0.0063233591903315636 -0.0048189416602995062 0.042538565933534986 0.029842481963572372 -0.038858102919269277 -0.0025284549513191743 -0.0012077557090571748 0.011414266669442636 -0.0014566825467854042 -0.0027174381826755652 -0.0074624982050832097 0.0010373866221073662 -0.0020335630389010776 0.021071320950294171 0.019395671627003688 0.045422978816527931 0.011742794034936582 0.0036223547850721335 -0.0088519952980146612 0.19071140398239131 0.004311897679176317 -0.0063070367433258681 0.00066253672481138054 -0.0033254391405614738 -0.0046141860589014793 0.0084979685676253459 0.068811273004050919 0.036896109086165349
leaf_weight=6809 6876 205 883 299 33 30 23 73 42 25 11410 356 159 151 50 24 22 21 41 347 31 31 835 147 132 294 1077 39 21 49
leaf_count=6809 6876 205 883 299 33 30 23 73 42 25 11410 356 159 151 50 24 22 21 41 347 31 31 835 147 132 294 1077 39 21 49
internal_value=-0.000262813 -0.000653203 -0.00181979 -0.000384563 0.000699859 0.00345599 0.00913371 0.00141796 0.00499334 -0.000114736 -0.000399736 0.000189953 0.000787802 0.000943266 0.00376725 0.00824082 0.00520945 0.0112529 0.000720566 0.000978942 0.00209658 0.00869565 0.00169583 0.00136442 0.000359858 0.00219585 -0.000330034 0.00516383 0.0108153 0.00328548
internal_weight=30535 8397 1588 705 500 201 53 148 75 22138 11435 10703 3827 3668 268 117 93 43 3400 3044 1085 62 1023 982 1959 535 1424 241 60 181
internal_count=30535 8397 1588 705 500 201 53 148 75 22138 11435 10703 3827 3668 268 117 93 43 3400 3044 1085 62 1023 982 1959 535 1424 241 60 181
cat_boundaries=0 1 2
cat_threshold=63131652 6195780
is_linear=0
shrinkage=0.05


Tree=121
num_leaves=31
num_cat=3
split_feature=24 32 36 51 41 38 2 47 12 39 11 27 44 36 16 36 33 44 41 16 48 49 2 40 11 35 5 49 16 50
split_gain=0.819008 0.682909 1.51501 1.58554 1.79487 2.19857 1.5411 0.695724 0.926379 1.12139 1.53481 1.74724 1.23139 0.7451 0.729499 1.12084 1.11336 0.851026 0.770602 0.71547 1.06285 1.2538 1.29383 1.18515 0.978084 0.754465 0.836494 0.648719 1.0228 1.24198
threshold=2.4923140341791834 998.11666666666679 0.93662970144561275 1.8999999999999992 10.600000000000003 -1.8333333333333142 0.65000000000000002 0.25000000000000006 -0.11135109471829395 2.0500000000000003 0.91597561503675351 0.17926456271808619 98.500000000000014 0.27836708965836177 0 -0.32296664140693099 0.32998316455369775 79.500000000000014 12.800000000000002 1 82.500000000000014 14.200000000000001 1.0500000000000003 91.500000000000014 -0.9159756150367534 0.48570226039551589 0.30000000000000021 18.450000000000003 2 0.75000000000000011
decision_type=2 2 2 10 10 10 8 10 2 10 2 2 10 2 9 2 2 10 10 9 10 10 8 10 2 2 2 8 9 10
left_child=-1 2 7 4 -4 -6 -7 -2 13 10 11 -10 14 19 15 17 -17 18 -11 25 21 23 -23 -21 -22 26 -9 -3 29 -29
right_child=1 27 3 -5 5 6 -8 8 9 12 -12 -13 -14 -15 -16 16 -18 -19 -20 20 24 22 -24 -25 -26 -27 -28 28 -30 -31
leaf_value=-0.0042344377052241531 -0.0025461722931139834 -0.00071668969398355374 0.0006855666945766864 -0.00263091784421823 0.058193306085323283 0.032064136149224549 -0.010767858649391705 0.024716262840105377 0.036898818070329624 0.15027879910204844 0.02125099522791718 0.00053264576172421484 0.002146708890946768 -0.0086862346820411711 -0.00077479010309809487 0.19212705857075008 0.032670404754916012 -0.011737677332994009 -0.0040678269847010786 -0.0077206721245806492 0.069912994675080081 0.012522838516318592 0.043209064008628686 0.035633785204034353 -0.0034683566721060211 -0.0070968669233628674 -0.002781875567050323 0.00097234892498736952 -0.0058384323200360317 -0.021381205440436347
leaf_weight=243 448 24173 47 38 30 22 24 21 24 20 25 117 23 285 564 21 29 38 24 49 24 40 34 29 239 263 52 1492 1898 199
leaf_count=243 448 24173 47 38 30 22 24 21 24 20 25 117 23 285 564 21 29 38 24 49 24 40 34 29 239 263 52 1492 1898 199
internal_value=-0.000256264 -0.000233065 0.000553337 0.00524519 0.00800162 0.0127464 0.00585683 0.000234265 0.000648065 0.00183595 0.00553883 0.00350815 0.000980391 -0.000366761 0.00060336 0.00380014 0.00998004 0.00048721 0.00521542 0.000459325 0.0018231 0.00519395 0.00985155 0.000768245 -5.70137e-05 -0.00124242 0.00321477 -0.000304733 -0.00093199 -3.23332e-05
internal_weight=30535 30292 2530 161 123 76 46 2369 1921 885 166 141 719 1036 696 132 50 82 44 751 415 152 74 78 263 336 73 27762 3589 1691
internal_count=30535 30292 2530 161 123 76 46 2369 1921 885 166 141 719 1036 696 132 50 82 44 751 415 152 74 78 263 336 73 27762 3589 1691
cat_boundaries=0 1 2 3
cat_threshold=16814096 16961542 42190912
is_linear=0
shrinkage=0.05


Tree=122
num_leaves=31
num_cat=7
split_feature=24 48 43 1 51 24 53 16 5 14 48 28 43 32 16 36 47 16 38 24 24 16 36 29 12 43 42 16 14 47
split_gain=0.698867 0.674773 0.809729 0.581906 0.914945 0.923473 0.857658 1.15347 0.943911 1.82212 2.2987 2.91445 0.94097 0.940812 0.900814 0.863914 0.871136 0.795502 0.752202 0.961204 1.41259 0.986222 1.31346 2.34073 1.18006 1.20355 1.05043 0.932501 1.62695 1.21285
threshold=2.4923140341791834 83.500000000000014 -2.9499999999999997 0.35000000000000003 -3.0999999999999983 3.1553070907439094 -9.6499999999999968 0 0.050000000000000037 1 58.500000000000007 89.833333333333357 0.55000000000000016 1018.6166666666668 2 0.9153419592238129 1.6500000000000001 3 -1.1000000000000794 18.88867262467301 18.76804780795776 4 -0.83591788935300626 2.2586347517122229 0.35275208654909496 25.950000000000003 4.0500000000000007 5 6 1.8500000000000003
decision_type=2 8 10 2 8 2 10 9 2 1 10 2 10 2 9 2 10 9 10 2 2 9 2 2 2 10 8 9 1 8
left_child=1 2 -1 4 17 -6 7 15 9 -8 11 -11 -12 -14 -10 -5 -17 -2 19 20 21 -7 23 -23 -25 -26 -24 29 -29 -20
right_child=3 -3 -4 6 5 18 8 -9 14 10 12 -13 13 -15 -16 16 -18 -19 27 -21 -22 22 26 24 25 -27 -28 28 -30 -31
leaf_value=0.003918736015358611 -0.013239990298482066 -0.0056053340765312189 -0.0043496849523346716 -0.00027666330098100321 -0.0041699182502871633 -0.0066314509846522544 -0.0015893377187273868 -0.0069770694023180138 -0.0027579418892625918 0.069547836097876278 0.0024651837390643038 0.061245948795467187 -0.0037473551071110322 0.018839154747828237 0.00053969269180842124 -3.0575470833168289e-05 0.10534242149886304 -0.0031074275485161078 0.0058529188760726757 -0.028640105272645867 0.044328200270188592 0.020508815822640025 -0.0017953762228642323 -0.0081453068469808151 0.00061228082929039394 0.051762683168835803 0.052666940203390959 0.005512150042533687 -0.00089171875865568472 -0.0032829779586200851
leaf_weight=35 329 151 57 445 275 1589 286 704 910 43 52 23 150 23 10279 21 24 1620 148 160 35 37 1499 92 33 21 34 2941 4494 4025
leaf_count=35 329 151 57 445 275 1589 286 704 910 43 52 23 150 23 10279 21 24 1620 148 160 35 37 1499 92 33 21 34 2941 4494 4025
internal_value=-0.000271001 -0.00294118 0.000434309 -0.000249571 -0.000439071 -0.000309757 3.8568e-06 -0.00127293 0.000133433 0.00210535 0.00479907 0.0131619 0.00255442 0.000779895 3.17261e-05 0.000599879 0.00720621 -0.00145965 -0.000257479 -0.000899975 -0.000718543 -0.000824485 1.15856e-05 0.0040142 0.00116359 0.00702403 -0.000466377 -6.37498e-05 0.00027199 -0.000660994
internal_weight=30535 243 92 30292 17332 15383 12960 1194 11766 577 291 66 225 173 11189 490 45 1949 15108 3500 3340 3305 1716 183 146 54 1533 11608 7435 4173
internal_count=30535 243 92 30292 17332 15383 12960 1194 11766 577 291 66 225 173 11189 490 45 1949 15108 3500 3340 3305 1716 183 146 54 1533 11608 7435 4173
cat_boundaries=0 1 2 3 4 5 6 7
cat_threshold=60039238 3476 24578 21112832 4282996 25180178 496
is_linear=0
shrinkage=0.05


Tree=123
num_leaves=31
num_cat=4
split_feature=2 14 51 40 9 16 37 37 49 27 16 32 33 16 3 4 27 45 42 42 51 32 50 53 36 27 27 50 37 47
split_gain=0.753054 0.951004 1.16463 1.34209 1.37749 1.14349 1.01051 1.2975 1.47536 1.22081 0.99942 0.963204 1.04288 0.936759 1.28344 1.3258 2.04258 1.31754 1.20463 1.58807 1.29924 1.03644 0.9132 0.904394 1.16501 0.861934 2.57596 0.860632 1.32372 0.846808
threshold=0.35000000000000003 0 1.9000000000000015 33.500000000000007 15.500000000000002 1 0.29716439918001469 -0.61745290991257884 3.6500000000000008 0.3681787005729093 2 1014.5166666666668 0.36204065448696338 3 1.0000000180025095e-35 0.083333333333333356 0.82865352631040412 7.3000000000000016 1.0500000000000003 2.0500000000000003 2.5 1012.2333333333335 0.8500000000000002 7.6500000000000012 0.56034827375704321 0.66666458331705691 0.43204937989385755 0.25000000000000006 -0.18259885652441527 23.250000000000004
decision_type=8 1 10 10 2 9 2 2 10 2 9 2 2 9 2 2 2 10 10 10 10 2 8 10 2 2 2 10 2 10
left_child=1 10 5 4 -4 -3 7 29 9 -9 11 12 -1 22 -15 16 21 -18 20 -20 25 -16 -5 -14 -25 26 -17 -10 -29 -7
right_child=-2 2 3 13 -6 6 -8 8 27 -11 -12 -13 23 14 15 18 17 -19 19 -21 -22 -23 -24 24 -26 -27 -28 28 -30 -31
leaf_value=0.0075020782696756235 -0.00031211370284532072 -0.0041908954762759068 0.078846811165731223 -0.0087992017464188967 -0.0031104294643474078 0.0011647841141972954 -0.0024982305096133456 0.064316136035128077 0.0022294402478163157 0.035149154753270274 -0.0051061281038483064 -0.0058516629235865819 -0.0097478518038521846 -0.0029755466541913581 -0.0061517794064520695 0.01809841122885783 0.13313878437793289 0.024442762986977305 0.067837033955410811 0.022681396533132725 -0.0011732508039344123 0.13160806134112854 0.026568560274315929 -0.0037127782316957801 0.046800960310287125 0.0073464314006472077 0.043805991035747754 0.098410348451944366 0.0020792858966968905 -0.019954197748909688
leaf_weight=690 19521 2896 28 411 27 513 658 24 599 80 2492 714 413 334 57 53 22 24 20 20 395 39 22 76 31 78 40 23 33 202
leaf_count=690 19521 2896 28 411 27 513 658 24 599 80 2492 714 413 334 57 53 22 24 20 20 395 39 22 76 31 78 40 23 33 202
internal_value=-0.0002841 -0.000614668 -0.000233049 0.000955352 0.00862069 -0.000604603 0.000275429 0.001004 0.00244368 0.0079731 -0.00118163 -0.000320564 0.000537144 0.000676522 0.00145591 0.00261997 0.00696692 0.0156182 0.00160039 0.00997506 0.00100689 0.00280957 -0.00127511 -0.00115363 0.00294118 0.0046464 0.00789474 0.00156465 0.00748663 -0.000524403
internal_weight=30535 11014 6598 1570 55 5028 2132 1474 759 104 4416 1924 1210 1515 1082 748 142 46 606 40 566 96 433 520 107 171 93 655 56 715
internal_count=30535 11014 6598 1570 55 5028 2132 1474 759 104 4416 1924 1210 1515 1082 748 142 46 606 40 566 96 433 520 107 171 93 655 56 715
cat_boundaries=0 1 2 3 4
cat_threshold=4626 63264832 5720580 1015844
is_linear=0
shrinkage=0.05


Tree=124
num_leaves=31
num_cat=4
split_feature=2 31 16 53 51 44 38 12 31 14 36 38 29 18 13 33 32 10 45 36 16 50 44 52 42 5 14 41 48 10
split_gain=0.74326 0.991838 0.885834 1.04261 1.14202 1.2725 1.01029 0.788467 0.781464 0.910452 0.822 1.24026 1.503 1.52418 1.17027 1.00361 0.832586 1.0426 1.58807 0.757491 1.47203 1.48161 1.18265 1.07742 0.83426 0.827333 1.25939 1.44194 1.33331 0.810948
threshold=0.35000000000000003 0.33993463423951903 0 4.3500000000000014 2.0000000000000018 84.500000000000014 -2.0999999999999654 0.9993738172047143 1.391242450313948 1 -0.85101448025623516 -1.3833333333333255 1.3307163456488713 12.950700000000001 -0.077175462126646291 0.262466929133717 1013.5583333333335 0.60355339059327384 8.8000000000000025 0.89187398874303636 2 2.5500000000000003 99.500000000000014 28.500000000000004 1.6500000000000001 0.24972191289246473 3 7.7500000000000009 75.500000000000014 -0.5
decision_type=8 2 9 10 10 10 10 2 2 1 2 10 2 2 2 2 2 2 10 2 9 10 10 10 8 2 1 10 10 2
left_child=1 2 3 6 5 -5 -1 8 10 -10 11 12 13 -2 -14 -13 -17 -18 -19 -12 22 24 23 25 -22 26 -21 28 -28 -29
right_child=7 -3 -4 4 -6 -7 -8 -9 9 -11 19 15 14 -15 -16 16 17 18 -20 20 21 -23 -24 -25 -26 -27 27 29 -30 -31
leaf_value=0.045695972975928062 0.0041853107356933997 -0.00095177639053514089 -0.0054198222967233268 0.039239396303013048 0.045178495627266967 -0.0086243221847798184 -0.0067009400001456602 -0.012618118534561499 0.00052959764618359961 -0.0080856584645197845 0.00070420300074086563 -0.0075653893071870653 0.027615550791792481 0.020788580600296164 -0.00099597586792463783 -0.0033857824645312702 0.0018202147927194317 0.038867001202801767 -0.0045113506417546346 -0.0072033226087059145 -0.011693030156589981 0.035535252275156359 0.026715453814064979 0.036334717345989864 0.013727357011247693 -0.0084437195764337381 0.17986095409919473 0.0720993032261045 0.020234665426027899 -0.0023013323708483586
leaf_weight=21 23 8873 1783 45 23 53 216 227 681 813 14006 810 31 22 187 619 123 20 20 126 1038 22 38 36 58 412 31 38 57 83
leaf_count=21 23 8873 1783 45 23 53 216 227 681 813 14006 810 31 22 187 619 123 20 20 126 1038 22 38 36 58 412 31 38 57 83
internal_value=-0.000272638 -0.000601049 -0.00156695 0.000706329 0.00450041 0.00214067 -0.00120203 -8.73426e-05 -5.28671e-05 -0.0011512 3.93244e-05 -0.000956823 0.00222349 0.0105321 0.000504355 -0.00148232 -0.000204579 0.00297363 0.00997506 0.000155219 -0.000770977 -0.00194132 0.00083624 0.000427786 -0.00221695 2.00764e-05 0.00186511 0.00413053 0.0091941 0.000784474
internal_weight=30535 11014 2141 358 121 98 237 19521 19294 1494 17800 1855 263 45 218 1592 782 163 40 15945 1939 1118 821 783 1096 747 335 209 88 121
internal_count=30535 11014 2141 358 121 98 237 19521 19294 1494 17800 1855 263 45 218 1592 782 163 40 15945 1939 1118 821 783 1096 747 335 209 88 121
cat_boundaries=0 1 2 3 4
cat_threshold=133122 2350 56541696 1180
is_linear=0
shrinkage=0.05


Tree=125
num_leaves=31
num_cat=3
split_feature=47 16 14 50 49 13 38 35 31 40 35 34 24 24 32 2 13 50 16 34 43 49 26 4 5 43 49 12 47 1
split_gain=0.598282 1.17566 0.945111 0.885693 1.93905 0.967905 0.830022 0.799185 0.885076 1.27186 1.31844 0.840518 0.838293 0.721378 1.59717 0.750565 1.20458 0.97274 0.720077 1.00462 1.04931 1.25863 1.01655 0.940013 0.928325 1.02987 1.05173 1.39411 0.88983 1.19092
threshold=29.050000000000004 0 1 6.5500000000000007 16.400000000000002 -0.82964644928663578 -2.1666666666666852 24.120069580272105 1.1775681155103797 63.500000000000007 12.985025486114575 93.416666666666671 18.825891473722283 4.7254561066028433 1010.4166666666669 1.5500000000000003 0.57939975305425506 0.35000000000000003 2 50.166666666666679 26.750000000000004 23.200000000000003 29.016666666666669 0.38000000000000006 0.79651257511234419 30.550000000000004 14.600000000000003 -0.27947533894953891 25.250000000000004 0.55000000000000016
decision_type=8 9 1 10 10 2 10 2 2 10 2 2 2 2 2 10 2 10 9 2 10 10 2 2 2 10 10 2 10 2
left_child=3 -2 6 18 5 -5 -3 8 13 10 11 -10 -11 14 -4 -15 -17 -18 -1 -20 -21 22 23 -22 25 26 28 -28 29 -25
right_child=1 2 7 4 -6 -7 -8 -9 9 12 -12 -13 -14 15 -16 16 17 -19 19 20 21 -23 -24 24 -26 -27 27 -29 -30 -31
leaf_value=2.829754173055845e-06 -0.012267568596475962 0.046528651492296992 -0.0012818538868581619 0.096670770212840373 0.10433318560147727 -0.014208098927357554 -0.023957008335195609 -0.015826597874395606 0.34918566157970221 -0.012921490995895173 0.011847007298568624 0.03364247555021721 0.14925389505365094 -0.0026107888998762978 0.021489930403897951 -0.0002515060656784615 0.18031810297683318 0.012205631693220483 -0.012025860674489769 -0.0014051318578981072 -0.0094701540165056317 0.064748992125799251 0.12083500565363153 0.14355461484272189 -0.0154145126148411 -0.069401914176967949 0.34339860006043693 0.071571730212956403 -0.011337937107831195 0.22650736393522691
leaf_weight=16418 450 28 54 21 22 43 414 331 30 102 37 27 33 1244 38 70 26 22 572 9876 292 35 35 20 151 25 23 27 55 50
leaf_count=16418 450 28 54 21 22 43 414 331 30 102 37 27 33 1244 38 70 26 22 572 9876 292 35 35 20 151 25 23 27 55 50
internal_value=-0.000256943 -0.000939405 -0.000498764 -0.000185253 0.00487805 0.000468018 -0.00256581 -3.45845e-05 0.000406986 0.0032955 0.0077577 0.0125219 0.000185047 -4.81409e-05 0.00423453 -0.000337715 0.00347163 0.00956341 -0.000201059 -0.000510694 -0.000400885 0.00145141 0.000973307 0.000520913 0.00226431 0.00449775 0.0058538 0.011976 0.00339728 0.00713267
internal_weight=30571 2906 2456 27665 86 64 442 2014 1683 229 94 57 135 1454 92 1362 118 48 27579 11161 10589 713 678 643 351 200 175 50 125 70
internal_count=30571 2906 2456 27665 86 64 442 2014 1683 229 94 57 135 1454 92 1362 118 48 27579 11161 10589 713 678 643 351 200 175 50 125 70
cat_boundaries=0 1 2 3
cat_threshold=385074 532 34966038
is_linear=0
shrinkage=0.05


Tree=126
num_leaves=31
num_cat=6
split_feature=47 16 50 11 12 16 34 37 14 48 37 31 30 27 14 37 42 16 34 44 39 9 26 31 14 40 7 29 27 27
split_gain=0.696898 1.00151 0.928473 1.00063 1.28681 0.767719 0.902856 0.795924 1.05541 0.802848 1.12943 1.40822 0.755512 0.715123 1.07894 1.18176 1.58185 0.932548 1.25316 1.16346 0.895347 0.889731 0.815678 0.724068 1.24511 1.25864 1.29057 1.47349 1.17813 1.25519
threshold=29.050000000000004 0 6.8500000000000005 -0.60355339059327384 -0.22967928072195901 1 50.166666666666679 0.88595856345588353 2 81.500000000000014 0.93545903606347325 0.42426406871192812 24.31666666666667 0.86409875978771444 3 0.2033846652406876 0.15000000000000005 4 91.583333333333357 70.500000000000014 32.95000000000001 6.5000000000000009 29.016666666666669 0.69442222186665625 5 46.500000000000007 0.45000000000000007 5.8402781549397442 0.68231194397575501 0.70395706939809621
decision_type=8 9 10 2 2 9 2 2 1 8 2 2 2 2 1 2 10 9 2 10 10 2 2 2 1 8 2 2 2 2
left_child=2 12 5 -4 -5 -1 -7 13 9 -9 -11 -12 -2 20 15 17 21 18 19 -15 22 -17 23 -8 25 26 27 -25 -26 -30
right_child=1 -3 3 4 -6 6 7 8 -10 10 11 -13 -14 14 -16 16 -18 -19 -20 -21 -22 -23 -24 24 28 -27 -28 -29 29 -31
leaf_value=2.0871338057929829e-06 -0.012608423433867392 -0.0023389435826529966 -0.020145267135451051 0.056091160572572199 0.098869393025884517 -0.011424567640765281 -0.0013886062363740492 -0.0038772865184565335 -0.0070140650694164725 -0.00043768746968609923 -0.0039445850898295722 0.023182673906934761 0.014847580824225366 0.0027654417791803981 -0.0062169996827370275 0.067495059948291442 0.056413682217250086 -0.014928183662081091 -0.0077211322085524413 0.049797490422375523 0.030017964963748742 -0.0079535643913449857 0.14579683363471627 0.012829259750218988 -0.0035399199952192806 0.0069597633996890222 0.0016848684527877231 0.099991100304990574 0.027636006113645469 0.013731371816811189
leaf_weight=16424 426 2456 25 32 21 572 5513 139 537 48 25 39 24 35 1593 27 34 261 46 26 24 90 20 22 908 877 35 24 47 221
leaf_count=16424 426 2456 25 32 21 572 5513 139 537 48 25 39 24 35 1593 27 34 261 46 26 24 90 20 22 908 877 35 24 47 221
internal_value=-0.000271663 -0.00100823 -0.000194289 0.00524968 0.00913371 -0.000209701 -0.000529398 -0.000425358 -0.00195407 0.000746839 0.00392507 0.00826833 -0.00315149 -0.000302457 -0.00111737 0.00085995 0.0045996 -0.000651998 0.00311699 0.00810147 -7.86635e-05 0.00183604 -0.000108908 -0.000135347 0.000646641 0.00197294 0.00795314 0.013449 -0.000446844 0.00246177
internal_weight=30571 2906 27665 78 53 27587 11163 10591 788 251 112 64 450 9803 2112 519 151 368 107 61 7691 117 7667 7647 2134 958 81 46 1176 268
internal_count=30571 2906 27665 78 53 27587 11163 10591 788 251 112 64 450 9803 2112 519 151 368 107 61 7691 117 7667 7647 2134 958 81 46 1176 268
cat_boundaries=0 1 2 3 4 5 6
cat_threshold=385074 34966038 1050 770 524384 6816
is_linear=0
shrinkage=0.05


Tree=127
num_leaves=31
num_cat=5
split_feature=47 16 14 16 53 34 37 14 48 36 29 10 48 26 41 34 6 6 27 12 29 29 36 10 37 51 12 31 31 16
split_gain=0.59119 1.05916 0.872271 0.833565 0.904118 0.770689 0.817673 1.00812 0.8763 1.19766 0.765767 0.758675 0.742126 0.855948 0.743746 1.62701 1.40199 1.00829 0.942462 0.861055 0.799095 2.00967 1.1048 0.938758 1.13678 1.41234 1.24071 1.24981 1.73536 0.823184
threshold=29.050000000000004 0 1 2 7.2000000000000028 50.166666666666679 0.88595856345588353 3 81.500000000000014 -0.04050421338444022 7.3861388008778999 -0.9159756150367534 87.500000000000014 29.216666666666672 0.90000000000000013 89.166666666666671 0.35000000000000003 0.75000000000000011 0.63420991968134866 -0.99937381720471408 4.9777156621411853 4.6784206501525132 -0.17233169610687135 0.78656609248549325 -0.57383803962770685 0.99999999999999944 0.1708297432253443 0.30912061651652373 0.60184900284225928 4
decision_type=8 9 1 9 10 2 2 1 10 2 2 2 8 2 10 2 2 2 2 2 2 2 2 2 2 10 2 2 2 9
left_child=3 -2 -3 -1 5 -5 12 8 11 10 -10 -8 13 -7 15 18 -17 -18 -14 -16 21 23 -23 29 -25 26 27 -26 -29 -21
right_child=1 2 -4 4 -6 6 7 -9 9 -11 -12 -13 14 -15 19 16 17 -19 -20 20 -22 22 -24 24 25 -27 -28 28 -30 -31
leaf_value=1.5577145824380457e-05 -0.010903809121427134 -0.021021090724917771 -0.00013512215973502609 -0.010792190127576987 -0.0043269095167789299 0.00028896816201453402 0.022675099972437888 -0.0066825947090541835 -0.0016008429431730116 0.064680739532771508 0.0031221976505085118 -0.0085915360819007417 0.0045841238423636067 0.18059125239560969 0.082636301529107808 -0.0042727027061151548 0.016685595505052737 -0.008244817091388067 0.082263347190217551 -0.0021689045133525997 -0.0055445012045291821 0.0040064895451294271 0.040433254045775607 -0.0041077892390479097 -0.001864328537632978 -0.0029060213401659392 -0.00098098993037972599 0.07570393999501375 0.0072735685163659294 -0.0076830160888737772
leaf_weight=16455 529 431 1946 498 1367 6369 21 454 57 32 22 124 24 24 22 128 23 22 22 717 477 22 22 156 23 63 33 30 21 437
leaf_count=16455 529 431 1946 498 1367 6369 21 454 57 32 22 124 24 24 22 128 23 22 22 717 477 22 22 156 23 63 33 30 21 437
internal_value=-0.000278205 -0.00095661 -0.000496419 -0.000206941 -0.000539212 -0.000372343 -0.000270196 -0.00190114 0.000638856 0.0040054 0.000695321 -0.00189525 -0.000136074 0.000138429 -0.000918783 0.00184847 -0.000375507 0.00720621 0.0101952 -0.00121843 -0.00132677 -0.000767667 0.00975057 -0.00108101 0.00128795 0.00411523 0.00760971 0.0112011 0.0155577 -0.00175028
internal_weight=30571 2906 2377 27665 11210 9843 9345 710 256 111 79 145 8635 6393 2242 219 173 45 46 2023 2001 1524 44 1480 326 170 107 74 51 1154
internal_count=30571 2906 2377 27665 11210 9843 9345 710 256 111 79 145 8635 6393 2242 219 173 45 46 2023 2001 1524 44 1480 326 170 107 74 51 1154
cat_boundaries=0 1 2 3 4 5
cat_threshold=352310 532 34966038 1182 29888512
is_linear=0
shrinkage=0.05


Tree=128
num_leaves=31
num_cat=4
split_feature=2 48 27 12 12 16 49 36 26 51 11 13 52 23 51 37 11 24 28 16 43 37 31 16 11 30 11 53 36 16
split_gain=0.66398 0.894439 0.940729 1.20191 1.2132 1.12687 0.953015 1.35104 1.67917 0.93388 0.857271 2.21235 1.56324 1.811 1.7151 0.843923 0.838648 0.774617 0.732677 0.725327 0.838639 1.75493 0.705151 1.03056 1.12521 0.79406 2.0514 0.756037 0.754229 0.910777
threshold=0.35000000000000003 17.500000000000004 0.40276819911981931 0.82482438823869808 -0.97881962527324673 0 5.9000000000000012 0.059887033092833053 7.241666666666668 -8.8499999999999979 0.91597561503675351 -0.8905837001257676 -11.499999999999998 1.223605101021157 -0.20000000000000193 -0.087025251786503763 -0.98296291314453399 3.7684258443912961 99.166666666666671 1 0.25000000000000006 -0.35962988076378805 1.391242450313948 2 -0.70710678118654757 16.841666666666672 0.1294095225512602 10.700000000000003 0.89187398874303636 3
decision_type=8 8 2 2 2 9 10 2 2 10 2 2 10 2 10 2 2 2 2 9 10 2 2 9 2 2 2 10 2 9
left_child=1 -1 3 4 15 9 7 8 -5 -4 -11 -12 -13 14 -14 -3 -8 -6 22 -19 21 -21 28 24 -24 27 -27 -26 -2 -30
right_child=18 2 5 6 17 -7 16 -9 -10 10 11 12 13 -15 -16 -17 -18 19 -20 20 -22 -23 23 -25 25 26 -28 -29 29 -31
leaf_value=0.014645222921155747 0.00019389162435935118 0.020712714608599508 0.037193344948420977 0.0026954389209589303 -0.0042439789214858735 -0.0020603224416902016 0.064663516897808207 -0.0016298299955611753 0.027273619985071301 0.0001472413639849187 0.14805463751052036 0.053909889878256984 0.092163498953801395 -0.0060669404957018553 -0.0047210431075186124 -0.015235126886493861 -0.0018128268603369102 -0.0098647623357559517 0.0090203370309716365 0.01030966803380857 -0.0029243466897920724 -0.0097720977678153239 -0.0071785038339029841 -0.0056130708206355469 0.00066466209033563524 0.054411006494865549 -0.047426080065122528 0.030921055308866331 0.00077199059267099698 -0.0085044474531019553
leaf_weight=20 16033 61 22 28 379 5608 26 45 37 1964 21 32 27 164 25 54 384 509 38 26 1606 22 132 1100 185 22 25 33 794 1149
leaf_count=20 16033 61 22 28 379 5608 26 45 37 1964 21 32 27 164 25 54 384 509 38 26 1606 22 132 1100 185 22 25 33 794 1149
internal_value=-0.000278205 -0.000587699 -0.00060688 -0.00133298 -0.0017632 -0.000313491 0.000865217 0.00499546 0.00960061 0.00062911 0.000530651 0.00317726 0.00185409 0.000323923 0.0084453 0.00325804 -0.000243844 -0.00199048 -0.000102763 -0.00162498 -0.00109369 0.0054054 -0.000116315 -0.00115891 0.0010194 0.00292342 0.00881104 0.00165062 -2.94848e-05 -0.000959808
internal_weight=30571 11060 11040 3177 2657 7863 520 110 65 2255 2233 269 248 216 52 115 410 2542 19511 2163 1654 48 19473 1497 397 265 47 218 17976 1943
internal_count=30571 11060 11040 3177 2657 7863 520 110 65 2255 2233 269 248 216 52 115 410 2542 19511 2163 1654 48 19473 1497 397 265 47 218 17976 1943
cat_boundaries=0 1 2 3 4
cat_threshold=1147398 17170516 9523714 22315588
is_linear=0
shrinkage=0.05


Tree=129
num_leaves=31
num_cat=4
split_feature=2 48 27 12 16 16 36 43 12 31 14 43 24 36 38 24 34 47 51 36 39 43 31 16 34 11 38 30 32 32
split_gain=0.656981 0.894439 0.860937 0.969677 0.93728 0.812737 0.810302 0.846388 0.799846 0.942364 0.752874 1.4442 2.09112 1.94466 1.38876 2.13406 2.52004 0.99338 1.17921 0.945927 2.45602 0.819938 0.719979 0.894565 0.89996 0.867088 0.968197 1.02421 0.7442 0.931054
threshold=0.35000000000000003 17.500000000000004 0.40276819911981931 0.82482438823869808 0 1 0.83879474162647139 10.950000000000001 -0.97881962527324673 0.8602325267042632 2 5.4500000000000011 4.7254561066028433 -0.051902215076503826 -2.0999999999999654 7.152878051096816 89.166666666666671 17.650000000000002 4.5000000000000036 -0.97544154861436871 21.050000000000004 2.2500000000000004 1.391242450313948 3 99.583333333333357 -0.70710678118654757 0.8666666666667312 16.841666666666672 998.11666666666679 995.01666666666677
decision_type=8 8 2 2 9 9 2 10 2 2 1 10 2 2 10 2 2 10 10 2 8 10 2 9 2 2 10 2 2 2
left_child=1 -1 3 8 6 -4 -5 -8 9 -3 11 12 21 -14 15 -13 -17 -16 -19 20 -12 -7 -2 24 25 -24 27 -27 29 -25
right_child=22 2 5 4 -6 10 7 -9 -10 -11 19 14 13 -15 17 16 -18 18 -20 -21 -22 -23 23 28 -26 26 -28 -29 -30 -31
leaf_value=0.013912961775097968 -4.4966823953298652e-05 -0.00038450593593292192 0.00074566326925471556 -0.0063362406701959863 0.012129247166880274 -0.003271188458892486 -0.0016612994410519846 0.0054538004668339361 -0.0040686019049770645 0.090579449016706989 -0.0036323570128421762 -0.011680833171768101 0.0054455367455440796 0.038268291436114238 -0.0066355318993594516 -0.00094161640452865986 0.14702619898779742 -0.00028324048949483646 0.07391332269750088 -0.0033091235702799519 0.10665846867512135 0.0084084336538730528 -0.010847732731051208 -0.002127198796258003 0.019121955625082829 0.010249140709378463 -0.019467135840661395 0.14206955622400116 -0.005766973312809758 0.093981490985216687
leaf_weight=20 18014 90 2255 190 280 62 29 21 2542 25 62 46 39 31 332 27 30 398 20 4493 32 36 125 21 27 139 38 37 1090 20
leaf_count=20 18014 90 2255 190 280 62 29 21 2542 25 62 46 39 31 332 27 30 398 20 4493 32 36 125 21 27 139 38 37 1090 20
internal_value=-0.000279841 -0.000587699 -0.00060688 -0.0013015 0.000672946 -0.000326208 -0.00159936 0.00399201 -0.00168793 0.00238923 -0.000647907 0.000577052 0.00481856 0.0114123 -0.000252023 0.00518914 0.0116462 -0.000999868 0.00062186 -0.000921234 0.00403826 0.000101936 -0.000105326 -0.00115891 0.00098378 0.000309642 0.00224194 0.00380466 -0.00184471 0.00474452
internal_weight=30571 11060 11040 3177 520 7863 240 50 2657 115 5608 1021 168 70 853 103 57 750 418 4587 94 98 19511 1497 366 339 214 176 1131 41
internal_count=30571 11060 11040 3177 520 7863 240 50 2657 115 5608 1021 168 70 853 103 57 750 418 4587 94 98 19511 1497 366 339 214 176 1131 41
cat_boundaries=0 1 2 3 4
cat_threshold=14354480 1147398 2052 9458178
is_linear=0
shrinkage=0.05


Tree=130
num_leaves=31
num_cat=4
split_feature=27 36 35 45 49 14 35 16 34 35 23 31 13 53 27 12 24 37 14 3 41 36 35 35 10 43 26 34 16 53
split_gain=0.707026 1.01155 0.809074 1.14418 0.981925 0.820622 1.28235 0.932646 1.06143 0.92071 0.623958 0.621462 0.76426 0.559461 0.590083 0.975889 0.551264 0.547387 1.0738 1.61864 1.09191 2.06264 1.96051 1.06019 1.08828 1.04414 0.897414 0.850662 1.7208 1.1951
threshold=1.6499999999999992 0.069374340482214733 30.419290150436922 16.400000000000002 9.3500000000000032 0 1.5664965809277263 1 79.416666666666671 10.85765413253023 5.517473614095243 2.4500000000000011 -0.57240397273781507 -16.799999999999994 1.6241213899285165 -0.54389891703310034 4.2109958236137706 0.88595856345588353 2 0.75000000000000011 14.200000000000001 0.20882818748538143 7.0197853469904805 19.505340417774601 -0.37940952255126059 14.65 25.916666666666675 86.416666666666671 3 1.7999999999999983
decision_type=2 2 2 10 10 1 2 9 2 2 2 2 2 10 2 2 2 2 1 2 10 2 2 2 2 10 2 2 9 10
left_child=13 2 5 4 -4 16 -7 8 -8 -10 -11 -3 -13 -1 17 -16 -2 -15 19 20 22 25 -19 24 -24 -22 27 28 29 -20
right_child=1 11 3 -5 -6 6 7 -9 9 10 -12 12 -14 14 15 -17 -18 18 26 -21 21 -23 23 -25 -26 -27 -28 -29 -30 -31
leaf_value=-0.0033824001164514598 0.0074199094837014284 -0.014370756565730917 0.076497151698739996 0.084263802975416455 -0.015536067295880741 0.10397139489139283 -0.0068668046013034391 -0.011478875301172147 -0.0046356854972958248 0.033745345746360643 0.056789850751868889 0.1377770792674014 -0.0059013005712905738 -0.00029998123209533573 0.044631278746154676 -0.0058274814264668469 -0.011074710318062585 -0.0078045427866634473 0.053837671984820014 -0.0067421024539923687 -0.0064321261045758877 0.086193672367245247 0.06429632743987973 -0.0021125482608401226 0.011504406381904001 0.068522003498197537 0.0060692933797142122 -0.0052052432372657678 -0.0083003957515916053 0.00037066323559535315
leaf_weight=682 21 557 25 20 39 38 42 216 23 23 22 20 36 26060 22 33 200 79 52 118 39 20 37 24 37 27 397 1402 190 53
leaf_count=682 21 557 25 20 39 38 42 216 23 23 22 20 36 26060 22 33 200 79 52 118 39 20 37 24 37 27 397 1402 190 53
internal_value=-0.000262486 -0.00141175 -6.72557e-05 0.00451843 0.00124805 -0.000726373 0.000748462 -0.000245325 0.00333056 0.00748899 0.0116408 -0.00287881 0.00213904 -0.000212149 -0.000178385 0.00499092 -0.00305063 -0.000188366 -0.000898955 0.00152135 0.00374382 0.00836237 0.00149633 0.00621814 0.00917679 0.00408472 -0.00134024 -0.00184727 0.000593018 0.00543006
internal_weight=30554 1282 669 84 64 585 364 326 110 68 45 613 56 29272 28590 55 221 28535 2475 381 263 86 177 98 74 66 2094 1697 295 105
internal_count=30554 1282 669 84 64 585 364 326 110 68 45 613 56 29272 28590 55 221 28535 2475 381 263 86 177 98 74 66 2094 1697 295 105
cat_boundaries=0 1 2 3 4
cat_threshold=4220 8437856 1040 1049136
is_linear=0
shrinkage=0.05


Tree=131
num_leaves=31
num_cat=5
split_feature=32 51 14 16 16 52 27 40 30 53 3 4 10 29 51 16 23 12 53 48 13 7 37 32 48 16 50 51 4 27
split_gain=0.765584 1.27413 1.16191 1.42574 1.17742 1.47004 1.31954 1.54526 1.66262 1.28685 0.976947 1.99401 1.12308 1.13356 1.13258 1.10584 1.45588 2.16551 1.16017 1.08821 0.975579 1.38893 1.15915 0.972977 1.1539 1.08121 1.49141 1.16703 1.59433 0.947017
threshold=1011.5583333333335 -3.5999999999999983 0 1 2 17.500000000000004 0.46427960923947065 93.500000000000014 10.616666666666669 1.8999999999999997 1.0000000180025095e-35 0.14166666666666669 -0.70710678118654735 10.692665260751994 1.0000000000000009 3 3.5832945967114913 -0.13690605792347518 3.7000000000000011 95.500000000000014 -0.98053927088909909 0.75000000000000011 -0.17148869471019199 1024.7833333333335 52.500000000000007 4 2.5500000000000003 -2.1999999999999971 1.541666666666667 1.1925663124871957
decision_type=2 10 1 9 9 10 2 10 2 10 2 2 2 2 10 9 2 2 10 10 2 2 2 2 10 9 10 10 2 2
left_child=-1 -2 3 -3 20 -6 7 8 -7 -10 12 15 -5 14 19 16 17 -12 -18 -14 21 22 -4 24 -13 26 27 28 -26 -27
right_child=1 2 4 10 5 6 -8 -9 9 -11 11 23 13 -15 -16 -17 18 -19 -20 -21 -22 -23 -24 -25 25 29 -28 -29 -30 -31
leaf_value=-9.9470977608503273e-05 -0.0058192600001647204 -0.0035426708718482251 -0.00037868906041207268 -0.010043144626244678 -0.0016608880695005318 0.00079556259423769647 0.00046020925394229937 -0.0031268104981647935 0.12919243371907982 0.1267327784710037 0.10786227947094769 -0.0094599094996695599 0.0006647876623100831 0.049060643530412694 -0.012064785353412461 0.0081507336637043366 -0.0024903958488124269 0.0068965187342352524 0.043086029153025354 0.054749512836748851 -0.0068682523966966088 -0.014655166465436565 0.014337743054259248 -0.0037843804073536824 0.0034207367569038458 0.01952751491472958 0.031666349786119388 -0.0010073564730190309 0.040499723526790585 -0.0031977127138418876
leaf_weight=17935 1220 1084 20 232 3576 38 221 36 29 34 29 277 338 41 212 326 50 23 21 33 2830 46 29 162 93 511 26 987 23 72
leaf_count=17935 1220 1084 20 232 3576 38 221 36 29 34 29 277 338 41 212 326 50 23 21 33 2830 46 29 162 93 511 26 987 23 72
internal_value=-0.000255941 -0.00055432 -0.000389944 0.000230763 -0.00079996 -0.000233261 0.00282044 0.00667396 0.00984174 0.0148177 0.000727041 0.00121149 -0.000735897 0.000368529 -0.000197223 0.00424182 0.00815176 0.0151631 0.00414908 0.00146861 -0.00155872 0.00341745 0.0092668 0.000578772 0.000882307 0.00136674 0.000443331 0.000167708 0.00490956 0.00309391
internal_weight=30554 12619 11399 4540 6859 3934 358 137 101 63 3456 2600 856 624 583 449 123 52 71 371 2925 95 49 2151 1989 1712 1129 1103 116 583
internal_count=30554 12619 11399 4540 6859 3934 358 137 101 63 3456 2600 856 624 583 449 123 52 71 371 2925 95 49 2151 1989 1712 1129 1103 116 583
cat_boundaries=0 1 2 3 4 5
cat_threshold=3212 4403266 25703024 17580048 59033600
is_linear=0
shrinkage=0.05


Tree=132
num_leaves=31
num_cat=3
split_feature=32 51 27 44 52 5 16 9 4 47 48 33 12 16 24 47 55 33 33 37 39 2 48 34 16 12 35 5 11 5
split_gain=0.83887 0.981704 0.958476 1.37784 0.920513 2.30987 0.839817 0.914359 1.4696 0.913008 1.11487 1.0775 0.837475 0.813637 0.770349 0.885696 1.25263 1.07508 0.966331 0.86884 0.946447 0.806228 0.956359 1.32501 0.721298 1.14654 1.49827 0.971557 1.44881 1.3934
threshold=1011.5583333333335 -3.5999999999999983 1.3816254517375148 98.500000000000014 38.500000000000007 0.094280904158206405 0 14.500000000000002 0.58333333333333359 8.6500000000000004 47.500000000000007 0.14142135623731489 0.99863729997741479 1 19.542208374385734 23.950000000000003 55.416666666666679 0.90154057280480526 0.32829089846237741 -0.98416629917203557 26.050000000000004 0.45000000000000007 49.500000000000007 96.583333333333357 2 -0.99863729997741457 14.406769944101594 0.52173941556879466 -0.5 0.89969125210773493
decision_type=2 10 2 10 10 2 9 2 2 10 10 2 2 9 2 10 2 2 2 2 10 10 10 2 9 2 2 2 2 2
left_child=24 6 4 13 12 -6 7 8 9 -2 -11 -12 14 -4 15 16 -3 19 -18 20 -17 22 -19 -24 25 26 -1 -27 -29 -30
right_child=1 2 3 -5 5 -7 -8 -9 -10 10 11 -13 -14 -15 -16 17 18 21 -20 -21 -22 -23 23 -25 -26 27 -28 28 29 -31
leaf_value=-0.010834608393419425 -0.0042125223130993275 -0.00034189411299360588 0.00072122439061869127 0.084627675632111224 -0.011304315490712145 0.14714835124483741 -0.0077104768575574469 -0.012264531289008316 0.035377570824412521 -0.0028158616627311974 0.029978354012288308 0.0031725981666503433 -0.015104119736538463 -0.010250938621232837 0.079423552907822423 -0.01986904222534296 -0.0051233210935647403 0.25922661322163576 0.059026479662497001 -0.013342310242688244 0.12805866943620983 -0.033380178504550197 -0.020539867435728471 0.14115743356967814 -0.00046024783296317234 -7.4453397373393061e-05 0.22535902004007033 -0.010110475881053696 0.06497992963122283 0.0076123160046367199
leaf_weight=31 56 8743 227 23 20 21 926 120 23 33 20 42 115 766 38 22 23 20 34 1189 24 56 51 27 14837 2189 29 252 305 292
leaf_count=31 56 8743 227 23 20 21 926 120 23 33 20 42 115 766 38 22 23 20 34 1189 24 56 51 27 14837 2189 29 252 305 292
internal_value=-0.000265759 -0.000578093 -0.000433807 -0.00189942 -0.000290377 0.00717761 -0.00192607 0.00042749 0.00275703 0.000959628 0.00394322 0.0078905 -0.000320052 -0.00218004 -0.000272317 -0.00029885 -0.000113636 -0.00147218 0.00726795 -0.0019634 0.00477223 0.00246593 0.00519878 0.00268886 -4.60004e-05 0.000646696 0.00748752 0.000513478 0.00194912 0.0032909
internal_weight=30554 12619 11399 1016 10383 41 1220 294 174 151 95 62 10342 993 10227 10189 8800 1389 57 1235 46 154 98 78 17935 3098 60 3038 849 597
internal_count=30554 12619 11399 1016 10383 41 1220 294 174 151 95 62 10342 993 10227 10189 8800 1389 57 1235 46 154 98 78 17935 3098 60 3038 849 597
cat_boundaries=0 1 2 3
cat_threshold=1736770 5537794 8655360
is_linear=0
shrinkage=0.05


Tree=133
num_leaves=31
num_cat=4
split_feature=32 43 16 13 47 45 29 12 48 12 43 32 5 38 16 13 7 46 29 42 14 11 15 34 10 36 10 16 4 26
split_gain=0.902499 0.896097 1.43231 1.61655 1.10941 1.03768 1.04853 1.37361 0.932182 1.32724 1.49389 2.09949 1.00253 0.971997 1.13734 1.48941 1.36639 1.27474 1.12042 0.992398 0.982231 1.21197 1.9589 0.982216 2.46522 1.07165 0.983067 0.967542 0.965267 0.949184
threshold=1011.5583333333335 18.050000000000004 0 -0.99963164097526602 10.550000000000002 1.9000000000000001 3.17859624443807 -0.84374447618434878 83.500000000000014 -0.99275167208229986 17.050000000000004 1014.1166666666668 0.70553192529232189 -0.69999999999987483 1 -0.97322851985520697 0.35000000000000003 0.45000000000000007 2.2586347517122229 0.25000000000000006 2 -0.9159756150367534 2022.5000000000002 99.833333333333357 0.37940952255126054 -0.4550395604092225 0.91597561503675362 3 0.25833333333333336 18.216666666666672
decision_type=2 8 9 2 8 8 2 2 10 2 10 2 2 10 9 2 2 10 2 10 1 2 2 2 2 2 2 9 2 2
left_child=-1 8 4 -4 -3 6 -5 -8 9 10 -2 -12 13 -11 16 17 20 28 19 -18 -15 22 -22 25 -25 26 -17 -10 -16 -20
right_child=1 2 3 5 -6 -7 7 -9 27 12 11 -13 -14 14 15 23 18 -19 29 -21 21 -23 -24 24 -26 -27 -28 -29 -30 -31
leaf_value=-9.8953251696745544e-05 0.011545660082579665 0.10214438691541228 0.0086460629086980174 -0.017122780277527075 -0.011621971682503085 -0.0030601079288385784 0.081486818059515312 0.15251580477550944 -0.00053752751493479683 -0.0021579428574534901 0.25983364860616626 0.0041571296198140463 -0.01090832306651994 -0.003063016746734498 0.015946339003018957 0.00070008695329033604 -0.0023436639772476914 0.038910647676566164 0.018557976391288242 0.03229823022876778 -0.00063363579775112624 0.001037330940941026 0.035900706982974449 -0.0048899730939495172 0.051306814571026038 -0.0056643621633324301 0.033551605688214671 -0.0033615834422924713 -0.0038869576361979341 0.077996824084554939
leaf_weight=17935 198 21 22 23 1989 2283 22 20 2215 1293 21 27 392 318 30 350 173 32 553 30 31 362 40 43 28 770 26 1249 38 20
leaf_count=17935 198 21 22 23 1989 2283 22 20 2215 1293 21 27 392 318 30 350 173 32 553 30 31 362 40 43 28 770 26 1249 38 20
internal_value=-0.000273942 -0.000597904 -0.00117577 -0.000336122 -0.00215336 -0.000464206 0.00576037 0.0104513 -0.000290688 0.000162299 0.00373832 0.0116424 -3.20164e-05 0.000196997 0.000713757 -0.00036546 0.0016362 0.0054945 0.00311815 -7.38564e-05 0.00012648 0.00165877 0.00766526 -0.000850383 0.00485232 -0.00120408 0.00098378 -0.000915102 0.00161527 0.00424882
internal_weight=30554 12619 4380 2370 2010 2348 65 42 8239 4775 246 48 4529 4137 2844 1317 1527 100 776 203 751 433 71 1217 71 1146 376 3464 68 573
internal_count=30554 12619 4380 2370 2010 2348 65 42 8239 4775 246 48 4529 4137 2844 1317 1527 100 776 203 751 433 71 1217 71 1146 376 3464 68 573
cat_boundaries=0 1 2 3 4
cat_threshold=17054246 5085202 4528 18254374
is_linear=0
shrinkage=0.05


Tree=134
num_leaves=31
num_cat=5
split_feature=32 27 44 51 14 16 30 16 41 49 12 12 52 38 35 45 3 23 27 16 11 3 33 37 44 51 44 16 11 53
split_gain=0.872987 0.753217 0.957329 0.819302 0.938456 1.10405 1.07598 1.19763 1.10897 1.59397 1.54353 1.10677 1.03876 0.9844 0.813864 1.54163 1.57276 1.57525 0.798911 1.07126 1.04592 1.78239 0.832867 1.62177 1.51316 0.792627 0.775267 1.33705 2.84868 2.5308
threshold=1011.5583333333335 1.5000000000000007 98.500000000000014 -3.5999999999999983 0 1 11.416666666666668 2 22.850000000000005 4.5000000000000009 -0.97326437370038243 0.0085831648773537477 27.500000000000004 0.066666666666662891 20.505080041943444 10.600000000000003 1.0000000180025095e-35 4.6314378838360666 0.29439202887759525 3 -0.37940952255126015 0.45000000000000007 0.46427960923949874 0.25133187717258265 64.500000000000014 -2.9999999999999982 65.500000000000014 4 -0.70710678118654757 -3.6000000000000001
decision_type=2 2 10 10 1 9 2 9 10 10 2 2 10 10 2 10 2 2 2 9 2 2 2 2 10 10 8 9 2 10
left_child=-1 3 -3 -2 5 14 8 -8 18 -10 -11 -12 -9 -14 -5 16 -16 -18 25 20 21 22 23 -20 -25 -6 27 28 29 -7
right_child=1 2 -4 4 6 26 7 12 9 10 11 -13 13 -15 15 -17 17 -19 19 -21 -22 -23 -24 24 -26 -27 -28 -29 -30 -31
leaf_value=-9.4005589111903389e-05 -0.00510807236654914 -0.0070808647587492822 0.077167422424744808 -0.0042008157489598361 0.0095493541243394306 0.00017388188870062738 -0.015846180586406317 -0.0062427208275258666 0.021490795956761635 0.054974192376412462 -0.0082671805342931209 0.0092243768347168627 -0.027841336566489568 0.11312990870126283 0.0035555982324247623 -0.0047871413353393595 0.056109575827999837 0.0017723915145837071 -0.012186219947081092 -0.0011874005119000377 -0.00011573947000970875 0.038573486960535745 0.03194707710085827 0.027967934851603593 -0.0022830894512078912 -0.0052696824728928398 0.000319420119940866 0.0012003595245095025 0.0074616333801976872 0.049460344732817602
leaf_weight=17935 1128 819 23 1321 26 20 712 1869 25 24 100 115 21 34 54 118 24 23 75 1691 198 27 24 21 21 594 2609 598 266 39
leaf_count=17935 1128 819 23 1321 26 20 712 1869 25 24 100 115 21 34 54 118 24 23 75 1691 198 27 24 21 21 594 2609 598 266 39
internal_value=-0.000267396 -0.000586018 -0.00203064 -0.000482718 -0.000346979 0.000145608 -0.000793794 -0.00152877 -0.000137705 0.00295343 0.00169385 0.000348674 -0.000863452 0.00589837 -0.000967681 0.00184847 0.00637982 0.0130573 -0.000442644 3.15967e-05 0.00244616 0.00541344 0.00315379 0.00140905 0.00926366 -0.00201581 0.000632392 0.00187954 0.00440167 0.014467
internal_weight=30554 12619 842 11777 10649 5072 5577 2636 2941 264 239 215 1924 55 1540 219 101 47 2677 2057 366 168 141 117 42 620 3532 923 325 59
internal_count=30554 12619 842 11777 10649 5072 5577 2636 2941 264 239 215 1924 55 1540 219 101 47 2677 2057 366 168 141 117 42 620 3532 923 325 59
cat_boundaries=0 1 2 3 4 5
cat_threshold=3244 4665410 17045536 8667170 50331668
is_linear=0
shrinkage=0.05


Tree=135
num_leaves=31
num_cat=5
split_feature=4 52 16 46 34 34 33 52 14 16 44 37 48 53 49 51 33 37 27 26 5 34 3 14 16 2 34 5 6 47
split_gain=0.677237 0.844335 0.841995 0.977414 0.941691 1.36031 0.863185 0.803932 0.866415 0.914067 0.962231 0.762527 0.829387 0.749829 0.740534 0.871336 1.15435 0.715156 0.827336 0.915749 0.818585 0.831298 0.869282 0.723032 0.995964 1.51766 1.45032 1.37289 1.75674 1.0232
threshold=0.11333333333333336 -15.499999999999998 0 1.0500000000000003 79.583333333333357 84.583333333333357 0.70000000000001716 32.500000000000007 1 2 76.500000000000014 0.53565882796351416 53.500000000000007 14.450000000000003 3.8500000000000005 2.0999999999999996 0.14142135623731489 0.90679424529573371 0.44984562605386752 27.81666666666667 0.33495889939662077 88.583333333333357 0.35000000000000003 3 4 5.3500000000000005 86.166666666666671 0.62092539874768549 0.8500000000000002 7.1500000000000012
decision_type=2 10 9 8 2 2 2 10 1 9 10 2 10 8 8 10 2 2 2 2 2 2 2 1 9 10 2 2 2 10
left_child=1 2 3 4 -1 -6 -7 8 9 10 11 12 -3 14 15 16 -11 23 -19 -20 -21 -22 -23 24 -2 26 27 28 29 -26
right_child=17 7 -4 -5 5 6 -8 -9 -10 13 -12 -13 -14 -15 -16 -17 -18 18 19 20 21 22 -24 -25 25 -27 -28 -29 -30 -31
leaf_value=-0.0041275849358601725 -0.0036040755203404664 -0.0047830679578101882 -0.0096396723261274412 -0.009726044716886928 0.034341216767113221 -0.00092806258868893094 0.10772604463684683 -0.0092017256403661429 -0.0019901852825241467 0.041934178155686931 -0.010556294352047711 -0.014360218426215852 0.019266988777313247 -0.0054712498113712151 0.0016960754841533782 0.078422876558225968 0.00041954826308187373 -0.0056319245958955048 -0.0023488837352891251 -0.001659649736823201 -0.029969739775154131 0.040456988528220661 0.16902717323693306 0.0003632200233591257 0.010344806788763559 0.11053571388335243 -0.0014274587703652169 -0.028900369255480614 0.13650694696680218 0.0071823312774606969
leaf_weight=140 3032 197 499 84 22 101 22 254 4153 49 346 105 319 64 1304 38 163 657 876 51 28 22 24 13330 86 41 3636 118 24 693
leaf_count=140 3032 197 499 84 22 101 22 254 4153 49 346 105 319 64 1304 38 163 657 876 51 28 22 24 13330 86 41 3636 118 24 693
internal_value=-0.000249032 -0.000648848 -0.00211957 -0.000250595 0.00113995 0.00396278 0.00190902 -0.000466242 -0.000362121 0.00035644 -0.000854571 0.000313958 0.00110444 0.00108101 0.00130622 0.00379848 0.00254597 -0.00011009 -0.00110971 -0.000204776 0.00379696 0.0071525 0.0112798 -3.10125e-05 -0.000418844 4.55707e-05 -4.05972e-05 0.00173162 0.00247167 0.00206007
internal_weight=30478 7860 868 369 285 145 123 6992 6738 2585 967 621 516 1618 1554 250 212 22618 1658 1001 125 74 46 20960 7630 4598 4557 921 803 779
internal_count=30478 7860 868 369 285 145 123 6992 6738 2585 967 621 516 1618 1554 250 212 22618 1658 1001 125 74 46 20960 7630 4598 4557 921 803 779
cat_boundaries=0 1 2 3 4 5
cat_threshold=29927428 236 21446676 1236 55451714
is_linear=0
shrinkage=0.05


Tree=136
num_leaves=31
num_cat=2
split_feature=4 13 16 43 37 27 39 36 34 42 16 44 53 43 29 11 33 45 44 47 39 43 24 38 5 36 41 11 34 11
split_gain=0.636265 0.70311 0.948149 1.10462 1.29751 1.13882 1.69006 1.81172 0.917897 2.74708 0.915395 1.32539 1.21066 1.7316 1.19659 1.36543 1.01251 1.0019 1.10616 0.898568 1.02719 0.869992 0.819302 0.888005 1.10973 0.808141 2.49007 0.882909 0.786349 1.18729
threshold=0.14166666666666669 -0.43165695018450106 0 6.9500000000000011 -0.087025251786503763 0.53953141390848469 4.8500000000000005 -0.062238769064666251 79.166666666666671 0.15000000000000005 1 99.500000000000014 -3.5999999999999983 24.950000000000003 9.4221941718521638 -0.60355339059327384 0.87305339024724837 8.1000000000000032 84.500000000000014 10.15 10.850000000000003 5.2500000000000009 9.5322503552313425 -0.35000000000007953 0.10000000000000007 0.76209635587767155 4.1500000000000012 -0.9159756150367534 92.166666666666671 0.78656609248549303
decision_type=2 2 9 8 2 2 10 2 2 8 9 10 10 10 2 2 2 10 10 10 10 10 2 10 2 2 10 2 2 2
left_child=1 10 3 4 5 -3 -7 -8 9 -6 11 19 13 14 17 -16 -15 18 -12 20 -1 -9 -14 -24 28 -21 -27 -28 29 -25
right_child=-2 2 -4 -5 8 6 7 21 -10 -11 12 -13 22 16 15 -17 -18 -19 -20 25 -22 -23 23 24 -26 26 27 -29 -30 -31
leaf_value=-0.0065590588457966198 -0.00023959539186009006 0.0011344454997816316 -0.0037788599421657342 -0.0022154214723589518 -0.00062944646001421322 0.0010829875869787641 0.0077337200622954322 0.053648956222176913 -0.0041431597495645749 0.033009235247146829 0.026217688838045955 0.09295743698487699 -0.0090021161433408402 -0.010568245822163045 0.019438166553136974 0.14448507228088853 0.030975107693905782 0.0079748131009692007 0.0011881175229362842 -0.0094316318360659034 0.041410327634333416 0.025063650117663941 -0.0080399467190477684 0.015933262252791194 0.070138473900791143 0.12732787118326014 0.023982777597090697 -0.0039561243898476031 -0.022133590772279138 0.10032229680563798
leaf_weight=25 21794 155 2388 2609 66 78 51 24 255 20 24 26 353 177 36 20 20 193 21 1275 21 28 305 177 21 26 27 158 56 49
leaf_count=25 21794 155 2388 2609 66 78 51 24 255 20 24 26 353 177 36 20 20 193 21 1275 21 28 305 177 21 26 27 158 56 49
internal_value=-0.000239189 -0.0006011 -0.000928783 -0.000373169 0.00142519 0.00362987 0.00632247 0.0105238 -0.000747583 0.00371661 1.66096e-05 -0.000822653 0.000916489 0.00294237 0.00537232 0.011943 -0.000684933 0.00382192 0.0105321 -0.00101821 0.00585683 0.0170825 -0.000109251 0.00100312 0.00291983 -0.00123141 0.0016343 -0.000405188 0.00209146 0.00340557
internal_weight=30478 8684 5674 3286 677 336 181 103 341 86 3010 1558 1452 491 294 56 197 238 45 1532 46 52 961 608 303 1486 211 185 282 226
internal_count=30478 8684 5674 3286 677 336 181 103 341 86 3010 1558 1452 491 294 56 197 238 45 1532 46 52 961 608 303 1486 211 185 282 226
cat_boundaries=0 1 2
cat_threshold=58943508 29452310
is_linear=0
shrinkage=0.05


Tree=137
num_leaves=31
num_cat=0
split_feature=32 43 37 12 3 37 43 44 30 12 34 50 13 38 32 44 40 37 41 41 36 49 5 32 31 49 1 33 51 2
split_gain=0.75097 1.0757 0.828617 0.843306 0.928672 1.14824 1.53195 0.800927 2.08403 1.46907 1.66318 0.916874 0.938469 1.07981 1.07467 0.938343 2.12543 0.912141 0.872022 1.52197 1.26362 0.926395 0.818897 0.934128 0.772601 0.739575 1.31288 0.885261 0.853298 1.18353
threshold=1011.5583333333335 18.050000000000004 -0.60076630929157693 -0.81002486285477515 0.35000000000000003 -0.97532933412343292 23.950000000000003 65.500000000000014 16.31666666666667 -0.99466323211226826 96.833333333333357 2.2500000000000004 0.98669422938859319 0.099999999999965908 1019.2166666666668 54.500000000000007 47.500000000000007 -0.34122636676478468 9.9000000000000004 5.6500000000000012 0.20882818748538143 3.8500000000000005 8.3266726846886753e-17 1019.6166666666668 0.16996731711975951 3.4000000000000008 0.95000000000000007 0.15000000000006256 1.1000000000000005 0.24000000000000005
decision_type=2 8 2 2 2 2 10 8 2 2 2 10 2 10 2 10 10 2 10 10 2 10 2 2 2 8 2 2 10 10
left_child=-1 7 3 -3 -5 6 -6 8 9 10 -2 12 13 -11 17 22 -17 -14 19 -18 -21 -20 23 -15 -7 26 27 -4 -27 -30
right_child=1 2 25 4 5 24 -8 -9 -10 11 -12 -13 14 15 -16 16 18 -19 21 20 -22 -23 -24 -25 -26 28 -28 -29 29 -31
leaf_value=-0.000143028857746704 0.044782790302306114 -0.013527310492222271 0.0255228198454596 -0.010786015770068371 -0.018938723337394825 0.040024288527403612 0.10052291205101396 -0.00079220043362715389 0.10405591551256328 -0.0025619139498950301 -0.00022925587410201691 0.010500121962262082 0.013514189484657324 -0.012255880571584887 0.039790502379165607 0.033566768042833296 -0.00035183638770002661 -0.017547425173293513 0.0086757467282651407 0.04520641672865143 0.0034452984327167364 -0.004849606361057259 -0.0027351889522323658 0.029599382418214217 -0.013415045788836587 -0.0060781962914865113 0.085895114425920405 -0.0089475204138209068 -0.0016059574665051079 0.050336758189919076
leaf_weight=17939 23 479 20 732 29 22 22 6400 21 908 27 28 32 22 23 32 77 27 20 38 46 191 237 28 271 2023 20 67 544 130
leaf_count=17939 23 479 20 732 29 22 22 6400 21 908 27 28 32 22 23 32 77 27 20 38 46 191 237 28 271 2023 20 67 544 130
internal_value=-0.000249032 -0.000545894 -0.00118029 -0.00210598 -0.00132887 0.000813716 0.00772994 -0.000207823 0.000730295 0.00054289 0.00898203 0.000295476 0.000145737 -0.000121945 0.00535932 0.00136738 0.00292007 0.00177665 0.00185434 0.00462446 0.00927467 -0.000260541 -0.000818531 0.00499002 -0.000392359 -0.000666882 0.00340803 0.000746267 -0.000828669 0.000712059
internal_weight=30478 12539 4359 1555 1076 344 51 8180 1780 1759 50 1709 1681 1599 82 691 404 59 372 161 84 211 287 50 293 2804 107 87 2697 674
internal_count=30478 12539 4359 1555 1076 344 51 8180 1780 1759 50 1709 1681 1599 82 691 404 59 372 161 84 211 287 50 293 2804 107 87 2697 674
is_linear=0
shrinkage=0.05


Tree=138
num_leaves=31
num_cat=2
split_feature=4 52 47 4 35 51 16 41 32 41 37 37 34 38 44 45 47 29 24 14 36 51 36 41 48 26 43 32 51 2
split_gain=0.795286 0.725619 0.635798 0.853157 0.7834 1.54588 1.27023 0.856724 1.32119 1.72203 1.75273 1.10751 1.0044 0.898117 1.07728 0.95002 0.843379 1.55804 1.45872 1.02003 1.17209 1.22859 0.954275 0.980213 1.04342 1.28283 1.29992 1.05306 1.56648 0.856805
threshold=0.11333333333333336 32.500000000000007 32.95000000000001 0.2166666666666667 14.406769944101594 -7.4999999999999973 0 16.800000000000001 1006.5416666666669 18.200000000000003 -0.076250994605715355 -0.53459214827176738 88.166666666666671 0.10000000000007959 87.500000000000014 16.650000000000002 2.8500000000000001 6.2890974207183605 4.7254561066028433 1 -0.4550395604092225 -3.4999999999999982 0.60691517311833276 7.3000000000000016 88.500000000000014 5.8166666666666673 10.350000000000003 1011.6416666666668 0.3499999999999997 9.4500000000000011
decision_type=2 8 10 2 2 8 9 10 2 10 2 2 2 10 10 10 8 2 2 1 2 10 2 10 10 2 10 2 10 8
left_child=1 -1 4 -4 -2 -6 -7 16 -9 10 11 -10 13 -11 15 -15 17 18 -8 20 -18 -22 23 -23 25 -25 -27 28 -28 -21
right_child=2 -3 3 -5 5 6 7 8 9 12 -12 -13 -14 14 -16 -17 19 -19 -20 29 21 22 -24 24 -26 26 27 -29 -30 -31
leaf_value=-0.0014208076521983696 -0.00043949409755085082 -0.0078854957655978483 0.040412127469443337 -0.026414461127383999 0.017790327760139973 -0.0030788183562826198 -0.0031460808131995722 -0.00099223624024483018 0.13194390632663619 -0.002102252258271728 0.078716935932576601 -0.007991763706721472 0.05724762157561613 0.035231826666762306 -0.0088228760312444622 0.002356368281242549 -0.0023690502544350582 0.020124280124005467 0.03080470879503926 -0.011356986327726174 0.071053199464660433 -0.0029650443453054123 -0.0020536261900813593 -0.006408403075081376 -0.0020158863633743 0.047755462315510047 0.26918449399874078 0.033135954013400047 0.043451223760655813 0.010468874895975481
leaf_weight=7583 18009 277 54 250 34 1941 75 197 22 109 31 22 26 40 35 34 227 20 35 644 26 73 118 21 42 20 21 37 39 416
leaf_count=7583 18009 277 54 250 34 1941 75 197 22 109 31 22 26 40 35 34 227 20 35 644 26 73 118 21 42 20 21 37 39 416
internal_value=-0.000247392 -0.000680654 -9.68263e-05 -0.00236764 -6.58788e-05 0.000540056 0.000455385 0.00123926 0.00304204 0.00502977 0.0116511 0.00521542 0.00299058 0.00187987 0.00508707 0.00850202 0.000733145 0.00461184 0.00227066 0.000433465 0.00201861 0.00368925 0.00295069 0.00468194 0.00666296 0.00876177 0.0108027 0.00839341 0.0124792 -0.000513972
internal_weight=30478 7860 22618 304 22314 4305 4271 2330 516 319 75 44 244 218 109 74 1814 130 110 1684 624 397 371 253 180 138 117 97 60 1060
internal_count=30478 7860 22618 304 22314 4305 4271 2330 516 319 75 44 244 218 109 74 1814 130 110 1684 624 397 371 253 180 138 117 97 60 1060
cat_boundaries=0 1 2
cat_threshold=38412852 2588
is_linear=0
shrinkage=0.05


Tree=139
num_leaves=31
num_cat=4
split_feature=28 47 32 16 55 36 13 14 27 44 39 34 24 48 52 23 31 34 39 19 29 45 48 36 10 14 36 16 43 44
split_gain=0.837082 0.893533 0.641719 1.02641 1.02734 0.956009 0.718588 0.878426 1.07327 0.975712 0.853231 1.289 1.03439 1.07944 1.06269 0.732707 1.69204 1.13406 1.45679 1.65368 1.0784 1.46521 1.20899 0.732269 0.718217 1.82754 2.05218 1.8863 2.31596 1.2396
threshold=99.166666666666671 3.2500000000000004 1011.5583333333335 0 57.583333333333336 -0.26419337545928173 0.98376170968447496 1 0.049999999999999385 99.500000000000014 17.050000000000004 75.833333333333357 9.0647828358103482 69.500000000000014 5.5000000000000009 4.6314378838360666 1.5253414918196744 85.166666666666671 15.050000000000002 207.00000000000003 6.1463363866261949 11.350000000000001 71.500000000000014 -0.93220127749050563 -0.70710678118654735 2 0.98732371783837924 3 -0.94999999999999984 77.500000000000014
decision_type=2 8 2 9 2 2 2 1 2 10 10 2 2 8 10 2 2 2 10 2 2 10 10 2 2 1 2 9 10 10
left_child=2 -2 24 4 6 -6 7 8 -4 -9 11 -8 13 14 -13 16 17 18 20 -20 21 22 -10 -19 25 27 -27 28 -1 -29
right_child=1 -3 3 -5 5 -7 10 9 15 -11 -12 12 -14 -15 -16 -17 -18 23 19 -21 -22 -23 -24 -25 -26 26 -28 29 -30 -31
leaf_value=0.0051725205474062626 -0.00017045063101344361 0.019863307879431684 0.036485276201642526 -0.0025375794470125098 0.057151461044507572 -0.0071873697022290517 0.04092754331673526 -0.0018620892822834969 0.032999850915807066 0.092066732114933506 -0.0099050497600600244 0.0050898855535041043 0.12308666789534717 -0.00075178128543357432 0.037872014022253181 -0.0025439129348286422 0.098195732590916518 0.0077669315625938373 -0.016092098443318204 0.05215241284550827 0.00052030691989290014 0.00073343513719691849 0.051248113842970913 -0.00035370272896520939 -0.00070015848132599999 -0.0010138523383626539 0.025081733423792954 -0.0096741334047231297 0.018453734052976345 0.0027792587616703029
leaf_weight=22 34 21 25 5798 23 21 24 4586 22 30 56 41 28 296 33 333 23 21 113 23 37 34 34 923 13821 2772 36 219 628 401
leaf_count=22 34 21 25 5798 23 21 24 4586 22 30 56 41 28 296 33 333 23 21 113 23 37 34 34 923 13821 2772 36 219 628 401
internal_value=-0.000258876 0.00589837 -0.000270026 -0.000544551 -0.000123218 0.00748299 -0.000173599 -0.000317533 0.000694574 -0.000665789 0.00169421 0.00246387 0.00178347 0.00108079 0.00647773 0.000534194 0.00109747 0.000840857 0.00374382 0.00014695 0.00759245 0.0105438 0.015508 3.17751e-05 -7.79381e-05 0.000505136 -0.000209362 0.00207015 0.0039388 7.93513e-05
internal_weight=30478 55 30423 12524 6726 44 6682 6204 1588 4616 478 422 398 370 74 1563 1230 1207 263 136 127 90 56 944 17899 4078 2808 1270 650 620
internal_count=30478 55 30423 12524 6726 44 6682 6204 1588 4616 478 422 398 370 74 1563 1230 1207 263 136 127 90 56 944 17899 4078 2808 1270 650 620
cat_boundaries=0 1 2 3 4
cat_threshold=22202416 2180 270 30224898
is_linear=0
shrinkage=0.05


Tree=140
num_leaves=31
num_cat=2
split_feature=47 24 34 9 1 24 29 34 52 16 50 49 47 34 31 27 2 54 44 27 37 37 33 23 29 47 47 36 53 16
split_gain=0.774908 0.908718 0.75931 1.10941 0.69426 1.03013 1.29715 1.02828 0.922172 0.901695 1.1026 0.868764 1.03855 0.820518 1.01156 1.2008 0.816366 1.51748 1.5775 1.45171 1.8725 1.15335 1.00635 0.927966 0.890649 1.12724 1.5221 0.845522 0.784088 0.783981
threshold=-7.6499999999999995 2.4923140341791834 98.583333333333357 16.500000000000004 0.35000000000000003 3.1553070907439094 8.6474121275209654 99.583333333333357 -11.499999999999998 0 1.6500000000000001 8.4500000000000011 -0.24999999999999997 94.583333333333357 0.75865377844940352 0.85122372841814797 0.15000000000000005 0.63333333333333375 93.500000000000014 0.21602468994692886 0.68001694727556961 -0.90598383748338351 0.33993463423952569 1.9923569230631941 4.2162878585557326 13.550000000000002 23.950000000000003 0.42218292458936629 -10.699999999999998 1
decision_type=8 2 2 2 2 2 2 2 10 9 8 10 8 2 2 2 8 2 10 2 2 2 2 2 2 10 10 2 10 9
left_child=2 -2 3 -1 7 6 8 29 -6 11 16 12 -9 -10 -15 -16 24 18 -18 20 27 22 -21 -23 -11 -26 -27 -19 -7 -3
right_child=1 4 -4 -5 5 28 -8 9 13 10 -12 -13 -14 14 15 -17 17 19 -20 21 -22 23 -24 -25 25 26 -28 -29 -30 -31
leaf_value=-0.0018706877271265181 -0.0035927154992242125 -0.0031882225949457534 0.008070289611854289 0.0061778314608453965 -0.0091323690377328424 -0.0037566245439071945 0.006402125453622458 0.0068034900485700687 -0.0043423733148473002 -0.0068463066685328913 -0.018091792873544416 -0.0053317467375185766 0.00042692318964544551 0.00069574589520791366 0.018396369349835927 0.00043705855235526319 0.054952225486764164 0.0014665080593115321 -0.0068565297323879481 0.011513399885942438 0.055417492675696137 -0.013689326613263565 0.061294528119263975 0.022884335706509634 -0.0028658962993728652 0.12181899749215049 -0.010951860017221159 0.05680672994389422 4.5303188776952766e-05 -0.0012856626797476435
leaf_weight=66 229 3402 24 31 40 1090 27 20 58 156 56 391 249 82 25 20 39 55 21 35 27 142 37 190 40 24 27 20 11538 12429
leaf_count=66 229 3402 24 31 40 1090 27 20 58 156 56 391 249 82 25 20 39 55 21 35 27 142 37 190 40 24 27 20 11538 12429
internal_value=-0.000317097 -0.000332961 0.00367465 0.00169928 -0.000309193 -3.10569e-05 0.00313368 -0.000515551 0.00188805 0.000722646 0.00176885 -0.000671543 0.00150502 0.00337655 0.00562549 0.0116408 0.00225679 0.0033033 0.0108153 0.00241059 0.00773751 0.00106409 0.00679612 -0.00018067 -0.000141644 0.00378705 0.00870841 0.00366178 -9.42355e-05 -0.000635143
internal_weight=30590 30469 121 97 30240 12880 252 17360 225 1529 869 660 269 185 127 45 813 566 60 506 102 404 72 332 247 91 51 75 12628 15831
internal_count=30590 30469 121 97 30240 12880 252 17360 225 1529 869 660 269 185 127 45 813 566 60 506 102 404 72 332 247 91 51 75 12628 15831
cat_boundaries=0 1 2
cat_threshold=14207012 17303616
is_linear=0
shrinkage=0.05


Tree=141
num_leaves=31
num_cat=3
split_feature=47 7 51 38 24 32 47 16 27 40 12 16 44 13 44 49 46 47 47 34 53 16 32 35 44 35 46 46 2 47
split_gain=0.769207 0.796125 1.35767 1.7243 0.794661 0.712603 0.8885 1.30858 1.17655 1.07823 2.15812 0.943922 1.28658 1.25102 1.1919 1.85073 1.3857 1.31834 2.26905 1.01748 0.916893 1.03135 2.87994 1.74659 2.31766 1.17263 0.792144 1.12043 0.846645 1.11963
threshold=-7.6499999999999995 0.65000000000000002 -0.90000000000000002 -0.80000000000012494 2.4923140341791834 1011.5583333333335 14.050000000000002 0 0.094280904158207279 88.500000000000014 0.3204232733919114 1 99.500000000000014 -0.96011450294824408 57.500000000000007 22.500000000000004 0.45000000000000007 24.550000000000004 21.250000000000004 65.166666666666671 1.7999999999999998 2 1020.2166666666668 8.0069384267237709 80.500000000000014 24.002314591592558 0.45000000000000007 0.35000000000000003 1.7500000000000002 7.7500000000000009
decision_type=8 2 10 10 2 2 10 9 2 10 2 9 10 2 10 10 10 10 10 2 10 9 2 2 10 2 8 10 10 10
left_child=1 2 -1 -4 -2 -6 7 8 9 10 -7 12 13 14 15 17 -16 18 -8 -20 -9 22 25 24 -24 -22 27 28 -23 -30
right_child=4 -3 3 -5 5 6 11 20 -10 -11 -12 -13 -14 -15 16 -17 -18 -19 19 -21 21 26 23 -25 -26 -27 -28 -29 29 -31
leaf_value=-0.0021468920273787387 -0.0034130797242630006 -0.0017583701738596857 0.0099580699136754616 0.0013778820431455873 -0.00030006793099271434 0.094594591409374706 -0.00036835090100608038 -0.0005312816441170649 -0.0036241518379293023 -0.0070788984022541815 0.00059089062803089211 -0.0075087028836887575 0.093238138947170424 -0.0028539530424395 -0.013864218605590393 0.085151290872299001 0.0094014802444612397 -0.0058509771491851255 0.067192688260031316 0.1457992196705867 -0.00028556407331915227 0.00050390202545566793 0.031486975088117208 0.00028071974512059068 0.0024834696636213821 0.023213922729421643 -0.008001804166727626 0.028788884776622947 -0.02084064748443307 0.08764893497539572
leaf_weight=23 229 51 22 25 17737 25 61 2868 1147 34 39 3641 25 2472 187 31 38 83 22 27 218 1228 26 30 32 20 146 24 25 54
leaf_count=23 229 51 22 25 17737 25 61 2868 1147 34 39 3641 25 2472 187 31 38 83 22 27 218 1228 26 30 32 20 146 24 25 54
internal_value=-0.000302387 0.00367465 0.00713267 0.0119958 -0.000318192 -0.000295966 -0.000585056 -0.000140296 -0.00157358 0.00366972 0.0074883 -0.000984501 -0.000314605 -0.000412517 0.00201514 0.00459616 -0.00055531 0.00277058 0.00635786 0.0143585 0.000244599 0.00112861 0.00362987 0.0114642 0.0165232 0.000881981 0.000548045 0.000935315 0.000738274 0.00575221
internal_weight=30590 121 70 47 30469 30240 12503 5916 1245 98 64 6587 2946 2921 449 224 225 193 110 49 4671 1803 326 88 58 238 1477 1331 1307 79
internal_count=30590 121 70 47 30469 30240 12503 5916 1245 98 64 6587 2946 2921 449 224 225 193 110 49 4671 1803 326 88 58 238 1477 1331 1307 79
cat_boundaries=0 1 2 3
cat_threshold=8986692 1687668 163842
is_linear=0
shrinkage=0.05


Tree=142
num_leaves=31
num_cat=2
split_feature=4 24 35 38 11 46 42 44 47 24 14 28 16 44 33 35 40 42 38 11 9 30 12 32 40 29 18 35 1 37
split_gain=0.655782 0.813631 1.10672 1.28192 1.15036 0.97685 1.25199 1.27771 0.818792 0.891675 0.888725 1.57224 1.65913 1.52966 1.30467 1.10079 1.71603 1.4198 0.954429 0.959241 0.917532 1.43035 1.47437 0.992935 1.54895 0.907106 1.56047 0.879469 0.978629 0.876184
threshold=0.25833333333333336 18.344818221187243 31.519168230019833 1.2000000000001025 -0.78656609248549325 0.55000000000000016 0.35000000000000003 88.500000000000014 26.650000000000002 3.8825153766234024 0 87.416666666666671 1 93.500000000000014 0.2054804667656332 1.4571067811865477 46.500000000000007 6.0500000000000007 2.3833333333332694 -0.9159756150367534 19.500000000000004 4.4416666666666673 -0.11988119229922731 1005.3166666666668 56.500000000000007 4.1497721826524154 115.39890000000001 24.506517540566826 0.15000000000000005 -0.7677960035556467
decision_type=2 2 2 8 2 10 10 10 10 2 1 2 9 10 2 2 8 8 10 2 2 2 2 2 10 2 2 2 2 2
left_child=1 8 3 5 -5 -3 7 -7 9 -1 11 12 13 20 -15 16 -12 -18 19 25 23 -22 -23 24 -11 -14 -27 -25 -29 -17
right_child=-2 2 -4 4 -6 6 -8 -9 -10 10 15 -13 18 14 -16 29 17 -19 -20 -21 21 22 -24 27 -26 26 -28 28 -30 -31
leaf_value=-0.0021283046419185068 -0.00029418611991620787 0.00047828802944355724 -0.023284287644773964 0.037711084769415266 0.13387028295079426 0.049056160331052624 -0.017034336932094763 0.014794954173664594 -0.011501891113539648 0.11727795738681178 0.095246954763433825 -0.0032005141281681777 -0.0036598392530444849 0.046472091954428807 0.027075859169705792 -0.0060860174684169901 0.00031532458760835148 0.056107121299345378 0.011041699764545637 -0.0031725723385458669 0.016525776634960351 0.055720775626860092 0.002363800381827492 -0.0003766714709557582 0.0031824706382125229 0.022268699796232611 0.048646458236073151 0.0087429018180706919 0.012960278419854164 -0.0015858268631854034
leaf_weight=1098 17921 659 89 32 22 39 55 25 1631 33 23 823 83 26 62 1312 677 22 35 1092 23 26 130 662 75 87 33 129 21 3645
leaf_count=1098 17921 659 89 32 22 39 55 25 1631 33 23 823 83 26 62 1312 677 22 35 1092 23 26 130 662 75 87 33 129 21 3645
internal_value=-0.00029258 -0.000567918 0.000863097 0.00143012 0.00887246 0.000912478 0.00507976 0.00982839 -0.000680111 -0.0005125 -0.000348706 0.000298497 0.000919708 0.00226798 0.00862656 -0.000728587 0.00109403 0.000650836 -0.000298486 -0.000521196 0.00177873 0.00505304 0.0033312 0.00114118 0.00564292 0.00263417 0.00541216 0.000541804 0.00399733 -0.000995543
internal_weight=30590 12669 921 832 54 778 119 64 11748 10117 9019 3340 2517 1187 88 5679 722 699 1330 1295 1099 179 156 920 108 203 120 812 150 4957
internal_count=30590 12669 921 832 54 778 119 64 11748 10117 9019 3340 2517 1187 88 5679 722 699 1330 1295 1099 179 156 920 108 203 120 812 150 4957
cat_boundaries=0 1 2
cat_threshold=236 43176454
is_linear=0
shrinkage=0.05


Tree=143
num_leaves=31
num_cat=5
split_feature=32 16 38 38 27 44 14 51 11 16 14 46 26 30 32 33 44 38 51 27 3 38 53 27 14 51 27 27 48 1
split_gain=0.718334 0.909844 1.18298 1.01287 0.966383 1.61684 1.37837 1.17397 0.971147 1.77191 1.23242 1.11634 1.16793 1.44767 1.0534 1.2982 1.24019 1.47165 1.67249 1.57557 1.46775 2.0582 1.69542 3.13206 1.26795 1.2261 1.88112 1.54446 0.980858 1.59973
threshold=1011.5583333333335 0 1.7666666666667086 3.958333333333258 0.40276819911981931 36.500000000000007 1 -2.5999999999999983 -0.5 2 3 0.55000000000000016 28.31666666666667 24.683333333333341 1002.1833333333335 0.047140452079140686 58.500000000000007 -0.13333333333326888 4.4000000000000021 1.5937377450509236 1.1500000000000001 -1.9999999999999429 2.2000000000000011 0.637704215656967 4 2.149999999999999 0.59066817155564577 0.73181661333667225 82.500000000000014 1.0000000180025095e-35
decision_type=2 9 8 8 2 8 1 10 2 9 1 8 2 2 2 2 8 10 10 2 2 10 8 2 1 10 2 2 8 2
left_child=1 3 4 -1 5 7 -7 -3 11 10 -10 12 13 -6 28 -16 -17 18 20 24 -18 -22 23 -23 25 26 -19 -27 29 -11
right_child=-2 2 -4 -5 8 6 -8 -9 9 14 -12 -13 -14 -15 15 16 17 19 -20 -21 21 22 -24 -25 -26 27 -28 -29 -30 -31
leaf_value=-0.001265456347523903 -0.0014052256317730464 0.191750359917713 -0.0078169692932497283 0.0052918743530554401 0.00086708820528785368 -0.0058557323199025634 0.00087944161956720961 0.022944134563975593 0.0065163245597030768 0.049241322300216939 -0.0039856496463966957 -0.011809876315227476 -0.030561869478829964 0.28233525504429208 0.030920490687436519 -0.0032381542007808859 0.035445331023162427 0.034479852130240428 -0.0067252188593349875 0.086325424516126348 0.022617712018956248 0.11012757139998559 0.20083081990493451 -0.0051379657621893364 -0.0044843526862897018 0.010064408987640659 -0.0036900361458561642 0.16927383174614863 -0.0041667956982773214 0.003096685596288905
leaf_weight=5215 12630 23 504 60 1842 1650 2478 35 1597 38 1796 267 283 26 43 249 510 56 85 37 52 24 41 32 311 39 114 39 333 181
leaf_count=5215 12630 23 504 60 1842 1650 2478 35 1597 38 1796 267 283 26 43 249 510 56 85 37 52 24 41 32 311 39 114 39 333 181
internal_value=-0.000281138 -7.79518e-05 0.000151632 -0.000629128 0.000249976 -0.000365497 -0.000482063 0.00791738 0.000572224 0.000935073 0.000215978 -0.000264672 0.000113894 0.00056742 0.00204184 0.00268978 0.00245736 0.00305947 0.0045424 0.00120785 0.00539372 0.00975855 0.0140577 0.0083779 0.000545518 0.00313832 0.000881833 0.0084507 0.000163013 0.0027613
internal_weight=30590 17960 12685 5275 12181 4186 4128 58 7995 5577 3393 2418 2151 1868 2184 1632 1589 1340 744 596 659 149 97 56 559 248 170 78 552 219
internal_count=30590 17960 12685 5275 12181 4186 4128 58 7995 5577 3393 2418 2151 1868 2184 1632 1589 1340 744 596 659 149 97 56 559 248 170 78 552 219
cat_boundaries=0 1 2 3 4 5
cat_threshold=4909072 7200 51384352 6252 1738
is_linear=0
shrinkage=0.05


Tree=144
num_leaves=31
num_cat=4
split_feature=4 52 39 26 52 49 40 45 14 33 33 43 33 2 24 40 42 51 29 52 47 10 16 35 53 27 14 16 51 9
split_gain=0.728535 0.71683 0.68958 0.694516 0.674445 0.671194 1.24561 0.990287 0.934496 0.745003 1.35667 1.34127 0.816043 0.729564 0.677649 0.664021 0.590136 0.693687 1.1723 0.674282 1.03564 0.61643 1.00931 0.955623 0.954421 0.891481 0.732989 1.21476 1.10156 0.954218
threshold=0.11333333333333336 32.500000000000007 -5.4499999999999993 1.3583333333333336 -17.499999999999996 25.750000000000004 38.500000000000007 16.000000000000004 0 0.40960461199756165 0.29719601443878246 9.6500000000000004 0.2054804667656332 0.65000000000000002 2.4923140341791834 33.500000000000007 0.45000000000000007 6.7000000000000028 4.0138409955990966 -9.4999999999999982 21.950000000000003 -0.78656609248549292 1 9.4457350634364499 5.5000000000000018 2.5009996003196808 2 3 -5.9999999999999964 22.500000000000004
decision_type=2 8 10 2 10 10 10 10 1 2 2 10 2 10 2 10 8 10 2 10 10 2 9 2 10 2 1 9 10 2
left_child=1 2 -1 -4 15 14 -7 -8 9 10 12 -12 13 -9 -2 -5 17 21 -19 20 -18 22 23 -6 -25 26 27 28 -23 -30
right_child=5 -3 3 4 16 6 7 8 -10 -11 11 -13 -14 -15 -16 -17 19 18 -20 -21 -22 25 -24 24 -26 -27 -28 -29 29 -31
leaf_value=0.0051960799111981917 -0.0030630783944453617 -0.0073794827832428722 -0.003252907626797326 0.020359867633347909 -0.003883389646747669 0.013409556599918288 -0.010617363728088608 0.00038361221666525261 -0.0086720499285645718 -0.0063863180637752457 0.065408164784174244 0.021496626767642638 -0.005773401898040157 0.029903784959465121 -0.00023752057316850589 -0.0064621982807270056 -0.0046431679928887913 0.02415609926922873 -0.0060824606703969277 -0.0056322155867172541 0.061001334101067284 0.041922938830714372 -0.0077286358106595223 0.00090566247081976545 0.039333665783094593 0.094584417763398945 -0.0014772241661321836 -0.0017802985696528985 0.0045659507261626847 0.023022012190543478
leaf_weight=29 156 280 222 37 100 29 468 60 231 95 22 25 50 29 21523 661 29 20 26 769 30 22 857 133 34 24 2831 990 775 33
leaf_count=29 156 280 222 37 100 29 468 60 231 95 22 25 50 29 21523 661 29 20 26 769 30 22 857 133 34 24 2831 990 775 33
internal_value=-0.000315463 -0.000728921 -0.000637621 -0.000667054 -0.000584039 -0.000171457 -0.00143197 -0.00173452 -0.000214803 0.00170045 0.00360021 0.0109342 0.00111431 0.00398429 -0.000112783 -0.00206274 -0.000429337 -0.000252349 0.00585683 -0.00167854 0.0034687 -0.00030091 -0.00135219 0.00131721 0.00368043 -4.81285e-05 -9.78275e-05 0.000683022 0.00208308 0.00180671
internal_weight=30590 7902 7622 7593 7371 22688 1009 980 512 281 186 47 139 89 21679 698 6673 5845 46 828 59 5799 1124 267 167 4675 4651 1820 830 808
internal_count=30590 7902 7622 7593 7371 22688 1009 980 512 281 186 47 139 89 21679 698 6673 5845 46 828 59 5799 1124 267 167 4675 4651 1820 830 808
cat_boundaries=0 1 2 3 4
cat_threshold=6182 16867856 2156 43518498
is_linear=0
shrinkage=0.05


Tree=145
num_leaves=31
num_cat=3
split_feature=12 53 13 37 16 14 36 39 49 51 37 32 37 27 12 30 53 29 27 2 31 36 44 4 49 16 47 31 31 38
split_gain=0.628549 0.665969 0.730345 0.66284 1.00221 1.05534 1.35664 1.92673 1.6522 1.0935 1.08398 1.01211 0.786181 0.900368 0.855583 0.765442 1.01355 0.665112 0.610193 0.947025 0.609764 0.566173 0.563223 0.560326 0.610962 0.98844 0.967882 0.895358 1.28103 1.34124
threshold=0.9993738172047143 -16.449999999999996 -0.98933596577443683 0.86338492228177266 0 1 0.17644524747975698 8.3500000000000032 5.4500000000000011 3.4000000000000017 0.95238132819470855 1010.8416666666668 0.99081984664607958 0.25000000000000028 0.65365639399891895 23.558333333333337 -4.2999999999999972 5.9533408577782261 0.29999999999999943 0.45000000000000007 0.049999999999999885 -0.46364175804399804 34.500000000000007 0.11333333333333336 13.150000000000002 2 24.450000000000003 1.1599799529055705 1.4981468200377777 1.0000000180025095e-35
decision_type=2 10 2 2 9 1 2 10 10 10 2 2 2 2 2 2 10 2 2 8 2 2 10 2 8 9 8 2 2 10
left_child=1 2 -1 23 -5 6 9 -8 11 -6 -10 -9 15 -14 -15 20 -17 -18 19 -2 -7 -22 -23 24 -3 26 27 -26 29 -29
right_child=18 3 -4 4 5 12 7 8 10 -11 -12 -13 13 14 -16 16 17 -19 -20 -21 21 22 -24 -25 25 -27 -28 28 -30 -31
leaf_value=0.013562140315839627 0.030360099279992527 -0.00064217045478107127 -0.0044406019126459776 -0.0042887571275707376 -0.0027090548611809285 0.028319573206928319 0.0195388912302672 0.015520317209180876 -0.010989359437834252 0.052052327020598976 0.027130715350120151 0.11664876246265209 0.036042627914517747 -0.0042178672868628869 0.059749829166911898 0.084649710635068265 -0.035514550172111269 0.038495524899877703 -0.010336386643285836 -0.0041858131948903062 0.0013785665294981163 0.020373675378958664 -0.0049511203320337788 -1.9976719537808554e-05 6.8325882078254833e-06 -0.0054592351255137814 -0.014725991759756588 0.0014907020191335769 0.001083438187596864 0.061716095997761268
leaf_weight=26 24 4715 749 723 419 29 27 24 87 39 32 24 20 75 20 24 55 26 242 67 31 24 1161 19695 445 1445 121 31 81 28
leaf_count=26 24 4715 749 723 419 29 27 24 87 39 32 24 20 75 20 24 55 26 242 67 31 24 1161 19695 445 1445 121 31 81 28
internal_value=-0.000286637 -0.000262792 -0.00170946 -0.000224653 -0.000950672 -0.000392554 0.00126869 0.00479134 0.00278276 -0.000196465 -0.000377835 0.0106029 -0.00113552 0.00282363 0.000788642 -0.00148137 0.00261655 -6.16535e-05 -0.00244671 0.00104281 -0.00182716 -0.00199819 -0.00217281 -0.000147021 -0.000535968 -0.00123425 0.000307218 0.00115365 0.00463954 0.0102369
internal_weight=30509 30176 775 29401 2840 2117 652 194 167 458 119 48 1465 115 95 1350 105 81 333 91 1245 1216 1185 26561 6866 2151 706 585 140 59
internal_count=30509 30176 775 29401 2840 2117 652 194 167 458 119 48 1465 115 95 1350 105 81 333 91 1245 1216 1185 26561 6866 2151 706 585 140 59
cat_boundaries=0 1 2 3
cat_threshold=26871874 3600 2048006
is_linear=0
shrinkage=0.05


Tree=146
num_leaves=31
num_cat=4
split_feature=12 37 14 16 36 51 16 36 37 34 53 14 29 40 53 32 53 53 50 28 51 39 51 32 3 44 49 19 41 39
split_gain=0.631413 0.637983 0.769091 0.969553 1.17711 0.899256 0.873783 0.774452 1.41132 0.703301 0.691346 0.623507 1.00807 0.914976 1.39142 0.980675 0.605186 0.877161 1.24417 1.22467 1.00829 0.820105 0.597701 0.597413 0.58146 1.71947 0.561803 1.08233 0.551491 0.550651
threshold=0.9993738172047143 0.86338492228177266 0 1 0.40425265885236339 3.4000000000000017 2 0.092607024372610466 0.94735318170203897 58.166666666666679 -16.449999999999996 3 1.9428090415820636 70.500000000000014 -21.399999999999995 995.01666666666677 -3.5999999999999956 -3.7999999999999989 0.45000000000000007 84.833333333333357 -0.90000000000000113 17.850000000000005 -4.0999999999999979 997.75833333333333 0.95000000000000007 96.500000000000014 7.7500000000000009 65.500000000000014 8.8000000000000025 13.350000000000003
decision_type=2 2 1 9 2 10 9 2 2 2 10 1 2 8 8 2 10 8 8 2 10 10 10 2 2 10 8 2 10 10
left_child=1 10 3 9 5 7 16 28 -9 -3 11 -1 -13 14 -14 -15 17 18 -4 -19 -20 -21 -11 -18 -25 -26 27 -17 29 -5
right_child=-2 2 6 4 -6 -7 -8 8 -10 22 -12 12 13 15 -16 26 23 19 20 21 -22 -23 -24 24 25 -27 -28 -29 -30 -31
leaf_value=-0.010326124716616833 -0.0060264062634250506 0.058361691404320265 -0.0038255728748224521 -0.0069483278469872501 0.076170030133416999 0.065959893835222536 -0.0044178934671035381 -0.0015740354820582801 0.066380558878047877 0.011654694765832139 -0.00033709854695190898 -0.0055928372932403363 0.050586880444671682 0.006453780126098263 0.00013351637125385931 0.00513609654993158 0.00083728382998266753 0.013636146215584656 0.21599946992172528 0.021431428450577935 -0.001088541756654304 -0.04042443602907636 -0.0060130100519817202 -0.0059977904912689997 -0.0016243596407451754 0.073628329092831291 -0.0071093971810796313 -0.001392725395171361 -0.0095198592609466934 0.03874343966720422
leaf_weight=234 333 26 264 23 26 31 675 68 48 23 26561 181 28 20 58 21 21 34 23 36 22 31 372 710 187 25 157 29 156 86
leaf_count=234 333 26 264 23 26 31 675 68 48 23 26561 181 28 20 58 21 21 34 23 36 22 31 372 710 187 25 157 29 156 86
internal_value=-0.00028172 -0.000257821 -0.000964637 0.000293406 0.00191921 0.00131036 -0.00149159 0.000642875 0.00404823 -0.00140339 -0.000183041 -0.00170306 -0.000634796 0.00106994 0.00545877 -0.000594453 -0.000744627 0.000853449 -0.000469105 0.00489614 0.00720621 0.000968702 -0.00196153 -0.00144736 -0.00163757 0.000660065 -0.00161758 0.00299401 -0.000848738 0.00187901
internal_weight=30509 30176 2887 859 438 412 2028 381 116 421 27289 728 494 313 86 227 1353 410 309 101 45 67 395 943 922 212 207 50 265 109
internal_count=30509 30176 2887 859 438 412 2028 381 116 421 27289 728 494 313 86 227 1353 410 309 101 45 67 395 943 922 212 207 50 265 109
cat_boundaries=0 1 2 3 4
cat_threshold=3600 51986502 50417776 2952
is_linear=0
shrinkage=0.05


Tree=147
num_leaves=31
num_cat=5
split_feature=47 9 14 27 12 51 14 16 27 9 1 52 27 24 30 31 12 16 31 10 46 2 50 16 47 1 1 52 32 38
split_gain=0.615671 0.695057 0.670727 0.650777 0.53571 0.489665 0.688695 0.985602 1.04561 0.979642 1.38586 0.923024 0.776943 0.665397 0.587868 0.833029 0.653466 0.520584 0.550474 0.799734 0.490474 0.721211 0.59088 1.17109 1.2709 1.14776 1.71123 1.87563 1.24622 1.27133
threshold=32.95000000000001 3.5000000000000004 0 0.3265986323710906 0.9993738172047143 -5.049999999999998 1 2 0.40824829046386318 14.500000000000002 0.8500000000000002 4.5000000000000009 0.89814623902049873 8.7768270386294898 23.058333333333337 0.54365021434333693 0.47753588643748834 3 0.89566858950296113 1.0000000180025095e-35 14.000000000000002 0.75000000000000011 2.2500000000000004 4 5.8500000000000005 1.0000000180025095e-35 0.25000000000000006 3.5000000000000004 1012.7166666666668 -0.26666666666648092
decision_type=10 2 1 2 2 10 1 9 2 2 2 8 2 2 2 2 2 9 2 2 8 10 8 9 8 2 2 10 2 10
left_child=4 -2 3 -3 5 6 7 8 -1 10 12 -11 -10 -14 16 -16 -9 18 19 -8 22 -22 -7 25 -25 -24 27 -27 29 -28
right_child=1 2 -4 -5 -6 20 17 14 9 11 -12 -13 13 -15 15 -17 -18 -19 -20 -21 21 -23 23 24 -26 26 28 -29 -30 -31
leaf_value=-0.0059183024041737642 0.11042378445521855 0.071326789243545158 -0.023144702005714241 -0.010376374062058718 -0.0055644319784306584 -0.00052185624182442779 -0.0066181556433857064 -0.0074795251342700837 0.038956325629673397 0.011537352059617692 0.16194737976157894 -0.0050444814375076117 -0.014238855140383325 0.04397053377810714 0.10999919752303718 -0.034896095111478606 0.019899859954314855 -0.006481495664761615 -0.021239514620756676 0.040188272804146531 -0.013227885578848051 0.16982061809384874 -0.002063939973370006 0.015912396787861906 -0.0007200619435410821 0.026497248140338367 0.03511510595346521 0.15878150305102109 -0.014435474083374426 0.057681299105307962
leaf_weight=75 21 24 258 199 328 27062 41 235 27 20 20 59 23 20 23 25 25 588 54 36 199 23 107 25 763 33 85 22 55 34
leaf_count=75 21 24 258 199 328 27062 41 235 27 20 20 59 23 20 23 25 25 588 54 36 199 23 107 25 763 33 85 22 55 34
internal_value=-0.000275165 -0.00201155 -0.00240075 -0.000278851 -0.00024611 -0.000223896 -0.00118402 0.000160113 0.00247934 0.0047605 0.00832408 0.000695321 0.00499287 0.000812064 -0.00169758 0.0033264 -0.00269127 -0.00218763 0.00067328 0.00343709 -0.000180936 -0.00252139 -0.000162493 0.000960767 -0.000112769 0.00338052 0.00547796 0.0131579 0.00304423 0.00591939
internal_weight=30509 502 481 223 30007 29679 1271 552 244 169 90 79 70 43 308 48 260 719 131 77 28408 222 28186 1124 788 336 229 55 174 119
internal_count=30509 502 481 223 30007 29679 1271 552 244 169 90 79 70 43 308 48 260 719 131 77 28408 222 28186 1124 788 336 229 55 174 119
cat_boundaries=0 1 2 3 4 5
cat_threshold=3224 4898 428150 37378 9732644
is_linear=0
shrinkage=0.05


end of trees

feature_importances:
city_id=422
aux_pressure_msl_hpa_mean=183
ensemble_mean=162
aux_wind_dir_sin_mean=139
doy_sin=137
src_icon_seamless=136
month=134
aux_dew_point_c_std=133
pressure_tendency_3h_hpa=132
aux_wind_dir_cos_mean=126
obs_lag_168h_temp_c=124
obs_diff_24h_temp_c=113
aux_temp_c_std=109
aux_temp_c_mean=106
obs_lag_48h_humidity_pct=105
specific_humidity_gkg=104
aux_cloud_cover_pct_mean=102
doy_cos=100
src_jma_seamless=98
aux_cloud_cover_pct_std=94
obs_diff_24h_humidity_pct=92
obs_lag_24h_temp_c=89
aux_pressure_msl_hpa_std=88
obs_lag_168h_humidity_pct=86
obs_diff_24h_wind_speed_kmh=86
obs_lag_168h_wind_speed_kmh=83
aux_humidity_pct_std=77
obs_lag_48h_temp_c=77
aux_dew_point_c_mean=75
saturation_distance_c=66
ensemble_std=64
obs_lag_24h_humidity_pct=64
lead_hours=62
hour_cos=62
ensemble_max=58
obs_lag_24h_wind_speed_kmh=56
src_gfs_global=55
obs_lag_24h_precip_mm=54
hour_sin=53
obs_lag_168h_precip_mm=53
obs_lag_48h_wind_speed_kmh=52
ensemble_min=46
obs_lag_48h_precip_mm=38
aux_humidity_pct_mean=37
td_margin=35
elevation_m=21
lat=19
lon=14
year=7
saturation_deficit_pct=6
ensemble_n=2
abs_lat=2
lcl_height_m=2

parameters:
[boosting: gbdt]
[objective: quantile]
[metric: quantile]
[tree_learner: serial]
[device_type: cpu]
[data_sample_strategy: bagging]
[data: ]
[valid: ]
[num_iterations: 2000]
[learning_rate: 0.05]
[num_leaves: 31]
[num_threads: 0]
[seed: 0]
[deterministic: 0]
[force_col_wise: 1]
[force_row_wise: 0]
[histogram_pool_size: -1]
[max_depth: -1]
[min_data_in_leaf: 20]
[min_sum_hessian_in_leaf: 0.001]
[bagging_fraction: 0.9]
[pos_bagging_fraction: 1]
[neg_bagging_fraction: 1]
[bagging_freq: 5]
[bagging_seed: 3]
[bagging_by_query: 0]
[feature_fraction: 0.9]
[feature_fraction_bynode: 1]
[feature_fraction_seed: 2]
[extra_trees: 0]
[extra_seed: 6]
[early_stopping_round: 0]
[early_stopping_min_delta: 0]
[first_metric_only: 0]
[max_delta_step: 0]
[lambda_l1: 0]
[lambda_l2: 0.1]
[linear_lambda: 0]
[min_gain_to_split: 0]
[drop_rate: 0.1]
[max_drop: 50]
[skip_drop: 0.5]
[xgboost_dart_mode: 0]
[uniform_drop: 0]
[drop_seed: 4]
[top_rate: 0.2]
[other_rate: 0.1]
[min_data_per_group: 100]
[max_cat_threshold: 32]
[cat_l2: 10]
[cat_smooth: 10]
[max_cat_to_onehot: 4]
[top_k: 20]
[monotone_constraints: ]
[monotone_constraints_method: basic]
[monotone_penalty: 0]
[feature_contri: ]
[forcedsplits_filename: ]
[refit_decay_rate: 0.9]
[cegb_tradeoff: 1]
[cegb_penalty_split: 0]
[cegb_penalty_feature_lazy: ]
[cegb_penalty_feature_coupled: ]
[path_smooth: 0]
[interaction_constraints: ]
[verbosity: -1]
[saved_feature_importance_type: 0]
[use_quantized_grad: 0]
[num_grad_quant_bins: 4]
[quant_train_renew_leaf: 0]
[stochastic_rounding: 1]
[linear_tree: 0]
[max_bin: 255]
[max_bin_by_feature: ]
[min_data_in_bin: 3]
[bin_construct_sample_cnt: 200000]
[data_random_seed: 1]
[is_enable_sparse: 1]
[enable_bundle: 1]
[use_missing: 1]
[zero_as_missing: 0]
[feature_pre_filter: 1]
[pre_partition: 0]
[two_round: 0]
[header: 0]
[label_column: ]
[weight_column: ]
[group_column: ]
[ignore_column: ]
[categorical_feature: 14,16,21,22]
[forcedbins_filename: ]
[precise_float_parser: 0]
[parser_config_file: ]
[objective_seed: 5]
[num_class: 1]
[is_unbalance: 0]
[scale_pos_weight: 1]
[sigmoid: 1]
[boost_from_average: 1]
[reg_sqrt: 0]
[alpha: 0.9]
[fair_c: 1]
[poisson_max_delta_step: 0.7]
[tweedie_variance_power: 1.5]
[lambdarank_truncation_level: 30]
[lambdarank_norm: 1]
[label_gain: ]
[lambdarank_position_bias_regularization: 0]
[eval_at: ]
[multi_error_top_k: 1]
[auc_mu_weights: ]
[num_machines: 1]
[local_listen_port: 12400]
[time_out: 120]
[machine_list_filename: ]
[machines: ]
[gpu_platform_id: -1]
[gpu_device_id: -1]
[gpu_use_dp: 0]
[num_gpu: 1]

end of parameters

pandas_categorical:[]
