tree
version=v4
num_class=1
num_tree_per_iteration=1
label_index=0
max_feature_idx=38
objective=quantile
feature_names=src_ecmwf_ifs025 src_gfs_global src_icon_seamless src_jma_seamless ensemble_mean ensemble_std ensemble_min ensemble_max ensemble_n lead_hours hour_sin hour_cos doy_sin doy_cos month year city_id lat lon elevation_m abs_lat hemisphere_ns climate_band saturation_distance_c specific_humidity_gkg lcl_height_m aux_temp_c_mean aux_temp_c_std aux_humidity_pct_mean aux_humidity_pct_std aux_dew_point_c_mean aux_dew_point_c_std aux_pressure_msl_hpa_mean aux_pressure_msl_hpa_std aux_cloud_cover_pct_mean aux_cloud_cover_pct_std aux_wind_dir_sin_mean aux_wind_dir_cos_mean pressure_tendency_3h_hpa
feature_infos=none [0:41.200000000000003] [0:50.299999999999997] [0:30.600000000000001] [0:24.850000000000001] [0:21.546229368499723] [0:16.699999999999999] [0:50.299999999999997] [2:3] [0:23] [-1:1] [-1:1] [-0.9999631612477099:0.9999631612477099] [-1:0.99985264770502691] -1:12:11:1:10:9:8:3:4:6:7:2:5 [2022:2023] -1:25:11:24:6:4:16:23:2:9:5:18:14:15:20:12:1:19:17:22:13 [-33.867849999999997:60.169899999999998] [-123.11933999999999:151.20732000000001] [5:758] [1.3521000000000001:60.169899999999998] -1:1:0 -1:2:0:1:3 [-2.2204460492503131e-16:24.45940565496614] [0.84496632529770521:21.249666033676032] [-2.7755575615628914e-14:3057.4257068707675] [-11.333333333333334:39.099999999999994] [0:4.7932823363072989] [22:100] [0:26.5] [-19.099999999999998:25.899999999999999] [0:6.535203813875194] [961.54999999999995:1041.0666666666666] [0:2.7341462205880158] [0:100.33333333333333] [0:50] [-1:1] [-1:1] [-16.166666666666742:12]
tree_sizes=2800 2358 2362 2361 2358 2334 2320 2321 2334 2330 2344 2334 2346 2359 2359 2373 2320 2374 2372 2337 2362 2378 2320 2365 2417 2376 2382 2377 2335 2360 2383 2337 2336 2381 2334 2337 2370 2369 2368 2358 2382 2304 2320 2312 2314 2374 2385 2320 2330 2314 2363 2328 2331 2345 2349 2304 2304 2304 2302 2322 2374 2319 2369 2321 2341 2399 2361 2338 2375 2355 2354 2357 2359 2376

Tree=0
num_leaves=31
num_cat=5
split_feature=4 4 4 16 16 26 16 16 13 4 34 19 32 17 4 17 4 16 24 28 6 4 18 17 13 13 33 26 13 38
split_gain=342.399 48.2638 36.8882 25.778 22.7013 14.8974 14.4118 12.6468 11.2927 8.00699 6.10619 5.53263 5.8731 4.95876 4.50572 4.30701 4.00934 3.68599 3.55941 3.51296 3.49437 3.29815 3.32774 3.2072 3.15507 3.12765 3.68182 3.03226 2.9769 2.99361
threshold=0.31666666666666671 0.041666666666666678 0.78333333333333355 0 1 1.541666666666667 2 3 0.74541039586774327 0.14166666666666669 84.583333333333357 43.000000000000007 1021.9416666666668 49.053130000000003 0.48333333333333345 55.924650000000007 0.2166666666666667 4 8.6774685044169075 81.583333333333357 0.65000000000000002 1.0000000180025095e-35 17.587670000000003 40.565535000000004 -0.82964644928663578 0.38465092912467852 0.953356643071677 24.81666666666667 0.89058370012576782 -1.9999999999999429
decision_type=2 2 2 9 9 2 9 9 2 2 2 2 2 2 2 2 2 9 2 2 2 2 2 2 2 2 2 2 2 10
left_child=1 4 6 8 10 13 23 27 15 11 21 -7 25 -5 -8 -3 -15 -11 -17 -19 -9 22 -1 -2 -14 -13 -27 -4 -6 -30
right_child=2 3 7 5 28 9 14 20 -10 17 -12 12 24 16 -16 18 -18 19 -20 -21 -22 -23 -24 -25 -26 26 -28 -29 29 -31
leaf_value=0.20000000298023224 0.20000000298023224 0.20000000298023224 0.20000000298023224 0.20000000298023224 0.20000000298023224 0.20000000298023224 0.20000000298023224 0.20500000342726707 0.20000000298023224 0.20000000298023224 0.20000000298023224 0.20000000298023224 0.20000000298023224 0.20000000298023224 0.20000000298023224 0.20000000298023224 0.20000000298023224 0.20000000298023224 0.20000000298023224 0.20000000298023224 0.21000000312924386 0.20000000298023224 0.20000000298023224 0.20000000298023224 0.20000000298023224 0.20000000298023224 0.20000000298023224 0.20000000298023224 0.20000000298023224 0.20000000298023224
leaf_weight=300 1697 380 1260 182 2984 738 2554 2918 520 1622 300 1683 50 146 3215 366 73 1407 90 1472 3229 116 142 649 182 949 126 807 39 412
leaf_count=300 1697 380 1260 182 2984 738 2554 2918 520 1622 300 1683 50 146 3215 366 73 1407 90 1472 3229 116 142 649 182 949 126 807 39 412
internal_value=0.193438 0.187782 0.198383 0.189689 0.183349 0.190735 0.195992 0.200745 0.183222 0.191183 0.175855 0.189469 0.188512 0.181314 0.197352 0.1867 0.176244 0.192603 0.18998 0.191501 0.201882 0.172478 0.170504 0.192691 0.18087 0.189156 0.187048 0.197369 0.185334 0.181501
internal_weight=30608 14279 16329 9986 4293 8630 8115 8214 1356 8229 858 3728 2990 401 5769 836 219 4501 456 2879 6147 558 442 2346 232 2758 1075 2067 3435 451
internal_count=30608 14279 16329 9986 4293 8630 8115 8214 1356 8229 858 3728 2990 401 5769 836 219 4501 456 2879 6147 558 442 2346 232 2758 1075 2067 3435 451
cat_boundaries=0 1 2 3 4 5
cat_threshold=1585152 4722724 46141444 46145540 29770256
is_linear=0
shrinkage=1


Tree=1
num_leaves=31
num_cat=5
split_feature=4 4 4 16 16 26 16 16 13 4 34 19 32 17 4 17 4 16 24 28 6 4 18 17 13 13 33 26 13 38
split_gain=342.399 48.2638 36.8882 25.778 22.7013 14.8974 14.4118 12.6468 11.2927 8.00699 6.10619 5.53263 5.8731 4.95876 4.50572 4.30701 4.00934 3.68599 3.55941 3.51296 3.49437 3.29815 3.32774 3.2072 3.15507 3.12765 3.68182 3.03226 2.9769 2.99361
threshold=0.31666666666666671 0.041666666666666678 0.78333333333333355 0 1 1.541666666666667 2 3 0.74541039586774327 0.14166666666666669 84.583333333333357 43.000000000000007 1021.9416666666668 49.053130000000003 0.48333333333333345 55.924650000000007 0.2166666666666667 4 8.6774685044169075 81.583333333333357 0.65000000000000002 1.0000000180025095e-35 17.587670000000003 40.565535000000004 -0.82964644928663578 0.38465092912467852 0.953356643071677 24.81666666666667 0.89058370012576782 -1.9999999999999429
decision_type=2 2 2 9 9 2 9 9 2 2 2 2 2 2 2 2 2 9 2 2 2 2 2 2 2 2 2 2 2 10
left_child=1 4 6 8 10 13 23 27 15 11 21 -7 25 -5 -8 -3 -15 -11 -17 -19 -9 22 -1 -2 -14 -13 -27 -4 -6 -30
right_child=2 3 7 5 28 9 14 20 -10 17 -12 12 24 16 -16 18 -18 19 -20 -21 -22 -23 -24 -25 -26 26 -28 -29 29 -31
leaf_value=0 0 0 0 0 0 0 0 0.004750000424683095 0 0 0 0 0 0 0 0 0 0 0 0 0.0095000001415610318 0 0 0 0 0 0 0 0 0
leaf_weight=300 1697 380 1260 182 2984 738 2554 2918 520 1622 300 1683 50 146 3215 366 73 1407 90 1472 3229 116 142 649 182 949 126 807 39 412
leaf_count=300 1697 380 1260 182 2984 738 2554 2918 520 1622 300 1683 50 146 3215 366 73 1407 90 1472 3229 116 142 649 182 949 126 807 39 412
internal_value=-0.00656231 -0.0122175 -0.00161705 -0.0103113 -0.0166511 -0.00926494 -0.00400796 0.00074506 -0.0167777 -0.00881688 -0.0241447 -0.0105308 -0.0114879 -0.0186861 -0.00264834 -0.0132998 -0.0237563 -0.00739708 -0.0100197 -0.00849919 0.00188157 -0.0275219 -0.0294956 -0.00730869 -0.0191297 -0.0108444 -0.0129523 -0.00263107 -0.0146658 -0.0184992
internal_weight=30608 14279 16329 9986 4293 8630 8115 8214 1356 8229 858 3728 2990 401 5769 836 219 4501 456 2879 6147 558 442 2346 232 2758 1075 2067 3435 451
internal_count=30608 14279 16329 9986 4293 8630 8115 8214 1356 8229 858 3728 2990 401 5769 836 219 4501 456 2879 6147 558 442 2346 232 2758 1075 2067 3435 451
cat_boundaries=0 1 2 3 4 5
cat_threshold=1585152 4722724 46141444 46145540 29770256
is_linear=0
shrinkage=0.05


Tree=2
num_leaves=31
num_cat=5
split_feature=4 4 4 16 16 26 16 16 13 4 34 19 32 17 4 17 4 16 24 29 28 6 4 18 17 13 13 33 26 13
split_gain=342.399 48.2638 36.8882 25.778 22.7013 14.8974 14.4118 12.6468 11.2927 8.00699 6.10619 5.53263 5.8731 4.95876 4.50572 4.30701 4.00934 3.68599 3.55941 3.51668 3.51296 3.49437 3.29815 3.32774 3.2072 3.15507 3.12765 3.68182 3.03226 2.93109
threshold=0.31666666666666671 0.041666666666666678 0.78333333333333355 0 1 1.541666666666667 2 3 0.74541039586774327 0.14166666666666669 84.583333333333357 43.000000000000007 1021.9416666666668 49.053130000000003 0.48333333333333345 55.924650000000007 0.2166666666666667 4 8.6774685044169075 13.495368781616023 81.583333333333357 0.65000000000000002 1.0000000180025095e-35 17.587670000000003 40.565535000000004 -0.82964644928663578 0.38465092912467852 0.953356643071677 24.81666666666667 0.89058370012576782
decision_type=2 2 2 9 9 2 9 9 2 2 2 2 2 2 2 2 2 9 2 2 2 2 2 2 2 2 2 2 2 2
left_child=1 4 6 8 10 13 24 28 15 11 22 -7 26 -5 -8 -3 -15 -11 -17 29 -19 -9 23 -1 -2 -14 -13 -28 -4 -6
right_child=2 3 7 5 19 9 14 21 -10 17 -12 12 25 16 -16 18 -18 20 -20 -21 -22 -23 -24 -25 -26 -27 27 -29 -30 -31
leaf_value=0 0 0 0 0 0 0 0 0.0045125004034489392 0 0 0 0 0 0 0 0 0 0 0 0 0 0.0090250001344829803 0 0 0 0 0 0 0 0
leaf_weight=300 1697 380 1260 182 2866 738 2554 2918 520 1622 300 1683 50 146 3215 366 73 1407 90 126 1472 3229 116 142 649 182 949 126 807 443
leaf_count=300 1697 380 1260 182 2866 738 2554 2918 520 1622 300 1683 50 146 3215 366 73 1407 90 126 1472 3229 116 142 649 182 949 126 807 443
internal_value=-0.00656231 -0.0122175 -0.00161705 -0.0103113 -0.0166511 -0.00926494 -0.00400796 0.00074506 -0.0167777 -0.00881688 -0.0241447 -0.0105308 -0.0114879 -0.0186861 -0.00264834 -0.0132998 -0.0237563 -0.00739708 -0.0100197 -0.0146658 -0.00849919 0.00188157 -0.0275219 -0.0294956 -0.00730869 -0.0191297 -0.0108444 -0.0129523 -0.00263107 -0.0150207
internal_weight=30608 14279 16329 9986 4293 8630 8115 8214 1356 8229 858 3728 2990 401 5769 836 219 4501 456 3435 2879 6147 558 442 2346 232 2758 1075 2067 3309
internal_count=30608 14279 16329 9986 4293 8630 8115 8214 1356 8229 858 3728 2990 401 5769 836 219 4501 456 3435 2879 6147 558 442 2346 232 2758 1075 2067 3309
cat_boundaries=0 1 2 3 4 5
cat_threshold=1585152 4722724 46141444 46145540 29770256
is_linear=0
shrinkage=0.05


Tree=3
num_leaves=31
num_cat=5
split_feature=4 4 4 16 16 26 16 16 13 4 34 19 32 17 4 17 4 16 24 29 6 23 4 18 17 13 13 33 26 13
split_gain=342.399 48.2638 36.8882 25.778 22.7013 14.8974 14.4118 12.6468 11.2927 8.00699 6.10619 5.53263 5.8731 4.95876 4.50572 4.30701 4.00934 3.68599 3.55941 3.51668 3.49437 3.43396 3.29815 3.32774 3.2072 3.15507 3.12765 3.68182 3.03226 2.93109
threshold=0.31666666666666671 0.041666666666666678 0.78333333333333355 0 1 1.541666666666667 2 3 0.74541039586774327 0.14166666666666669 84.583333333333357 43.000000000000007 1021.9416666666668 49.053130000000003 0.48333333333333345 55.924650000000007 0.2166666666666667 4 8.6774685044169075 13.495368781616023 0.65000000000000002 3.1633090291294081 1.0000000180025095e-35 17.587670000000003 40.565535000000004 -0.82964644928663578 0.38465092912467852 0.953356643071677 24.81666666666667 0.89058370012576782
decision_type=2 2 2 9 9 2 9 9 2 2 2 2 2 2 2 2 2 9 2 2 2 2 2 2 2 2 2 2 2 2
left_child=1 4 6 8 10 13 24 28 15 11 22 -7 26 -5 -8 -3 -15 -11 -17 29 -9 -19 23 -1 -2 -14 -13 -28 -4 -6
right_child=2 3 7 5 19 9 14 20 -10 17 -12 12 25 16 -16 18 -18 21 -20 -21 -22 -23 -24 -25 -26 -27 27 -29 -30 -31
leaf_value=0 0 0 0 0 0 0 0 0.004286875383276492 0 0 0 0 0 0 0 0 0 0 0 0 0.0085737501277588311 0 0 0 0 0 0 0 0 0
leaf_weight=300 1697 380 1260 182 2866 738 2554 2918 520 1622 300 1683 50 146 3215 366 73 1492 90 126 3229 1387 116 142 649 182 949 126 807 443
leaf_count=300 1697 380 1260 182 2866 738 2554 2918 520 1622 300 1683 50 146 3215 366 73 1492 90 126 3229 1387 116 142 649 182 949 126 807 443
internal_value=-0.00656231 -0.0122175 -0.00161705 -0.0103113 -0.0166511 -0.00926494 -0.00400796 0.00074506 -0.0167777 -0.00881688 -0.0241447 -0.0105308 -0.0114879 -0.0186861 -0.00264834 -0.0132998 -0.0237563 -0.00739708 -0.0100197 -0.0146658 0.00188157 -0.00849919 -0.0275219 -0.0294956 -0.00730869 -0.0191297 -0.0108444 -0.0129523 -0.00263107 -0.0150207
internal_weight=30608 14279 16329 9986 4293 8630 8115 8214 1356 8229 858 3728 2990 401 5769 836 219 4501 456 3435 6147 2879 558 442 2346 232 2758 1075 2067 3309
internal_count=30608 14279 16329 9986 4293 8630 8115 8214 1356 8229 858 3728 2990 401 5769 836 219 4501 456 3435 6147 2879 558 442 2346 232 2758 1075 2067 3309
cat_boundaries=0 1 2 3 4 5
cat_threshold=1585152 4722724 46141444 46145540 29770256
is_linear=0
shrinkage=0.05


Tree=4
num_leaves=31
num_cat=5
split_feature=4 4 4 16 16 26 16 16 13 4 34 19 32 17 4 17 4 16 24 6 23 4 17 13 13 33 26 13 38 17
split_gain=342.399 48.2638 36.8882 25.778 22.7013 14.8974 14.4118 12.6468 11.2927 8.00699 6.10619 5.53263 5.8731 4.95876 4.50572 4.30701 4.00934 3.68599 3.55941 3.49437 3.43396 3.29815 3.2072 3.15507 3.12765 3.68182 3.03226 2.9769 2.99361 2.9392
threshold=0.31666666666666671 0.041666666666666678 0.78333333333333355 0 1 1.541666666666667 2 3 0.74541039586774327 0.14166666666666669 84.583333333333357 43.000000000000007 1021.9416666666668 49.053130000000003 0.48333333333333345 55.924650000000007 0.2166666666666667 4 8.6774685044169075 0.65000000000000002 3.1633090291294081 1.0000000180025095e-35 40.565535000000004 -0.82964644928663578 0.38465092912467852 0.953356643071677 24.81666666666667 0.89058370012576782 -1.9999999999999429 40.565535000000004
decision_type=2 2 2 9 9 2 9 9 2 2 2 2 2 2 2 2 2 9 2 2 2 2 2 2 2 2 2 2 10 2
left_child=1 4 6 8 10 13 22 26 15 11 21 -7 24 -5 -8 -3 -15 -11 -17 -9 -19 29 -2 -14 -13 -26 -4 -6 -29 -1
right_child=2 3 7 5 27 9 14 19 -10 17 -12 12 23 16 -16 18 -18 20 -20 -21 -22 -23 -24 -25 25 -27 -28 28 -30 -31
leaf_value=0 0 0 0 0 0 0 0 0.0040725316141126677 0 0 0 0 0 0 0 0 0 0 0 0.0081450626213708903 0 0 0 0 0 0 0 0 0 0
leaf_weight=166 1697 380 1260 182 2984 738 2554 2918 520 1622 300 1683 50 146 3215 366 73 1492 90 3229 1387 116 649 182 949 126 807 39 412 276
leaf_count=166 1697 380 1260 182 2984 738 2554 2918 520 1622 300 1683 50 146 3215 366 73 1492 90 3229 1387 116 649 182 949 126 807 39 412 276
internal_value=-0.00656231 -0.0122175 -0.00161705 -0.0103113 -0.0166511 -0.00926494 -0.00400796 0.00074506 -0.0167777 -0.00881688 -0.0241447 -0.0105308 -0.0114879 -0.0186861 -0.00264834 -0.0132998 -0.0237563 -0.00739708 -0.0100197 0.00188157 -0.00849919 -0.0275219 -0.00730869 -0.0191297 -0.0108444 -0.0129523 -0.00263107 -0.0146658 -0.0184992 -0.0294956
internal_weight=30608 14279 16329 9986 4293 8630 8115 8214 1356 8229 858 3728 2990 401 5769 836 219 4501 456 6147 2879 558 2346 232 2758 1075 2067 3435 451 442
internal_count=30608 14279 16329 9986 4293 8630 8115 8214 1356 8229 858 3728 2990 401 5769 836 219 4501 456 6147 2879 558 2346 232 2758 1075 2067 3435 451 442
cat_boundaries=0 1 2 3 4 5
cat_threshold=1585152 4722724 46141444 46145540 29770256
is_linear=0
shrinkage=0.05


Tree=5
num_leaves=31
num_cat=7
split_feature=4 4 4 16 16 13 16 16 26 4 32 34 4 4 26 12 26 14 6 4 29 16 14 12 13 17 13 23 4 17
split_gain=336.187 43.7005 36.1935 27.4275 19.9761 16.5013 13.4857 12.9683 8.92349 6.80192 7.04481 6.20735 5.02612 4.98066 3.73078 3.66967 3.58008 3.25824 3.15012 3.14888 3.13242 3.02233 3.00748 2.98301 2.96887 4.33534 2.96374 2.99188 2.85385 2.96194
threshold=0.31666666666666671 0.041666666666666678 0.78333333333333355 0 1 0.65368047477200586 2 3 1.0166666666666671 0.14166666666666669 1021.9416666666668 87.416666666666671 0.14166666666666669 0.083333333333333356 26.31666666666667 0.65365639399891895 24.941666666666674 4 0.55000000000000016 0.44166666666666676 11.827454938333657 5 6 0.9294892378951588 -0.8099950225495034 34.870850000000011 -0.58639553337069572 1.3605900040689491 1.0000000180025095e-35 40.565535000000004
decision_type=2 2 2 9 9 2 9 9 2 2 2 2 2 2 2 2 2 1 2 2 2 9 1 2 2 2 2 2 2 2
left_child=1 4 7 5 11 13 16 -2 -5 10 17 28 -7 15 -11 -3 -4 -10 -8 21 -6 -9 -23 -17 -12 -26 -15 -28 29 -1
right_child=2 3 6 8 20 12 18 19 9 14 24 -13 -14 26 -16 23 -18 -19 -20 -21 -22 22 -24 -25 25 -27 27 -29 -30 -31
leaf_value=0 0 0 0 0 0 0 0.0038689050334070347 0 0 0 0 0 0 0 0 0 0 0 0.0077378094903023456 0 0 0 0 0 0 0 0 0 0 0
leaf_weight=155 2580 195 1220 210 3249 349 2398 793 1054 3309 47 193 548 368 794 37 768 2034 3771 3535 246 458 686 61 75 142 152 618 120 299
leaf_count=155 2580 195 1220 210 3249 349 2398 793 1054 3309 47 193 548 368 794 37 768 2034 3771 3535 246 458 686 61 75 142 152 618 120 299
internal_value=-0.00655788 -0.0121588 -0.00163211 -0.0103506 -0.016398 -0.0151448 0.000715328 -0.00401013 -0.00886308 -0.00858808 -0.0102592 -0.0239544 -0.0205273 -0.0118755 -0.00722259 -0.0176902 -0.00285771 -0.00958842 0.0018684 -0.00261579 -0.0146287 -0.00424088 -0.00587471 -0.0255861 -0.0180992 -0.0205666 -0.0103769 -0.0121413 -0.0268768 -0.0286941
internal_weight=30464 14255 16209 9993 4262 2328 8157 8052 7665 7455 3352 767 897 1431 4103 293 1988 3088 6169 5472 3495 1937 1144 98 264 217 1138 770 574 454
internal_count=30464 14255 16209 9993 4262 2328 8157 8052 7665 7455 3352 767 897 1431 4103 293 1988 3088 6169 5472 3495 1937 1144 98 264 217 1138 770 574 454
cat_boundaries=0 1 2 3 4 5 6 7
cat_threshold=1617924 4132 46137348 42471428 6180 281104 2658
is_linear=0
shrinkage=0.05


Tree=6
num_leaves=31
num_cat=7
split_feature=4 4 4 16 16 16 16 26 26 4 4 32 34 24 18 26 26 14 18 6 4 16 14 4 17 11 34 27 27 27
split_gain=336.187 43.7005 36.1935 27.4275 19.9761 13.4857 12.9683 10.941 8.92349 7.70563 6.80192 7.04481 6.20735 4.01 4.96249 3.73078 3.58008 3.25824 3.16531 3.15012 3.14888 3.02233 3.00748 2.85385 2.96194 3.99143 2.95305 2.83953 4.03321 2.83348
threshold=0.31666666666666671 0.041666666666666678 0.78333333333333355 0 1 2 3 13.34166666666667 1.0166666666666671 0.14166666666666669 0.14166666666666669 1021.9416666666668 87.416666666666671 3.8459280388055461 17.587670000000003 26.31666666666667 24.941666666666674 4 17.587670000000003 0.55000000000000016 0.44166666666666676 5 6 1.0000000180025095e-35 40.565535000000004 -0.70710678118654757 61.583333333333336 0.57154760664940785 0.45000000000000068 0.35590260840104365
decision_type=2 2 2 9 9 9 9 2 2 2 2 2 2 2 2 2 2 1 2 2 2 9 1 2 2 2 2 2 2 2
left_child=1 4 6 7 12 16 -2 9 -5 13 11 17 23 -3 -15 -12 -4 29 -9 -7 21 -8 -23 24 25 -1 -25 28 -14 -10
right_child=2 3 5 8 -6 19 20 18 10 -11 15 -13 27 14 -16 -17 -18 -19 -20 -21 -22 22 -24 26 -26 -27 -28 -29 -30 -31
leaf_value=0 0 0 0 0 0 0.003675459781736683 0 0 0 0 0 0 0 0 0 0 0 0 0 0.0073509190157872275 0 0 0 0 0 0 0 0 0 0
leaf_weight=30 2580 175 1220 210 3495 2398 793 437 269 983 3309 264 83 236 244 794 768 2034 253 3771 3535 458 686 42 299 125 78 90 20 785
leaf_count=30 2580 175 1220 210 3495 2398 793 437 269 983 3309 264 83 236 244 794 768 2034 253 3771 3535 458 686 42 299 125 78 90 20 785
internal_value=-0.00655788 -0.0121588 -0.00163211 -0.0103506 -0.016398 0.000715328 -0.00401013 -0.0151448 -0.00886308 -0.0174348 -0.00858808 -0.0102592 -0.0239544 -0.0216379 -0.0192668 -0.00722259 -0.00285771 -0.00958842 -0.0099261 0.0018684 -0.00261579 -0.00424088 -0.00587471 -0.0268768 -0.0286941 -0.0230496 -0.0199833 -0.016494 -0.0221629 -0.0120101
internal_weight=30464 14255 16209 9993 4262 8157 8052 2328 7665 1638 7455 3352 767 655 480 4103 1988 3088 690 6169 5472 1937 1144 574 454 155 120 193 103 1054
internal_count=30464 14255 16209 9993 4262 8157 8052 2328 7665 1638 7455 3352 767 655 480 4103 1988 3088 690 6169 5472 1937 1144 574 454 155 120 193 103 1054
cat_boundaries=0 1 2 3 4 5 6 7
cat_threshold=1617924 4132 46137348 42471428 6180 281104 2658
is_linear=0
shrinkage=0.05


Tree=7
num_leaves=31
num_cat=0
split_feature=4 4 4 30 26 4 32 26 5 34 24 6 4 32 26 36 7 24 13 18 35 18 19 36 13 38 32 32 1 36
split_gain=336.187 43.7005 36.1935 26.3354 12.4845 9.29079 8.99008 7.34241 6.61163 5.26491 4.46184 4.30565 3.95978 3.90968 3.66607 3.62517 3.47856 3.21409 3.01252 2.93868 3.06553 2.92286 4.48813 2.84774 3.0755 3.18078 3.06147 2.70866 3.27325 3.24504
threshold=0.31666666666666671 0.041666666666666678 0.78333333333333355 0.64166666666666694 24.941666666666674 0.14166666666666669 1020.0416666666669 13.933333333333335 0.14142135623730961 47.166666666666679 17.305821374604403 0.35000000000000003 0.44166666666666676 1021.9416666666668 15.54166666666667 -0.8949002852437673 0.15000000000000005 3.561331717513466 -0.8099950225495034 13.9214 13.482496425418601 3.6281500000000002 65.500000000000014 0.31532220742153078 0.79465785173762493 1.9583333333332578 1024.7833333333335 1014.0166666666668 0.15000000000000005 -0.19280597302859098
decision_type=2 2 2 2 2 2 2 2 2 2 2 2 2 2 2 2 2 2 2 2 2 2 2 2 2 10 2 2 2 2
left_child=1 6 10 8 11 7 17 15 16 -8 12 -4 -2 -9 -11 19 -3 -1 -15 -5 -21 22 -14 24 26 -26 -7 28 29 -17
right_child=2 3 4 5 -6 23 9 13 -10 14 -12 -13 21 18 -16 27 -18 -19 -20 20 -22 -23 -24 -25 25 -27 -28 -29 -30 -31
leaf_value=0 0 0 0 0 0 0 0 0 0 0 0 0.0069833730649978666 0 0 0 0 0 0 0 0 0 0 0 0 0 0 0 0 0 0
leaf_weight=161 2405 160 1772 122 982 2474 125 2279 251 391 1290 5403 398 24 156 289 605 3429 57 95 52 2879 1080 1838 561 45 54 664 110 313
leaf_count=161 2405 160 1772 122 982 2474 125 2279 251 391 1290 5403 398 24 156 289 605 3429 57 95 52 2879 1080 1838 561 45 54 664 110 313
internal_value=-0.00655788 -0.0121588 -0.00163211 -0.0103506 0.000715328 -0.00948692 -0.016398 -0.0112794 -0.0179805 -0.0217081 -0.00401013 0.001439 -0.00349596 -0.00949112 -0.0195851 -0.0138441 -0.0202915 -0.0154035 -0.0202836 -0.0191564 -0.014378 -0.00259691 -0.0044043 -0.00804288 -0.00895951 -0.0121597 -0.00819192 -0.0128043 -0.0106586 -0.0121076
internal_weight=30464 14255 16209 9993 8157 8977 4262 4005 1016 672 8052 7175 6762 2360 547 1645 765 3590 81 269 147 4357 1478 4972 3134 606 2528 1376 712 602
internal_count=30464 14255 16209 9993 8157 8977 4262 4005 1016 672 8052 7175 6762 2360 547 1645 765 3590 81 269 147 4357 1478 4972 3134 606 2528 1376 712 602
is_linear=0
shrinkage=0.05


Tree=8
num_leaves=31
num_cat=7
split_feature=4 4 4 16 16 13 16 16 26 4 32 34 4 4 26 12 26 14 6 4 29 16 14 12 13 17 13 23 4 17
split_gain=336.187 43.7005 36.1935 27.4275 19.9761 16.5013 13.4857 12.9683 8.92349 6.80192 7.04481 6.20735 5.02612 4.98066 3.73078 3.66967 3.58008 3.25824 3.15012 3.14888 3.13242 3.02233 3.00748 2.98301 2.96887 4.33534 2.96374 2.99188 2.85385 2.96194
threshold=0.31666666666666671 0.041666666666666678 0.78333333333333355 0 1 0.65368047477200586 2 3 1.0166666666666671 0.14166666666666669 1021.9416666666668 87.416666666666671 0.14166666666666669 0.083333333333333356 26.31666666666667 0.65365639399891895 24.941666666666674 4 0.55000000000000016 0.44166666666666676 11.827454938333657 5 6 0.9294892378951588 -0.8099950225495034 34.870850000000011 -0.58639553337069572 1.3605900040689491 1.0000000180025095e-35 40.565535000000004
decision_type=2 2 2 9 9 2 9 9 2 2 2 2 2 2 2 2 2 1 2 2 2 9 1 2 2 2 2 2 2 2
left_child=1 4 7 5 11 13 16 -2 -5 10 17 28 -7 15 -11 -3 -4 -10 -8 21 -6 -9 -23 -17 -12 -26 -15 -28 29 -1
right_child=2 3 6 8 20 12 18 19 9 14 24 -13 -14 26 -16 23 -18 -19 -20 -21 -22 22 -24 -25 25 -27 27 -29 -30 -31
leaf_value=0 0 0 0 0 0 0 0.0031425181393999555 0 0 0 0 0 0 0 0 0 0 0 0.0066342044117479737 0 0 0 0 0 0 0 0 0 0 0
leaf_weight=155 2580 195 1220 210 3249 349 2398 793 1054 3309 47 193 548 368 794 37 768 2034 3771 3535 246 458 686 61 75 142 152 618 120 299
leaf_count=155 2580 195 1220 210 3249 349 2398 793 1054 3309 47 193 548 368 794 37 768 2034 3771 3535 246 458 686 61 75 142 152 618 120 299
internal_value=-0.00655788 -0.0121588 -0.00163211 -0.0103506 -0.016398 -0.0151448 0.000715328 -0.00401013 -0.00886308 -0.00858808 -0.0102592 -0.0239544 -0.0205273 -0.0118755 -0.00722259 -0.0176902 -0.00285771 -0.00958842 0.0018684 -0.00261579 -0.0146287 -0.00424088 -0.00587471 -0.0255861 -0.0180992 -0.0205666 -0.0103769 -0.0121413 -0.0268768 -0.0286941
internal_weight=30464 14255 16209 9993 4262 2328 8157 8052 7665 7455 3352 767 897 1431 4103 293 1988 3088 6169 5472 3495 1937 1144 98 264 217 1138 770 574 454
internal_count=30464 14255 16209 9993 4262 2328 8157 8052 7665 7455 3352 767 897 1431 4103 293 1988 3088 6169 5472 3495 1937 1144 98 264 217 1138 770 574 454
cat_boundaries=0 1 2 3 4 5 6 7
cat_threshold=1617924 4132 46137348 42471428 6180 281104 2658
is_linear=0
shrinkage=0.05


Tree=9
num_leaves=31
num_cat=7
split_feature=4 4 4 16 16 13 16 16 26 4 32 34 4 4 26 12 26 14 6 4 16 14 12 13 20 13 23 4 20 11
split_gain=336.187 43.7005 36.1935 27.4275 19.9761 16.5013 13.4857 12.9683 8.92349 6.80192 7.04481 6.20735 5.02612 4.98066 3.73078 3.66967 3.58008 3.25824 3.15012 3.14888 3.02233 3.00748 2.98301 2.96887 4.33534 2.96374 2.99188 2.85385 2.96194 3.99143
threshold=0.31666666666666671 0.041666666666666678 0.78333333333333355 0 1 0.65368047477200586 2 3 1.0166666666666671 0.14166666666666669 1021.9416666666668 87.416666666666671 0.14166666666666669 0.083333333333333356 26.31666666666667 0.65365639399891895 24.941666666666674 4 0.55000000000000016 0.44166666666666676 5 6 0.9294892378951588 -0.8099950225495034 34.870850000000011 -0.58639553337069572 1.3605900040689491 1.0000000180025095e-35 40.565535000000004 -0.70710678118654757
decision_type=2 2 2 9 9 2 9 9 2 2 2 2 2 2 2 2 2 1 2 2 9 1 2 2 2 2 2 2 2 2
left_child=1 4 7 5 11 13 16 -2 -5 10 17 27 -7 15 -11 -3 -4 -10 -8 20 -9 -22 -17 -12 -25 -15 -27 28 29 -1
right_child=2 3 6 8 -6 12 18 19 9 14 23 -13 -14 25 -16 22 -18 -19 -20 -21 21 -23 -24 24 -26 26 -28 -29 -30 -31
leaf_value=0 0 0 0 0 0 0 0.002985392232429958 0 0 0 0 0 0 0 0 0 0 0 0.006302494191160574 0 0 0 0 0 0 0 0 0 0 0
leaf_weight=30 2580 195 1220 210 3495 349 2398 793 1054 3309 47 193 548 368 794 37 768 2034 3771 3535 458 686 61 75 142 152 618 120 299 125
leaf_count=30 2580 195 1220 210 3495 349 2398 793 1054 3309 47 193 548 368 794 37 768 2034 3771 3535 458 686 61 75 142 152 618 120 299 125
internal_value=-0.00655788 -0.0121588 -0.00163211 -0.0103506 -0.016398 -0.0151448 0.000715328 -0.00401013 -0.00886308 -0.00858808 -0.0102592 -0.0239544 -0.0205273 -0.0118755 -0.00722259 -0.0176902 -0.00285771 -0.00958842 0.0018684 -0.00261579 -0.00424088 -0.00587471 -0.0255861 -0.0180992 -0.0205666 -0.0103769 -0.0121413 -0.0268768 -0.0286941 -0.0230496
internal_weight=30464 14255 16209 9993 4262 2328 8157 8052 7665 7455 3352 767 897 1431 4103 293 1988 3088 6169 5472 1937 1144 98 264 217 1138 770 574 454 155
internal_count=30464 14255 16209 9993 4262 2328 8157 8052 7665 7455 3352 767 897 1431 4103 293 1988 3088 6169 5472 1937 1144 98 264 217 1138 770 574 454 155
cat_boundaries=0 1 2 3 4 5 6 7
cat_threshold=1617924 4132 46137348 42471428 6180 281104 2658
is_linear=0
shrinkage=0.05


Tree=10
num_leaves=31
num_cat=6
split_feature=4 4 6 16 16 16 26 16 13 4 34 18 7 16 24 23 4 4 16 20 4 5 27 27 23 37 4 30 27 10
split_gain=332.636 46.8243 37.4019 25.2498 20.9773 15.1852 14.6186 12.5315 9.96457 6.22849 5.78099 5.09382 4.89009 4.69848 4.18117 3.9842 3.85975 3.85742 3.54231 3.53375 3.86987 3.36539 3.13791 3.9331 2.92175 3.51921 3.85419 2.60036 4.01916 2.88238
threshold=0.31666666666666671 0.041666666666666678 0.35000000000000003 0 1 2 1.541666666666667 3 0.74541039586774327 0.14166666666666669 87.583333333333357 17.587670000000003 1.5500000000000003 4 6.5462597557573012 4.063166402216889 1.2416666666666669 0.44166666666666676 5 49.662580000000005 0.2166666666666667 0.41497721826524153 0.57154760664940785 0.45000000000000068 1.3454681587858173 -0.8092633877650689 0.18333333333333338 13.433333333333335 0.32998316455372256 -0.70710678118654735
decision_type=2 2 2 9 9 9 2 9 2 2 2 2 2 9 2 2 2 2 9 2 2 2 2 2 2 2 2 2 2 2
left_child=1 4 5 8 10 17 19 12 11 13 -1 -3 -4 -8 24 -11 -9 -2 -17 -5 -21 -7 23 -12 -13 -26 -27 28 -6 -30
right_child=2 3 7 6 27 21 9 16 -10 15 22 14 -14 -15 -16 18 -18 -19 -20 20 -22 -23 -24 -25 25 26 -28 -29 29 -31
leaf_value=0 0 0 0 0 0 0 0 0.0021184650247072362 0 0 0 0 0 0 0 0 0.010987369183579322 0 0 0 0 0 0 0 0 0 0 0 0 0
leaf_weight=572 1419 394 698 212 415 2164 2309 2892 508 2797 82 115 1130 1431 182 506 2793 2863 1217 111 69 2330 91 21 35 69 66 1607 358 1104
leaf_count=572 1419 394 698 212 415 2164 2309 2892 508 2797 82 115 1130 1431 182 506 2793 2863 1217 111 69 2330 91 21 35 69 66 1607 358 1104
internal_value=-0.00660502 -0.0121781 -0.00172232 -0.0103127 -0.0165761 -0.00393911 -0.00927489 0.000867152 -0.0166812 -0.00883767 -0.0243139 -0.0135234 -0.00272564 -0.0103473 -0.00998715 -0.00758833 0.00202367 -0.00606696 -0.00948001 -0.0187197 -0.0238756 -0.00189383 -0.0171561 -0.0231329 -0.0137671 -0.0179306 -0.0142487 -0.014762 -0.01607 -0.0148348
internal_weight=30560 14271 16289 10021 4250 8776 8652 7513 1369 8260 766 861 1828 3740 467 4520 5685 4282 1723 392 180 4494 194 103 285 170 135 3484 1877 1462
internal_count=30560 14271 16289 10021 4250 8776 8652 7513 1369 8260 766 861 1828 3740 467 4520 5685 4282 1723 392 180 4494 194 103 285 170 135 3484 1877 1462
cat_boundaries=0 1 2 3 4 5 6
cat_threshold=1585152 4132 47755300 46141444 59050512 8552978
is_linear=0
shrinkage=0.05


Tree=11
num_leaves=31
num_cat=0
split_feature=7 6 7 26 7 7 26 18 19 17 7 13 27 1 7 26 32 19 19 13 12 34 23 29 6 13 30 23 18 10
split_gain=306.452 57.7495 34.4971 22.0348 13.2275 9.43043 8.60446 8.22261 17.0986 7.71417 5.62927 5.4484 4.98544 4.9454 4.70742 3.97261 4.18424 4.03705 5.21919 4.42808 3.82565 3.7811 3.65812 3.50162 3.49683 4.90806 3.32903 3.99513 3.50801 3.26643
threshold=0.45000000000000007 0.35000000000000003 1.0000000180025095e-35 1.541666666666667 0.75000000000000011 0.25000000000000006 24.941666666666674 3.6281500000000002 65.500000000000014 34.870850000000011 0.25000000000000006 -0.63395513778623447 0.7386138800877895 0.15000000000000005 0.95000000000000007 17.058333333333337 1019.9166666666669 17.000000000000004 48.500000000000007 -0.40043915342903252 0.43938332272944891 87.583333333333357 3.4506803025726693 6.073374399353006 0.15000000000000005 0.99963164097526624 13.34166666666667 3.9448432295712261 14.860880000000002 0.60355339059327384
decision_type=2 2 2 2 2 2 2 2 2 2 2 2 2 2 2 2 2 2 2 2 2 2 2 2 2 2 2 2 2 2
left_child=2 4 7 10 24 11 14 8 21 -6 -4 22 13 15 -3 17 -17 -13 -19 -20 -21 -1 -5 -14 25 -2 -9 -28 -29 -10
right_child=1 6 3 5 9 -7 -8 26 29 -11 -12 12 23 -15 -16 16 -18 18 19 20 -22 -23 -24 -25 -26 -27 27 28 -30 -31
leaf_value=0 0 0 0 0 0 0 0 0 0 0 0 0 0 0 0.004894077195799474 0 0 0 0 0 0 0 0 0 0 0 0 0 0 0
leaf_weight=305 2843 1183 304 519 2066 3577 668 1019 463 4659 407 277 527 367 5604 623 26 282 81 507 311 95 754 747 1120 28 327 89 653 129
leaf_count=305 2843 1183 304 519 2066 3577 668 1019 463 4659 407 277 527 367 5604 623 26 282 81 507 311 95 754 747 1120 28 327 89 653 129
internal_value=-0.00660502 -0.00247068 -0.0126688 -0.0111509 -0.00482172 -0.0104511 0.000908774 -0.0172559 -0.0210059 -0.00346835 -0.0196105 -0.011849 -0.0128092 -0.0141183 0.00144171 -0.0150515 -0.0117933 -0.0165009 -0.0177758 -0.0159104 -0.0148026 -0.0289928 -0.00902129 -0.0102661 -0.00710205 -0.00802654 -0.0154734 -0.0135207 -0.0155505 -0.0156055
internal_weight=30560 18171 12389 9309 10716 8598 7455 3080 992 6725 711 5021 3748 2474 6787 2107 649 1458 1181 899 818 400 1273 1274 3991 2871 2088 1069 742 592
internal_count=30560 18171 12389 9309 10716 8598 7455 3080 992 6725 711 5021 3748 2474 6787 2107 649 1458 1181 899 818 400 1273 1274 3991 2871 2088 1069 742 592
is_linear=0
shrinkage=0.05


Tree=12
num_leaves=31
num_cat=6
split_feature=4 4 6 16 16 16 26 16 13 4 34 17 7 32 24 16 23 4 4 16 17 4 5 24 32 23 37 4 30 30
split_gain=332.636 46.8243 37.4019 25.2498 20.9773 15.1852 14.6186 12.5315 9.96457 6.22849 5.78099 5.09382 4.89009 4.87869 4.18117 4.11558 3.9842 3.85975 3.85742 3.54231 3.53375 3.86987 3.36539 3.18957 2.94045 2.92175 3.51921 3.85419 2.60036 2.87598
threshold=0.31666666666666671 0.041666666666666678 0.35000000000000003 0 1 2 1.541666666666667 3 0.74541039586774327 0.14166666666666669 87.583333333333357 55.924650000000007 1.5500000000000003 1021.9416666666668 6.5462597557573012 4 4.063166402216889 1.2416666666666669 0.44166666666666676 5 49.662580000000005 0.2166666666666667 0.41497721826524153 4.9010488506984435 1008.0833333333335 1.3454681587858173 -0.8092633877650689 0.18333333333333338 13.433333333333335 11.81666666666667
decision_type=2 2 2 9 9 9 2 9 2 2 2 2 2 2 2 9 2 2 2 9 2 2 2 2 2 2 2 2 2 2
left_child=1 4 5 8 10 18 20 12 11 13 24 -3 -4 15 25 -8 -11 -9 -2 -18 -5 -22 -7 -17 -1 -13 -27 -28 29 -6
right_child=2 3 7 6 28 22 9 17 -10 16 -12 14 -14 -15 -16 23 19 -19 -20 -21 21 -23 -24 -25 -26 26 27 -29 -30 -31
leaf_value=0 0 0 0 0 0 0 0 0.0017678379136818996 0 0 0 0 0 0 0 0 0 0.010193296864610381 0 0 0 0 0 0 0 0 0 0 0 0
leaf_weight=69 1419 394 698 212 1630 2164 1499 2892 508 2797 194 115 1130 295 182 177 506 2793 2863 1217 111 69 2330 1769 503 35 69 66 1607 247
leaf_count=69 1419 394 698 212 1630 2164 1499 2892 508 2797 194 115 1130 295 182 177 506 2793 2863 1217 111 69 2330 1769 503 35 69 66 1607 247
internal_value=-0.00660502 -0.0121781 -0.00172232 -0.0103127 -0.0165761 -0.00393911 -0.00927489 0.000867152 -0.0166812 -0.00883767 -0.0243139 -0.0135234 -0.00272564 -0.0103473 -0.00998715 -0.00981829 -0.00758833 0.00202367 -0.00606696 -0.00948001 -0.0187197 -0.0238756 -0.00189383 -0.0114105 -0.0271631 -0.0137671 -0.0179306 -0.0142487 -0.014762 -0.01607
internal_weight=30560 14271 16289 10021 4250 8776 8652 7513 1369 8260 766 861 1828 3740 467 3445 4520 5685 4282 1723 392 180 4494 1946 572 285 170 135 3484 1877
internal_count=30560 14271 16289 10021 4250 8776 8652 7513 1369 8260 766 861 1828 3740 467 3445 4520 5685 4282 1723 392 180 4494 1946 572 285 170 135 3484 1877
cat_boundaries=0 1 2 3 4 5 6
cat_threshold=1585152 4132 47755300 46141444 25496080 8552978
is_linear=0
shrinkage=0.05


Tree=13
num_leaves=31
num_cat=7
split_feature=4 4 4 16 16 16 26 16 13 4 34 17 32 24 16 23 4 16 17 4 16 26 24 27 27 4 26 27 29 32
split_gain=322.173 46.8243 32.4061 25.2498 20.9773 15.8792 14.6186 12.0831 9.96457 6.22849 5.78099 5.09382 4.87869 4.18117 4.11558 3.9842 3.67192 3.54231 3.53375 3.86987 3.52977 3.28644 3.18957 3.13791 3.9331 2.97799 3.81828 2.95755 2.95546 2.94045
threshold=0.31666666666666671 0.041666666666666678 0.78333333333333355 0 1 2 1.541666666666667 3 0.74541039586774327 0.14166666666666669 87.583333333333357 55.924650000000007 1021.9416666666668 6.5462597557573012 4 4.063166402216889 0.48333333333333345 5 49.662580000000005 0.2166666666666667 6 24.81666666666667 4.9010488506984435 0.57154760664940785 0.45000000000000068 1.8583333333333336 14.558333333333335 0.43204937989385755 11.925663124871953 1008.0833333333335
decision_type=2 2 2 9 9 9 2 9 2 2 2 2 2 2 9 2 2 9 2 2 9 2 2 2 2 2 2 2 2 2
left_child=1 4 5 8 10 20 18 21 11 12 29 -3 14 -13 -8 -11 -7 -17 -5 -20 -2 -4 -16 24 -12 26 -9 -23 -6 -1
right_child=2 3 7 6 28 16 9 25 -10 15 23 13 -14 -15 22 17 -18 -19 19 -21 -22 27 -24 -25 -26 -27 -28 -29 -30 -31
leaf_value=0 0 0 0 0 0 0 0 0.0031852912740583522 0 0 0 0 0 0 0 0 0 0 0 0 0 0 0 0 0 0.01453380290958069 -0.0018147091729764837 0 0 0
leaf_weight=69 636 394 1226 212 3245 2243 1499 2879 508 2797 82 285 295 182 177 506 2785 1217 111 69 2435 245 1769 91 21 1770 1517 553 239 503
leaf_count=69 636 394 1226 212 3245 2243 1499 2879 508 2797 82 285 295 182 177 506 2785 1217 111 69 2435 245 1769 91 21 1770 1517 553 239 503
internal_value=-0.00669337 -0.0121781 -0.00188807 -0.0103127 -0.0165761 -0.00413071 -0.00927489 0.000329666 -0.0166812 -0.00883767 -0.0243139 -0.0135234 -0.0103473 -0.00998715 -0.00981829 -0.00758833 -0.00238383 -0.00948001 -0.0187197 -0.0238756 -0.00696018 -0.00301362 -0.0114105 -0.0171561 -0.0231329 0.0014297 0.000734742 -0.00552562 -0.014762 -0.0271631
internal_weight=30560 14271 16289 10021 4250 8099 8652 8190 1369 8260 766 861 3740 467 3445 4520 5028 1723 392 180 3071 2024 1946 194 103 6166 4396 798 3484 572
internal_count=30560 14271 16289 10021 4250 8099 8652 8190 1369 8260 766 861 3740 467 3445 4520 5028 1723 392 180 3071 2024 1946 194 103 6166 4396 798 3484 572
cat_boundaries=0 1 2 3 4 5 6 7
cat_threshold=1585152 4132 46665764 46145540 25496080 8552978 4100
is_linear=0
shrinkage=0.05


Tree=14
num_leaves=31
num_cat=1
split_feature=4 4 4 24 17 32 4 34 32 4 7 17 24 17 12 18 19 34 13 13 27 27 10 28 32 14 18 19 18 34
split_gain=321.789 46.8243 32.2289 24.6432 9.90925 9.44245 7.04774 6.57582 5.82624 5.46162 4.74991 4.45094 4.06643 5.10464 3.57089 3.4252 10.4264 4.37589 3.65806 3.40066 3.6432 3.53626 3.35585 3.31353 3.20121 3.49272 3.06071 5.95697 3.04068 3.03216
threshold=0.31666666666666671 0.041666666666666678 0.78333333333333355 4.4193930730077637 34.870850000000011 1019.9166666666669 0.14166666666666669 45.416666666666679 1022.5583333333334 0.44166666666666676 0.25000000000000006 13.278450000000001 3.8459280388055461 49.662580000000005 0.9294892378951588 3.6281500000000002 65.500000000000014 90.583333333333357 0.92628984363228828 0.65368047477200586 0.21602468994692886 0.18856180831641331 0.37940952255126054 81.583333333333357 1012.8166666666668 0 3.6281500000000002 65.500000000000014 3.6281500000000002 89.583333333333357
decision_type=2 2 2 2 2 2 2 2 2 2 2 2 2 2 2 2 2 2 2 2 2 2 2 2 2 1 2 2 2 2
left_child=1 5 9 10 -4 15 8 -7 19 -2 12 -11 13 -3 -12 16 17 -1 -17 28 21 -21 24 -8 -18 -26 27 -13 -5 -30
right_child=2 3 4 6 -6 7 23 -9 -10 11 14 26 -14 -15 -16 18 22 -19 -20 20 -22 -23 -24 -25 25 -27 -28 -29 29 -31
leaf_value=0 0 0 0 0 0.003026026710355434 0 0 0 0 0 0 0 0 0 0 0 0 0 0 0 0 0 0 0 0 0 0 0 0 0
leaf_weight=271 2861 131 1719 781 6471 134 2296 544 239 1259 770 407 246 225 126 2255 217 85 267 96 781 34 201 2391 122 154 2748 824 1060 845
leaf_count=271 2861 131 1719 781 6471 134 2296 544 239 1259 770 407 246 225 126 2255 217 85 267 96 781 34 201 2391 122 154 2748 824 1060 845
internal_value=-0.00669664 -0.0121781 -0.00189421 -0.0103127 0.000317457 -0.0165761 -0.00927303 -0.0219879 -0.0108626 -0.00413071 -0.0162272 -0.003171 -0.0196645 -0.0230834 -0.0139159 -0.0155483 -0.0179507 -0.0249087 -0.0145474 -0.0103597 -0.0130008 -0.0207533 -0.0143783 -0.00797188 -0.0165991 -0.0201738 -0.00235103 -0.00442287 -0.00946353 -0.00838539
internal_weight=30560 14271 16289 10021 8190 4250 8523 678 3836 8099 1498 5238 602 356 896 3572 1050 356 2522 3597 911 130 694 4687 493 276 3979 1231 2686 1905
internal_count=30560 14271 16289 10021 8190 4250 8523 678 3836 8099 1498 5238 602 356 896 3572 1050 356 2522 3597 911 130 694 4687 493 276 3979 1231 2686 1905
cat_boundaries=0 1
cat_threshold=1198
is_linear=0
shrinkage=0.05


Tree=15
num_leaves=31
num_cat=6
split_feature=4 4 4 30 16 16 16 16 7 34 16 4 17 32 4 4 6 26 26 27 13 34 16 28 28 35 23 23 34 23
split_gain=327.483 46.6699 30.6519 25.3487 20.8896 19.6027 12.536 11.4692 7.70279 6.67975 6.04519 5.14834 4.98566 4.82118 4.57687 3.99136 3.44457 3.80928 3.32935 3.31076 3.07355 4.45527 3.06539 3.04387 4.0336 2.97036 2.76494 2.7105 3.06855 2.7858
threshold=0.31666666666666671 0.041666666666666678 0.78333333333333355 0.34166666666666673 0 1 2 3 0.25000000000000006 84.583333333333357 4 0.14166666666666669 49.662580000000005 1015.8166666666668 0.48333333333333345 1.0000000180025095e-35 1.5500000000000003 16.616666666666671 15.34166666666667 0.44984562605386752 0.64713682673509043 92.166666666666671 5 80.416666666666671 56.166666666666679 11.976807025680371 3.0530329876099178 3.194062201935616 99.166666666666671 1.5892592017180223
decision_type=2 2 2 2 9 9 9 9 2 2 9 2 2 2 2 2 2 2 2 2 2 2 9 2 2 2 2 2 2 2
left_child=1 4 6 8 9 19 22 -4 12 15 -7 13 25 18 -8 -1 17 -9 20 -5 -12 -22 -2 24 -20 -3 -21 28 -13 -30
right_child=2 3 7 5 -6 10 14 16 -10 -11 11 27 -14 -15 -16 -17 -18 -19 23 26 21 -23 -24 -25 -26 -27 -28 -29 29 -31
leaf_value=0 0 0 0 0 0 0 0 0.0028747253748376625 0 0 0 0 0 0 0 0 0.023805641136429502 -0.00037693325944264112 0.0050000004470348363 0 0 0 0 0 0 0 0 0 0 0
leaf_weight=423 1981 71 1096 288 3579 3380 2425 4262 555 239 370 1158 235 571 3063 108 943 1886 75 77 59 92 633 390 764 64 181 1368 181 96
leaf_count=423 1981 71 1096 288 3579 3380 2425 4262 555 239 370 1158 235 571 3063 108 943 1886 75 77 59 92 633 390 764 64 181 1368 181 96
internal_value=-0.00667312 -0.0121879 -0.00182361 -0.0103032 -0.0165103 -0.00949713 -0.0040039 0.000334062 -0.0181872 -0.0242277 -0.00887117 -0.00999786 -0.0237774 -0.0117595 -0.00263 -0.027669 0.00107096 0.000640849 -0.0104565 -0.0187376 -0.0138073 -0.0198213 -0.00685187 -0.00903507 -0.0107317 -0.0160992 -0.0149554 -0.00857444 -0.00705526 -0.0117827
internal_weight=30613 14324 16289 9975 4349 9050 8102 8187 925 770 8504 5124 370 2321 5488 531 7091 6148 1750 546 521 151 2614 1229 839 135 258 2803 1435 277
internal_count=30613 14324 16289 9975 4349 9050 8102 8187 925 770 8504 5124 370 2321 5488 531 7091 6148 1750 546 521 151 2614 1229 839 135 258 2803 1435 277
cat_boundaries=0 1 2 3 4 5 6
cat_threshold=4132 12288 42471428 37748736 17123856 42467328
is_linear=0
shrinkage=0.05


Tree=16
num_leaves=31
num_cat=6
split_feature=4 4 4 30 16 16 16 16 34 4 17 16 4 32 4 4 26 27 13 34 16 28 28 25 25 25 34 25 32 9
split_gain=332.155 46.6699 32.7583 25.3487 20.8896 19.6027 12.536 12.3634 6.67975 6.26991 6.88152 6.04519 5.14834 4.82118 4.57687 3.99136 3.32935 3.31076 3.07355 4.45527 3.06539 3.04387 4.0336 2.95898 2.76494 2.7105 3.06855 2.7858 2.65681 3.64623
threshold=0.31666666666666671 0.041666666666666678 0.78333333333333355 0.34166666666666673 0 1 2 3 84.583333333333357 0.2166666666666667 48.652590000000011 4 0.14166666666666669 1015.8166666666668 0.48333333333333345 1.0000000180025095e-35 15.34166666666667 0.44984562605386752 0.64713682673509043 92.166666666666671 5 80.416666666666671 56.166666666666679 285.20904593495487 381.62912345123976 399.257775241952 99.166666666666671 198.65740021475278 1012.6166666666668 18.500000000000004
decision_type=2 2 2 2 9 9 9 9 2 2 2 9 2 2 2 2 2 2 2 2 9 2 2 2 2 2 2 2 2 2
left_child=1 4 6 9 8 17 20 23 15 10 -3 -7 13 16 -8 -1 18 -5 -13 -20 -2 22 -18 -4 -19 26 -14 -28 29 -10
right_child=2 3 7 5 -6 11 14 -9 28 -11 -12 12 25 -15 -16 -17 21 24 19 -21 -22 -23 -24 -25 -26 -27 27 -29 -30 -31
leaf_value=0 0 0 0 0 0 0 0 0.0027309891060957798 0 0 0 0 0 0 0 0 0.004750000424683095 0 0 0 0 0 0 0 0 0 0 0 0 0
leaf_weight=423 1981 189 847 288 3579 3380 2425 6529 74 292 444 370 1158 571 3063 108 75 77 59 92 633 390 764 811 181 1368 181 96 143 22
leaf_count=423 1981 189 847 288 3579 3380 2425 6529 74 292 444 370 1158 571 3063 108 75 77 59 92 633 390 764 811 181 1368 181 96 143 22
internal_value=-0.00663392 -0.0121879 -0.00174994 -0.0103032 -0.0165103 -0.00949713 -0.0040039 0.000480634 -0.0242277 -0.0181872 -0.020984 -0.00887117 -0.00999786 -0.0117595 -0.00263 -0.027669 -0.0104565 -0.0187376 -0.0138073 -0.0198213 -0.00685187 -0.00903507 -0.0107317 -0.00336311 -0.0149554 -0.00857444 -0.00705526 -0.0117827 -0.0175868 -0.0111342
internal_weight=30613 14324 16289 9975 4349 9050 8102 8187 770 925 633 8504 5124 2321 5488 531 1750 546 521 151 2614 1229 839 1658 258 2803 1435 277 239 96
internal_count=30613 14324 16289 9975 4349 9050 8102 8187 770 925 633 8504 5124 2321 5488 531 1750 546 521 151 2614 1229 839 1658 258 2803 1435 277 239 96
cat_boundaries=0 1 2 3 4 5 6
cat_threshold=4132 12288 42471428 37748740 17123856 42467328
is_linear=0
shrinkage=0.05


Tree=17
num_leaves=31
num_cat=6
split_feature=4 4 4 30 16 16 16 16 7 34 16 4 20 32 4 4 4 26 26 27 13 34 16 28 28 35 23 23 34 23
split_gain=323.614 46.6699 28.9501 25.3487 20.8896 19.6027 12.536 10.8871 7.70279 6.67975 6.04519 5.14834 4.98566 4.82118 4.57687 3.99136 3.86388 4.47172 3.32935 3.31076 3.07355 4.45527 3.06539 3.04387 4.0336 2.97036 2.76494 2.7105 3.06855 2.7858
threshold=0.31666666666666671 0.041666666666666678 0.78333333333333355 0.34166666666666673 0 1 2 3 0.25000000000000006 84.583333333333357 4 0.14166666666666669 49.662580000000005 1015.8166666666668 0.48333333333333345 1.0000000180025095e-35 2.1166666666666671 18.458333333333339 15.34166666666667 0.44984562605386752 0.64713682673509043 92.166666666666671 5 80.416666666666671 56.166666666666679 11.976807025680371 3.0530329876099178 3.194062201935616 99.166666666666671 1.5892592017180223
decision_type=2 2 2 2 9 9 9 9 2 2 9 2 2 2 2 2 2 2 2 2 2 2 9 2 2 2 2 2 2 2
left_child=1 4 6 8 9 19 22 -4 12 15 -7 13 25 18 -8 -1 17 -9 20 -5 -12 -22 -2 24 -20 -3 -21 28 -13 -30
right_child=2 3 7 5 -6 10 14 16 -10 -11 11 27 -14 -15 -16 -17 -18 -19 23 26 21 -23 -24 -25 -26 -27 -28 -29 29 -31
leaf_value=0 0 0 0 0 0 0 0 0.0018062519908316644 0 0 0 0 0 0 0 0 0.013071868874003779 -0.00084347306020418145 0.0045125004034489392 0 0 0 0 0 0 0 0 0 0 0
leaf_weight=423 1981 71 1096 288 3579 3380 2425 4322 555 239 370 1158 235 571 3063 108 1600 1169 75 77 59 92 633 390 764 64 181 1368 181 96
leaf_count=423 1981 71 1096 288 3579 3380 2425 4322 555 239 370 1158 235 571 3063 108 1600 1169 75 77 59 92 633 390 764 64 181 1368 181 96
internal_value=-0.00670579 -0.0121879 -0.001885 -0.0103032 -0.0165103 -0.00949713 -0.0040039 0.000211919 -0.0181872 -0.0242277 -0.00887117 -0.00999786 -0.0237774 -0.0117595 -0.00263 -0.027669 0.000930138 0.000301397 -0.0104565 -0.0187376 -0.0138073 -0.0198213 -0.00685187 -0.00903507 -0.0107317 -0.0160992 -0.0149554 -0.00857444 -0.00705526 -0.0117827
internal_weight=30613 14324 16289 9975 4349 9050 8102 8187 925 770 8504 5124 370 2321 5488 531 7091 5491 1750 546 521 151 2614 1229 839 135 258 2803 1435 277
internal_count=30613 14324 16289 9975 4349 9050 8102 8187 925 770 8504 5124 370 2321 5488 531 7091 5491 1750 546 521 151 2614 1229 839 135 258 2803 1435 277
cat_boundaries=0 1 2 3 4 5 6
cat_threshold=4132 12288 42471428 37748736 17123856 42467328
is_linear=0
shrinkage=0.05


Tree=18
num_leaves=31
num_cat=6
split_feature=4 4 4 30 16 16 16 16 34 4 17 16 4 32 4 4 4 26 26 27 13 34 16 28 28 25 25 34 25 32
split_gain=323.614 46.6699 28.9501 25.3487 20.8896 19.6027 12.536 10.8871 6.67975 6.26991 6.88152 6.04519 5.14834 4.82118 4.57687 3.99136 3.86388 4.47172 3.32935 3.31076 3.07355 4.45527 3.06539 3.04387 4.0336 2.76494 2.7105 3.06855 2.7858 2.65681
threshold=0.31666666666666671 0.041666666666666678 0.78333333333333355 0.34166666666666673 0 1 2 3 84.583333333333357 0.2166666666666667 48.652590000000011 4 0.14166666666666669 1015.8166666666668 0.48333333333333345 1.0000000180025095e-35 2.1166666666666671 18.458333333333339 15.34166666666667 0.44984562605386752 0.64713682673509043 92.166666666666671 5 80.416666666666671 56.166666666666679 381.62912345123976 399.257775241952 99.166666666666671 198.65740021475278 1012.6166666666668
decision_type=2 2 2 2 9 9 9 9 2 2 2 9 2 2 2 2 2 2 2 2 2 2 9 2 2 2 2 2 2 2
left_child=1 4 6 9 8 19 22 -4 15 10 -3 -7 13 18 -8 -1 17 -9 20 -5 -13 -22 -2 24 -20 -21 27 -14 -29 -10
right_child=2 3 7 5 -6 11 14 16 29 -11 -12 12 26 -15 -16 -17 -18 -19 23 25 21 -23 -24 -25 -26 -27 -28 28 -30 -31
leaf_value=0 0 0 0 0 0 0 0 0.0017159393912900807 0 0 0 0 0 0 0 0 0.012418275430303589 -0.00080129940719397244 0.004286875383276492 0 0 0 0 0 0 0 0 0 0 0
leaf_weight=423 1981 189 1096 288 3579 3380 2425 4322 96 292 444 370 1158 571 3063 108 1600 1169 75 77 59 92 633 390 764 181 1368 181 96 143
leaf_count=423 1981 189 1096 288 3579 3380 2425 4322 96 292 444 370 1158 571 3063 108 1600 1169 75 77 59 92 633 390 764 181 1368 181 96 143
internal_value=-0.00670579 -0.0121879 -0.001885 -0.0103032 -0.0165103 -0.00949713 -0.0040039 0.000211919 -0.0242277 -0.0181872 -0.020984 -0.00887117 -0.00999786 -0.0117595 -0.00263 -0.027669 0.000930138 0.000301397 -0.0104565 -0.0187376 -0.0138073 -0.0198213 -0.00685187 -0.00903507 -0.0107317 -0.0149554 -0.00857444 -0.00705526 -0.0117827 -0.0175868
internal_weight=30613 14324 16289 9975 4349 9050 8102 8187 770 925 633 8504 5124 2321 5488 531 7091 5491 1750 546 521 151 2614 1229 839 258 2803 1435 277 239
internal_count=30613 14324 16289 9975 4349 9050 8102 8187 770 925 633 8504 5124 2321 5488 531 7091 5491 1750 546 521 151 2614 1229 839 258 2803 1435 277 239
cat_boundaries=0 1 2 3 4 5 6
cat_threshold=4132 12288 42471428 37748736 17123856 42467328
is_linear=0
shrinkage=0.05


Tree=19
num_leaves=31
num_cat=0
split_feature=4 4 4 30 26 32 7 4 32 34 13 4 17 26 27 36 33 18 19 26 34 32 38 31 6 30 37 10 18 34
split_gain=323.422 46.6699 28.8663 25.3487 10.7964 9.87389 7.70279 7.65554 6.011 5.9927 5.58351 5.16081 4.98566 4.64318 4.12401 3.86005 3.50262 3.4625 9.81854 5.08806 4.47643 4.11131 3.62111 3.83608 3.37581 3.22627 3.12795 3.90474 3.06871 4.60294
threshold=0.31666666666666671 0.041666666666666678 0.78333333333333355 0.34166666666666673 24.941666666666674 1019.9166666666669 0.25000000000000006 0.14166666666666669 1021.9416666666668 45.416666666666679 0.64713682673509043 0.44166666666666676 49.662580000000005 16.841666666666672 0.21602468994692886 -0.98686752212067697 0.68475461947247851 3.6281500000000002 65.500000000000014 9.7833333333333368 87.583333333333357 1009.3416666666668 0.066666666666662891 0.75 1.5500000000000003 19.216666666666672 -0.60855578140800259 0.60355339059327384 3.6281500000000002 89.166666666666671
decision_type=2 2 2 2 2 2 2 2 2 2 2 2 2 2 2 2 2 2 2 2 2 2 10 2 2 2 2 2 2 2
left_child=1 5 11 6 24 15 12 8 10 -7 28 -2 -3 -13 -12 -1 -16 18 20 22 25 -20 -19 -24 -4 -17 27 -23 -5 -30
right_child=2 3 4 7 -6 9 -8 -9 -10 -11 14 13 -14 -15 16 17 -18 19 21 -21 -22 26 23 -25 -26 -27 -28 -29 29 -31
leaf_value=0 0 0 0.00091248482562435456 0 0 0 0 0 0 0 0 0 0 0 0 0 0 0 0 0 0 0 0 0 0.018704357586745428 0 0 0 0 0
leaf_weight=70 2840 135 6221 787 991 131 555 4987 283 564 152 3309 235 1953 701 190 196 209 117 2134 113 201 106 68 975 50 361 35 1044 900
leaf_count=70 2840 135 6221 787 991 131 555 4987 283 564 152 3309 235 1953 701 190 196 209 117 2134 113 201 106 68 975 50 361 35 1044 900
internal_value=-0.00670742 -0.0121879 -0.00188807 -0.0103032 0.000205812 -0.0165103 -0.0181872 -0.00949713 -0.0111085 -0.0219753 -0.0105817 -0.0040039 -0.0237774 -0.00307672 -0.0136832 -0.0154703 -0.0123899 -0.0152423 -0.0176319 -0.0142287 -0.0244548 -0.0142557 -0.019538 -0.0248708 0.000879643 -0.0283215 -0.0159354 -0.0204151 -0.00938999 -0.00832262
internal_weight=30613 14324 16289 9975 8187 4349 925 9050 4063 695 3780 8102 370 5262 1049 3654 897 3584 1067 2517 353 714 383 174 7196 240 597 236 2731 1944
internal_count=30613 14324 16289 9975 8187 4349 925 9050 4063 695 3780 8102 370 5262 1049 3654 897 3584 1067 2517 353 714 383 174 7196 240 597 236 2731 1944
is_linear=0
shrinkage=0.05


Tree=20
num_leaves=31
num_cat=5
split_feature=4 4 4 16 16 16 26 26 4 26 4 32 32 4 6 23 30 18 16 9 32 15 32 26 28 17 18 16 26 27
split_gain=315.033 46.059 29.874 28.3996 19.1614 12.7551 10.5469 9.43114 7.15693 6.82333 6.55086 6.09865 4.89266 4.04803 3.8049 3.57892 3.50568 4.06145 3.36371 3.19339 3.16164 3.14967 3.1039 3.95355 3.07822 3.91019 3.05419 2.99102 2.86824 2.75352
threshold=0.31666666666666671 0.041666666666666678 0.73666666666666691 0 1 2 24.941666666666674 13.04166666666667 0.14166666666666669 1.3583333333333336 0.14166666666666669 1021.9416666666668 1009.4166666666669 0.44166666666666676 1.5500000000000003 3.7336915154310941 0.34166666666666673 17.587670000000003 3 16.500000000000004 1022.8166666666668 2022.5000000000002 1019.6166666666668 15.433333333333335 61.166666666666679 48.652590000000011 17.587670000000003 4 1.7833333333333337 0.56073157915017025
decision_type=2 2 2 9 9 9 2 2 2 2 2 2 2 2 2 2 2 2 9 2 2 2 2 2 2 2 2 9 2 2
left_child=1 4 5 7 12 20 14 8 16 -5 11 -11 19 -7 18 -12 -3 29 -4 -1 -2 -13 28 -24 -14 -26 -9 -17 -6 -18
right_child=2 3 6 9 22 13 -8 26 -10 10 15 21 24 -15 -16 27 17 -19 -20 -21 -22 -23 23 -25 25 -27 -28 -29 -30 -31
leaf_value=0 0 0 0.0023727058404036856 0 0 0 0 0 0 0 0 0 0 0 0.016367480983766985 0 0 0 -8.1088410243967967e-05 0 0 0 0 0 0 0 0 0 0 0
leaf_weight=92 2470 179 3930 243 66 1909 1058 452 944 3052 2284 145 225 3276 954 907 156 242 2604 52 51 115 353 125 311 95 257 845 2982 72
leaf_count=92 2470 179 3930 243 66 1909 1058 452 944 3052 2284 145 225 3276 954 907 156 242 2604 52 51 115 353 125 311 95 257 845 2982 72
internal_value=-0.00670923 -0.0121515 -0.00195605 -0.0102733 -0.0164714 -0.00421354 7.95686e-05 -0.0151767 -0.0173781 -0.00875465 -0.00849335 -0.0101416 -0.0238505 -0.00277665 0.000739841 -0.00714056 -0.021422 -0.0191449 0.000309148 -0.0158223 -0.00712931 -0.0174933 -0.0147394 -0.0185317 -0.0260577 -0.0234425 -0.0104428 -0.00884082 -0.0141924 -0.0239369
internal_weight=30446 14194 16252 9893 4301 7706 8546 2302 1593 7591 7348 3312 775 5185 7488 4036 649 470 6534 144 2521 260 3526 478 631 406 709 1752 3048 228
internal_count=30446 14194 16252 9893 4301 7706 8546 2302 1593 7591 7348 3312 775 5185 7488 4036 649 470 6534 144 2521 260 3526 478 631 406 709 1752 3048 228
cat_boundaries=0 1 2 3 4 5
cat_threshold=1617924 4132 42471428 18188880 33636448
is_linear=0
shrinkage=0.05


Tree=21
num_leaves=31
num_cat=4
split_feature=7 6 16 7 7 16 26 32 7 26 26 26 7 32 34 14 26 34 6 2 7 12 5 19 31 16 7 17 36 12
split_gain=294.892 43.4459 39.4909 22.6612 14.7821 14.0426 12.717 9.28445 9.24672 7.93511 6.5966 5.96218 5.90929 5.09467 6.21587 4.31792 4.14603 3.91838 3.75012 3.73162 3.68203 4.11625 3.39534 3.31811 3.14258 3.10972 3.07749 3.00131 2.88617 2.74177
threshold=0.45000000000000007 0.35000000000000003 0 0.15000000000000005 1.0000000180025095e-35 1 1.3583333333333336 1019.7583333333333 0.75000000000000011 3.2333333333333338 13.81666666666667 24.941666666666674 1.0000000180025095e-35 1021.7583333333333 79.416666666666671 2 16.958333333333339 50.833333333333336 0.15000000000000005 1.0000000180025095e-35 0.25000000000000006 -0.78409092058138996 0.40000000000000013 102.00000000000001 0.3999999999999998 3 1.4500000000000002 48.652590000000011 -0.94754805020618516 0.85283291294431829
decision_type=2 2 9 2 2 9 2 2 2 2 2 2 2 2 2 1 2 2 2 8 2 2 2 2 2 9 2 2 2 2
left_child=2 5 4 7 17 8 -5 9 -2 23 20 26 -11 15 -15 -8 28 -1 22 -14 21 -6 -7 24 -4 -21 -3 29 -9 -23
right_child=1 11 3 6 10 18 13 16 -10 12 -12 -13 19 14 -16 -17 -18 -19 -20 25 -22 27 -24 -25 -26 -27 -28 -29 -30 -31
leaf_value=0 0 -0.00010887854144697507 0 0 0 0 0 0 0 0 0 0 0 0 0 0 0 0 0 0 0 0 0 0 0 0 0.004681293475045931 0 0 0.0015000003054738199
leaf_weight=163 1915 2611 32 423 38 1909 1532 21 3479 2226 398 674 813 79 294 3090 150 286 1733 377 379 61 1634 118 57 816 4139 344 631 24
leaf_count=163 1915 2611 32 423 38 1909 1532 21 3479 2226 398 674 813 79 294 3090 150 286 1733 377 379 61 1634 118 57 816 4139 344 631 24
internal_value=-0.00671744 -0.00265169 -0.0126731 -0.0115057 -0.0198374 -0.00469536 -0.00924863 -0.0138606 -0.002883 -0.0129655 -0.0171449 0.000285557 -0.0124973 -0.00854337 -0.0141651 -0.0080894 -0.0188131 -0.0277332 -0.00653033 -0.0105279 -0.0196431 -0.0226183 -0.00747509 -0.0225253 -0.0152076 -0.00874612 0.000733323 -0.0240154 -0.0170833 -0.0155699
internal_weight=30446 18094 12352 10659 1693 10670 5418 5241 5394 4439 1244 7424 4232 4995 373 4622 802 449 5276 2006 846 467 3543 207 89 1193 6750 429 652 85
internal_count=30446 18094 12352 10659 1693 10670 5418 5241 5394 4439 1244 7424 4232 4995 373 4622 802 449 5276 2006 846 467 3543 207 89 1193 6750 429 652 85
cat_boundaries=0 1 2 3 4
cat_threshold=536580 17254994 712 21054032
is_linear=0
shrinkage=0.05


Tree=22
num_leaves=31
num_cat=6
split_feature=4 4 6 16 16 13 16 26 26 4 34 32 7 4 23 4 4 15 32 26 16 26 4 16 14 36 37 13 32 29
split_gain=319.23 46.059 29.5896 28.3996 19.1614 14.2653 13.4857 6.82333 6.57041 6.55086 6.40121 6.09865 4.73505 4.55908 3.57892 3.38937 3.35631 3.14967 3.1039 3.95355 2.99102 2.86824 2.72183 3.07868 2.72133 2.67508 3.01208 3.6653 2.65005 3.24708
threshold=0.31666666666666671 0.041666666666666678 0.35000000000000003 0 1 0.65368047477200586 2 1.3583333333333336 24.941666666666674 0.14166666666666669 84.583333333333357 1021.9416666666668 1.1500000000000001 0.14166666666666669 3.7336915154310941 0.083333333333333356 1.0000000180025095e-35 2022.5000000000002 1019.6166666666668 15.433333333333335 3 1.7833333333333337 0.73666666666666691 4 5 -0.82208759889033367 -0.11936289362961368 0.34470738398793405 1015.2166666666668 4.9944382578492954
decision_type=2 2 2 9 9 2 9 2 2 2 2 2 2 2 2 2 2 2 2 2 9 2 2 9 1 2 2 2 2 2
left_child=1 4 6 5 10 15 22 -5 -4 11 16 24 -8 -7 -11 28 -1 -13 21 -20 -16 -6 23 -2 -9 26 -26 -28 -3 -30
right_child=2 3 8 7 18 13 12 9 -10 14 -12 17 -14 -15 20 -17 -18 -19 19 -21 -22 -23 -24 -25 25 -27 27 -29 29 -31
leaf_value=0 0 0 0.0018525240101190579 0 0 0 0 0 0 0 0 0 0 0 0 0 0 0 0 0 0 0 0 0 0 0 0 0 0 0
leaf_weight=425 525 218 6801 243 66 353 2963 1254 680 2284 243 145 2214 545 907 1109 107 115 353 125 845 2982 961 2108 94 1553 106 45 35 42
leaf_count=425 525 218 6801 243 66 353 2963 1254 680 2284 243 145 2214 545 907 1109 107 115 353 125 845 2982 961 2108 94 1553 106 45 35 42
internal_value=-0.0066731 -0.0121515 -0.00188837 -0.0102733 -0.0164714 -0.0151767 -0.00385869 -0.00875465 0.00042173 -0.00849335 -0.0238505 -0.0101416 -0.00221029 -0.0201648 -0.00714056 -0.0120932 -0.0272317 -0.0174933 -0.0147394 -0.0185317 -0.00884082 -0.0141924 -0.00620959 -0.00705822 -0.00951476 -0.00805265 -0.0129539 -0.00857048 -0.0168587 -0.0248379
internal_weight=30446 14194 16252 9893 4301 2302 8771 7591 7481 7348 775 3312 5177 898 4036 1404 532 260 3526 478 1752 3048 3594 2633 3052 1798 245 151 295 77
internal_count=30446 14194 16252 9893 4301 2302 8771 7591 7481 7348 775 3312 5177 898 4036 1404 532 260 3526 478 1752 3048 3594 2633 3052 1798 245 151 295 77
cat_boundaries=0 1 2 3 4 5 6
cat_threshold=1617924 4132 47722500 33636448 4100 6196
is_linear=0
shrinkage=0.05


Tree=23
num_leaves=31
num_cat=5
split_feature=7 6 16 7 7 16 30 32 7 30 13 16 14 7 19 7 31 34 29 6 34 37 27 32 5 38 36 2 16 30
split_gain=293.106 42.1632 39.4909 22.6612 14.7821 14.0426 10.4577 9.28445 9.24672 7.17981 6.29209 5.60232 5.26355 5.25085 5.08118 4.59451 4.32948 3.91838 3.81751 3.75012 3.54005 3.75336 3.46288 3.40201 3.39534 3.35321 3.09278 2.87712 3.21499 2.78849
threshold=0.45000000000000007 0.35000000000000003 0 0.15000000000000005 1.0000000180025095e-35 1 0.34166666666666673 1019.7583333333333 0.75000000000000011 0.34166666666666673 0.62058661934845294 2 3 1.0000000180025095e-35 102.00000000000001 1.5500000000000003 0.74087035902976317 50.833333333333336 6.4903703492039311 0.15000000000000005 79.583333333333357 -0.94595711722585596 0.65000000000000135 1021.0833333333335 0.40000000000000013 0.83333333333342818 -0.76329264905945993 1.0000000180025095e-35 4 12.616666666666669
decision_type=2 2 9 2 2 9 2 2 2 2 2 9 1 2 2 2 2 2 2 2 2 2 2 2 2 10 2 8 9 2
left_child=2 5 4 7 17 8 18 9 -2 14 25 15 -8 -11 16 23 -4 -1 -5 24 21 -9 -12 -3 -7 -6 -22 -15 -29 -28
right_child=1 11 3 6 10 19 12 20 -10 13 22 -13 -14 27 -16 -17 -18 -19 -20 -21 26 -23 -24 -25 -26 -27 29 28 -30 -31
leaf_value=0 0 0 0 0 0 0 0 0 0 0 0 0.0034257207194699855 0 0 0 0 0 0 0 0 0 0 0 -0.00094906788403135859 0 0 0 0 0 0
leaf_weight=163 1915 657 47 417 591 1909 1606 33 3479 2171 386 5597 3261 797 138 1129 81 286 134 1733 39 294 123 41 1634 144 386 378 827 50
leaf_count=163 1915 657 47 417 591 1909 1606 33 3479 2171 386 5597 3261 797 138 1129 81 286 134 1733 39 294 123 41 1634 144 386 378 827 50
internal_value=-0.00673551 -0.00268209 -0.0126731 -0.0115057 -0.0198374 -0.00469536 -0.00924863 -0.0138606 -0.002883 -0.0129655 -0.0171449 0.000211474 -0.00850917 -0.0124572 -0.020932 -0.00218551 -0.0137393 -0.0277332 -0.0157775 -0.00653033 -0.0188131 -0.0228218 -0.0214202 -0.00538605 -0.00747509 -0.0141817 -0.0160493 -0.0106089 -0.00906564 -0.014836
internal_weight=30446 18094 12352 10659 1693 10670 5418 5241 5394 4439 1244 7424 4867 4173 266 1827 128 449 551 5276 802 327 509 698 3543 735 475 2002 1205 436
internal_count=30446 18094 12352 10659 1693 10670 5418 5241 5394 4439 1244 7424 4867 4173 266 1827 128 449 551 5276 802 327 509 698 3543 735 475 2002 1205 436
cat_boundaries=0 1 2 3 4 5
cat_threshold=536580 17254994 46141444 712 21054032
is_linear=0
shrinkage=0.05


Tree=24
num_leaves=31
num_cat=0
split_feature=4 4 4 30 26 4 7 24 27 34 18 19 27 30 4 26 17 18 19 19 17 24 28 28 18 26 12 35 23 3
split_gain=310.864 46.059 28.1095 23.6798 9.97387 8.19913 7.14524 6.45091 6.2402 4.57215 6.14728 6.72459 4.49962 4.35838 4.35443 4.16927 3.83336 3.53291 3.63649 4.91069 3.49508 4.74824 3.36031 3.29087 3.15779 3.13533 3.12962 3.66515 3.19262 2.94189
threshold=0.31666666666666671 0.041666666666666678 0.73666666666666691 0.34166666666666673 24.941666666666674 0.14166666666666669 0.25000000000000006 9.7351309815737288 0.59066817155564444 46.166666666666679 3.6281500000000002 65.500000000000014 1.7500000000000007 19.816666666666674 0.44166666666666676 16.616666666666671 49.662580000000005 -120.68151999999999 35.000000000000007 38.500000000000007 52.44380000000001 6.5896407979552221 87.833333333333357 78.416666666666671 115.39890000000001 13.141666666666669 -0.97516411509186662 16.03814559825469 9.0784642229853478 1.0000000180025095e-35
decision_type=2 2 2 2 2 2 2 2 2 2 2 2 2 2 2 2 2 2 2 2 2 2 2 2 2 2 2 2 2 2
left_child=1 9 14 6 25 7 16 8 17 10 11 13 24 -1 -2 -16 -3 -5 -19 -20 23 -22 26 -7 29 -4 -9 28 -28 -12
right_child=2 3 4 5 -6 20 -8 22 -10 -11 12 -13 -14 -15 15 -17 -18 18 19 -21 21 -23 -24 -25 -26 -27 27 -29 -30 -31
leaf_value=0 0 0 0.0033771243960288664 0 0 0 0 0 0 0 0 0 0.0050000004470348363 0 0 0 0 0 0 0 0 0 0 0 0 -8.2341683067963347e-05 0 0 0.0040725316141126677 0.0050000004470348363
leaf_weight=138 2852 128 3965 242 1058 1880 572 114 948 3554 263 117 35 23 3046 1808 229 262 172 650 239 122 340 2715 145 3523 745 496 39 26
leaf_count=138 2852 128 3965 242 1058 1880 572 114 948 3554 263 117 35 23 3046 1808 229 262 172 650 239 122 340 2715 145 3523 745 496 39 26
internal_value=-0.00674536 -0.0121515 -0.00202374 -0.0102733 -4.9145e-05 -0.00948561 -0.0178721 -0.0111674 -0.0129194 -0.0164714 -0.0200308 -0.0259259 -0.0165317 -0.0325574 -0.00421354 -0.00330236 -0.0234248 -0.0151346 -0.0163546 -0.0179905 -0.00812534 -0.0128635 -0.00886915 -0.00775282 -0.0179221 0.000592941 -0.00995624 -0.0106632 -0.0127917 -0.014891
internal_weight=30446 14194 16252 9893 8546 8964 929 4008 2274 4301 747 278 469 161 7706 4854 357 1326 1084 822 4956 361 1734 4595 434 7488 1394 1280 784 289
internal_count=30446 14194 16252 9893 8546 8964 929 4008 2274 4301 747 278 469 161 7706 4854 357 1326 1084 822 4956 361 1734 4595 434 7488 1394 1280 784 289
is_linear=0
shrinkage=0.05


Tree=25
num_leaves=31
num_cat=6
split_feature=4 16 4 4 26 4 16 26 4 26 32 5 32 26 12 27 36 4 32 16 26 16 26 4 30 16 14 15 37 4
split_gain=310.698 47.069 34.9311 24.5126 22.4528 18.4473 13.0815 11.5384 8.93913 7.55889 6.48966 5.35795 4.4184 6.41076 4.14363 4.09728 3.96808 3.69767 3.56273 3.53055 3.4785 3.39902 3.1509 3.61075 3.07145 3.05958 3.01766 2.97287 3.5136 2.96322
threshold=0.31666666666666671 0 0.041666666666666678 0.73666666666666691 1.3583333333333336 1.0000000180025095e-35 1 24.941666666666674 0.14166666666666669 13.933333333333335 1021.9416666666668 0.14142135623730961 1019.6166666666668 15.158333333333335 -0.78409092058138996 0.35590260840104365 0.40425265885236339 0.44166666666666676 1012.1583333333334 2 26.31666666666667 3 9.8833333333333346 1.9833333333333336 13.916666666666668 4 5 2022.5000000000002 -0.60076630929157693 0.11333333333333336
decision_type=2 9 2 2 2 2 9 2 2 2 2 2 2 2 2 2 2 2 2 9 2 9 2 2 2 9 1 2 2 2
left_child=1 5 12 6 29 16 25 22 10 11 19 14 -3 -14 -7 -16 18 -8 -1 26 21 -10 -5 -24 -21 -2 -6 28 -12 -4
right_child=3 2 4 7 8 9 17 -9 20 -11 27 -13 13 -15 15 -17 -18 -19 -20 24 -22 -23 23 -25 -26 -27 -28 -29 -30 -31
leaf_value=0 0 0 0 0.0043619811060653328 0 0 0 0 0 0 0 0 0 0 0 0 0 0 0 0 0 0 -0.00032824487071953114 0.0081090675896556292 0 0 0 0 0 0
leaf_weight=120 1909 3160 122 2594 533 67 1968 1065 911 497 76 219 380 213 290 351 92 3237 227 1121 804 2744 3515 1393 1230 604 485 124 73 405
leaf_count=120 1909 3160 122 2594 533 67 1968 1065 911 497 76 219 380 213 290 351 92 3237 227 1121 804 2744 3515 1393 1230 604 485 124 73 405
internal_value=-0.00678222 -0.0121756 -0.0110277 -0.00206477 -0.00928478 -0.0196386 -0.00410852 -0.000223529 -0.00863401 -0.0169791 -0.010472 -0.0196473 -0.0150635 -0.0190271 -0.0217625 -0.0229995 -0.0287064 -0.00266054 -0.0311582 -0.00987059 -0.0071326 -0.00647725 0.000467869 -0.000277093 -0.0109885 -0.00706869 -0.0071102 -0.0178872 -0.013112 -0.0192848
internal_weight=30529 14244 12381 16285 8628 1863 7718 8567 8101 1424 3642 927 3753 593 708 641 439 5205 347 3369 4459 3655 7502 4908 2351 2513 1018 273 149 527
internal_count=30529 14244 12381 16285 8628 1863 7718 8567 8101 1424 3642 927 3753 593 708 641 439 5205 347 3369 4459 3655 7502 4908 2351 2513 1018 273 149 527
cat_boundaries=0 1 2 3 4 5 6
cat_threshold=536580 42471428 16845328 50463248 42467328 2714
is_linear=0
shrinkage=0.05


Tree=26
num_leaves=31
num_cat=5
split_feature=4 16 4 4 26 4 16 26 4 13 13 16 34 18 11 36 33 4 26 16 24 26 4 29 16 4 7 37 27 2
split_gain=310.132 47.069 34.9311 24.2921 22.4528 18.4473 13.0815 11.4556 8.93913 8.42147 4.64091 4.80478 5.78475 4.28313 4.34146 3.96808 3.76064 3.69767 3.4785 3.39902 3.15802 3.15412 3.44047 3.13173 3.05958 2.96322 2.9339 5.04336 3.3506 3.14497
threshold=0.31666666666666671 0 0.041666666666666678 0.73666666666666691 1.3583333333333336 1.0000000180025095e-35 1 24.941666666666674 0.14166666666666669 0.57240397273781474 -0.8572830456751136 2 68.166666666666671 145.44951500000005 -0.12940952255126037 0.40425265885236339 0.16996731711975357 0.44166666666666676 26.31666666666667 3 4.7640378779746628 9.8833333333333346 1.9833333333333336 0.97140452079103179 4 0.11333333333333336 0.35000000000000003 -0.7556052008726164 0.64999999999999991 1.0000000180025095e-35
decision_type=2 9 2 2 2 2 9 2 2 2 2 9 2 2 2 2 2 2 2 9 2 2 2 2 9 2 2 2 2 10
left_child=1 5 13 6 25 15 24 21 10 -7 -6 12 -12 -3 -15 23 -16 -8 19 -10 -14 -5 -23 -1 -2 -4 28 -28 -11 -30
right_child=3 2 4 7 8 9 17 -9 18 26 11 -13 20 14 16 -17 -18 -19 -20 -21 -22 22 -24 -25 -26 -27 27 -29 29 -31
leaf_value=0 0 0 0 0.0041438820507620653 0 0 0 0 0 0 0 0 0 0 0 0 0 0 0 0 0 -0.00031183262718355466 0.007703614210172848 0 0 0 0 0 0 0
leaf_weight=31 1909 3479 122 2594 584 837 1968 1065 911 325 141 1989 166 105 34 92 135 3237 804 2744 762 3515 1393 316 604 405 60 105 70 27
leaf_count=31 1909 3479 122 2594 584 837 1968 1065 911 325 141 1989 166 105 34 92 135 3237 804 2744 762 3515 1393 316 604 405 60 105 70 27
internal_value=-0.00678713 -0.0121756 -0.0110277 -0.00207398 -0.00928478 -0.0196386 -0.00410852 -0.000241038 -0.00863401 -0.0169791 -0.010472 -0.0112521 -0.0141368 -0.0150635 -0.0210872 -0.0287064 -0.0260497 -0.00266054 -0.0071326 -0.00647725 -0.0128327 0.000447875 -0.000297467 -0.0311582 -0.00706869 -0.0192848 -0.0215721 -0.0158995 -0.0237858 -0.0156025
internal_weight=30529 14244 12381 16285 8628 1863 7718 8567 8101 1424 3642 3058 1069 3753 274 439 169 5205 4459 3655 928 7502 4908 347 2513 527 587 165 422 97
internal_count=30529 14244 12381 16285 8628 1863 7718 8567 8101 1424 3642 3058 1069 3753 274 439 169 5205 4459 3655 928 7502 4908 347 2513 527 587 165 422 97
cat_boundaries=0 1 2 3 4 5
cat_threshold=536580 42471428 4374626 50463248 42467328
is_linear=0
shrinkage=0.05


Tree=27
num_leaves=31
num_cat=6
split_feature=4 16 4 4 26 4 16 26 4 13 32 32 26 36 4 32 16 26 16 13 33 16 26 4 14 15 37 4 7 37
split_gain=308.814 47.069 34.9311 23.7816 22.4528 18.4473 13.0815 11.2635 8.93913 8.42147 6.48966 4.4184 6.41076 3.96808 3.69767 3.56273 3.53055 3.4785 3.39902 3.30223 3.17305 3.05958 3.02731 3.04931 3.01766 2.97287 3.5136 2.96322 2.9339 5.04336
threshold=0.31666666666666671 0 0.041666666666666678 0.73666666666666691 1.3583333333333336 1.0000000180025095e-35 1 24.941666666666674 0.14166666666666669 0.57240397273781474 1021.9416666666668 1019.6166666666668 15.158333333333335 0.40425265885236339 0.44166666666666676 1012.1583333333334 2 26.31666666666667 3 -0.55824372202686512 0.83798700599843945 4 10.083333333333337 1.9833333333333336 5 2022.5000000000002 -0.60076630929157693 0.11333333333333336 0.35000000000000003 -0.7556052008726164
decision_type=2 9 2 2 2 2 9 2 2 2 2 2 2 2 2 2 9 2 9 2 2 9 2 2 1 2 2 2 2 2
left_child=1 5 11 6 27 13 21 22 10 -7 16 -3 -13 15 -8 -1 24 18 -10 -18 -21 -2 -5 -24 -6 26 -12 -4 -11 -30
right_child=3 2 4 7 8 9 14 -9 17 28 25 12 -14 -15 -16 -17 19 -19 -20 20 -22 -23 23 -25 -26 -27 -28 -29 29 -31
leaf_value=0 0 0 0 0.0039244508372156392 0 0 0 0 0 0 0 0 0 0 0 0 0 0 0 0 0 0 -0.00029850613760713129 0.0068591399275584252 0 0 0 0 0 0
leaf_weight=120 1909 3160 122 2700 533 837 1968 1065 911 422 76 380 213 92 3237 227 590 804 2744 1506 255 604 3432 1370 485 124 73 405 60 105
leaf_count=120 1909 3160 122 2700 533 837 1968 1065 911 422 76 380 213 92 3237 227 590 804 2744 1506 255 604 3432 1370 485 124 73 405 60 105
internal_value=-0.0067986 -0.0121756 -0.0110277 -0.00209547 -0.00928478 -0.0196386 -0.00410852 -0.000281892 -0.00863401 -0.0169791 -0.010472 -0.0150635 -0.0190271 -0.0287064 -0.00266054 -0.0311582 -0.00987059 -0.0071326 -0.00647725 -0.0109885 -0.0121203 -0.00706869 0.000401221 -0.000351929 -0.0071102 -0.0178872 -0.013112 -0.0192848 -0.0215721 -0.0158995
internal_weight=30529 14244 12381 16285 8628 1863 7718 8567 8101 1424 3642 3753 593 439 5205 347 3369 4459 3655 2351 1761 2513 7502 4802 1018 273 149 527 587 165
internal_count=30529 14244 12381 16285 8628 1863 7718 8567 8101 1424 3642 3753 593 439 5205 347 3369 4459 3655 2351 1761 2513 7502 4802 1018 273 149 527 587 165
cat_boundaries=0 1 2 3 4 5 6
cat_threshold=536580 42471428 16845328 50463248 42467328 2714
is_linear=0
shrinkage=0.05


Tree=28
num_leaves=31
num_cat=6
split_feature=4 16 4 4 24 4 16 23 13 4 32 16 20 31 32 20 36 4 32 32 13 35 16 2 16 14 7 37 27 2
split_gain=312.02 47.069 34.9311 25.0308 19.5877 18.4473 13.0815 8.76763 8.42147 8.22108 6.48 6.18274 4.95621 4.58077 4.4184 4.69292 3.96808 3.69767 3.56273 3.5307 3.21598 3.10008 3.05958 3.02911 2.98336 2.96457 2.9339 5.04336 3.3506 3.14497
threshold=0.31666666666666671 0 0.041666666666666678 0.73666666666666691 3.8825153766234024 1.0000000180025095e-35 1 2.2816723674796391 0.57240397273781474 0.14166666666666669 1021.9416666666668 2 49.662580000000005 0.28674417556808846 1019.6166666666668 34.870850000000011 0.40425265885236339 0.44166666666666676 1012.1583333333334 993.23333333333346 -0.8572830456751136 18.794205053183884 3 1.0000000180025095e-35 4 5 0.35000000000000003 -0.7556052008726164 0.64999999999999991 1.0000000180025095e-35
decision_type=2 9 2 2 2 2 9 2 2 2 2 9 2 2 2 2 2 2 2 2 2 2 9 8 9 1 2 2 2 10
left_child=1 5 14 6 12 16 22 -5 -7 10 20 -9 -4 19 -3 23 18 -8 -1 -14 -6 -17 -2 -16 -22 -12 28 -28 -10 -30
right_child=3 2 4 7 9 8 17 11 26 -11 25 -13 13 -15 15 21 -18 -19 -20 -21 24 -23 -24 -25 -26 -27 27 -29 29 -31
leaf_value=0 0 0 0 0.0022548332228899486 0 0 0 0 0 0 0 -0.00027120371171473014 0 0 0 0 0 0 0 0 0 0 0 0 0 0 0 0 0 0
leaf_weight=120 1909 3160 288 5817 543 837 1968 776 325 4361 103 1974 27 352 122 296 92 3237 227 63 1024 132 604 43 1711 156 60 105 70 27
leaf_count=120 1909 3160 288 5817 543 837 1968 776 325 4361 103 1974 27 352 122 296 92 3237 227 63 1024 132 604 43 1711 156 60 105 70 27
internal_value=-0.00677075 -0.0121756 -0.0110277 -0.00204328 -0.00928478 -0.0196386 -0.00410852 -0.000182675 -0.0169791 -0.00856029 -0.0103517 -0.002509 -0.0171209 -0.0204479 -0.0150635 -0.0190271 -0.0287064 -0.00266054 -0.0311582 -0.0305216 -0.00974955 -0.0162579 -0.00706869 -0.0261962 -0.0104475 -0.017966 -0.0215721 -0.0158995 -0.0237858 -0.0156025
internal_weight=30529 14244 12381 16285 8628 1863 7718 8567 1424 7898 3537 2750 730 442 3753 593 439 5205 347 90 3278 428 2513 165 2735 259 587 165 422 97
internal_count=30529 14244 12381 16285 8628 1863 7718 8567 1424 7898 3537 2750 730 442 3753 593 439 5205 347 90 3278 428 2513 165 2735 259 587 165 422 97
cat_boundaries=0 1 2 3 4 5 6
cat_threshold=536580 42471428 33554436 42467328 25233936 6340
is_linear=0
shrinkage=0.05


Tree=29
num_leaves=31
num_cat=7
split_feature=4 16 4 4 26 4 16 16 4 13 32 32 26 36 26 4 32 16 26 16 13 33 16 14 15 36 13 4 7 27
split_gain=308.25 47.069 34.9311 23.5645 22.4528 18.4473 13.0815 10.5869 8.93913 8.42147 6.48966 4.4184 6.41076 3.96808 3.72845 3.69767 3.56273 3.53055 3.4785 3.39902 3.30223 3.17305 3.05958 3.01766 2.97287 3.43696 3.68393 2.96322 2.9339 3.3506
threshold=0.31666666666666671 0 0.041666666666666678 0.73666666666666691 1.3583333333333336 1.0000000180025095e-35 1 2 0.14166666666666669 0.57240397273781474 1021.9416666666668 1019.6166666666668 15.158333333333335 0.40425265885236339 13.141666666666669 0.44166666666666676 1012.1583333333334 3 26.31666666666667 4 -0.55824372202686512 0.83798700599843945 5 6 2022.5000000000002 0.59989074049407376 0.72208999473568902 0.11333333333333336 0.35000000000000003 0.64999999999999991
decision_type=2 9 2 2 2 2 9 9 2 2 2 2 2 2 2 2 2 9 2 9 2 2 9 1 2 2 2 2 2 2
left_child=1 5 11 6 27 13 22 -5 10 -7 17 -3 -13 16 -9 -8 -1 23 19 -10 -19 -22 -2 -6 25 26 -12 -4 29 -11
right_child=3 2 4 7 8 9 15 14 18 28 24 12 -14 -15 -16 -17 -18 20 -20 -21 21 -23 -24 -25 -26 -27 -28 -29 -30 -31
leaf_value=0 0 0 0 0 0 0 0 0.0029654243359526775 0 0 0 0 0 0 -0.00018033068723577185 0 0 0 0 0 0 0 0 0 0 0 0.001000000253319755 0 0 0
leaf_weight=120 1909 3160 122 1150 533 837 1968 3856 911 325 71 380 213 92 3561 3237 227 590 804 2744 1506 255 604 485 124 55 23 405 165 97
leaf_count=120 1909 3160 122 1150 533 837 1968 3856 911 325 71 380 213 92 3561 3237 227 590 804 2744 1506 255 604 485 124 55 23 405 165 97
internal_value=-0.00680351 -0.0121756 -0.0110277 -0.00210468 -0.00928478 -0.0196386 -0.00410852 -0.000299401 -0.00863401 -0.0169791 -0.010472 -0.0150635 -0.0190271 -0.0287064 0.000395175 -0.00266054 -0.0311582 -0.00987059 -0.0071326 -0.00647725 -0.0109885 -0.0121203 -0.00706869 -0.0071102 -0.0178872 -0.013112 -0.018916 -0.0192848 -0.0215721 -0.0237858
internal_weight=30529 14244 12381 16285 8628 1863 7718 8567 8101 1424 3642 3753 593 439 7417 5205 347 3369 4459 3655 2351 1761 2513 1018 273 149 94 527 587 422
internal_count=30529 14244 12381 16285 8628 1863 7718 8567 8101 1424 3642 3753 593 439 7417 5205 347 3369 4459 3655 2351 1761 2513 1018 273 149 94 527 587 422
cat_boundaries=0 1 2 3 4 5 6 7
cat_threshold=536580 42471428 37748736 16845328 50463248 42467328 2714
is_linear=0
shrinkage=0.05


Tree=30
num_leaves=31
num_cat=7
split_feature=4 4 16 4 30 16 16 16 32 5 13 16 16 23 4 7 34 20 16 4 26 26 24 27 36 32 13 24 32 12
split_gain=304.761 45.7215 29.4352 22.9151 21.0355 14.9367 13.5436 8.1523 6.46226 6.2271 6.02852 5.36573 4.27578 4.99331 3.89306 3.82278 3.67557 3.65805 3.54651 3.32637 3.31907 3.31179 3.28465 3.68463 3.93965 3.25375 3.00778 2.99837 2.82299 2.79919
threshold=0.31666666666666671 0.083333333333333356 0 0.73666666666666691 0.64166666666666694 1 2 3 1019.7583333333333 0.049999999999999968 0.16236614133076391 4 5 3.2213924774654581 0.44166666666666676 0.35000000000000003 34.166666666666679 40.565535000000004 6 1.9583333333333337 13.933333333333335 16.516666666666673 10.307063387945901 0.64807406984078642 -0.62945173613874961 1011.2166666666668 -0.30410362911654215 8.5733660376223337 1024.4416666666668 -0.17927415433127133
decision_type=2 2 9 2 2 9 9 9 2 2 2 9 9 2 2 2 2 2 9 2 2 2 2 2 2 2 2 2 2 2
left_child=1 2 8 5 15 17 10 -5 11 22 -6 -1 -8 20 18 -3 -10 -2 -7 21 -14 -9 23 24 -4 -13 -11 -25 -15 -12
right_child=3 4 9 7 6 14 12 19 16 26 29 25 13 28 -16 -17 -18 -19 -20 -21 -22 -23 -24 27 -26 -27 -28 -29 -30 -31
leaf_value=0 0 0 0 0 0 0 0 0.00091522711733862949 0 0 0 0 0 0 0 0 0 0 0 0.0077195350373782893 0 -0.00092397439115345092 0 0 0 0 0 0 0 0
leaf_weight=466 1610 505 304 1154 243 894 2898 3920 82 468 113 309 782 1843 3395 356 338 624 1158 1867 934 1641 1552 817 751 309 675 249 72 234
leaf_count=466 1610 505 304 1154 243 894 2898 3920 82 468 113 309 782 1843 3395 356 338 624 1158 1867 934 1641 1552 817 751 309 675 249 72 234
internal_value=-0.00675929 -0.0120838 -0.0152608 -0.0020774 -0.00956755 -0.00406127 -0.00867455 -0.000301791 -0.0214847 -0.0132446 -0.0159973 -0.0195831 -0.00797587 -0.00917168 -0.00263235 -0.0169493 -0.0268984 -0.00749967 -0.00435651 0.000307875 -0.00723734 -0.000304796 -0.0142754 -0.0155556 -0.0176524 -0.0230218 -0.0100472 -0.013479 -0.0109524 -0.0204984
internal_weight=30563 14300 6320 16263 7980 7681 7119 8582 1504 4816 590 1084 6529 3631 5447 861 420 2234 2052 7428 1716 5561 3673 2121 1055 618 1143 1066 1915 347
internal_count=30563 14300 6320 16263 7980 7681 7119 8582 1504 4816 590 1084 6529 3631 5447 861 420 2234 2052 7428 1716 5561 3673 2121 1055 618 1143 1066 1915 347
cat_boundaries=0 1 2 3 4 5 6 7
cat_threshold=569380 46141444 536576 37748736 32800 17254928 281106
is_linear=0
shrinkage=0.05


Tree=31
num_leaves=31
num_cat=6
split_feature=4 4 16 4 30 16 16 16 18 32 5 32 13 24 34 16 28 4 7 17 16 24 27 36 13 24 26 12 23 9
split_gain=308.895 45.7215 29.4352 24.5043 21.0355 14.9367 13.5436 8.69748 7.66773 6.3251 6.2271 6.07839 6.02852 4.71906 4.40037 4.27578 5.5914 3.89306 3.82278 3.65805 3.54651 3.28465 3.68463 3.93965 3.00778 2.99837 2.99487 2.79919 2.79724 2.61424
threshold=0.31666666666666671 0.083333333333333356 0 0.73666666666666691 0.64166666666666694 1 2 3 17.587670000000003 1011.2166666666668 0.049999999999999968 1018.2166666666668 0.16236614133076391 3.6702032913940927 50.833333333333336 4 80.833333333333357 0.44166666666666676 0.35000000000000003 40.565535000000004 5 10.307063387945901 0.64807406984078642 -0.62945173613874961 -0.30410362911654215 8.5733660376223337 13.933333333333335 -0.17927415433127133 2.929204770558639 16.500000000000004
decision_type=2 2 9 2 2 9 9 9 2 2 2 2 2 2 2 9 2 2 2 2 9 2 2 2 2 2 2 2 2 2
left_child=1 2 8 5 18 19 12 -5 9 -1 21 13 -6 -10 -11 -8 -17 20 -3 -2 -7 22 23 -4 -12 -24 -18 -14 -23 -15
right_child=3 4 10 7 6 17 15 -9 11 14 24 -13 27 29 -16 16 26 -19 -20 -21 -22 28 25 -25 -26 -27 -28 -29 -30 -31
leaf_value=0 0 0 0 0 0 0 0 0.00053164551693956729 0 0 0 0 0 0 0 0 0 0 0 0 0 0 0 0 0 0 0 0 0 0
leaf_weight=273 1610 505 304 1154 243 894 2898 7428 26 138 468 290 113 327 333 1841 769 3395 356 624 1158 405 817 751 675 249 1021 234 1147 117
leaf_count=273 1610 505 304 1154 243 894 2898 7428 26 138 468 290 113 327 333 1841 769 3395 356 624 1158 405 817 751 675 249 1021 234 1147 117
internal_value=-0.0067233 -0.0120838 -0.0152608 -0.00200976 -0.00956755 -0.00406127 -0.00867455 -0.000173617 -0.0214847 -0.0252385 -0.0132446 -0.0180897 -0.0159973 -0.0145714 -0.0287519 -0.00797587 -0.00917168 -0.00263235 -0.0169493 -0.00749967 -0.00435651 -0.0142754 -0.0155556 -0.0176524 -0.0100472 -0.013479 -0.0072063 -0.0204984 -0.012525 -0.0133528
internal_weight=30563 14300 6320 16263 7980 7681 7119 8582 1504 744 4816 760 590 470 471 6529 3631 5447 861 2234 2052 3673 2121 1055 1143 1066 1790 347 1552 444
internal_count=30563 14300 6320 16263 7980 7681 7119 8582 1504 744 4816 760 590 470 471 6529 3631 5447 861 2234 2052 3673 2121 1055 1143 1066 1790 347 1552 444
cat_boundaries=0 1 2 3 4 5 6
cat_threshold=569380 46141444 536576 37748736 17254928 281106
is_linear=0
shrinkage=0.05


Tree=32
num_leaves=31
num_cat=6
split_feature=4 4 16 4 30 16 16 16 18 32 5 32 13 24 34 16 28 4 7 17 16 24 36 17 13 26 30 32 38 12
split_gain=306.824 45.7215 29.4352 23.7031 21.0355 14.9367 13.5436 8.42272 7.66773 6.3251 6.2271 6.07839 6.02852 4.71906 4.40037 4.27578 5.5914 3.89306 3.82278 3.65805 3.54651 3.28465 3.34997 3.91005 3.00778 2.99487 2.8567 4.9445 3.13137 2.79919
threshold=0.31666666666666671 0.083333333333333356 0 0.73666666666666691 0.64166666666666694 1 2 3 17.587670000000003 1011.2166666666668 0.049999999999999968 1018.2166666666668 0.16236614133076391 3.6702032913940927 50.833333333333336 4 80.833333333333357 0.44166666666666676 0.35000000000000003 40.565535000000004 5 10.307063387945901 -0.83591788935300626 52.298650000000009 -0.30410362911654215 13.933333333333335 11.81666666666667 1017.5166666666668 -0.40000000000003405 -0.17927415433127133
decision_type=2 2 9 2 2 9 9 9 2 2 2 2 2 2 2 9 2 2 2 2 9 2 2 2 2 2 2 2 10 2
left_child=1 2 8 5 18 19 12 -5 9 -1 21 13 -6 -10 -11 -8 -17 20 -3 -2 -7 22 -4 26 -12 -18 -24 -28 -29 -14
right_child=3 4 10 7 6 17 15 -9 11 14 24 -13 29 -15 -16 16 25 -19 -20 -21 -22 -23 23 -25 -26 -27 27 28 -30 -31
leaf_value=0 0 0 0 0 0 0 0 0.00050506324109258875 0 0 0 0 0 0 0 0 0 0 0 0 0 0 0 0 0 0 0 0 0 0
leaf_weight=273 1610 505 316 1154 243 894 2898 7428 26 138 468 290 113 444 333 1841 769 3395 356 624 1158 1552 1315 147 675 1021 237 23 83 234
leaf_count=273 1610 505 316 1154 243 894 2898 7428 26 138 468 290 113 444 333 1841 769 3395 356 624 1158 1552 1315 147 675 1021 237 23 83 234
internal_value=-0.0067413 -0.0120838 -0.0152608 -0.00204358 -0.00956755 -0.00406127 -0.00867455 -0.000237704 -0.0214847 -0.0252385 -0.0132446 -0.0180897 -0.0159973 -0.0145714 -0.0287519 -0.00797587 -0.00917168 -0.00263235 -0.0169493 -0.00749967 -0.00435651 -0.0142754 -0.0155556 -0.0147222 -0.0100472 -0.0072063 -0.0154152 -0.0194841 -0.0284637 -0.0204984
internal_weight=30563 14300 6320 16263 7980 7681 7119 8582 1504 744 4816 760 590 470 471 6529 3631 5447 861 2234 2052 3673 2121 1805 1143 1790 1658 343 106 347
internal_count=30563 14300 6320 16263 7980 7681 7119 8582 1504 744 4816 760 590 470 471 6529 3631 5447 861 2234 2052 3673 2121 1805 1143 1790 1658 343 106 347
cat_boundaries=0 1 2 3 4 5 6
cat_threshold=569380 46141444 536576 37748736 17254928 281106
is_linear=0
shrinkage=0.05


Tree=33
num_leaves=31
num_cat=7
split_feature=4 4 16 4 30 16 16 16 32 5 13 16 16 28 4 7 34 17 16 24 36 17 32 38 4 26 13 26 30 32
split_gain=303.451 45.7215 29.4352 22.4207 21.0355 14.9367 13.5436 7.98247 6.46226 6.2271 6.02852 5.36573 4.27578 5.5914 3.89306 3.82278 3.67557 3.65805 3.54651 3.28465 3.34997 3.91005 3.25375 3.02903 3.01773 3.24894 3.00778 2.99487 2.8567 4.9445
threshold=0.31666666666666671 0.083333333333333356 0 0.73666666666666691 0.64166666666666694 1 2 3 1019.7583333333333 0.049999999999999968 0.16236614133076391 4 5 80.833333333333357 0.44166666666666676 0.35000000000000003 34.166666666666679 40.565535000000004 6 10.307063387945901 -0.83591788935300626 52.298650000000009 1011.2166666666668 1.2500000000000571 1.9583333333333337 16.516666666666673 -0.30410362911654215 13.933333333333335 11.81666666666667 1017.5166666666668
decision_type=2 2 9 2 2 9 9 9 2 2 2 9 9 2 2 2 2 2 9 2 2 2 2 10 2 2 2 2 2 2
left_child=1 2 8 5 15 17 10 -5 11 19 -6 -1 -8 -14 18 -3 -10 -2 -7 20 -4 28 23 -13 25 -9 -11 -15 -22 -30
right_child=3 4 9 7 6 14 12 24 16 26 -12 22 13 27 -16 -17 -18 -19 -20 -21 21 -23 -24 -25 -26 -27 -28 -29 29 -31
leaf_value=0 0 0 0 0 0 0 0 0.00081763032357009277 0 0 0 0 0 0 0 0 0 0 0 0 0 0 0 0 0.0072817228476077696 -0.00092961110949738718 0 0 0 0
leaf_weight=466 1610 505 316 1154 243 894 2898 3920 82 468 347 254 1841 769 3395 356 338 624 1158 1552 1315 147 309 55 1867 1641 675 1021 237 106
leaf_count=466 1610 505 316 1154 243 894 2898 3920 82 468 347 254 1841 769 3395 356 338 624 1158 1552 1315 147 309 55 1867 1641 675 1021 237 106
internal_value=-0.00677075 -0.0120838 -0.0152608 -0.00209892 -0.00956755 -0.00406127 -0.00867455 -0.000342573 -0.0214847 -0.0132446 -0.0159973 -0.0195831 -0.00797587 -0.00917168 -0.00263235 -0.0169493 -0.0268984 -0.00749967 -0.00435651 -0.0142754 -0.0155556 -0.0147222 -0.0230218 -0.0197509 0.000260819 -0.000322778 -0.0100472 -0.0072063 -0.0154152 -0.0194841
internal_weight=30563 14300 6320 16263 7980 7681 7119 8582 1504 4816 590 1084 6529 3631 5447 861 420 2234 2052 3673 2121 1805 618 309 7428 5561 1143 1790 1658 343
internal_count=30563 14300 6320 16263 7980 7681 7119 8582 1504 4816 590 1084 6529 3631 5447 861 420 2234 2052 3673 2121 1805 618 309 7428 5561 1143 1790 1658 343
cat_boundaries=0 1 2 3 4 5 6 7
cat_threshold=569380 46141444 536576 37748736 32800 17254928 281106
is_linear=0
shrinkage=0.05


Tree=34
num_leaves=31
num_cat=6
split_feature=4 4 16 4 30 16 16 16 18 5 13 30 34 9 16 28 34 4 7 30 17 16 3 30 27 36 13 26 12 23
split_gain=306.261 45.7215 29.4352 23.4869 21.0355 14.9367 13.5436 8.34854 7.66773 6.2271 6.02852 5.1512 4.84342 4.9911 4.27578 5.5914 4.24187 3.89306 3.82278 3.69934 3.65805 3.54651 3.25229 3.2411 4.09148 3.9726 3.00778 2.99487 2.79919 2.72469
threshold=0.31666666666666671 0.083333333333333356 0 0.73666666666666691 0.64166666666666694 1 2 3 17.587670000000003 0.049999999999999968 0.16236614133076391 -0.28333333333333327 79.416666666666671 16.500000000000004 4 80.833333333333357 22.166666666666668 0.44166666666666676 0.35000000000000003 19.816666666666674 40.565535000000004 5 1.0000000180025095e-35 14.71666666666667 0.64807406984078642 -0.62945173613874961 -0.30410362911654215 13.933333333333335 -0.17927415433127133 2.929204770558639
decision_type=2 2 9 2 2 9 9 9 2 2 2 2 2 2 9 2 2 2 2 2 2 9 2 2 2 2 2 2 2 2
left_child=1 2 8 5 18 20 10 -5 16 23 -6 -10 22 -14 -8 -16 -1 21 -3 -18 -2 -7 -13 24 25 -4 -11 -17 -12 -25
right_child=3 4 9 7 6 17 14 -9 11 26 28 12 13 -15 15 27 19 -19 -20 -21 -22 -23 -24 29 -26 -27 -28 -29 -30 -31
leaf_value=0 0 0 0 0 0 0 0 0.00029710529622049744 0 0 0 0 0 0 0 0 0 0 0 0 0 0 0 0 0 0 0 0 0 0
leaf_weight=96 1610 505 309 1154 243 894 2898 7428 44 468 113 264 281 114 1841 769 593 3395 356 55 624 1158 57 395 1092 763 675 1021 234 1114
leaf_count=96 1610 505 309 1154 243 894 2898 7428 44 468 113 264 281 114 1841 769 593 3395 356 55 624 1158 57 395 1092 763 675 1021 234 1114
internal_value=-0.00674621 -0.0120838 -0.0152608 -0.00205281 -0.00956755 -0.00406127 -0.00867455 -0.000255182 -0.0214847 -0.0132446 -0.0159973 -0.0180897 -0.0170647 -0.013351 -0.00797587 -0.00917168 -0.0252385 -0.00263235 -0.0169493 -0.0237772 -0.00749967 -0.00435651 -0.0216288 -0.0142754 -0.0155168 -0.0177129 -0.0100472 -0.0072063 -0.0204984 -0.0124942
internal_weight=30563 14300 6320 16263 7980 7681 7119 8582 1504 4816 590 760 716 395 6529 3631 744 5447 861 648 2234 2052 321 3673 2164 1072 1143 1790 347 1509
internal_count=30563 14300 6320 16263 7980 7681 7119 8582 1504 4816 590 760 716 395 6529 3631 744 5447 861 648 2234 2052 321 3673 2164 1072 1143 1790 347 1509
cat_boundaries=0 1 2 3 4 5 6
cat_threshold=569380 46141444 536576 37748736 17254928 281106
is_linear=0
shrinkage=0.05


Tree=35
num_leaves=31
num_cat=5
split_feature=4 16 4 4 4 26 16 16 18 26 32 4 32 4 13 17 16 26 32 23 17 16 24 26 9 34 29 28 28 15
split_gain=319.531 45.7622 24.6657 23.6605 23.4163 17.7127 14.2331 8.75703 8.1847 8.10965 6.99311 6.46193 5.91652 5.08958 4.41908 3.85149 3.83029 3.69037 3.59157 3.42498 3.24848 3.24436 3.38126 3.1976 3.1206 2.97305 2.89769 3.12863 2.81643 3.58916
threshold=0.31666666666666671 0 0.73666666666666691 0.041666666666666678 0.083333333333333356 1.3583333333333336 1 2 17.587670000000003 12.81666666666667 1011.2166666666668 0.14166666666666669 1018.2166666666668 0.44166666666666676 0.64713682673509043 40.565535000000004 3 26.31666666666667 1021.9416666666668 2.510695154504536 49.053130000000003 4 9.6952948018975622 12.116666666666669 16.500000000000004 50.833333333333336 12.013872850889573 50.166666666666679 61.166666666666679 2022.5000000000002
decision_type=2 9 2 2 2 2 9 9 2 2 2 2 2 2 2 2 9 2 2 2 2 9 2 2 2 2 2 2 2 2
left_child=1 4 6 26 8 20 15 -4 10 14 -1 18 24 16 -6 -2 -8 23 21 -11 -5 -7 -23 -13 -10 -12 27 -3 -14 -30
right_child=2 3 7 5 9 11 13 -9 12 19 25 17 28 -15 -16 -17 -18 -19 -20 -21 -22 22 -24 -25 -26 -27 -28 -29 29 -31
leaf_value=0 0 0 0 0 0 0 0 0.00061538266411472137 0 0 0 0 0 0 0 0 0 0 0 0 0 0 0 0 0 0 0 0 0 0
leaf_weight=275 1525 217 1150 150 466 1027 798 7441 357 251 142 1479 59 3476 551 629 1272 789 173 662 284 829 1144 1700 129 341 192 2857 88 132
leaf_count=275 1525 217 1150 150 466 1027 798 7441 357 251 142 1479 59 3476 551 629 1272 789 173 662 284 829 1144 1700 129 341 192 2857 88 132
internal_value=-0.00685546 -0.0123114 -0.00206831 -0.0106759 -0.0173645 -0.00915169 -0.00412332 -0.000226397 -0.0220504 -0.0137558 -0.0257354 -0.0085554 -0.0183963 -0.00276633 -0.0168273 -0.00756897 -0.00473407 -0.00721 -0.0102376 -0.0103329 -0.0189588 -0.00983301 -0.0110862 -0.00644994 -0.0150586 -0.0293624 -0.0142433 -0.0146157 -0.0242028 -0.0215811
internal_weight=30585 14294 16291 10841 3453 7575 7700 8591 1523 1930 758 7141 765 5546 1017 2154 2070 3968 3173 913 434 3000 1973 3179 486 483 3266 3074 279 220
internal_count=30585 14294 16291 10841 3453 7575 7700 8591 1523 1930 758 7141 765 5546 1017 2154 2070 3968 3173 913 434 3000 1973 3179 486 483 3266 3074 279 220
cat_boundaries=0 1 2 3 4 5
cat_threshold=569380 41947140 37748736 281104 16845328
is_linear=0
shrinkage=0.05


Tree=36
num_leaves=31
num_cat=4
split_feature=4 16 4 4 4 26 16 26 18 26 32 4 32 4 13 17 16 26 4 32 23 17 16 30 26 9 34 29 28 28
split_gain=314.762 45.7622 23.6605 23.4163 22.8582 17.7127 14.2331 8.59915 8.1847 8.10965 6.99311 6.46193 5.91652 5.08958 4.41908 3.85149 3.83029 3.69037 3.62699 3.59157 3.42498 3.24848 3.24436 3.26775 3.1976 3.1206 2.97305 2.89769 3.12863 2.81643
threshold=0.31666666666666671 0 0.041666666666666678 0.083333333333333356 0.73666666666666691 1.3583333333333336 1 24.941666666666674 17.587670000000003 12.81666666666667 1011.2166666666668 0.14166666666666669 1018.2166666666668 0.44166666666666676 0.64713682673509043 40.565535000000004 2 26.31666666666667 1.4416666666666671 1021.9416666666668 2.510695154504536 49.053130000000003 3 13.433333333333335 12.116666666666669 16.500000000000004 50.833333333333336 12.013872850889573 50.166666666666679 61.166666666666679
decision_type=2 9 2 2 2 2 9 2 2 2 2 2 2 2 2 2 9 2 2 2 2 2 9 2 2 2 2 2 2 2
left_child=1 3 27 8 6 21 15 18 10 14 -1 19 25 16 -5 -2 -8 24 -6 22 -11 -4 -7 -24 -13 -10 -12 28 -3 -14
right_child=4 2 5 9 7 11 13 -9 12 20 26 17 29 -15 -16 -17 -18 -19 -20 -21 -22 -23 23 -25 -26 -27 -28 -29 -30 -31
leaf_value=0 0 0 0 0 -0.00017609471375981125 0 0 0 0 0 0 0 0 0 0 0 0 0 0.0057881012760837491 0 0 0 0 0 0 0 0 0 0 0
leaf_weight=275 1525 217 150 466 4264 1027 798 1072 357 251 142 1479 59 3476 551 629 1272 789 3255 173 662 284 825 1148 1700 129 341 192 2857 220
leaf_count=275 1525 217 150 466 4264 1027 798 1072 357 251 142 1479 59 3476 551 629 1272 789 3255 173 662 284 825 1148 1700 129 341 192 2857 220
internal_value=-0.00689633 -0.0123114 -0.0106759 -0.0173645 -0.00214504 -0.00915169 -0.00412332 -0.000371896 -0.0220504 -0.0137558 -0.0257354 -0.0085554 -0.0183963 -0.00276633 -0.0168273 -0.00756897 -0.00473407 -0.00721 0.000225426 -0.0102376 -0.0103329 -0.0189588 -0.00983301 -0.0110862 -0.00644994 -0.0150586 -0.0293624 -0.0142433 -0.0146157 -0.0242028
internal_weight=30585 14294 10841 3453 16291 7575 7700 8591 1523 1930 758 7141 765 5546 1017 2154 2070 3968 7519 3173 913 434 3000 1973 3179 486 483 3266 3074 279
internal_count=30585 14294 10841 3453 16291 7575 7700 8591 1523 1930 758 7141 765 5546 1017 2154 2070 3968 7519 3173 913 434 3000 1973 3179 486 483 3266 3074 279
cat_boundaries=0 1 2 3 4
cat_threshold=569380 41947140 281104 16845328
is_linear=0
shrinkage=0.05


Tree=37
num_leaves=31
num_cat=4
split_feature=4 16 4 4 4 26 16 26 18 26 32 4 32 4 13 17 16 26 32 25 4 17 16 30 26 9 29 28 28 15
split_gain=315.713 45.7622 23.6605 23.4163 23.2142 17.7127 14.2331 8.71903 8.1847 8.10965 6.99311 6.46193 5.91652 5.08958 4.41908 3.85149 3.83029 3.69037 3.59157 3.42498 3.26719 3.24848 3.24436 3.26775 3.1976 3.1206 2.89769 3.12863 2.81643 3.58916
threshold=0.31666666666666671 0 0.041666666666666678 0.083333333333333356 0.73666666666666691 1.3583333333333336 1 24.941666666666674 17.587670000000003 12.81666666666667 1011.2166666666668 0.14166666666666669 1018.2166666666668 0.44166666666666676 0.64713682673509043 40.565535000000004 2 26.31666666666667 1021.9416666666668 313.83689431306703 1.4416666666666671 49.053130000000003 3 13.433333333333335 12.116666666666669 16.500000000000004 12.013872850889573 50.166666666666679 61.166666666666679 2022.5000000000002
decision_type=2 9 2 2 2 2 9 2 2 2 2 2 2 2 2 2 9 2 2 2 2 2 9 2 2 2 2 2 2 2
left_child=1 3 26 8 6 21 15 20 10 14 -1 18 25 16 -5 -2 -8 24 22 -11 -6 -4 -7 -24 -13 -10 27 -3 -14 -30
right_child=4 2 5 9 7 11 13 -9 12 19 -12 17 28 -15 -16 -17 -18 -19 -20 -21 -22 -23 23 -25 -26 -27 -28 -29 29 -31
leaf_value=0 0 0 0 0 -0.00016728997807182041 0 0 0 0 0 0 0 0 0 0 0 0 0 0 0 0.0054986962122795611 0 0 0 0 0 0 0 0 0
leaf_weight=275 1525 217 150 466 4264 1027 798 1072 357 251 483 1479 59 3476 551 629 1272 789 173 662 3255 284 825 1148 1700 129 192 2857 88 132
leaf_count=275 1525 217 150 466 4264 1027 798 1072 357 251 483 1479 59 3476 551 629 1272 789 173 662 3255 284 825 1148 1700 129 192 2857 88 132
internal_value=-0.00688816 -0.0123114 -0.0106759 -0.0173645 -0.00212969 -0.00915169 -0.00412332 -0.000342796 -0.0220504 -0.0137558 -0.0257354 -0.0085554 -0.0183963 -0.00276633 -0.0168273 -0.00756897 -0.00473407 -0.00721 -0.0102376 -0.0103329 0.000258675 -0.0189588 -0.00983301 -0.0110862 -0.00644994 -0.0150586 -0.0142433 -0.0146157 -0.0242028 -0.0215811
internal_weight=30585 14294 10841 3453 16291 7575 7700 8591 1523 1930 758 7141 765 5546 1017 2154 2070 3968 3173 913 7519 434 3000 1973 3179 486 3266 3074 279 220
internal_count=30585 14294 10841 3453 16291 7575 7700 8591 1523 1930 758 7141 765 5546 1017 2154 2070 3968 3173 913 7519 434 3000 1973 3179 486 3266 3074 279 220
cat_boundaries=0 1 2 3 4
cat_threshold=569380 41947140 281104 16845328
is_linear=0
shrinkage=0.05


Tree=38
num_leaves=31
num_cat=4
split_feature=4 16 4 4 4 26 16 26 18 26 32 4 32 4 13 17 16 26 32 23 17 16 24 26 4 9 29 28 28 15
split_gain=316.094 45.7622 23.6605 23.4163 23.3573 17.7127 14.2331 8.76721 8.1847 8.10965 6.99311 6.46193 5.91652 5.08958 4.41908 3.85149 3.83029 3.69037 3.59157 3.42498 3.24848 3.24436 3.38126 3.1976 3.19474 3.1206 2.89769 3.12863 2.81643 3.58916
threshold=0.31666666666666671 0 0.041666666666666678 0.083333333333333356 0.73666666666666691 1.3583333333333336 1 24.941666666666674 17.587670000000003 12.81666666666667 1011.2166666666668 0.14166666666666669 1018.2166666666668 0.44166666666666676 0.64713682673509043 40.565535000000004 2 26.31666666666667 1021.9416666666668 2.510695154504536 49.053130000000003 3 9.6952948018975622 12.116666666666669 1.4416666666666671 16.500000000000004 12.013872850889573 50.166666666666679 61.166666666666679 2022.5000000000002
decision_type=2 9 2 2 2 2 9 2 2 2 2 2 2 2 2 2 9 2 2 2 2 9 2 2 2 2 2 2 2 2
left_child=1 3 26 8 6 20 15 24 10 14 -1 18 25 16 -5 -2 -8 23 21 -11 -4 -7 -23 -13 -6 -10 27 -3 -14 -30
right_child=4 2 5 9 7 11 13 -9 12 19 -12 17 28 -15 -16 -17 -18 -19 -20 -21 -22 22 -24 -25 -26 -27 -28 -29 29 -31
leaf_value=0 0 0 0 0 -0.00015892547916822875 0 0 0 0 0 0 0 0 0 0 0 0 0 0 0 0 0 0 0 0.0052237614016655831 0 0 0 0 0
leaf_weight=275 1525 217 150 466 4264 1027 798 1072 357 251 483 1479 59 3476 551 629 1272 789 173 662 284 829 1144 1700 3255 129 192 2857 88 132
leaf_count=275 1525 217 150 466 4264 1027 798 1072 357 251 483 1479 59 3476 551 629 1272 789 173 662 284 829 1144 1700 3255 129 192 2857 88 132
internal_value=-0.00688489 -0.0123114 -0.0106759 -0.0173645 -0.00212355 -0.00915169 -0.00412332 -0.000331156 -0.0220504 -0.0137558 -0.0257354 -0.0085554 -0.0183963 -0.00276633 -0.0168273 -0.00756897 -0.00473407 -0.00721 -0.0102376 -0.0103329 -0.0189588 -0.00983301 -0.0110862 -0.00644994 0.000271974 -0.0150586 -0.0142433 -0.0146157 -0.0242028 -0.0215811
internal_weight=30585 14294 10841 3453 16291 7575 7700 8591 1523 1930 758 7141 765 5546 1017 2154 2070 3968 3173 913 434 3000 1973 3179 7519 486 3266 3074 279 220
internal_count=30585 14294 10841 3453 16291 7575 7700 8591 1523 1930 758 7141 765 5546 1017 2154 2070 3968 3173 913 434 3000 1973 3179 7519 486 3266 3074 279 220
cat_boundaries=0 1 2 3 4
cat_threshold=569380 41947140 281104 16845328
is_linear=0
shrinkage=0.05


Tree=39
num_leaves=31
num_cat=6
split_feature=7 16 6 7 16 7 26 7 13 16 16 26 34 37 7 16 26 23 2 37 1 13 6 6 37 2 27 34 26 16
split_gain=293.525 44.6657 38.5821 21.8322 15.798 15.1336 12.8358 8.88303 7.10282 6.6305 6.54204 5.18846 6.19129 5.1958 4.5596 4.51101 3.90333 3.59174 3.41882 3.37898 3.3226 3.32016 3.26912 3.17639 3.13895 3.27831 3.09564 3.08609 2.97942 2.97556
threshold=0.45000000000000007 0 0.25000000000000006 0.15000000000000005 1 1.0000000180025095e-35 1.3583333333333336 0.75000000000000011 0.63395513778623458 2 3 6.8833333333333355 75.416666666666671 -0.52745563822959429 1.5500000000000003 4 26.716666666666672 2.6902777697774245 0.24000000000000005 -0.94275930409484354 0.15000000000000005 0.99963164097526624 0.15000000000000005 0.95000000000000007 -0.38851766608774757 0.75000000000000011 0.65000000000000135 84.416666666666671 24.158333333333335 5
decision_type=2 9 2 2 9 2 2 2 2 9 9 2 2 2 2 9 2 2 8 2 2 2 2 2 2 10 2 2 2 9
left_child=1 5 4 9 22 27 -5 21 -7 11 14 13 16 -3 -4 18 19 -15 -8 -13 -17 29 24 -12 25 -2 -10 -1 -14 -6
right_child=2 3 10 6 7 8 15 -9 26 -11 23 12 28 17 -16 20 -18 -19 -20 -21 -22 -23 -24 -25 -26 -27 -28 -29 -30 -31
leaf_value=0 0 0 0 0 0 0 0 0 0 0 0 0 0 0 0 0 0 0 0 0 0 0 0 0.0072317094307448029 0 0 0 0 0.0015475622670279951 0
leaf_weight=295 1105 59 1011 416 625 753 1161 3424 385 3673 4866 41 777 97 1261 1371 48 74 1300 430 1253 26 852 1856 1516 269 106 152 45 1338
leaf_count=295 1105 59 1011 416 625 753 1161 3424 385 3673 4866 41 777 97 1261 1371 48 74 1300 430 1253 26 852 1856 1516 269 106 152 45 1338
internal_value=-0.00688979 -0.0128071 -0.00283513 -0.0115782 -0.0051201 -0.020425 -0.00938812 -0.00337169 -0.0177076 -0.0138975 -0.000509223 -0.0168522 -0.0157669 -0.0239027 -0.00282196 -0.00869698 -0.0200443 -0.0283168 -0.010297 -0.0214286 -0.00712957 -0.00603539 -0.00761973 0.000276288 -0.00844261 -0.0101739 -0.0223885 -0.0284388 -0.0130641 -0.0057995
internal_weight=30585 12436 18149 10745 9155 1691 5501 5413 1244 5244 8994 1571 1341 230 2272 5085 519 171 2461 471 2624 1989 3742 6722 2890 1374 491 447 822 1963
internal_count=30585 12436 18149 10745 9155 1691 5501 5413 1244 5244 8994 1571 1341 230 2272 5085 519 171 2461 471 2624 1989 3742 6722 2890 1374 491 447 822 1963
cat_boundaries=0 1 2 3 4 5 6
cat_threshold=536580 35172388 4374624 46149636 46170210 2576
is_linear=0
shrinkage=0.05


Tree=40
num_leaves=31
num_cat=6
split_feature=4 4 16 16 4 16 13 32 16 24 32 4 4 17 36 4 28 16 13 13 13 32 34 34 24 19 4 16 17 34
split_gain=306.312 44.4118 27.2368 23.3944 22.2778 12.2677 11.7073 8.46345 8.36778 6.04131 5.19411 5.05269 5.00059 4.60032 5.65387 4.17871 3.85421 4.38485 3.83481 3.59505 3.32195 3.12972 3.03754 3.03009 2.97919 2.82439 2.77676 2.76526 2.75145 2.6607
threshold=0.31666666666666671 0.041666666666666678 0 1 0.7166666666666669 2 0.65368047477200586 1022.5583333333334 3 3.9643175172126872 1011.2166666666668 0.083333333333333356 0.14166666666666669 40.565535000000004 0.49996192378909793 0.2166666666666667 80.416666666666671 4 -0.82964644928663578 -0.02574791365498821 0.34470738398793405 1023.3166666666668 94.833333333333357 79.833333333333357 3.561331717513466 48.500000000000007 0.44166666666666676 5 48.652590000000011 90.416666666666671
decision_type=2 2 9 9 2 9 2 2 9 2 2 2 2 2 2 2 2 9 2 2 2 2 2 2 2 2 2 9 2 2
left_child=1 3 6 10 5 21 11 9 -6 -4 29 -3 -8 -12 -15 18 17 -11 23 -20 -18 -2 -10 -9 -21 -14 27 -7 -16 -1
right_child=4 2 7 -5 8 26 12 15 22 16 13 -13 25 14 28 -17 20 -19 19 24 -22 -23 -24 -25 -26 -27 -28 -29 -30 -31
leaf_value=0 0 0 0 0 0 0 0 0 -0.00083371950924260589 0 0 0 0 0 0 0 0 0 0 0 0 -3.9728879232037162e-05 0.0018348331455340068 0.0050000004470348363 0 0 0 0 0 0
leaf_weight=152 2484 315 410 3541 1195 892 381 29 2459 1668 227 1186 389 260 55 111 1819 1692 102 29 1424 38 5225 38 173 207 2998 999 20 50
leaf_count=152 2484 315 410 3541 1195 892 381 29 2459 1668 227 1186 389 260 55 111 1819 1692 102 29 1424 38 5225 38 173 207 2998 999 20 50
internal_value=-0.00683752 -0.0121837 -0.0103513 -0.0164282 -0.00215161 -0.00417549 -0.0149351 -0.00880401 -0.000462321 -0.00837504 -0.0245834 -0.012221 -0.019256 -0.0273795 -0.0311101 -0.0152251 -0.00800912 -0.00919615 -0.0177715 -0.0201578 -0.00677901 -0.00700604 0.000145566 -0.00692995 -0.0162791 -0.0163899 -0.00269539 -0.00420126 -0.0189747 -0.0180109
internal_weight=30568 14278 9973 4305 16290 7411 2478 7495 8879 7013 764 1501 977 562 335 482 6603 3360 371 304 3243 2522 7684 67 202 596 4889 1891 75 202
internal_count=30568 14278 9973 4305 16290 7411 2478 7495 8879 7013 764 1501 977 562 335 482 6603 3360 371 304 3243 2522 7684 67 202 596 4889 1891 75 202
cat_boundaries=0 1 2 3 4 5 6
cat_threshold=5812228 4132 46665732 37748736 33685602 281106
is_linear=0
shrinkage=0.05


Tree=41
num_leaves=31
num_cat=8
split_feature=4 4 16 16 4 13 16 26 24 4 4 4 34 30 14 23 14 19 4 16 16 19 13 16 34 36 31 3 9 26
split_gain=312.339 44.4118 27.2368 23.3944 22.6594 11.7073 10.9465 8.9776 7.48886 5.20628 5.05269 5.00059 4.47707 4.51753 3.35006 3.14471 3.10554 2.82439 2.77676 2.76526 2.68232 2.59541 2.51065 2.8263 2.89704 2.76851 2.68898 2.50824 2.47828 5.03134
threshold=0.31666666666666671 0.041666666666666678 0 1 0.7166666666666669 0.65368047477200586 2 24.941666666666674 3.9643175172126872 0.14166666666666669 0.083333333333333356 0.14166666666666669 46.166666666666679 19.816666666666674 3 3.7336915154310941 4 48.500000000000007 0.44166666666666676 5 6 43.000000000000007 0.89058370012576782 7 67.166666666666671 -0.94225897919190216 0.15664965809277251 1.0000000180025095e-35 10.500000000000002 24.158333333333335
decision_type=2 2 9 9 2 2 9 2 2 2 2 2 2 2 1 2 1 2 2 9 9 2 2 9 2 2 2 2 2 2
left_child=1 3 5 12 6 10 14 -6 -4 21 -3 -7 13 -1 -2 -11 -12 -13 19 -8 -17 -10 23 -5 26 -24 -25 -14 -26 -30
right_child=4 2 8 22 7 11 18 -9 9 15 16 17 27 -15 -16 20 -18 -19 -20 -21 -22 -23 25 24 28 -27 -28 -29 29 -31
leaf_value=0 0 0 0 0 0.00016065165724914778 0 0 0 0 0 0 0 0 0 0 0 0 0 0 0 0 0 0 0 0 0 0 0 0 0
leaf_weight=183 746 315 457 560 7777 381 892 1102 721 2227 466 389 480 21 1776 694 720 207 2998 999 942 2454 24 34 818 481 704 80 732 188
leaf_count=183 746 315 457 560 7777 381 892 1102 721 2227 466 389 480 21 1776 694 720 207 2998 999 942 2454 24 34 818 481 704 80 732 188
internal_value=-0.00678518 -0.0121837 -0.0103513 -0.0164282 -0.00205339 -0.0149351 -0.00409453 -0.000349697 -0.00880401 -0.00841278 -0.012221 -0.019256 -0.0245834 -0.0312592 -0.00676908 -0.00717947 -0.0107242 -0.0163899 -0.00269539 -0.00420126 -0.0088442 -0.00991307 -0.0145575 -0.0140542 -0.0148707 -0.0178677 -0.0175586 -0.0225853 -0.0138139 -0.0155961
internal_weight=30568 14278 9973 4305 16290 2478 7411 8879 7495 7038 1501 977 764 204 2522 3863 1186 596 4889 1891 1636 3175 3541 3036 2476 505 738 560 1738 920
internal_count=30568 14278 9973 4305 16290 2478 7411 8879 7495 7038 1501 977 764 204 2522 3863 1186 596 4889 1891 1636 3175 3541 3036 2476 505 738 560 1738 920
cat_boundaries=0 1 2 3 4 5 6 7 8
cat_threshold=5812228 4132 46665732 2224 2500 281106 33554528 1384960
is_linear=0
shrinkage=0.05


Tree=42
num_leaves=31
num_cat=8
split_feature=4 4 16 16 4 13 16 26 24 4 4 4 34 30 14 23 14 19 4 16 16 19 13 16 34 27 36 3 9 26
split_gain=312.339 44.4118 27.2368 23.3944 22.6594 11.7073 10.9465 8.9776 7.48886 5.20628 5.05269 5.00059 4.47707 4.51753 3.35006 3.14471 3.10554 2.82439 2.77676 2.76526 2.68232 2.59541 2.51065 2.8263 2.89704 3.64984 2.76851 2.50824 2.47828 5.03134
threshold=0.31666666666666671 0.041666666666666678 0 1 0.7166666666666669 0.65368047477200586 2 24.941666666666674 3.9643175172126872 0.14166666666666669 0.083333333333333356 0.14166666666666669 46.166666666666679 19.816666666666674 3 3.7336915154310941 4 48.500000000000007 0.44166666666666676 5 6 43.000000000000007 0.89058370012576782 7 67.166666666666671 2.1155503002605567 -0.94225897919190216 1.0000000180025095e-35 10.500000000000002 24.158333333333335
decision_type=2 2 9 9 2 2 9 2 2 2 2 2 2 2 1 2 1 2 2 9 9 2 2 9 2 2 2 2 2 2
left_child=1 3 5 12 6 10 14 -6 -4 21 -3 -7 13 -1 -2 -11 -12 -13 19 -8 -17 -10 23 -5 25 -25 -24 -14 -26 -30
right_child=4 2 8 22 7 11 18 -9 9 15 16 17 27 -15 -16 20 -18 -19 -20 -21 -22 -23 26 24 28 -27 -28 -29 29 -31
leaf_value=0 0 0 0 0 0.00015261907438669 0 0 0 0 0 0 0 0 0 0 0 0 0 0 0 0 0 0 0 0 0.0038000005379319373 0 0 0 0
leaf_weight=183 746 315 457 560 7777 381 892 1102 721 2227 466 389 480 21 1776 694 720 207 2998 999 942 2454 24 709 818 29 481 80 732 188
leaf_count=183 746 315 457 560 7777 381 892 1102 721 2227 466 389 480 21 1776 694 720 207 2998 999 942 2454 24 709 818 29 481 80 732 188
internal_value=-0.00678518 -0.0121837 -0.0103513 -0.0164282 -0.00205339 -0.0149351 -0.00409453 -0.000349697 -0.00880401 -0.00841278 -0.012221 -0.019256 -0.0245834 -0.0312592 -0.00676908 -0.00717947 -0.0107242 -0.0163899 -0.00269539 -0.00420126 -0.0088442 -0.00991307 -0.0145575 -0.0140542 -0.0148707 -0.0175586 -0.0178677 -0.0225853 -0.0138139 -0.0155961
internal_weight=30568 14278 9973 4305 16290 2478 7411 8879 7495 7038 1501 977 764 204 2522 3863 1186 596 4889 1891 1636 3175 3541 3036 2476 738 505 560 1738 920
internal_count=30568 14278 9973 4305 16290 2478 7411 8879 7495 7038 1501 977 764 204 2522 3863 1186 596 4889 1891 1636 3175 3541 3036 2476 738 505 560 1738 920
cat_boundaries=0 1 2 3 4 5 6 7 8
cat_threshold=5812228 4132 46665732 2224 2500 281106 33554528 1384960
is_linear=0
shrinkage=0.05


Tree=43
num_leaves=31
num_cat=7
split_feature=4 4 16 16 4 13 16 26 32 24 32 4 4 17 26 14 4 13 13 26 14 14 34 19 4 4 16 34 30 19
split_gain=312.15 44.4118 27.2368 23.3944 22.5913 11.7073 10.9465 8.95367 8.46345 6.04131 5.19411 5.05269 5.00059 4.60032 4.32488 4.93334 4.17871 3.83481 3.59505 3.8198 3.35006 3.10554 3.03009 2.82439 2.77676 2.7763 2.76526 2.6607 2.76893 2.65111
threshold=0.31666666666666671 0.041666666666666678 0 1 0.7166666666666669 0.65368047477200586 2 24.941666666666674 1022.5583333333334 3.9643175172126872 1011.2166666666668 0.083333333333333356 0.14166666666666669 40.565535000000004 27.441666666666674 3 0.2166666666666667 -0.82964644928663578 -0.02574791365498821 1.541666666666667 4 5 79.833333333333357 48.500000000000007 0.44166666666666676 0.14166666666666669 6 90.416666666666671 17.041666666666671 54.500000000000007
decision_type=2 2 9 9 2 2 9 2 2 2 2 2 2 2 2 1 2 2 2 2 1 1 2 2 2 2 9 2 2 2
left_child=1 3 5 10 6 11 20 -6 9 29 27 -3 -7 -12 15 -11 17 22 -19 -20 -2 -13 -10 -14 26 -17 -8 28 -1 -4
right_child=4 2 8 -5 7 12 24 -9 16 14 13 21 23 -15 -16 25 -18 18 19 -21 -22 -23 -24 -25 -26 -27 -28 -29 -30 -31
leaf_value=0 0 0 0 0 0.0001449881206673558 0 0 0 0 0 0 0 0 0 0 0 0 0 0 0 0 0 0.004750000424683095 0 0 0 0 0 0 0
leaf_weight=112 746 315 65 3541 7777 381 892 1102 29 2773 227 466 389 335 1163 1181 111 102 27 175 1776 720 38 207 2998 1486 999 50 40 345
leaf_count=112 746 315 65 3541 7777 381 892 1102 29 2773 227 466 389 335 1163 1181 111 102 27 175 1776 720 38 207 2998 1486 999 50 40 345
internal_value=-0.00678681 -0.0121837 -0.0103513 -0.0164282 -0.00205646 -0.0149351 -0.00409453 -0.000355329 -0.00880401 -0.00837504 -0.0245834 -0.012221 -0.019256 -0.0273795 -0.00800912 -0.00741714 -0.0152251 -0.0177715 -0.0201578 -0.0162791 -0.00676908 -0.0107242 -0.00692995 -0.0163899 -0.00269539 -0.0089892 -0.00420126 -0.0180109 -0.0213018 -0.0142648
internal_weight=30568 14278 9973 4305 16290 2478 7411 8879 7495 7013 764 1501 977 562 6603 5440 482 371 304 202 2522 1186 67 596 4889 2667 1891 202 152 410
internal_count=30568 14278 9973 4305 16290 2478 7411 8879 7495 7013 764 1501 977 562 6603 5440 482 371 304 202 2522 1186 67 596 4889 2667 1891 202 152 410
cat_boundaries=0 1 2 3 4 5 6 7
cat_threshold=5812228 4132 46665732 1752 2224 2500 281106
is_linear=0
shrinkage=0.05


Tree=44
num_leaves=31
num_cat=7
split_feature=4 4 16 16 4 13 16 26 32 24 32 4 4 18 26 14 4 13 13 26 14 14 34 19 4 4 16 34 30 19
split_gain=311.771 44.4118 27.2368 23.3944 22.4554 11.7073 10.9465 8.90592 8.46345 6.04131 5.19411 5.05269 5.00059 4.60032 4.32488 4.93334 4.17871 3.83481 3.59505 3.8198 3.35006 3.10554 3.03009 2.82439 2.77676 2.7763 2.76526 2.6607 2.76893 2.65111
threshold=0.31666666666666671 0.041666666666666678 0 1 0.7166666666666669 0.65368047477200586 2 24.941666666666674 1022.5583333333334 3.9643175172126872 1011.2166666666668 0.083333333333333356 0.14166666666666669 145.44951500000005 27.441666666666674 3 0.2166666666666667 -0.82964644928663578 -0.02574791365498821 1.541666666666667 4 5 79.833333333333357 48.500000000000007 0.44166666666666676 0.14166666666666669 6 90.416666666666671 17.041666666666671 54.500000000000007
decision_type=2 2 9 9 2 2 9 2 2 2 2 2 2 2 2 1 2 2 2 2 1 1 2 2 2 2 9 2 2 2
left_child=1 3 5 10 6 11 20 -6 9 29 27 -3 -7 -12 15 -11 17 22 -19 -20 -2 -13 -10 -14 26 -17 -8 28 -1 -4
right_child=4 2 8 -5 7 12 24 -9 16 14 13 21 23 -15 -16 25 -18 18 19 -21 -22 -23 -24 -25 -26 -27 -28 -29 -30 -31
leaf_value=0 0 0 0 0 0.00013773871463398693 0 0 0 0 0 0 0 0 0 0 0 0 0 0 0 0 0 0.0045125004034489392 0 0 0 0 0 0 0
leaf_weight=112 746 315 65 3541 7777 381 892 1102 29 2773 335 466 389 227 1163 1181 111 102 27 175 1776 720 38 207 2998 1486 999 50 40 345
leaf_count=112 746 315 65 3541 7777 381 892 1102 29 2773 335 466 389 227 1163 1181 111 102 27 175 1776 720 38 207 2998 1486 999 50 40 345
internal_value=-0.00679008 -0.0121837 -0.0103513 -0.0164282 -0.0020626 -0.0149351 -0.00409453 -0.000366591 -0.00880401 -0.00837504 -0.0245834 -0.012221 -0.019256 -0.0273795 -0.00800912 -0.00741714 -0.0152251 -0.0177715 -0.0201578 -0.0162791 -0.00676908 -0.0107242 -0.00692995 -0.0163899 -0.00269539 -0.0089892 -0.00420126 -0.0180109 -0.0213018 -0.0142648
internal_weight=30568 14278 9973 4305 16290 2478 7411 8879 7495 7013 764 1501 977 562 6603 5440 482 371 304 202 2522 1186 67 596 4889 2667 1891 202 152 410
internal_count=30568 14278 9973 4305 16290 2478 7411 8879 7495 7013 764 1501 977 562 6603 5440 482 371 304 202 2522 1186 67 596 4889 2667 1891 202 152 410
cat_boundaries=0 1 2 3 4 5 6 7
cat_threshold=5812228 4132 46665732 1752 2224 2500 281106
is_linear=0
shrinkage=0.05


Tree=45
num_leaves=31
num_cat=9
split_feature=4 4 16 4 30 16 16 16 18 32 16 26 4 34 13 24 28 7 4 38 26 16 14 14 6 2 16 24 29 28
split_gain=307.601 46.2676 31.4324 22.2022 19.0796 12.5277 11.4983 10.239 6.53465 5.89609 5.88714 5.57167 6.18061 5.2218 4.34338 3.98998 3.93225 3.70009 3.37401 3.35695 3.15149 3.04696 2.75263 2.67051 2.66844 3.33883 2.62783 2.42705 2.39303 2.56161
threshold=0.31666666666666671 0.083333333333333356 0 0.7166666666666669 0.64166666666666694 1 2 3 19.961115000000003 1018.2166666666668 4 1.0166666666666671 0.041666666666666678 42.166666666666679 0.71010885522459966 9.8485875774846807 78.166666666666671 0.35000000000000003 0.48333333333333345 -1.6666666666665717 2.5833333333333339 5 6 7 1.5500000000000003 0.35000000000000003 8 14.246692910326651 13.424687043734847 50.166666666666679
decision_type=2 2 9 2 2 9 9 9 2 2 9 2 2 2 2 2 2 2 2 10 2 9 1 1 2 10 9 2 2 2
left_child=1 2 8 6 17 14 21 -5 13 20 -7 -4 28 27 -6 23 19 -3 -8 -12 -10 -2 -23 -14 25 26 -9 -1 29 -13
right_child=3 4 11 7 5 10 18 24 9 -11 16 12 15 -15 -16 -17 -18 -19 -20 -21 -22 22 -24 -25 -26 -27 -28 -29 -30 -31
leaf_value=0 0 0 0 0 0 0 0 3.7976070594150273e-05 0 0 0 0 0 0 0 0 0 0 0 0 0 0 0 0 0.01217527848048881 0.0010702484913334691 -0.0018512570842843523 0 0 0
leaf_weight=154 336 491 117 1196 394 2891 2382 1288 26 267 213 229 222 689 190 657 2006 356 2501 1360 406 485 1691 576 936 4050 1407 21 112 2807
leaf_count=154 336 491 117 1196 394 2891 2382 1288 26 267 213 229 222 689 190 657 2006 356 2501 1360 406 485 1691 576 936 4050 1407 21 112 2807
internal_value=-0.00679568 -0.0121777 -0.0153801 -0.00210421 -0.00963094 -0.00877929 -0.00412773 -0.000418492 -0.0216356 -0.0181734 -0.00810173 -0.0132344 -0.012988 -0.0246846 -0.0158727 -0.0102914 -0.00950238 -0.0167218 -0.00269461 -0.0114011 -0.0145568 -0.00687522 -0.00611591 -0.0126676 0.00025419 -9.26597e-05 -0.00145635 -0.0324101 -0.014234 -0.0144989
internal_weight=30456 14184 6283 16272 7901 7054 7395 8877 1563 699 6470 4720 4603 864 584 1455 3579 847 4883 1573 432 2512 2176 798 7681 6745 2695 175 3148 3036
internal_count=30456 14184 6283 16272 7901 7054 7395 8877 1563 699 6470 4720 4603 864 584 1455 3579 847 4883 1573 432 2512 2176 798 7681 6745 2695 175 3148 3036
cat_boundaries=0 1 2 3 4 5 6 7 8 9
cat_threshold=4239396 536576 46665732 37748736 17254928 4096 2192 2180 18286624
is_linear=0
shrinkage=0.05


Tree=46
num_leaves=31
num_cat=7
split_feature=4 4 16 16 30 16 4 4 18 32 16 26 4 34 13 24 28 7 26 16 38 26 27 4 27 29 33 14 14 31
split_gain=302.369 46.2676 31.4324 20.5569 19.0796 12.5277 11.9275 9.64671 6.53465 5.89609 5.88714 5.57167 6.18061 5.2218 4.34338 3.98998 3.93225 3.70009 3.61599 3.8894 3.35695 3.15149 3.09962 2.92836 2.82014 2.77186 3.02074 2.71997 2.67812 2.51754
threshold=0.31666666666666671 0.083333333333333356 0 1 0.64166666666666694 2 0.54166666666666685 1.1583333333333337 19.961115000000003 1018.2166666666668 3 1.0166666666666671 0.041666666666666678 42.166666666666679 0.71010885522459966 9.8485875774846807 78.166666666666671 0.35000000000000003 16.616666666666671 4 -1.6666666666665717 2.5833333333333339 0.50000000000000044 0.38000000000000006 0.74087035902976328 5.2808988664221426 0.50000000000002853 5 6 0.64807406984078642
decision_type=2 2 9 9 2 9 2 2 2 2 9 2 2 2 2 2 2 2 2 9 10 2 2 2 2 2 2 1 1 2
left_child=1 2 8 7 17 14 -5 23 13 21 -7 24 -13 -1 29 22 20 -3 -8 -20 -12 -10 -14 -2 -4 -9 -27 -24 -25 -6
right_child=3 4 11 6 5 10 18 25 9 -11 16 12 15 -15 -16 -17 -18 -19 19 -21 -22 -23 27 28 -26 26 -28 -29 -30 -31
leaf_value=0 0 0 0 0 0 0 0.0017882188280077269 0 0 0 0 0 0 0 0 0 0 0 8.8019872169869961e-05 -0.0017730533099187169 0 0 0 0 0 -0.0025515117401137852 0 0 0 0
leaf_weight=175 543 491 82 3072 246 2891 5664 1175 26 267 213 3148 388 689 190 657 2006 356 1253 899 1360 406 119 961 35 137 208 291 2360 148
leaf_count=175 543 491 82 3072 246 2891 5664 1175 26 267 213 3148 388 689 190 657 2006 356 1253 899 1360 406 119 961 35 137 208 291 2360 148
internal_value=-0.00684165 -0.0121777 -0.0153801 -0.00219025 -0.00963094 -0.00877929 -0.00093686 -0.00471441 -0.0216356 -0.0181734 -0.00810173 -0.0132344 -0.012988 -0.0246846 -0.0158727 -0.0102914 -0.00950238 -0.0167218 9.97942e-05 -0.0016449 -0.0114011 -0.0145568 -0.0126676 -0.00605057 -0.0240393 -0.0013486 -0.00528832 -0.0096318 -0.00549366 -0.0131439
internal_weight=30456 14184 6283 16272 7901 7054 10888 5384 1563 699 6470 4720 4603 864 584 1455 3579 847 7816 2152 1573 432 798 3864 117 1520 345 410 3321 394
internal_count=30456 14184 6283 16272 7901 7054 10888 5384 1563 699 6470 4720 4603 864 584 1455 3579 847 7816 2152 1573 432 798 3864 117 1520 345 410 3321 394
cat_boundaries=0 1 2 3 4 5 6 7
cat_threshold=4239396 46673924 536576 17254928 17104912 2212 2256
is_linear=0
shrinkage=0.05


Tree=47
num_leaves=31
num_cat=6
split_feature=4 4 16 16 30 4 16 4 18 32 16 26 4 34 13 24 28 7 38 26 27 4 27 14 14 31 24 29 28 9
split_gain=311.933 46.2676 31.4324 20.6962 19.0796 13.4243 12.5277 11.9273 6.53465 5.89609 5.88714 5.57167 6.18061 5.2218 4.34338 3.98998 3.93225 3.70009 3.35695 3.15149 3.09962 2.92836 2.82014 2.71997 2.67812 2.51754 2.42705 2.39303 2.56161 2.30124
threshold=0.31666666666666671 0.083333333333333356 0 1 0.64166666666666694 0.54166666666666685 2 1.1583333333333337 19.961115000000003 1018.2166666666668 3 1.0166666666666671 0.041666666666666678 42.166666666666679 0.71010885522459966 9.8485875774846807 78.166666666666671 0.35000000000000003 -1.6666666666665717 2.5833333333333339 0.50000000000000044 0.38000000000000006 0.74087035902976328 4 5 0.64807406984078642 14.246692910326651 13.424687043734847 50.166666666666679 1.0000000180025095e-35
decision_type=2 2 9 9 2 2 9 2 2 2 9 2 2 2 2 2 2 2 10 2 2 2 2 1 1 2 2 2 2 2
left_child=1 2 8 7 17 -5 14 21 13 19 -8 22 27 26 25 20 18 -3 -12 -10 -14 -2 -4 -22 -23 -6 -1 28 -13 -15
right_child=3 4 11 5 6 -7 10 -9 9 -11 16 12 15 29 -16 -17 -18 -19 -20 -21 23 24 -24 -25 -26 -27 -28 -29 -30 -31
leaf_value=0 0 0 0 0 0 8.8652665495936317e-05 0 0 0 0 0 0 0 0 0 0 0 0 0 0 0 0 0 0 0 0 0 0 0 0
leaf_weight=154 543 491 82 3072 246 7816 2891 1520 26 267 213 229 388 24 190 657 2006 356 1360 406 119 961 35 291 2360 148 21 112 2807 665
leaf_count=154 543 491 82 3072 246 7816 2891 1520 26 267 213 229 388 24 190 657 2006 356 1360 406 119 961 35 291 2360 148 21 112 2807 665
internal_value=-0.00675792 -0.0121777 -0.0153801 -0.00203354 -0.00963094 -0.000776282 -0.00877929 -0.0045661 -0.0216356 -0.0181734 -0.00810173 -0.0132344 -0.012988 -0.0246846 -0.0158727 -0.0102914 -0.00950238 -0.0167218 -0.0114011 -0.0145568 -0.0126676 -0.00605057 -0.0240393 -0.0096318 -0.00549366 -0.0131439 -0.0324101 -0.014234 -0.0144989 -0.022718
internal_weight=30456 14184 6283 16272 7901 10888 7054 5384 1563 699 6470 4720 4603 864 584 1455 3579 847 1573 432 798 3864 117 410 3321 394 175 3148 3036 689
internal_count=30456 14184 6283 16272 7901 10888 7054 5384 1563 699 6470 4720 4603 864 584 1455 3579 847 1573 432 798 3864 117 410 3321 394 175 3148 3036 689
cat_boundaries=0 1 2 3 4 5 6
cat_threshold=4239396 46673924 536576 17254928 2212 2256
is_linear=0
shrinkage=0.05


Tree=48
num_leaves=31
num_cat=5
split_feature=4 4 16 16 30 4 16 4 18 32 16 34 4 24 13 28 7 38 32 4 14 29 28 31 24 31 29 11 37 32
split_gain=311.933 46.2676 31.4324 20.6962 19.0796 13.4243 12.5277 11.9273 6.53465 5.89609 5.88714 5.2218 4.98504 6.35769 4.34338 3.93225 3.70009 3.35695 3.17012 2.92836 2.67812 2.58595 2.71258 2.51754 2.42705 2.35699 2.96335 2.30124 2.25843 2.32717
threshold=0.31666666666666671 0.083333333333333356 0 1 0.64166666666666694 0.54166666666666685 2 1.1583333333333337 19.961115000000003 1018.2166666666668 3 42.166666666666679 0.041666666666666678 4.5500626538648872 0.71010885522459966 78.166666666666671 0.35000000000000003 -1.6666666666665717 1024.1583333333335 0.38000000000000006 4 13.424687043734847 50.166666666666679 0.64807406984078642 14.246692910326651 0.43204937989385789 9.1408000605612916 0.98296291314453421 0.96182980619789082 1002.5833333333335
decision_type=2 2 9 9 2 2 9 2 2 2 9 2 2 2 2 2 2 10 2 2 1 2 2 2 2 2 2 2 2 2
left_child=1 2 8 7 16 -5 14 19 11 -10 -8 24 21 25 23 17 28 -12 -15 -2 -21 22 -4 -6 -1 -14 -27 -13 29 -3
right_child=3 4 12 5 6 -7 10 -9 9 -11 15 27 13 18 -16 -17 -18 -19 -20 20 -22 -23 -24 -25 -26 26 -28 -29 -30 -31
leaf_value=0 0 0 0 0 0 8.4220032221139782e-05 0 0 0 0 0 0 0 0 0 0 0 0 0 0 0 0 0 0 0 0 0 0 0 0
leaf_weight=154 543 171 229 3072 246 7816 2891 1520 432 267 213 665 60 1281 190 2006 356 1360 29 961 2360 113 2865 148 21 122 21 24 32 288
leaf_count=154 543 171 229 3072 246 7816 2891 1520 432 267 213 665 60 1281 190 2006 356 1360 29 961 2360 113 2865 148 21 122 21 24 32 288
internal_value=-0.00675792 -0.0121777 -0.0153801 -0.00203354 -0.00963094 -0.000776282 -0.00877929 -0.0045661 -0.0216356 -0.0181734 -0.00810173 -0.0246846 -0.0132344 -0.0108949 -0.0158727 -0.00950238 -0.0167218 -0.0114011 -0.00961759 -0.00605057 -0.00549366 -0.014379 -0.0146505 -0.0131439 -0.0324101 -0.0191285 -0.0156184 -0.022718 -0.0195378 -0.0186343
internal_weight=30456 14184 6283 16272 7901 10888 7054 5384 1563 699 6470 864 4720 1513 584 3579 847 1573 1310 3864 3321 3207 3094 394 175 203 143 689 491 459
internal_count=30456 14184 6283 16272 7901 10888 7054 5384 1563 699 6470 864 4720 1513 584 3579 847 1573 1310 3864 3321 3207 3094 394 175 203 143 689 491 459
cat_boundaries=0 1 2 3 4 5
cat_threshold=4239396 46673924 536576 17254928 2256
is_linear=0
shrinkage=0.05


Tree=49
num_leaves=31
num_cat=7
split_feature=4 4 16 16 30 4 16 4 32 16 26 4 16 13 24 28 7 38 32 34 13 26 34 4 38 14 14 31 36 29
split_gain=311.933 46.2676 31.4324 20.6962 19.0796 13.4243 12.5277 11.9273 6.41915 5.88714 5.57167 6.18061 5.05529 4.34338 3.98998 3.93225 3.70009 3.35695 3.09448 3.03614 3.49419 3.01851 3.11116 2.92836 2.92067 2.67812 2.67051 2.51754 2.45978 2.45722
threshold=0.31666666666666671 0.083333333333333356 0 1 0.64166666666666694 0.54166666666666685 2 1.1583333333333337 1019.9166666666669 3 1.0166666666666671 0.041666666666666678 4 0.71010885522459966 9.8485875774846807 78.166666666666671 0.35000000000000003 -1.6666666666665717 1011.2166666666668 25.166666666666668 -0.47751829461125794 2.2833333333333341 82.833333333333357 0.38000000000000006 0.96666666666675394 5 6 0.64807406984078642 0.36905459482559522 1.5664965809277263
decision_type=2 2 9 9 2 2 9 2 2 9 2 2 9 2 2 2 2 10 2 2 2 2 2 2 10 1 1 2 2 2
left_child=1 2 8 7 16 -5 13 23 12 -8 -4 -12 21 27 26 17 -3 -11 28 -10 29 -1 24 -2 -23 -25 -13 -6 -14 -21
right_child=3 4 10 5 6 -7 9 -9 19 15 11 14 18 -15 -16 -17 -18 -19 -20 20 -22 22 -24 25 -26 -27 -28 -29 -30 -31
leaf_value=0 0 0 0 0 0 8.0009030610082854e-05 0 0 0 0 0 0 0 0 0 0 0 0 0 0 0 0 0 0 0 0 0 0 0 0
leaf_weight=27 543 491 117 3072 246 7816 2891 1520 57 213 3148 222 242 190 657 2006 356 1360 309 25 222 197 297 961 54 2360 576 148 30 103
leaf_count=27 543 491 117 3072 246 7816 2891 1520 57 213 3148 222 242 190 657 2006 356 1360 309 25 222 197 297 961 54 2360 576 148 30 103
internal_value=-0.00675792 -0.0121777 -0.0153801 -0.00203354 -0.00963094 -0.000776282 -0.00877929 -0.0045661 -0.0216356 -0.00810173 -0.0132344 -0.012988 -0.0198685 -0.0158727 -0.0102914 -0.00950238 -0.0167218 -0.0114011 -0.0236762 -0.0271801 -0.0254213 -0.0153393 -0.0147966 -0.00605057 -0.0188969 -0.00549366 -0.0126676 -0.0131439 -0.0201764 -0.0188134
internal_weight=30456 14184 6283 16272 7901 10888 7054 5384 1563 6470 4720 4603 1156 584 1455 3579 847 1573 581 407 350 575 548 3864 251 3321 798 394 272 128
internal_count=30456 14184 6283 16272 7901 10888 7054 5384 1563 6470 4720 4603 1156 584 1455 3579 847 1573 581 407 350 575 548 3864 251 3321 798 394 272 128
cat_boundaries=0 1 2 3 4 5 6 7
cat_threshold=4239396 46673924 536576 17254928 4227104 2256 2180
is_linear=0
shrinkage=0.05


Tree=50
num_leaves=31
num_cat=5
split_feature=4 4 16 24 4 16 16 16 26 4 4 16 13 4 34 7 24 23 27 29 27 26 18 1 27 38 38 28 31 33
split_gain=320.916 45.4509 34.2729 20.1412 19.2112 11.7742 10.7604 7.41911 7.23721 6.36099 5.86841 5.76998 5.26328 5.15868 5.9532 4.96681 4.45965 3.53383 3.3202 3.14018 3.05605 2.97121 2.90845 2.82196 2.74186 2.74081 2.72023 2.6819 3.01455 2.63679
threshold=0.31666666666666671 0.083333333333333356 0 4.0020006983504102 0.58333333333333359 1 2 3 1.0166666666666671 1.1583333333333337 0.041666666666666678 4 0.63395513778623458 1.0000000180025095e-35 72.833333333333357 0.35000000000000003 9.8485875774846807 3.194062201935616 0.6944222218666557 11.827454938333657 0.70000000000000073 13.933333333333335 12.950700000000001 0.15000000000000005 0.40138409955990934 -1.6666666666665717 -1.6000000000000794 47.583333333333336 1.8999999999999992 0.12472191289247284
decision_type=2 2 9 2 2 9 9 9 2 2 2 9 2 2 2 2 2 2 2 2 2 2 2 2 2 10 10 2 2 2
left_child=1 2 13 15 7 12 9 -2 24 -6 19 -7 -5 14 -1 29 18 21 -12 27 -15 23 -16 -13 -4 -19 -8 -10 -29 -3
right_child=4 3 8 5 6 11 26 -9 10 -11 16 17 -14 20 22 -17 -18 25 -20 -21 -22 -23 -24 -25 -26 -27 -28 28 -30 -31
leaf_value=0 0 0 0 0 0 0 0.0045472169907082747 0 0 0 0 0 0 0 0 0 0 0 0 0 0 0 0 0 0 0 -6.6837577500973919e-05 0 0 0
leaf_weight=322 1580 90 59 356 1710 2888 1933 3803 180 1428 578 463 231 364 178 361 705 252 303 238 183 914 108 284 76 1725 5827 2922 99 431
leaf_count=322 1580 90 59 356 1710 2888 1933 3803 180 1428 578 463 231 364 178 361 705 252 303 238 183 914 108 284 76 1725 5827 2922 99 431
internal_value=-0.00673872 -0.0122012 -0.0153719 -0.00969656 -0.00193752 -0.00881261 -0.000730402 -0.0043813 -0.0135297 -0.00319558 -0.0132485 -0.00815777 -0.0156841 -0.0232813 -0.0266568 -0.0168235 -0.0107307 -0.00952825 -0.0131029 -0.0144093 -0.0199506 -0.00785323 -0.0213911 -0.0101927 -0.0249815 -0.0109833 0.000270267 -0.0148215 -0.0151749 -0.0199482
internal_weight=30591 14310 6315 7995 16281 7113 10898 5383 5160 3138 5025 6526 587 1155 608 882 1586 3638 881 3439 547 1661 286 747 135 1977 7760 3201 3021 521
internal_count=30591 14310 6315 7995 16281 7113 10898 5383 5160 3138 5025 6526 587 1155 608 882 1586 3638 881 3439 547 1661 286 747 135 1977 7760 3201 3021 521
cat_boundaries=0 1 2 3 4 5
cat_threshold=12324 536576 46141444 38277124 17123858
is_linear=0
shrinkage=0.05


Tree=51
num_leaves=31
num_cat=5
split_feature=4 4 16 30 4 16 16 16 26 4 16 4 32 17 7 13 24 26 36 23 34 29 26 4 1 38 36 32 26 32
split_gain=321.3 45.4509 34.2729 20.7708 19.3079 11.9576 10.8406 7.41911 7.23721 6.36099 5.91614 5.86841 5.67106 4.98467 4.91607 4.81727 4.45965 4.25856 3.81176 3.4793 3.44894 3.14018 3.04189 2.83607 2.82432 2.74081 2.70754 2.70052 5.53005 2.77779
threshold=0.31666666666666671 0.083333333333333356 0 0.64166666666666694 0.58333333333333359 1 2 3 1.0166666666666671 1.1583333333333337 4 0.041666666666666678 1008.5416666666669 40.565535000000004 0.35000000000000003 0.72208999473568902 9.8485875774846807 14.683333333333335 0.39557015450228844 3.194062201935616 85.833333333333357 11.827454938333657 13.933333333333335 1.0000000180025095e-35 0.15000000000000005 -1.6666666666665717 0.38678044455902444 1017.4166666666669 15.34166666666667 1023.3166666666668
decision_type=2 2 9 2 2 9 9 9 2 2 9 2 2 2 2 2 2 2 2 2 2 2 2 2 2 10 2 2 2 2
left_child=1 2 12 14 7 15 9 -2 26 -6 -7 21 17 20 -3 -5 -13 -1 23 22 -14 27 24 -15 -12 -21 -4 -10 -29 -30
right_child=4 3 8 5 6 10 -8 -9 11 -11 19 16 13 18 -16 -17 -18 -19 -20 25 -22 -23 -24 -25 -26 -27 -28 28 29 -31
leaf_value=0 0 0 0 0 0 0 7.9350457954627254e-05 0 0 0 0 0 0 0 0 0 0 0 0 0 0 0 0 0 0 0 0 0 0 0
leaf_weight=122 1580 501 64 401 1710 2898 7760 3803 2477 1428 468 881 265 280 356 193 705 97 136 252 95 238 914 160 287 1725 71 465 230 29
leaf_count=122 1580 501 64 401 1710 2898 7760 3803 2477 1428 468 881 265 280 356 193 705 97 136 252 95 238 914 160 287 1725 71 465 230 29
internal_value=-0.00673546 -0.0122012 -0.0153719 -0.00969656 -0.00193138 -0.00881327 -0.000721226 -0.0043813 -0.0135297 -0.00319558 -0.00815215 -0.0132485 -0.0232813 -0.0251789 -0.0170517 -0.0156928 -0.0107307 -0.0162255 -0.028068 -0.00953748 -0.0205498 -0.0144093 -0.00788149 -0.030334 -0.0102304 -0.0109833 -0.0249815 -0.0148215 -0.0175114 -0.0233694
internal_weight=30591 14310 6315 7995 16281 7138 10898 5383 5160 3138 6544 5025 1155 936 857 594 1586 219 576 3646 360 3439 1669 440 755 1977 135 3201 724 259
internal_count=30591 14310 6315 7995 16281 7138 10898 5383 5160 3138 6544 5025 1155 936 857 594 1586 219 576 3646 360 3439 1669 440 755 1977 135 3201 724 259
cat_boundaries=0 1 2 3 4 5
cat_threshold=12324 536576 46141444 38277124 17123858
is_linear=0
shrinkage=0.05


Tree=52
num_leaves=31
num_cat=5
split_feature=4 4 16 30 4 16 16 16 26 4 16 4 32 17 13 5 24 26 36 23 34 27 29 26 4 1 29 27 38 32
split_gain=319.765 45.4509 34.2729 20.7708 18.9226 11.9576 10.5216 7.41911 7.23721 6.36099 5.91614 5.86841 5.67106 4.98467 4.81727 4.55317 4.45965 4.25856 3.81176 3.4793 3.44894 3.3202 3.14018 3.04189 2.83607 2.82432 2.80755 2.74186 2.74081 2.70052
threshold=0.31666666666666671 0.083333333333333356 0 0.64166666666666694 0.58333333333333359 1 2 3 1.0166666666666671 1.1583333333333337 4 0.041666666666666678 1008.5416666666669 40.565535000000004 0.72208999473568902 0.15000000000000011 9.8485875774846807 14.683333333333335 0.39557015450228844 3.194062201935616 85.833333333333357 0.6944222218666557 11.827454938333657 13.933333333333335 1.0000000180025095e-35 0.15000000000000005 5.7251797889279175 0.40138409955990934 -1.6666666666665717 1017.4166666666669
decision_type=2 2 9 2 2 9 9 9 2 2 9 2 2 2 2 2 2 2 2 2 2 2 2 2 2 2 2 2 10 2
left_child=1 2 12 15 7 14 9 -2 27 -6 -7 22 17 20 -5 26 21 -1 24 23 -14 -13 29 25 -15 -12 -3 -4 -21 -10
right_child=4 3 8 5 6 10 -8 -9 11 -11 19 16 13 18 -16 -17 -18 -19 -20 28 -22 -23 -24 -25 -26 -27 -28 -29 -30 -31
leaf_value=0 0 0 0 0 0 0 7.5382935056896039e-05 0 0 0 0 0 0 0 0 0 0 0 0 0 0 0 0 0 0 0 0 0 0 0
leaf_weight=122 1580 429 59 401 1710 2898 7760 3803 2477 1428 468 578 265 280 193 243 705 97 136 252 95 303 238 914 160 287 185 76 1725 724
leaf_count=122 1580 429 59 401 1710 2898 7760 3803 2477 1428 468 578 265 280 193 243 705 97 136 252 95 303 238 914 160 287 185 76 1725 724
internal_value=-0.00674853 -0.0122012 -0.0153719 -0.00969656 -0.00195595 -0.00881327 -0.00075793 -0.0043813 -0.0135297 -0.00319558 -0.00815215 -0.0132485 -0.0232813 -0.0251789 -0.0156928 -0.0170517 -0.0107307 -0.0162255 -0.028068 -0.00953748 -0.0205498 -0.0131029 -0.0144093 -0.00788149 -0.030334 -0.0102304 -0.0193454 -0.0249815 -0.0109833 -0.0148215
internal_weight=30591 14310 6315 7995 16281 7138 10898 5383 5160 3138 6544 5025 1155 936 594 857 1586 219 576 3646 360 881 3439 1669 440 755 614 135 1977 3201
internal_count=30591 14310 6315 7995 16281 7138 10898 5383 5160 3138 6544 5025 1155 936 594 857 1586 219 576 3646 360 881 3439 1669 440 755 614 135 1977 3201
cat_boundaries=0 1 2 3 4 5
cat_threshold=12324 536576 46141444 38277124 17123858
is_linear=0
shrinkage=0.05


Tree=53
num_leaves=31
num_cat=0
split_feature=4 4 30 4 32 26 34 30 4 27 7 36 37 4 33 6 24 23 19 19 24 38 23 38 17 24 23 37 32 37
split_gain=319.573 45.4509 20.7708 18.8747 15.614 9.11255 6.81132 6.80712 7.42299 5.94366 4.91607 4.58097 4.83443 4.28516 3.81131 3.51806 3.44285 3.04104 4.5072 4.60763 3.00852 2.98368 3.15311 2.90361 2.8545 5.20938 3.58253 2.83057 2.71802 2.70779
threshold=0.31666666666666671 0.083333333333333356 0.64166666666666694 0.58333333333333359 1019.9166666666669 24.941666666666674 47.166666666666679 13.141666666666669 0.041666666666666678 0.67410026183557614 0.35000000000000003 -0.33226707503121466 0.88595856345588353 0.14166666666666669 0.2054804667656332 0.8500000000000002 9.7351309815737288 4.3615351252256023 54.500000000000007 48.500000000000007 17.305821374604403 0.81666666666660614 2.97738520080661 -1.599999999999852 52.44380000000001 6.5896407979552221 3.657177009343171 -0.85389900617944248 1010.7583333333333 -0.98416629917203557
decision_type=2 2 2 2 2 2 2 2 2 2 2 2 2 2 2 2 2 2 2 2 2 10 2 10 2 2 2 2 2 2
left_child=1 4 10 20 7 15 -6 9 17 11 -3 21 -13 -4 -14 -5 29 -9 19 23 -2 -1 -23 -19 26 27 -15 -26 -21 -8
right_child=3 2 13 5 6 -7 16 8 -10 -11 -12 12 14 24 -16 -17 -18 18 -20 28 -22 22 -24 -25 25 -27 -28 -29 -30 -31
leaf_value=0 0 0 0 -8.7182273433604473e-05 0 0 0 0 0 0 0 0 0 0 0 0.0047682525406799701 0 0 0 0 0 0 0 0 0 0 0 0 0 0
leaf_weight=544 4523 501 2184 6762 156 1449 22 720 826 1078 356 707 44 2639 49 2687 58 112 394 48 860 71 161 517 57 129 1960 169 108 700
leaf_count=544 4523 501 2184 6762 156 1449 22 720 826 1078 356 707 44 2639 49 2687 58 112 394 48 860 71 161 517 57 129 1960 169 108 700
internal_value=-0.00675017 -0.0122012 -0.00969656 -0.00195902 -0.0153719 -0.000762518 -0.0213332 -0.0143342 -0.0125775 -0.0161373 -0.0170517 -0.0180953 -0.0154356 -0.00881327 -0.0261547 -0.000196315 -0.0194206 -0.0142989 -0.0158638 -0.018055 -0.0043813 -0.0208349 -0.0255924 -0.0161421 -0.00799943 -0.0123205 -0.00766563 -0.0168952 -0.0257527 -0.0184739
internal_weight=30591 14310 7995 16281 6315 10898 936 5379 2725 2654 857 1576 800 7138 93 9449 780 1899 1179 785 5383 776 232 629 4954 355 4599 226 156 722
internal_count=30591 14310 7995 16281 6315 10898 936 5379 2725 2654 857 1576 800 7138 93 9449 780 1899 1179 785 5383 776 232 629 4954 355 4599 226 156 722
is_linear=0
shrinkage=0.05


Tree=54
num_leaves=31
num_cat=0
split_feature=4 4 4 30 32 26 34 30 18 4 27 7 36 37 4 33 13 11 24 24 38 23 38 17 24 23 37 37 33 19
split_gain=327.479 45.4509 20.8879 20.7708 15.614 10.0648 6.81132 6.80712 7.81047 6.22215 5.94366 4.91607 4.58097 4.83443 4.28516 3.81131 3.47632 3.56909 3.44285 3.00852 2.98368 3.15311 2.87125 2.8545 5.20938 3.58253 2.83057 2.70779 2.69698 2.67859
threshold=0.31666666666666671 0.083333333333333356 0.58333333333333359 0.64166666666666694 1019.9166666666669 24.941666666666674 47.166666666666679 13.141666666666669 -60.319634999999998 0.041666666666666678 0.67410026183557614 0.35000000000000003 -0.33226707503121466 0.88595856345588353 0.14166666666666669 0.2054804667656332 -0.37672789363518483 0.91597561503675351 9.7351309815737288 17.305821374604403 0.81666666666660614 2.97738520080661 -1.0666666666664921 52.44380000000001 6.5896407979552221 3.657177009343171 -0.85389900617944248 -0.98416629917203557 0.24032561733689831 5.5000000000000009
decision_type=2 2 2 2 2 2 2 2 2 2 2 2 2 2 2 2 2 2 2 2 10 2 10 2 2 2 2 2 2 2
left_child=1 4 19 11 7 22 -6 10 16 -10 12 -3 20 -14 -5 -15 17 -9 27 -2 29 -22 -4 25 26 -16 -25 -8 -12 -1
right_child=2 3 5 14 6 -7 18 8 9 -11 28 -13 13 15 23 -17 -18 -19 -20 -21 21 -23 -24 24 -26 -27 -28 -29 -30 -31
leaf_value=0 0 0 0.0029739357906594837 0 0 0 0 0 0 0 0 0 0 0 0 0 0 0 0 0 0 0 -0.00010209070492059186 0 0 0 0 0 0 0
leaf_weight=37 4523 501 3605 2184 156 1449 22 156 1726 777 374 356 707 44 2639 49 41 25 58 860 71 161 5844 57 129 1960 169 700 704 507
leaf_count=37 4523 501 3605 2184 156 1449 22 156 1726 777 374 356 707 44 2639 49 41 25 58 860 71 161 5844 57 129 1960 169 700 704 507
internal_value=-0.00668315 -0.0122012 -0.00183311 -0.00969656 -0.0153719 -0.000574412 -0.0213332 -0.0143342 -0.0125775 -0.0117794 -0.0161373 -0.0170517 -0.0180953 -0.0154356 -0.00881327 -0.0261547 -0.0215669 -0.0245444 -0.0194206 -0.0043813 -0.0208349 -0.0255924 2.06371e-05 -0.00799943 -0.0123205 -0.00766563 -0.0168952 -0.0184739 -0.0132734 -0.0188017
internal_weight=30591 14310 16281 7995 6315 10898 936 5379 2725 2503 2654 857 1576 800 7138 93 222 181 780 5383 776 232 9449 4954 355 4599 226 722 1078 544
internal_count=30591 14310 16281 7995 6315 10898 936 5379 2725 2503 2654 857 1576 800 7138 93 222 181 780 5383 776 232 9449 4954 355 4599 226 722 1078 544
is_linear=0
shrinkage=0.05


Tree=55
num_leaves=31
num_cat=6
split_feature=4 4 24 4 16 16 26 16 16 16 32 7 34 28 4 26 24 23 28 34 24 17 26 31 4 16 13 4 23 11
split_gain=320.89 44.5676 24.5585 23.7271 20.3967 17.1771 9.42826 8.34649 8.12707 7.45207 7.48668 6.82984 5.20179 4.65098 4.45834 3.86931 3.86828 3.74229 3.42752 3.26619 3.13251 3.1216 3.10134 3.09015 2.92093 2.92297 2.87118 2.77892 2.77612 2.73575
threshold=0.31666666666666671 0.041666666666666678 4.4193930730077637 0.58333333333333359 0 1 24.941666666666674 2 3 4 1021.6166666666668 0.25000000000000006 84.583333333333357 80.833333333333357 0.14166666666666669 14.783333333333337 2.6577686283509929 6.436882868747051 69.416666666666671 79.833333333333357 14.548006775293265 40.565535000000004 17.858333333333338 0.049999999999999885 0.44166666666666676 5 -0.82964644928663578 0.11333333333333336 0.6009788318929089 -0.5
decision_type=2 2 2 2 9 9 2 9 9 9 2 2 2 2 2 2 2 2 2 2 2 2 2 2 2 9 2 2 2 2
left_child=1 4 8 7 12 17 -5 -2 16 10 13 28 20 18 22 -15 -3 27 -7 -12 21 29 23 -11 25 -9 -21 -4 -10 -1
right_child=3 2 5 6 -6 9 -8 24 11 14 19 -13 -14 15 -16 -17 -18 -19 -20 26 -22 -23 -24 -25 -26 -27 -28 -29 -30 -31
leaf_value=0 0 0 0 -1.1976221882668836e-05 0 0 0 0 0 0 0 0 0 0 0 0 0 0 0 0 0 0 0 0 0 0 0 0 0 0
leaf_weight=53 1504 28 175 9446 3564 772 1456 896 26 37 125 585 244 625 2237 1084 518 53 1223 42 40 274 518 1144 1840 1172 116 258 372 156
leaf_count=53 1504 28 175 9446 3564 772 1456 896 26 37 125 585 244 625 2237 1084 518 53 1223 42 40 274 518 1144 1840 1172 116 258 372 156
internal_value=-0.00672872 -0.012205 -0.0103601 -0.00193881 -0.0164381 -0.00930004 -0.000595298 -0.00464515 -0.0161893 -0.00870215 -0.0102737 -0.0190162 -0.0240831 -0.00970006 -0.00708801 -0.0077848 -0.0105557 -0.0184842 -0.0113403 -0.0181385 -0.0272128 -0.0283275 -0.00903714 -0.0104521 -0.00339705 -0.00469513 -0.013346 -0.0203994 -0.0242653 -0.0236968
internal_weight=30583 14269 9938 16314 4331 8409 10902 5412 1529 7923 3987 983 767 3704 3936 1709 546 486 1995 283 523 483 1699 1181 3908 2068 158 433 398 209
internal_count=30583 14269 9938 16314 4331 8409 10902 5412 1529 7923 3987 983 767 3704 3936 1709 546 486 1995 283 523 483 1699 1181 3908 2068 158 433 398 209
cat_boundaries=0 1 2 3 4 5 6
cat_threshold=4132 12288 34082820 17238608 46694500 281106
is_linear=0
shrinkage=0.05


Tree=56
num_leaves=31
num_cat=6
split_feature=4 4 24 4 16 16 26 16 16 16 32 7 34 28 4 26 24 23 28 34 24 17 26 31 4 16 13 4 23 11
split_gain=320.89 44.5676 24.5585 23.7271 20.3967 17.1771 9.42826 8.34649 8.12707 7.45207 7.48668 6.82984 5.20179 4.65098 4.45834 3.86931 3.86828 3.74229 3.42752 3.26619 3.13251 3.1216 3.10134 3.09015 2.92093 2.92297 2.87118 2.77892 2.77612 2.73575
threshold=0.31666666666666671 0.041666666666666678 4.4193930730077637 0.58333333333333359 0 1 24.941666666666674 2 3 4 1021.6166666666668 0.25000000000000006 84.583333333333357 80.833333333333357 0.14166666666666669 14.783333333333337 2.6577686283509929 6.436882868747051 69.416666666666671 79.833333333333357 14.548006775293265 40.565535000000004 17.858333333333338 0.049999999999999885 0.44166666666666676 5 -0.82964644928663578 0.11333333333333336 0.6009788318929089 -0.5
decision_type=2 2 2 2 9 9 2 9 9 9 2 2 2 2 2 2 2 2 2 2 2 2 2 2 2 9 2 2 2 2
left_child=1 4 8 7 12 17 -5 -2 16 10 13 28 20 18 22 -15 -3 27 -7 -12 21 29 23 -11 25 -9 -21 -4 -10 -1
right_child=3 2 5 6 -6 9 -8 24 11 14 19 -13 -14 15 -16 -17 -18 -19 -20 26 -22 -23 -24 -25 -26 -27 -28 -29 -30 -31
leaf_value=0 0 0 0 -1.1377410788535047e-05 0 0 0 0 0 0 0 0 0 0 0 0 0 0 0 0 0 0 0 0 0 0 0 0 0 0
leaf_weight=53 1504 28 175 9446 3564 772 1456 896 26 37 125 585 244 625 2237 1084 518 53 1223 42 40 274 518 1144 1840 1172 116 258 372 156
leaf_count=53 1504 28 175 9446 3564 772 1456 896 26 37 125 585 244 625 2237 1084 518 53 1223 42 40 274 518 1144 1840 1172 116 258 372 156
internal_value=-0.00672872 -0.012205 -0.0103601 -0.00193881 -0.0164381 -0.00930004 -0.000595298 -0.00464515 -0.0161893 -0.00870215 -0.0102737 -0.0190162 -0.0240831 -0.00970006 -0.00708801 -0.0077848 -0.0105557 -0.0184842 -0.0113403 -0.0181385 -0.0272128 -0.0283275 -0.00903714 -0.0104521 -0.00339705 -0.00469513 -0.013346 -0.0203994 -0.0242653 -0.0236968
internal_weight=30583 14269 9938 16314 4331 8409 10902 5412 1529 7923 3987 983 767 3704 3936 1709 546 486 1995 283 523 483 1699 1181 3908 2068 158 433 398 209
internal_count=30583 14269 9938 16314 4331 8409 10902 5412 1529 7923 3987 983 767 3704 3936 1709 546 486 1995 283 523 483 1699 1181 3908 2068 158 433 398 209
cat_boundaries=0 1 2 3 4 5 6
cat_threshold=4132 12288 34082820 17238608 46694500 281106
is_linear=0
shrinkage=0.05


Tree=57
num_leaves=31
num_cat=6
split_feature=4 4 24 4 16 16 26 16 16 16 32 7 34 28 4 26 24 23 28 34 24 17 26 31 4 16 13 4 23 11
split_gain=320.89 44.5676 24.5585 23.7271 20.3967 17.1771 9.42826 8.34649 8.12707 7.45207 7.48668 6.82984 5.20179 4.65098 4.45834 3.86931 3.86828 3.74229 3.42752 3.26619 3.13251 3.1216 3.10134 3.09015 2.92093 2.92297 2.87118 2.77892 2.77612 2.73575
threshold=0.31666666666666671 0.041666666666666678 4.4193930730077637 0.58333333333333359 0 1 24.941666666666674 2 3 4 1021.6166666666668 0.25000000000000006 84.583333333333357 80.833333333333357 0.14166666666666669 14.783333333333337 2.6577686283509929 6.436882868747051 69.416666666666671 79.833333333333357 14.548006775293265 40.565535000000004 17.858333333333338 0.049999999999999885 0.44166666666666676 5 -0.82964644928663578 0.11333333333333336 0.6009788318929089 -0.5
decision_type=2 2 2 2 9 9 2 9 9 9 2 2 2 2 2 2 2 2 2 2 2 2 2 2 2 9 2 2 2 2
left_child=1 4 8 7 12 17 -5 -2 16 10 13 28 20 18 22 -15 -3 27 -7 -12 21 29 23 -11 25 -9 -21 -4 -10 -1
right_child=3 2 5 6 -6 9 -8 24 11 14 19 -13 -14 15 -16 -17 -18 -19 -20 26 -22 -23 -24 -25 -26 -27 -28 -29 -30 -31
leaf_value=0 0 0 0 -1.0808540249107602e-05 0 0 0 0 0 0 0 0 0 0 0 0 0 0 0 0 0 0 0 0 0 0 0 0 0 0
leaf_weight=53 1504 28 175 9446 3564 772 1456 896 26 37 125 585 244 625 2237 1084 518 53 1223 42 40 274 518 1144 1840 1172 116 258 372 156
leaf_count=53 1504 28 175 9446 3564 772 1456 896 26 37 125 585 244 625 2237 1084 518 53 1223 42 40 274 518 1144 1840 1172 116 258 372 156
internal_value=-0.00672872 -0.012205 -0.0103601 -0.00193881 -0.0164381 -0.00930004 -0.000595298 -0.00464515 -0.0161893 -0.00870215 -0.0102737 -0.0190162 -0.0240831 -0.00970006 -0.00708801 -0.0077848 -0.0105557 -0.0184842 -0.0113403 -0.0181385 -0.0272128 -0.0283275 -0.00903714 -0.0104521 -0.00339705 -0.00469513 -0.013346 -0.0203994 -0.0242653 -0.0236968
internal_weight=30583 14269 9938 16314 4331 8409 10902 5412 1529 7923 3987 983 767 3704 3936 1709 546 486 1995 283 523 483 1699 1181 3908 2068 158 433 398 209
internal_count=30583 14269 9938 16314 4331 8409 10902 5412 1529 7923 3987 983 767 3704 3936 1709 546 486 1995 283 523 483 1699 1181 3908 2068 158 433 398 209
cat_boundaries=0 1 2 3 4 5 6
cat_threshold=4132 12288 34082820 17238608 46694500 281106
is_linear=0
shrinkage=0.05


Tree=58
num_leaves=31
num_cat=8
split_feature=4 4 24 4 16 16 16 16 16 16 32 7 34 28 4 24 25 24 28 34 24 17 4 16 14 27 13 4 25 4
split_gain=320.89 44.5676 24.5585 23.7271 20.3967 17.1771 8.34649 8.12707 7.94427 7.45207 7.48668 6.82984 5.20179 4.65098 4.45834 3.86828 3.74229 3.64394 3.42752 3.26619 3.13251 3.1216 2.92093 2.92297 2.89302 3.48851 2.87118 2.77892 2.77612 2.7736
threshold=0.31666666666666671 0.041666666666666678 4.4193930730077637 0.58333333333333359 0 1 2 3 4 5 1021.6166666666668 0.25000000000000006 84.583333333333357 80.833333333333357 0.14166666666666669 2.6577686283509929 804.61035859338142 11.902275214633997 69.416666666666671 79.833333333333357 14.548006775293265 40.565535000000004 0.44166666666666676 6 7 0.68231194397575501 -0.82964644928663578 0.11333333333333336 75.122353986613618 1.1583333333333337
decision_type=2 2 2 2 9 9 9 9 9 9 2 2 2 2 2 2 2 2 2 2 2 2 2 9 1 2 2 2 2 2
left_child=1 4 7 6 12 16 -2 15 29 10 13 28 20 18 24 -3 27 -15 -7 -12 21 -1 23 -8 -11 -26 -21 -4 -9 -5
right_child=3 2 5 8 -6 9 22 11 -10 14 19 -13 -14 17 -16 -17 -18 -19 -20 26 -22 -23 -24 -25 25 -27 -28 -29 -30 -31
leaf_value=0 0 0 0 0 0 0 0 0 8.9315296230488843e-06 0 0 0 0 0 0 0 0 0 0 0 0 0 0 0 0 0 0 0 0 0
leaf_weight=209 1504 28 175 1199 3564 772 896 26 8880 155 125 585 244 886 2237 518 53 823 1223 42 40 274 1840 1172 902 642 116 258 372 823
leaf_count=209 1504 28 175 1199 3564 772 896 26 8880 155 125 585 244 886 2237 518 53 823 1223 42 40 274 1840 1172 902 642 116 258 372 823
internal_value=-0.00672872 -0.012205 -0.0103601 -0.00193881 -0.0164381 -0.00930004 -0.00464515 -0.0161893 -0.000595298 -0.00870215 -0.0102737 -0.0190162 -0.0240831 -0.00970006 -0.00708801 -0.0105557 -0.0184842 -0.0077848 -0.0113403 -0.0181385 -0.0272128 -0.0283275 -0.00339705 -0.00469513 -0.00903714 -0.00967119 -0.013346 -0.0203994 -0.0242653 -0.00341519
internal_weight=30583 14269 9938 16314 4331 8409 5412 1529 10902 7923 3987 983 767 3704 3936 546 486 1709 1995 283 523 483 3908 2068 1699 1544 158 433 398 2022
internal_count=30583 14269 9938 16314 4331 8409 5412 1529 10902 7923 3987 983 767 3704 3936 546 486 1709 1995 283 523 483 3908 2068 1699 1544 158 433 398 2022
cat_boundaries=0 1 2 3 4 5 6 7 8
cat_threshold=4132 12288 34082820 17238608 46137344 46694500 281106 128
is_linear=0
shrinkage=0.05


Tree=59
num_leaves=31
num_cat=6
split_feature=4 4 24 4 16 16 26 16 16 16 32 7 34 28 4 26 24 23 28 34 24 17 26 31 4 16 13 4 23 29
split_gain=320.89 44.5676 24.5585 23.7271 20.3967 17.1771 9.42826 8.34649 8.12707 7.45207 7.48668 6.82984 5.20179 4.65098 4.45834 3.86931 3.86828 3.74229 3.42752 3.26619 3.13251 3.1216 3.10134 3.09015 2.92093 2.92297 2.87118 2.77892 2.77612 2.72604
threshold=0.31666666666666671 0.041666666666666678 4.4193930730077637 0.58333333333333359 0 1 24.941666666666674 2 3 4 1021.6166666666668 0.25000000000000006 84.583333333333357 80.833333333333357 0.14166666666666669 14.783333333333337 2.6577686283509929 6.436882868747051 69.416666666666671 79.833333333333357 14.548006775293265 40.565535000000004 17.858333333333338 0.049999999999999885 0.44166666666666676 5 -0.82964644928663578 0.11333333333333336 0.6009788318929089 11.925663124871953
decision_type=2 2 2 2 9 9 2 9 9 9 2 2 2 2 2 2 2 2 2 2 2 2 2 2 2 9 2 2 2 2
left_child=1 4 8 7 12 17 -5 -2 16 10 13 28 20 18 22 -15 -3 27 -7 -12 21 -1 23 -11 25 -9 -21 -4 -10 -6
right_child=3 2 5 6 29 9 -8 24 11 14 19 -13 -14 15 -16 -17 -18 -19 -20 26 -22 -23 -24 -25 -26 -27 -28 -29 -30 -31
leaf_value=0 0 0 0 -1.0714689717805648e-05 0 0 0 0 0 0 0 0 0 0 0 0 0 0 0 0 0 0 0 0 0 0 0 0 0 0
leaf_weight=209 1504 28 175 9446 3321 772 1456 896 26 37 125 585 244 625 2237 1084 518 53 1223 42 40 274 518 1144 1840 1172 116 258 372 243
leaf_count=209 1504 28 175 9446 3321 772 1456 896 26 37 125 585 244 625 2237 1084 518 53 1223 42 40 274 518 1144 1840 1172 116 258 372 243
internal_value=-0.00672872 -0.012205 -0.0103601 -0.00193881 -0.0164381 -0.00930004 -0.000595298 -0.00464515 -0.0161893 -0.00870215 -0.0102737 -0.0190162 -0.0240831 -0.00970006 -0.00708801 -0.0077848 -0.0105557 -0.0184842 -0.0113403 -0.0181385 -0.0272128 -0.0283275 -0.00903714 -0.0104521 -0.00339705 -0.00469513 -0.013346 -0.0203994 -0.0242653 -0.0146834
internal_weight=30583 14269 9938 16314 4331 8409 10902 5412 1529 7923 3987 983 767 3704 3936 1709 546 486 1995 283 523 483 1699 1181 3908 2068 158 433 398 3564
internal_count=30583 14269 9938 16314 4331 8409 10902 5412 1529 7923 3987 983 767 3704 3936 1709 546 486 1995 283 523 483 1699 1181 3908 2068 158 433 398 3564
cat_boundaries=0 1 2 3 4 5 6
cat_threshold=4132 12288 34082820 17238608 46694500 281106
is_linear=0
shrinkage=0.05


Tree=60
num_leaves=31
num_cat=2
split_feature=7 16 7 7 7 26 26 13 5 2 26 32 7 32 34 16 28 13 26 29 12 24 1 32 37 26 32 23 38 7
split_gain=295.701 40.6851 34.6557 23.0776 14.9267 11.8248 11.7282 8.31994 7.24065 6.9134 5.87422 5.7241 5.13191 5.05412 5.16291 4.30045 4.46504 4.06808 4.00135 3.53482 3.46889 4.32018 3.17893 3.11189 3.16117 3.02321 2.93686 2.96365 2.93502 2.90332
threshold=0.45000000000000007 0 0.8500000000000002 0.15000000000000005 1.0000000180025095e-35 24.941666666666674 1.3583333333333336 0.63395513778623458 0.16663331665265244 1.0000000180025095e-35 1.7833333333333337 1020.0416666666669 1.0000000180025095e-35 1021.7583333333333 78.833333333333357 1 84.833333333333357 0.65368047477200586 16.383333333333336 13.495368781616023 0.14539831731376879 14.548006775293265 1.2500000000000002 1021.6166666666668 -0.83950863889754479 27.441666666666674 1024.7833333333335 5.1139310290648607 0.69999999999998874 0.25000000000000006
decision_type=2 9 2 2 2 2 2 2 2 8 2 2 2 2 2 9 2 2 2 2 2 2 2 2 2 2 2 2 10 2
left_child=1 4 8 9 20 22 -5 28 -2 11 -11 -3 19 17 -15 -10 -17 25 -13 26 21 -1 -4 -14 -25 -8 27 -12 -6 -9
right_child=2 3 5 6 7 -7 13 29 15 10 12 18 23 14 -16 16 -18 -19 -20 -21 -22 -23 -24 24 -26 -27 -28 -29 -30 -31
leaf_value=0 0 0 0 0 0 0 0 0 0 0 0 0 0 0 0 0 0 0 0 0 0 0 0.00090134424941269112 0 0 0 0 0 0 0
leaf_weight=198 1582 2149 6085 428 563 1872 2786 276 1897 74 499 286 1308 70 306 1266 1104 1290 81 57 201 32 4298 44 101 563 39 615 172 217
leaf_count=198 1582 2149 6085 428 563 1872 2786 276 1897 74 499 286 1308 70 306 1266 1104 1290 81 57 201 32 4298 44 101 563 39 615 172 217
internal_value=-0.00672558 -0.0126891 -0.00265575 -0.0115187 -0.0200437 -0.00114442 -0.00924749 -0.017352 -0.00582226 -0.0138937 -0.0121534 -0.0157863 -0.0117664 -0.00856912 -0.0141452 -0.00689344 -0.00833999 -0.00811688 -0.0215609 -0.0141724 -0.0281721 -0.0323772 -0.000484922 -0.00976189 -0.0167126 -0.00719746 -0.0147732 -0.0142985 -0.0139777 -0.0223788
internal_weight=30459 12355 18104 10696 1659 12255 5443 1228 5849 5253 2737 2516 2663 5015 376 4267 2370 4639 367 1210 431 230 10383 1453 145 3349 1153 1114 735 493
internal_count=30459 12355 18104 10696 1659 12255 5443 1228 5849 5253 2737 2516 2663 5015 376 4267 2370 4639 367 1210 431 230 10383 1453 145 3349 1153 1114 735 493
cat_boundaries=0 1 2
cat_threshold=536580 25971218
is_linear=0
shrinkage=0.05


Tree=61
num_leaves=31
num_cat=7
split_feature=4 4 16 4 16 13 16 26 26 4 19 4 18 18 36 23 30 4 4 26 14 14 16 29 36 13 4 9 16 31
split_gain=316.297 47.4978 29.2084 22.4324 19.2806 14.5554 8.56393 7.75366 7.2162 6.13948 5.65265 5.61311 5.40701 5.02023 4.96562 4.18386 4.01517 4.34056 3.93541 3.92755 3.60035 3.57127 3.26813 2.78126 2.77742 2.77423 2.6759 2.87874 2.65312 2.63103
threshold=0.31666666666666671 0.041666666666666678 0 0.58333333333333359 1 0.65368047477200586 2 24.941666666666674 0.81666666666666687 0.14166666666666669 43.000000000000007 0.14166666666666669 18.489315000000001 17.587670000000003 0.43849161059432668 3.7336915154310941 -1.0000000180025095e-35 0.14166666666666669 0.48333333333333345 17.616666666666671 3 4 5 13.495368781616023 -0.92611967346431012 -0.46236593929171266 0.083333333333333356 6.5000000000000009 6 1.1509050847723672
decision_type=2 2 9 2 9 2 9 2 2 2 2 2 2 2 2 2 2 2 2 2 1 1 9 2 2 2 2 2 9 2
left_child=1 4 5 6 12 13 -2 -5 -4 10 -10 29 14 26 -1 -11 17 -15 28 20 24 -18 -17 -6 -12 -14 -3 -28 -8 -7
right_child=3 2 8 7 23 11 18 -9 9 15 19 -13 25 16 -16 22 21 -19 -20 -21 -22 -23 -24 -25 -26 -27 27 -29 -30 -31
leaf_value=0 0 0 0 -3.3583002376413038e-05 0 0 0 0 0 0 0 0 0 0 0 0 0 0 0 0 0 0 0 0 0 0 0 0 0 0
leaf_weight=390 1232 79 191 9446 3127 288 1481 1427 746 2476 23 502 191 35 108 1110 295 61 1375 1314 1064 353 724 120 385 350 74 181 1290 21
leaf_count=390 1232 79 191 9446 3127 288 1481 1427 746 2476 23 502 191 35 108 1110 295 61 1375 1314 1064 353 724 120 385 350 74 181 1290 21
internal_value=-0.00674527 -0.0121945 -0.0102942 -0.0019811 -0.0165932 -0.0159312 -0.00462245 -0.0006746 -0.00893747 -0.0087145 -0.0102602 -0.0210763 -0.0227385 -0.0122067 -0.0267215 -0.00744762 -0.00991802 -0.0194589 -0.00350569 -0.0112954 -0.0130698 -0.00850177 -0.00925795 -0.0145114 -0.00827553 -0.0194881 -0.0173002 -0.0147981 -0.00459926 -0.026383
internal_weight=30459 14208 9922 16251 4286 1889 5378 10873 8033 7842 3532 811 1039 1078 498 4310 744 96 4146 2786 1472 648 1834 3247 408 541 334 255 2771 309
internal_count=30459 14208 9922 16251 4286 1889 5378 10873 8033 7842 3532 811 1039 1078 498 4310 744 96 4146 2786 1472 648 1834 3247 408 541 334 255 2771 309
cat_boundaries=0 1 2 3 4 5 6 7
cat_threshold=1617920 528484 33558532 152 1576 33638500 346674
is_linear=0
shrinkage=0.05


Tree=62
num_leaves=31
num_cat=5
split_feature=7 16 7 7 7 26 26 6 13 32 26 7 16 32 34 6 26 13 36 12 24 27 16 13 16 14 29 26 6 38
split_gain=293.751 40.6851 33.934 23.0776 14.9267 11.7282 11.5103 9.91652 8.31994 6.28438 7.95655 6.65631 5.54354 5.05412 5.16291 4.59829 4.25879 4.06808 3.51406 3.46889 4.32018 3.33467 3.30111 3.22405 3.07613 3.90995 3.02989 3.02321 2.9887 2.93502
threshold=0.45000000000000007 0 0.8500000000000002 0.15000000000000005 1.0000000180025095e-35 1.3583333333333336 24.941666666666674 0.15000000000000005 0.63395513778623458 1017.8166666666668 3.2333333333333338 1.0000000180025095e-35 1 1021.7583333333333 78.833333333333357 0.15000000000000005 15.741666666666669 0.65368047477200586 -0.94754805020618516 0.14539831731376879 14.548006775293265 0.19999999999999954 2 0.99963164097526624 3 4 11.752044606138293 27.441666666666674 0.25000000000000006 0.69999999999998874
decision_type=2 9 2 2 2 2 2 2 2 2 2 2 9 2 2 2 2 2 2 2 2 2 9 2 9 1 2 2 2 10
left_child=1 4 7 9 19 28 15 12 29 10 21 -12 23 17 -15 22 18 27 -11 20 -1 -3 -4 -2 25 -9 -18 -7 -5 -6
right_child=2 3 6 5 8 13 -8 24 -10 16 11 -13 -14 14 -16 -17 26 -19 -20 -21 -22 -23 -24 -25 -26 -27 -28 -29 -30 -31
leaf_value=0 0 0 0 0 0 0 0 -3.5065102408369711e-05 0 0 0 0 0 0 0 1.3386642168435049e-05 0 0 0 0 0 0 0 0 0 0 0 0 0 0
leaf_weight=198 1709 33 1226 386 563 2786 1872 223 493 37 2001 1840 1718 70 306 7627 357 1290 788 201 32 161 1530 22 1960 217 36 563 42 172
leaf_count=198 1709 33 1226 386 563 2786 1872 223 493 37 2001 1840 1718 70 306 7627 357 1290 788 201 32 161 1530 22 1960 217 36 563 42 172
internal_value=-0.00674527 -0.0126891 -0.00268889 -0.0115187 -0.0200437 -0.00924749 -0.00119338 -0.00582226 -0.017352 -0.0138937 -0.0129427 -0.012443 -0.00753965 -0.00856912 -0.0141452 -0.000542709 -0.0170429 -0.00811688 -0.0149982 -0.0281721 -0.0323772 -0.0228233 -0.0022931 -0.00542473 -0.00335403 -0.00710953 -0.0213304 -0.00719746 -0.0171922 -0.0139777
internal_weight=30459 12355 18104 10696 1659 5443 12255 5849 1228 5253 4035 3841 3449 5015 376 10383 1218 4639 825 431 230 194 2756 1731 2400 440 393 3349 428 735
internal_count=30459 12355 18104 10696 1659 5443 12255 5849 1228 5253 4035 3841 3449 5015 376 10383 1218 4639 825 431 230 194 2756 1731 2400 440 393 3349 428 735
cat_boundaries=0 1 2 3 4 5
cat_threshold=536580 25971282 17236560 8916996 2230
is_linear=0
shrinkage=0.05


Tree=63
num_leaves=31
num_cat=6
split_feature=4 4 16 16 4 13 26 26 16 4 19 4 18 18 36 23 30 4 26 14 14 34 16 4 29 36 13 34 4 9
split_gain=325.897 47.4978 29.2084 19.2806 17.4607 14.5554 7.75366 7.2162 6.53753 6.13948 5.65265 5.61311 5.40701 5.02023 4.96562 4.18386 4.01517 4.34056 3.92755 3.60035 3.57127 3.35446 3.26813 3.19471 2.78126 2.77742 2.77423 3.4231 2.6759 2.87874
threshold=0.31666666666666671 0.041666666666666678 0 1 0.58333333333333359 0.65368047477200586 24.941666666666674 0.81666666666666687 2 0.14166666666666669 43.000000000000007 0.14166666666666669 18.489315000000001 17.587670000000003 0.43849161059432668 3.7336915154310941 -1.0000000180025095e-35 0.14166666666666669 17.616666666666671 3 4 92.166666666666671 5 0.48333333333333345 13.495368781616023 -0.92611967346431012 -0.46236593929171266 85.166666666666671 0.083333333333333356 6.5000000000000009
decision_type=2 2 9 9 2 2 2 2 9 2 2 2 2 2 2 2 2 2 2 1 1 2 9 2 2 2 2 2 2 2
left_child=1 3 5 12 8 13 -6 -4 -2 10 -9 -7 14 28 -1 -11 17 -15 19 25 -18 -21 -17 -10 -5 -12 27 -14 -3 -30
right_child=4 2 7 24 6 11 -8 9 23 15 18 -13 26 16 -16 22 20 -19 -20 21 -22 -23 -24 -25 -26 -27 -28 -29 29 -31
leaf_value=0 0 0 0 0 -3.1903852257592626e-05 0 0 0 0 0 0 0 0 0 0 0 0 0 0 0 0 0 0 0 0 0 0 0 0 0
leaf_weight=390 1232 79 191 3127 9446 309 1427 746 2771 2476 23 502 152 35 108 1110 295 61 1314 583 353 481 724 1375 120 385 350 39 74 181
leaf_count=390 1232 79 191 3127 9446 309 1427 746 2771 2476 23 502 152 35 108 1110 295 61 1314 583 353 481 724 1375 120 385 350 39 74 181
internal_value=-0.0066632 -0.0121945 -0.0102942 -0.0165932 -0.00182726 -0.0159312 -0.0006746 -0.00893747 -0.0041576 -0.0087145 -0.0102602 -0.0210763 -0.0227385 -0.0122067 -0.0267215 -0.00744762 -0.00991802 -0.0194589 -0.0112954 -0.0130698 -0.00850177 -0.0146914 -0.00925795 -0.00318087 -0.0145114 -0.00827553 -0.0194881 -0.0146258 -0.0173002 -0.0147981
internal_weight=30459 14208 9922 4286 16251 1889 10873 8033 5378 7842 3532 811 1039 1078 498 4310 744 96 2786 1472 648 1064 1834 4146 3247 408 541 191 334 255
internal_count=30459 14208 9922 4286 16251 1889 10873 8033 5378 7842 3532 811 1039 1078 498 4310 744 96 2786 1472 648 1064 1834 4146 3247 408 541 191 334 255
cat_boundaries=0 1 2 3 4 5 6
cat_threshold=1617920 528484 33558532 152 1576 33638500
is_linear=0
shrinkage=0.05


Tree=64
num_leaves=31
num_cat=6
split_feature=4 4 16 16 4 13 32 26 16 30 4 18 4 18 36 13 32 30 4 28 16 19 14 27 14 4 32 33 26 4
split_gain=325.897 47.4978 29.2084 19.2806 17.4607 14.5554 8.40611 7.75366 6.53753 5.94813 5.61311 5.40701 5.15373 5.02023 4.96562 4.34636 4.33568 4.01517 4.34056 3.94144 4.29902 3.58182 3.57127 3.41186 3.40845 4.46427 3.63218 3.65247 3.33938 3.19471
threshold=0.31666666666666671 0.041666666666666678 0 1 0.58333333333333359 0.65368047477200586 1022.5583333333334 24.941666666666674 2 0.78333333333333355 0.14166666666666669 18.489315000000001 0.2166666666666667 17.587670000000003 0.43849161059432668 0.32854238191083468 1012.0166666666668 -1.0000000180025095e-35 0.14166666666666669 80.583333333333357 3 48.500000000000007 4 0.80069384267237731 5 0.15833333333333335 1014.0166666666668 0.29439202887759108 1.541666666666667 0.48333333333333345
decision_type=2 2 9 9 2 2 2 2 9 2 2 2 2 2 2 2 2 2 2 2 9 2 1 2 1 2 2 2 2 2
left_child=1 3 5 11 8 13 9 -6 -2 15 -7 14 28 -3 16 -4 -1 18 -15 20 -11 -17 -19 24 -21 26 -26 -28 -8 -10
right_child=4 2 6 -5 7 10 12 -9 29 19 -12 -13 -14 17 -16 21 -18 22 -20 23 -22 -23 -24 -25 25 -27 27 -29 -30 -31
leaf_value=0 0 0 0.0044325007481873348 0 -3.0308659644712742e-05 0 0 0 0 0 0 0 0 0 0 0 0 0 0 0 0 0 0 0 0 0 0 0 0 0
leaf_weight=150 1232 334 50 3247 9446 309 26 1427 2771 1931 502 541 118 35 108 75 240 295 61 1106 1661 350 353 825 431 850 132 114 364 1375
leaf_count=150 1232 334 50 3247 9446 309 26 1427 2771 1931 502 541 118 35 108 75 240 295 61 1106 1661 350 353 825 431 850 132 114 364 1375
internal_value=-0.0066632 -0.0121945 -0.0102942 -0.0165932 -0.00182726 -0.0159312 -0.00893747 -0.0006746 -0.0041576 -0.00852813 -0.0210763 -0.0227385 -0.0151742 -0.0122067 -0.0267215 -0.0139444 -0.0293514 -0.00991802 -0.0194589 -0.008163 -0.00932324 -0.0155846 -0.00850177 -0.00695758 -0.00783677 -0.00941058 -0.0125018 -0.0173507 -0.0179441 -0.00318087
internal_weight=30459 14208 9922 4286 16251 1889 8033 10873 5378 7525 811 1039 508 1078 498 475 390 744 96 7050 3592 425 648 3458 2633 1527 677 246 390 4146
internal_count=30459 14208 9922 4286 16251 1889 8033 10873 5378 7525 811 1039 508 1078 498 475 390 744 96 7050 3592 425 648 3458 2633 1527 677 246 390 4146
cat_boundaries=0 1 2 3 4 5 6
cat_threshold=1617920 528484 33558532 37879910 1576 1736
is_linear=0
shrinkage=0.05


Tree=65
num_leaves=31
num_cat=6
split_feature=7 16 6 7 7 7 26 16 16 26 34 13 26 34 37 16 6 32 34 13 16 7 12 6 13 32 3 26 16 34
split_gain=303.88 42.6444 34.6451 22.4557 16.0397 13.2271 12.6369 8.04104 7.77244 6.4354 6.07956 5.86769 5.57952 6.66675 6.08088 5.16494 4.41157 4.81643 6.58892 4.12407 4.11471 3.85544 4.30977 3.80394 3.77056 3.56393 3.77425 3.3897 3.33939 3.33288
threshold=0.45000000000000007 0 0.15000000000000005 0.15000000000000005 1.0000000180025095e-35 0.75000000000000011 1.541666666666667 1 2 13.933333333333335 95.583333333333357 0.99963164097526624 6.6416666666666684 75.416666666666671 -0.52745563822959429 3 0.15000000000000005 1021.6166666666668 85.583333333333357 -0.46236593929171266 4 0.25000000000000006 -0.78409092058138996 0.8500000000000002 0.65368047477200586 1022.1416666666668 1.0000000180025095e-35 1.3583333333333336 5 58.833333333333336
decision_type=2 9 2 2 2 2 2 9 9 2 2 2 2 2 2 9 2 2 2 2 9 2 2 2 2 2 2 2 9 2
left_child=1 4 5 7 29 11 -5 12 -7 21 20 15 14 19 -3 -2 17 24 -19 -14 -4 22 -6 28 -8 26 -9 -28 -12 -1
right_child=2 3 10 6 9 8 16 25 -10 -11 23 -13 13 -15 -16 -17 -18 18 -20 -21 -22 -23 -24 -25 -26 -27 27 -29 -30 -31
leaf_value=0 0 0 0 0 0 0 0 0 0 0 -6.6933210842168307e-07 0 0 0 0 0 0 0 0 0 0 0 0 0.0061552479663002507 0 0 0 0 0.0012823636062567658 0
leaf_weight=179 990 56 1063 460 43 2246 2844 2368 2118 392 2386 28 270 827 168 1815 664 124 196 246 3300 375 425 2193 1154 218 22 1059 1993 256
leaf_count=179 990 56 1063 460 43 2246 2844 2368 2118 392 2386 28 270 827 168 1815 664 124 196 246 3300 375 425 2193 1154 218 22 1059 1993 256
internal_value=-0.00663132 -0.0126817 -0.00251157 -0.0114794 -0.0201774 -0.00520557 -0.00924092 -0.0138285 -0.00347838 -0.0173873 -0.000738448 -0.00786594 -0.0170344 -0.0159221 -0.0244534 -0.00763787 -0.00850846 -0.00909196 -0.0149953 -0.0203836 -0.00218537 -0.0198494 -0.0228797 0.000222151 -0.00861909 -0.012378 -0.0120191 -0.00956896 -0.000629125 -0.0285567
internal_weight=30478 12346 18132 10676 1670 7197 5442 5234 4364 1235 10935 2833 1567 1343 224 2805 4982 4318 320 516 4363 843 468 6572 3998 3667 3449 1081 4379 435
internal_count=30478 12346 18132 10676 1670 7197 5442 5234 4364 1235 10935 2833 1567 1343 224 2805 4982 4318 320 516 4363 843 468 6572 3998 3667 3449 1081 4379 435
cat_boundaries=0 1 2 3 4 5 6
cat_threshold=536580 4374624 17254994 34713600 37883968 46176326
is_linear=0
shrinkage=0.05


Tree=66
num_leaves=31
num_cat=5
split_feature=4 16 4 4 26 6 26 16 18 35 4 16 13 4 24 23 26 7 11 12 14 30 4 16 35 4 35 35 29 4
split_gain=341.469 44.0089 26.3477 24.0806 16.895 15.6699 9.03397 8.37348 6.44469 5.82814 5.63367 5.22346 4.86238 4.81123 4.78834 4.45882 4.12681 3.97634 3.71826 3.51707 3.39312 3.25061 3.19531 3.19364 3.05193 3.0179 2.98513 2.96696 2.63179 2.58976
threshold=0.31666666666666671 0 0.083333333333333356 0.041666666666666678 1.3583333333333336 0.15000000000000005 14.04166666666667 1 17.587670000000003 4.2815672430289302 1.0000000180025095e-35 2 0.64713682673509043 0.14166666666666669 3.6702032913940927 3.1633090291294081 26.31666666666667 0.25000000000000006 -0.70710678118654757 0.11988119229922754 3 19.216666666666672 0.58333333333333359 4 21.507426375403288 0.041666666666666678 29.720915702386979 3.9293061504650377 13.424687043734847 0.041666666666666678
decision_type=2 9 2 2 2 2 2 9 2 2 2 9 2 2 2 2 2 2 2 2 1 2 2 9 2 2 2 2 2 2
left_child=1 2 8 28 -5 7 12 -2 10 -7 19 -11 26 20 -10 -8 23 27 -16 21 -6 -1 -9 -15 -22 -20 -4 -14 -3 -12
right_child=5 3 6 4 13 9 15 22 14 11 29 -13 17 16 18 -17 -18 -19 25 -21 24 -23 -24 -25 -26 -27 -28 -29 -30 -31
leaf_value=0 0 0 0 0 0 3.3466605421639264e-08 0 0 0 0 0 0 0 0 0 0 0 0 0 0 0 0 -2.5875062520788557e-05 0 0 0 0 0 0 0
leaf_weight=213 2639 3096 597 431 228 6035 312 1517 46 1171 122 3926 52 905 194 504 779 417 348 217 2310 36 1010 2133 526 172 30 131 112 269
leaf_count=213 2639 3096 597 431 228 6035 312 1517 46 1171 122 3926 52 905 194 504 779 417 348 217 2310 36 1010 2133 526 172 30 131 112 269
internal_value=-0.00652633 -0.0122002 -0.0169614 -0.0105175 -0.00894271 -0.00158976 -0.0132323 -0.00386558 -0.0217766 -0.000533592 -0.0247521 -0.00177846 -0.0159441 -0.00834096 -0.0184186 -0.00915329 -0.00715596 -0.0191635 -0.0174065 -0.0284703 -0.00981691 -0.0325371 -0.00591817 -0.00632303 -0.0102842 -0.0196116 -0.0128608 -0.025314 -0.0141392 -0.0203145
internal_weight=30478 14180 3660 10520 7312 16298 2043 5166 1617 11132 857 5097 1227 6881 760 816 3817 600 714 466 3064 249 2527 3038 2836 520 627 183 3208 391
internal_count=30478 14180 3660 10520 7312 16298 2043 5166 1617 11132 857 5097 1227 6881 760 816 3817 600 714 466 3064 249 2527 3038 2836 520 627 183 3208 391
cat_boundaries=0 1 2 3 4 5
cat_threshold=4763684 17254994 37883908 128 50463248
is_linear=0
shrinkage=0.05


Tree=67
num_leaves=31
num_cat=0
split_feature=4 4 24 4 4 26 27 34 19 19 24 6 4 17 34 5 17 24 1 13 13 27 34 23 23 38 24 24 36 9
split_gain=355.633 42.9153 23.1591 18.0395 9.42081 7.77562 5.95547 5.93036 5.7568 5.67978 7.02482 5.29189 4.87334 5.39833 4.78704 3.9809 3.81445 6.71204 3.53404 3.48529 3.46342 3.39934 3.32933 3.24847 3.23746 3.60994 4.66036 3.22667 3.1549 3.05215
threshold=0.31666666666666671 0.041666666666666678 3.9193473192711683 0.58333333333333359 0.14166666666666669 13.933333333333335 0.74999999999999944 46.166666666666679 54.500000000000007 35.000000000000007 17.749952017405779 0.15000000000000005 0.2166666666666667 48.652590000000011 94.833333333333357 0.081649658092772678 52.44380000000001 6.5896407979552221 0.15000000000000005 -0.8099950225495034 0.89058370012576782 0.68475461947247196 90.583333333333357 3.6216184753387797 10.988032077037978 1.0000000180025095e-35 10.227516305302942 17.305821374604403 -0.61016374867627587 5.5000000000000009
decision_type=2 2 2 2 2 2 2 2 2 2 2 2 2 2 2 2 2 2 2 2 2 2 2 2 2 10 2 2 2 2
left_child=1 7 12 11 5 6 18 8 9 -1 -11 27 13 -3 -5 -15 23 -18 19 -4 22 29 -9 -6 25 26 -10 -2 -27 -22
right_child=3 2 4 14 16 -7 -8 20 24 10 -12 -13 -14 15 -16 -17 17 -19 -20 -21 21 -23 -24 -25 -26 28 -28 -29 -30 -31
leaf_value=0 0 0 0 -8.9105374183835739e-05 0 0 0 0 0 0 0 0 0 0 1.7791020889589005e-05 0 0 0 0 0 0 0 0 0 0 0 0 0 0 0
leaf_weight=153 2401 198 62 3888 2601 2355 447 2012 55 245 46 2362 306 274 7020 195 225 128 175 964 83 226 967 1955 85 31 40 627 77 275
leaf_count=153 2401 198 62 3888 2601 2355 447 2012 55 245 46 2362 306 274 7020 195 225 128 175 964 83 226 967 1955 85 31 40 627 77 275
internal_value=-0.00640985 -0.0122002 -0.0103868 -0.00137194 -0.00958697 -0.0113874 -0.0140222 -0.0163733 -0.0204753 -0.0240486 -0.0281518 -0.00373833 -0.0177114 -0.0201094 -0.000202602 -0.0230335 -0.0081186 -0.0131266 -0.0158563 -0.0169769 -0.01553 -0.019055 -0.0148384 -0.0077303 -0.0149601 -0.01839 -0.0254995 -0.00512202 -0.0121184 -0.0220888
internal_weight=30478 14180 9885 16298 8912 4003 1648 4295 732 444 291 5390 973 667 10908 469 4909 353 1201 1026 3563 584 2979 4556 288 203 95 3028 108 358
internal_count=30478 14180 9885 16298 8912 4003 1648 4295 732 444 291 5390 973 667 10908 469 4909 353 1201 1026 3563 584 2979 4556 288 203 95 3028 108 358
is_linear=0
shrinkage=0.05


Tree=68
num_leaves=31
num_cat=4
split_feature=7 16 7 7 7 26 1 16 16 26 2 26 34 37 13 32 34 13 7 12 3 38 32 3 26 26 34 23 16 24
split_gain=334.266 42.6444 31.438 22.4557 16.0397 12.6369 10.7319 8.04104 6.69427 6.4354 6.31966 5.57952 6.66675 6.08088 4.12407 4.0773 7.58683 4.55501 3.85544 4.30977 3.75366 3.60249 3.56393 3.77425 3.3897 3.36775 3.33288 3.07069 3.05719 2.96477
threshold=0.45000000000000007 0 0.95000000000000007 0.15000000000000005 1.0000000180025095e-35 1.541666666666667 0.15000000000000005 1 2 13.933333333333335 0.15000000000000005 6.6416666666666684 75.416666666666671 -0.52745563822959429 -0.46236593929171266 1021.6166666666668 85.583333333333357 0.65368047477200586 0.25000000000000006 -0.78409092058138996 0.15000000000000005 -0.96666666666664003 1022.1416666666668 1.0000000180025095e-35 1.3583333333333336 26.558333333333337 58.833333333333336 2.5481320802324299 3 7.6558359810853824
decision_type=2 9 2 2 2 2 2 9 9 2 8 2 2 2 2 2 2 2 2 2 2 10 2 2 2 2 2 2 9 2
left_child=1 4 6 7 26 -5 8 11 -2 18 28 13 14 -3 -13 17 -17 25 19 -6 -12 -4 23 -9 -25 -7 -1 -15 -8 -24
right_child=2 3 21 5 9 15 10 22 -10 -11 20 12 -14 27 -16 16 -18 -19 -20 -21 -22 -23 29 24 -26 -27 -28 -29 -30 -31
leaf_value=0 0 0 0.00012671783620942103 0 0 0 0 0 0 0 0 0 0 0 0 0 0 0 0 0 0 -8.5775776932917054e-07 0 0 0 0 0 0 0 0
leaf_weight=179 1016 56 4461 460 43 2665 501 2368 1286 392 691 270 827 90 246 131 241 1286 375 425 2979 6709 165 22 1059 659 256 78 489 53
leaf_count=179 1016 56 4461 460 43 2665 501 2368 1286 392 691 270 827 90 246 131 241 1286 375 425 2979 6709 165 22 1059 659 256 78 489 53
internal_value=-0.00633602 -0.0126817 -0.00201521 -0.0114794 -0.0201774 -0.00924092 -0.00465233 -0.0138285 -0.00744538 -0.0173873 -0.00327246 -0.0170344 -0.0159221 -0.0244534 -0.0203836 -0.00850846 -0.0135447 -0.00810178 -0.0198494 -0.0228797 -0.00231601 -0.000371527 -0.012378 -0.0120191 -0.00956896 -0.00712373 -0.0285567 -0.0292088 -0.00681749 -0.0186153
internal_weight=30478 12346 18132 10676 1670 5442 6962 5234 2302 1235 4660 1567 1343 224 516 4982 372 4610 843 468 3670 11170 3667 3449 1081 3324 435 168 990 218
internal_count=30478 12346 18132 10676 1670 5442 6962 5234 2302 1235 4660 1567 1343 224 516 4982 372 4610 843 468 3670 11170 3667 3449 1081 3324 435 168 990 218
cat_boundaries=0 1 2 3 4
cat_threshold=536580 4374624 38899716 29968900
is_linear=0
shrinkage=0.05


Tree=69
num_leaves=31
num_cat=3
split_feature=7 16 7 7 6 7 26 16 16 26 26 37 32 6 32 7 12 13 13 32 3 35 26 26 12 30 23 6 24 17
split_gain=347.178 42.6444 36.4916 22.4557 20.0999 16.0397 12.6369 8.04104 7.14026 6.4354 5.57952 6.08088 4.91786 4.41157 4.81643 3.85544 4.30977 3.77056 3.6002 3.56393 3.77425 3.53403 3.45905 3.3897 3.16936 3.47226 3.07069 2.96737 2.96477 2.90663
threshold=0.45000000000000007 0 0.95000000000000007 0.15000000000000005 0.15000000000000005 1.0000000180025095e-35 1.541666666666667 1 2 13.933333333333335 6.6416666666666684 -0.52745563822959429 1018.1166666666668 0.15000000000000005 1021.6166666666668 0.25000000000000006 -0.78409092058138996 0.65368047477200586 0.99963164097526624 1022.1416666666668 1.0000000180025095e-35 19.505340417774601 16.516666666666673 1.3583333333333336 0.11988119229922754 19.216666666666672 2.5481320802324299 0.25000000000000006 7.6558359810853824 55.924650000000007
decision_type=2 9 2 2 2 2 2 9 9 2 2 2 2 2 2 2 2 2 2 2 2 2 2 2 2 2 2 2 2 2
left_child=1 5 4 7 8 24 27 10 18 15 11 -3 -12 14 17 16 -7 -8 -2 20 -9 22 -16 -22 25 -1 -13 -5 -21 -11
right_child=2 3 -4 6 -6 9 13 19 -10 29 12 26 -14 -15 21 -17 -18 -19 -20 28 23 -23 -24 -25 -26 -27 -28 -29 -30 -31
leaf_value=0 0 0 -5.8686997524148854e-07 0 0 0 0 0 0 0 0 0 0 0 0 0 0 0 0 0 0 0 0 0 0 0 0 0 0 0.0050000004470348363
leaf_weight=204 2021 56 11170 421 2979 43 2844 2368 1938 354 906 90 437 664 226 375 425 1154 24 165 22 68 26 1059 196 35 78 39 53 38
leaf_count=204 2021 56 11170 421 2979 43 2844 2368 1938 354 906 90 437 664 226 375 425 1154 24 165 22 68 26 1059 196 35 78 39 53 38
internal_value=-0.00621463 -0.0126817 -0.00181115 -0.0114794 -0.00465233 -0.0201774 -0.00924092 -0.0138285 -0.00697572 -0.0173873 -0.0170344 -0.0244534 -0.0159221 -0.00850846 -0.00909196 -0.0198494 -0.0228797 -0.00861909 -0.00482945 -0.012378 -0.0120191 -0.0149953 -0.012257 -0.00956896 -0.0285567 -0.0324341 -0.0292088 -0.0171702 -0.0186153 -0.0120888
internal_weight=30478 12346 18132 10676 6962 1670 5442 5234 3983 1235 1567 224 1343 4982 4318 843 468 3998 2045 3667 3449 320 252 1081 435 239 168 460 218 392
internal_count=30478 12346 18132 10676 6962 1670 5442 5234 3983 1235 1567 224 1343 4982 4318 843 468 3998 2045 3667 3449 320 252 1081 435 239 168 460 218 392
cat_boundaries=0 1 2 3
cat_threshold=536580 4374624 25971282
is_linear=0
shrinkage=0.05


Tree=70
num_leaves=31
num_cat=4
split_feature=4 4 16 16 7 26 13 34 6 4 26 16 4 19 13 16 31 28 27 4 9 28 29 32 1 12 32 26 13 29
split_gain=378.168 47.5024 32.7815 20.4424 14.0778 10.7383 9.71618 6.61943 6.30973 5.83908 8.03138 5.09831 4.81268 4.00013 3.78008 3.55502 3.66003 3.5389 3.365 3.34384 3.21713 2.97062 3.42939 2.90998 3.0925 3.043 2.85124 2.96394 2.65988 3.20558
threshold=0.31666666666666671 0.083333333333333356 0 1 0.95000000000000007 1.541666666666667 0.27122391875406221 64.166666666666671 0.15000000000000005 0.041666666666666678 4.7166666666666677 2 1.0000000180025095e-35 48.500000000000007 -0.63395513778623447 3 1.2083045973594582 80.833333333333357 1.5000000000000007 0.24166666666666672 14.500000000000002 50.166666666666679 13.424687043734847 1010.3416666666668 0.25000000000000006 -0.72800098152115733 1018.0166666666668 13.433333333333335 0.79465785173762493 6.0092450142112996
decision_type=2 2 9 9 2 2 2 2 2 2 2 9 2 2 2 9 2 2 2 2 2 2 2 2 2 2 2 2 2 2
left_child=1 2 7 6 8 19 -3 12 15 21 -11 17 -1 -9 -14 16 -2 -7 -10 -5 26 -4 28 24 25 -8 27 -15 29 -23
right_child=4 3 9 5 -6 11 23 13 18 10 -12 -13 14 20 -16 -17 -18 -19 -20 -21 -22 22 -24 -25 -26 -27 -28 -29 -30 -31
leaf_value=0 0 0 0 0 -5.5752647648010798e-07 0 0 0 0 0 0 0 0 0 0 0 0 0 -7.0143739560882533e-06 0 0 0 0 0 0 0 0 0 0 0
leaf_weight=327 666 453 243 265 11149 1713 50 270 3062 147 1367 3315 45 116 90 1202 96 1474 110 71 372 1395 101 197 119 281 157 182 584 910
leaf_count=327 666 453 243 265 11149 1713 50 270 3062 147 1367 3315 45 116 90 1202 96 1474 110 71 372 1395 101 197 119 281 157 182 584 910
internal_value=-0.0062745 -0.0122247 -0.0154644 -0.00965092 -0.00107 -0.00858778 -0.0160346 -0.0218629 -0.00323592 -0.0132886 -0.0107523 -0.00814967 -0.0270288 -0.0198842 -0.01906 -0.00546306 -0.00814661 -0.00962278 -0.00185681 -0.0173163 -0.0181538 -0.014517 -0.0149493 -0.0201128 -0.0178849 -0.0203715 -0.0153263 -0.0124455 -0.015266 -0.0145005
internal_weight=30529 14244 6306 7938 16285 6838 1100 1559 5136 4747 1514 6502 462 1097 135 1964 762 3187 3172 336 827 3233 2990 647 450 331 455 298 2889 2305
internal_count=30529 14244 6306 7938 16285 6838 1100 1559 5136 4747 1514 6502 462 1097 135 1964 762 3187 3172 336 827 3233 2990 647 450 331 455 298 2889 2305
cat_boundaries=0 1 2 3 4
cat_threshold=4239396 1585152 46170212 38965280
is_linear=0
shrinkage=0.05


Tree=71
num_leaves=31
num_cat=5
split_feature=4 4 16 16 26 13 4 34 4 26 16 4 16 19 13 28 4 2 9 16 28 29 32 1 12 32 26 13 29 27
split_gain=382.553 47.5024 32.7815 20.4424 10.7383 9.71618 9.51626 6.61943 5.83908 8.03138 5.09831 4.81268 4.39754 4.00013 3.78008 3.5389 3.34384 3.29753 3.21713 3.10055 2.97062 3.42939 2.90998 3.0925 3.043 2.85124 2.96394 2.65988 3.20558 2.88413
threshold=0.31666666666666671 0.083333333333333356 0 1 1.541666666666667 0.27122391875406221 0.4166666666666668 64.166666666666671 0.041666666666666678 4.7166666666666677 2 1.0000000180025095e-35 3 48.500000000000007 -0.63395513778623447 80.833333333333357 0.24166666666666672 0.95000000000000007 14.500000000000002 4 50.166666666666679 13.424687043734847 1010.3416666666668 0.25000000000000006 -0.72800098152115733 1018.0166666666668 13.433333333333335 0.79465785173762493 6.0092450142112996 0.24944382578492927
decision_type=2 2 9 9 2 2 2 2 2 2 9 2 9 2 2 2 2 10 2 9 2 2 2 2 2 2 2 2 2 2
left_child=1 2 7 5 16 -3 12 11 20 -10 15 -1 -2 -9 -13 -6 -5 19 25 -8 -4 27 23 24 -7 26 -15 28 -22 -29
right_child=6 3 8 4 10 22 17 13 9 -11 -12 14 -14 18 -16 -17 -18 -19 -20 -21 21 -23 -24 -25 -26 -27 -28 29 -30 -31
leaf_value=0 0 0 0 0 0 0 -8.5419480265120875e-05 0 0 0 0 0 0 0 0 0 0 1.1963915082885594e-05 0 0 0 0 0 0 0 0 0 0 0 0
leaf_weight=327 1099 453 243 265 1713 50 1384 270 147 1367 3315 45 1337 116 90 1474 71 4550 372 7915 1395 101 197 119 281 157 182 70 910 514
leaf_count=327 1099 453 243 265 1713 50 1384 270 147 1367 3315 45 1337 116 90 1474 71 4550 372 7915 1395 101 197 119 281 157 182 70 910 514
internal_value=-0.00624011 -0.0122247 -0.0154644 -0.00965092 -0.00858778 -0.0160346 -0.00100552 -0.0218629 -0.0132886 -0.0107523 -0.00814967 -0.0270288 -0.00388736 -0.0198842 -0.01906 -0.00962278 -0.0173163 -0.000498588 -0.0181538 -0.00103827 -0.014517 -0.0149493 -0.0201128 -0.0178849 -0.0203715 -0.0153263 -0.0124455 -0.015266 -0.0145005 -0.0182845
internal_weight=30529 14244 6306 7938 6838 1100 16285 1559 4747 1514 6502 462 2436 1097 135 3187 336 13849 827 9299 3233 2990 647 450 331 455 298 2889 2305 584
internal_count=30529 14244 6306 7938 6838 1100 16285 1559 4747 1514 6502 462 2436 1097 135 3187 336 13849 827 9299 3233 2990 647 450 331 455 298 2889 2305 584
cat_boundaries=0 1 2 3 4 5
cat_threshold=4239396 1585152 46170212 8669782 12587012
is_linear=0
shrinkage=0.05


Tree=72
num_leaves=31
num_cat=4
split_feature=4 4 16 16 26 13 4 34 4 26 16 4 16 19 13 28 4 10 34 4 28 29 32 1 12 15 13 29 27 36
split_gain=382.134 47.5024 32.7815 20.4424 10.7383 9.71618 9.47575 6.61943 5.83908 8.03138 5.09831 4.81268 4.39754 4.00013 3.78008 3.5389 3.34384 3.17026 3.36736 2.98758 2.97062 3.42939 2.90998 3.0925 3.043 2.81273 2.65988 3.20558 2.88413 2.61385
threshold=0.31666666666666671 0.083333333333333356 0 1 1.541666666666667 0.27122391875406221 0.4166666666666668 64.166666666666671 0.041666666666666678 4.7166666666666677 2 1.0000000180025095e-35 3 48.500000000000007 -0.63395513778623447 80.833333333333357 0.24166666666666672 -0.25881904510252113 79.416666666666671 1.4583333333333337 50.166666666666679 13.424687043734847 1010.3416666666668 0.25000000000000006 -0.72800098152115733 2022.5000000000002 0.79465785173762493 6.0092450142112996 0.24944382578492927 -0.072529402855811179
decision_type=2 2 9 9 2 2 2 2 2 2 9 2 9 2 2 2 2 2 2 2 2 2 2 2 2 2 2 2 2 2
left_child=1 2 7 5 16 -3 12 11 20 -10 15 -1 -2 -9 -13 -6 -5 -15 25 -8 -4 26 23 24 -7 -19 27 -22 -28 -26
right_child=6 3 8 4 10 22 19 13 9 -11 -12 14 -14 17 -16 -17 -18 18 -20 -21 21 -23 -24 -25 29 -27 28 -29 -30 -31
leaf_value=0 0 0 0 0 0 0 -5.2965015265582511e-07 0 0 0 0 0 0 0 0 0 0 0 0 0.0022219428893071008 0 0 0 0 0 0 0 0 0 0
leaf_weight=327 1099 453 243 265 1713 50 10300 270 147 1367 3315 45 1337 411 90 1474 71 42 312 3549 1395 101 197 119 179 62 70 910 514 102
leaf_count=327 1099 453 243 265 1713 50 10300 270 147 1367 3315 45 1337 411 90 1474 71 42 312 3549 1395 101 197 119 179 62 70 910 514 102
internal_value=-0.00624339 -0.0122247 -0.0154644 -0.00965092 -0.00858778 -0.0160346 -0.00101166 -0.0218629 -0.0132886 -0.0107523 -0.00814967 -0.0270288 -0.00388736 -0.0198842 -0.01906 -0.00962278 -0.0173163 -0.0181538 -0.0150685 -0.000505809 -0.014517 -0.0149493 -0.0201128 -0.0178849 -0.0203715 -0.0228626 -0.015266 -0.0145005 -0.0182845 -0.0223942
internal_weight=30529 14244 6306 7938 6838 1100 16285 1559 4747 1514 6502 462 2436 1097 135 3187 336 827 416 13849 3233 2990 647 450 331 104 2889 2305 584 281
internal_count=30529 14244 6306 7938 6838 1100 16285 1559 4747 1514 6502 462 2436 1097 135 3187 336 827 416 13849 3233 2990 647 450 331 104 2889 2305 584 281
cat_boundaries=0 1 2 3 4
cat_threshold=4239396 1585152 46170212 8669782
is_linear=0
shrinkage=0.05


Tree=73
num_leaves=31
num_cat=4
split_feature=4 4 16 16 4 26 13 34 4 26 16 4 4 16 13 23 4 26 32 17 34 13 26 32 1 12 13 13 27 24
split_gain=411.125 47.5024 32.7815 20.4424 12.4274 10.7383 9.71618 6.61943 5.83908 8.03138 5.09831 4.89001 4.81268 4.39754 3.78008 3.4767 3.34384 3.1412 3.98753 3.5152 3.17315 3.29609 3.01054 2.90998 3.0925 3.043 2.85129 2.74376 2.67932 3.36166
threshold=0.31666666666666671 0.083333333333333356 0 1 0.4166666666666668 1.541666666666667 0.27122391875406221 64.166666666666671 0.041666666666666678 4.7166666666666677 2 0.54166666666666685 1.0000000180025095e-35 3 -0.63395513778623447 3.194062201935616 0.24166666666666672 13.04166666666667 1007.9166666666669 51.152600000000007 87.583333333333357 0.89058370012576782 8.6166666666666689 1010.3416666666668 0.25000000000000006 -0.72800098152115733 0.18771165011946631 0.79465785173762493 0.52493385826745464 6.5896407979552221
decision_type=2 2 9 9 2 2 2 2 2 2 9 2 2 9 2 2 2 2 2 2 2 2 2 2 2 2 2 2 2 2
left_child=1 2 7 6 13 16 -3 12 27 -10 15 -6 -1 -2 -14 -7 -5 -9 -19 20 -20 26 -13 24 25 -8 -22 -4 29 -29
right_child=4 3 8 5 11 10 23 17 9 -11 -12 22 14 -15 -16 -17 -18 18 19 -21 21 -23 -24 -25 -26 -27 -28 28 -30 -31
leaf_value=0 0 0 0 0 2.6482507632652476e-08 0 0 0 0 0 0 0.0030148421250706932 0 0 0 0 0 0 0 0 0 0 -3.2240935440300927e-05 0 0 0 0 0 0 0
leaf_weight=327 1099 453 2611 265 2302 1393 50 460 147 1367 3315 2977 45 1337 90 1794 71 103 245 91 113 49 8570 197 119 281 36 131 369 122
leaf_count=327 1099 453 2611 265 2302 1393 50 460 147 1367 3315 2977 45 1337 90 1794 71 103 245 91 113 49 8570 197 119 281 36 131 369 122
internal_value=-0.00602065 -0.0122247 -0.0154644 -0.00965092 -0.000594101 -0.00858778 -0.0160346 -0.0218629 -0.0132886 -0.0107523 -0.00814967 -1.48022e-05 -0.0270288 -0.00388736 -0.01906 -0.00962278 -0.0173163 -0.0198842 -0.0176032 -0.0193409 -0.0211803 -0.0164563 -0.000434308 -0.0201128 -0.0178849 -0.0203715 -0.0201543 -0.014517 -0.0175052 -0.0214737
internal_weight=30529 14244 6306 7938 16285 6838 1100 1559 4747 1514 6502 13849 462 2436 135 3187 336 1097 637 534 443 198 11547 647 450 331 149 3233 622 253
internal_count=30529 14244 6306 7938 16285 6838 1100 1559 4747 1514 6502 13849 462 2436 135 3187 336 1097 637 534 443 198 11547 647 450 331 149 3233 622 253
cat_boundaries=0 1 2 3 4
cat_threshold=4239396 1585152 46170212 8669782
is_linear=0
shrinkage=0.05


end of trees

feature_importances:
ensemble_mean=421
city_id=336
aux_temp_c_mean=200
doy_cos=136
aux_pressure_msl_hpa_mean=128
aux_cloud_cover_pct_mean=102
ensemble_max=84
specific_humidity_gkg=80
lat=67
saturation_distance_c=56
aux_humidity_pct_mean=55
aux_dew_point_c_mean=51
aux_temp_c_std=50
month=44
lon=43
ensemble_min=39
elevation_m=37
aux_humidity_pct_std=35
aux_wind_dir_sin_mean=35
doy_sin=27
pressure_tendency_3h_hpa=26
aux_wind_dir_cos_mean=24
aux_dew_point_c_std=17
lead_hours=16
aux_pressure_msl_hpa_std=15
ensemble_std=14
src_gfs_global=13
src_icon_seamless=11
lcl_height_m=10
aux_cloud_cover_pct_std=10
hour_cos=9
year=9
src_jma_seamless=8
abs_lat=7
hour_sin=5

parameters:
[boosting: gbdt]
[objective: quantile]
[metric: quantile]
[tree_learner: serial]
[device_type: cpu]
[data_sample_strategy: bagging]
[data: ]
[valid: ]
[num_iterations: 2000]
[learning_rate: 0.05]
[num_leaves: 31]
[num_threads: 0]
[seed: 0]
[deterministic: 0]
[force_col_wise: 1]
[force_row_wise: 0]
[histogram_pool_size: -1]
[max_depth: -1]
[min_data_in_leaf: 20]
[min_sum_hessian_in_leaf: 0.001]
[bagging_fraction: 0.9]
[pos_bagging_fraction: 1]
[neg_bagging_fraction: 1]
[bagging_freq: 5]
[bagging_seed: 3]
[bagging_by_query: 0]
[feature_fraction: 0.9]
[feature_fraction_bynode: 1]
[feature_fraction_seed: 2]
[extra_trees: 0]
[extra_seed: 6]
[early_stopping_round: 0]
[early_stopping_min_delta: 0]
[first_metric_only: 0]
[max_delta_step: 0]
[lambda_l1: 0]
[lambda_l2: 0.1]
[linear_lambda: 0]
[min_gain_to_split: 0]
[drop_rate: 0.1]
[max_drop: 50]
[skip_drop: 0.5]
[xgboost_dart_mode: 0]
[uniform_drop: 0]
[drop_seed: 4]
[top_rate: 0.2]
[other_rate: 0.1]
[min_data_per_group: 100]
[max_cat_threshold: 32]
[cat_l2: 10]
[cat_smooth: 10]
[max_cat_to_onehot: 4]
[top_k: 20]
[monotone_constraints: ]
[monotone_constraints_method: basic]
[monotone_penalty: 0]
[feature_contri: ]
[forcedsplits_filename: ]
[refit_decay_rate: 0.9]
[cegb_tradeoff: 1]
[cegb_penalty_split: 0]
[cegb_penalty_feature_lazy: ]
[cegb_penalty_feature_coupled: ]
[path_smooth: 0]
[interaction_constraints: ]
[verbosity: -1]
[saved_feature_importance_type: 0]
[use_quantized_grad: 0]
[num_grad_quant_bins: 4]
[quant_train_renew_leaf: 0]
[stochastic_rounding: 1]
[linear_tree: 0]
[max_bin: 255]
[max_bin_by_feature: ]
[min_data_in_bin: 3]
[bin_construct_sample_cnt: 200000]
[data_random_seed: 1]
[is_enable_sparse: 1]
[enable_bundle: 1]
[use_missing: 1]
[zero_as_missing: 0]
[feature_pre_filter: 1]
[pre_partition: 0]
[two_round: 0]
[header: 0]
[label_column: ]
[weight_column: ]
[group_column: ]
[ignore_column: ]
[categorical_feature: 14,16,21,22]
[forcedbins_filename: ]
[precise_float_parser: 0]
[parser_config_file: ]
[objective_seed: 5]
[num_class: 1]
[is_unbalance: 0]
[scale_pos_weight: 1]
[sigmoid: 1]
[boost_from_average: 1]
[reg_sqrt: 0]
[alpha: 0.1]
[fair_c: 1]
[poisson_max_delta_step: 0.7]
[tweedie_variance_power: 1.5]
[lambdarank_truncation_level: 30]
[lambdarank_norm: 1]
[label_gain: ]
[lambdarank_position_bias_regularization: 0]
[eval_at: ]
[multi_error_top_k: 1]
[auc_mu_weights: ]
[num_machines: 1]
[local_listen_port: 12400]
[time_out: 120]
[machine_list_filename: ]
[machines: ]
[gpu_platform_id: -1]
[gpu_device_id: -1]
[gpu_use_dp: 0]
[num_gpu: 1]

end of parameters

pandas_categorical:[]
