tree
version=v4
num_class=1
num_tree_per_iteration=1
label_index=0
max_feature_idx=38
objective=binary sigmoid:1
feature_names=src_ecmwf_ifs025 src_gfs_global src_icon_seamless src_jma_seamless ensemble_mean ensemble_std ensemble_min ensemble_max ensemble_n lead_hours hour_sin hour_cos doy_sin doy_cos month year city_id lat lon elevation_m abs_lat hemisphere_ns climate_band saturation_distance_c specific_humidity_gkg lcl_height_m aux_temp_c_mean aux_temp_c_std aux_humidity_pct_mean aux_humidity_pct_std aux_dew_point_c_mean aux_dew_point_c_std aux_pressure_msl_hpa_mean aux_pressure_msl_hpa_std aux_cloud_cover_pct_mean aux_cloud_cover_pct_std aux_wind_dir_sin_mean aux_wind_dir_cos_mean pressure_tendency_3h_hpa
feature_infos=none [0:33.399999999999999] [0:39.299999999999997] [0:30.600000000000001] [0:20.199999999999999] [0:16.687720036002521] [0:13.300000000000001] [0:39.299999999999997] [2:3] [0:23] [-1:1] [-1:1] [-0.9999631612477099:0.9999631612477099] [-1:0.99985264770502691] -1:8:7:10:12:9:6:11:5:1:3:4:2 [2022:2023] -1:25:18:20:17:16:11:22:12:2:9:15:4:24:23:5:19:26:6:1:14:13 [-33.867849999999997:60.169899999999998] [-123.11933999999999:151.20732000000001] [5:758] [1.3521000000000001:60.169899999999998] -1:1:0 -1:2:1:3:0 [-4.4408920985006262e-16:45.501337761861755] [0.34378834172665518:25.371952623306324] [-5.5511151231257827e-14:5687.667220232719] [-16.633333333333333:45.899999999999999] [0:7.0735815225072196] [6:100] [0:33.767176699010868] [-29.099999999999998:28.800000000000001] [0:10.75] [962.34999999999991:1047] [0:2.7341462205880158] [-0.5:100.33333333333333] [0:50] [-1:1] [-1:1] [-16.166666666666742:12]
tree_sizes=3407 3462 3468 3462 3464 3473 3498 3489 3484 3483 3485 3528 3491 3507 3527 3475 3497 3491 3488 3513 3480 3503 3515 3494 3513 3493 3471 3515 3530 3503 3507 3528 3471 3506 3499 3509 3495 3482 3510 3497 3522 3504 3473 3477 3483 3512 3486 3494 3467 3502 3508 3497 3505 3515 3534 3491 3498 3497 3516 3508 3474 3476 3521 3507 3459 3488 3438 3501 3510 3533 3493 3509 3490 3493 3498 3481 3500 3486 3536 3539 3521 3491 3515 3504 3538 3506 3541 3501 3452 3496 3519 3478 3511 3505 3507 3470 3495 3478 3522 3486 3475 3522 3475 3482 3482 3502 3461 3495 3450 3469 3470 3542 3510 3475 3531 3512 3548 3480 3486 3491 3491 3508 3470 3473 3535 3487 3467 3498 3522 3493 3499 3525 3482 3502 3455 3521 3504 3474 3430 3502 3484 3483 3472 3471 3522 3507 3482 3470 3489 3503 3454 3526 3495 3458 3491 3454 3494 3453 3500 3478 3422 3437 3490 3495 3479 3472 3470 3490 3478 3487 3472 3487 3461 3516 3490 3447 3509 3435 3451 3509 3485 3476 3444 3519 3474 3495 3434 3480 3492 3495 3478 3489 3466 3471 3481 3457 3488 3477 3483 3482 3487 3438 3485 3419 3467 3481 3480 3505 3449 3470 3462 3473 3439 3451 3453 3462 3447 3449 3494 3459 3464 3460 3522

Tree=0
num_leaves=31
num_cat=5
split_feature=4 6 4 4 6 26 16 4 34 26 4 38 4 2 16 26 4 16 34 16 2 19 16 38 38 26 26 17 38 4
split_gain=90138.2 10336 7304.69 1827.17 1567.41 1412.67 819.639 795.678 744.039 456.266 413.995 383.153 368.314 341.484 327.637 286.895 267.216 241.967 217.683 210.353 201.114 201.02 198.922 196.998 196.191 190.541 174.56 222.092 157.444 154.285
threshold=0.15833333333333335 0.15000000000000005 0.041666666666666678 0.55833333333333346 1.0000000180025095e-35 15.433333333333335 0 1.0000000180025095e-35 93.166666666666671 12.933333333333335 1.4833333333333336 -1.1499999999998065 0.31666666666666671 0.15000000000000005 1 12.933333333333335 0.65833333333333344 2 59.416666666666679 3 1.0000000180025095e-35 9.0000000000000018 4 -0.56666666666654908 -1.1999999999998747 28.616666666666671 17.941666666666674 52.298650000000009 -0.90000000000014768 0.25833333333333336
decision_type=2 2 2 2 2 2 1 2 2 2 2 8 2 10 1 2 2 1 2 1 10 2 1 8 10 2 2 2 10 2
left_child=2 4 7 9 8 -5 -4 18 13 21 23 -8 -6 19 -13 -14 26 -9 -1 -2 -16 -3 -20 -7 -15 -21 27 29 -28 -10
right_child=1 3 6 5 12 10 11 17 16 -11 -12 14 15 24 20 -17 -18 -19 22 25 -22 -23 -24 -25 -26 -27 28 -29 -30 -31
leaf_value=-2.16149543306308 -1.9926840188921109 -1.8841521469135292 -2.1081895590800359 -1.6956656455727499 -1.9255545518267698 -1.7895270058023056 -1.9887021759008383 -2.0912040324456918 -1.9456047660413316 -1.916445598621408 -1.743844341690771 -2.0119645801349337 -1.7915937353627225 -1.8561139868800358 -2.0776522875168806 -1.8865547303050245 -1.8554014737324656 -2.1363654921583621 -2.1393415183095388 -2.0640560621662685 -2.0197503827278926 -1.7882768399456941 -2.1566564213244841 -1.8738034536935573 -1.9766523575425838 -1.9430055496518213 -1.9007835879490647 -2.0041498464866732 -2.0088172060665399 -1.8630210416085631
leaf_weight=12015.600213855505 298.38756614923477 80.869592636823654 770.86671358346939 609.99605615437031 329.17205308377743 106.92542797327042 252.35559038817883 559.81444735825062 108.08346509933472 220.0270539522171 152.28188207745552 337.85733152925968 127.19107767939568 41.978845819830894 981.24345815181732 217.22846423089504 88.203827768564224 609.70654687285423 2702.376136764884 355.42089460790157 176.9866741001606 177.27618338167667 5123.8317673653364 204.9725713133812 174.96010912954807 35.706144720315933 42.84737366437912 69.482227563858032 159.80912339687347 121.20788586139679
leaf_count=124510 3092 838 7988 6321 3411 1108 2615 5801 1120 2280 1578 3501 1318 435 10168 2251 914 6318 28003 3683 1834 1837 53095 2124 1813 370 444 720 1656 1256
internal_value=-2.10909 -1.88046 -2.14526 -1.78195 -1.95095 -1.74574 -2.06481 -2.15491 -1.97948 -1.86336 -1.81162 -2.04605 -1.88761 -2.00794 -2.05531 -1.8514 -1.93576 -2.11483 -2.15727 -2.02518 -2.06914 -1.81821 -2.15078 -1.84482 -1.95322 -2.05437 -1.94994 -1.92561 -1.98588 -1.90186
internal_weight=27252.7 3722.03 23530.6 1552.35 2169.68 1074.18 2519.31 21011.3 1496.09 478.173 464.18 1748.44 673.592 906.454 1496.09 344.42 589.634 1169.52 19841.8 689.515 1158.23 258.146 7826.21 311.898 216.939 391.127 501.43 298.774 202.656 229.291
internal_count=282402 38569 243833 16086 22483 11131 26106 217727 15503 4955 4810 18118 6980 9393 15503 3569 6110 12119 205608 7145 12002 2675 81098 3232 2248 4053 5196 3096 2100 2376
cat_boundaries=0 1 2 3 4 5
cat_threshold=68751362 16779312 58985076 17058418 58985008
is_linear=0
shrinkage=1


Tree=1
num_leaves=31
num_cat=4
split_feature=4 6 4 2 34 16 16 4 6 34 38 26 34 38 2 26 34 34 4 16 34 16 4 34 26 4 38 10 32 26
split_gain=70320.2 6787.51 4699.39 1240.76 839.115 737.784 634.955 555.045 467.904 373.536 298.193 294.728 308.219 286.026 274.062 258.738 254.694 220.289 209.599 198.075 190.434 172.589 167.434 165.78 163.013 162.107 150.922 125.345 124.406 118.742
threshold=0.11666666666666668 0.15000000000000005 1.0000000180025095e-35 1.0000000180025095e-35 90.833333333333357 0 1 0.2166666666666667 0.55000000000000016 75.166666666666671 -1.1999999999998747 28.616666666666671 86.166666666666671 -0.70000000000010221 0.35000000000000003 24.81666666666667 72.166666666666671 59.416666666666679 0.058333333333333341 2 75.166666666666671 3 0.24166666666666672 84.833333333333357 28.441666666666674 0.24166666666666672 -0.59999999999996578 0.78656609248549325 1013.1166666666668 24.683333333333341
decision_type=2 2 2 10 2 1 1 2 2 2 8 2 2 10 10 2 2 2 2 1 2 1 2 2 2 2 10 2 2 2
left_child=2 3 17 6 16 10 9 -5 14 -2 24 12 -8 -9 -6 23 -3 -1 -7 28 -12 -22 -14 -15 -4 -11 -18 -13 -19 -10
right_child=1 4 5 7 8 18 11 13 29 25 20 27 22 15 -16 -17 26 19 -20 -21 21 -23 -24 -25 -26 -27 -28 -29 -30 -31
leaf_value=-0.051906192936431561 0.079099994889843303 0.12772993632501925 0.0685833360127166 0.11297216495873595 0.20831552199548087 -0.022682531278660725 0.029364002647844341 0.22495723337884543 0.30033413356857841 0.12853012950472073 0.0082521255579979993 0.086434610081334309 0.058138700949314462 0.11979613273615218 0.26534141555484814 0.096528867319065001 0.25082706940003624 -0.016173807638804293 0.014864630949326727 -0.046926389504624716 0.072847588269290678 0.026606396600631677 0.10956052517596185 0.19827218657393927 0.16361733536110745 0.18713024624916669 0.18428338775844119 0.2121041998397557 -0.038355593959957711 0.22017436972441545
leaf_weight=11529.486280754209 199.70660504698753 137.06139513105154 186.04786871373653 399.64406269788742 432.78929661214352 909.81192166358232 401.29489420354366 289.38975946605206 566.53407754004002 217.39336524158716 528.75769585371017 33.429652705788612 299.92340997606516 86.065452210605145 416.93570030480623 115.13220012933016 131.85964320600033 1050.0797333866358 628.26960568130016 4935.4406194388866 357.79674885421991 545.12853903323412 336.26381824910641 318.71917677670717 59.624136731028557 261.5469097495079 248.30617579072714 49.508865289390087 1588.8310423493385 51.794526726007462
leaf_count=124510 1896 1172 1806 3761 3605 9529 3965 2527 4392 2069 5304 315 2942 780 3337 1057 1075 11143 6406 53095 3537 5504 3108 2811 576 2360 2083 455 16860 422
internal_value=-0.000193529 0.169424 -0.0381411 0.122058 0.241181 0.0177815 0.0957239 0.161235 0.26049 0.134623 0.0405793 0.0703234 0.0636882 0.185051 0.236324 0.1628 0.186334 -0.0475537 -0.007298 -0.0409279 0.0320839 0.0460375 0.0853312 0.18162 0.0917051 0.160564 0.207424 0.161616 -0.0294185 0.293656
internal_weight=27312.6 4993.3 22319.3 3008.02 1985.28 3215.44 1799.07 1208.95 1468.05 678.647 1677.35 1120.42 1037.48 809.307 849.725 519.917 517.227 19103.8 1538.08 7574.35 1431.68 902.925 636.187 404.785 245.672 478.94 380.166 82.9385 2638.91 618.329
internal_count=282402 44132 238270 28046 16086 32662 17110 10936 11756 6325 16727 10785 10015 7175 6942 4648 4330 205608 15935 81098 14345 9041 6050 3591 2382 4429 3158 770 28003 4814
cat_boundaries=0 1 2 3 4
cat_threshold=58993268 17066608 58985008 16788016
is_linear=0
shrinkage=0.05


Tree=2
num_leaves=31
num_cat=3
split_feature=4 4 6 4 16 4 26 34 16 4 38 18 34 34 38 4 16 10 24 2 26 18 34 4 26 32 38 19 18 34
split_gain=57642.8 4482.31 4417.74 1336.94 654.366 554.382 476.044 303.18 300.304 295.358 265.239 255.064 223.04 209.876 209.043 205.169 197.421 179.456 178.24 153.75 151.122 145.347 141.844 134.494 125.414 121.216 117.006 109.397 94.8664 99.0701
threshold=0.11666666666666668 1.0000000180025095e-35 1.0000000180025095e-35 0.51666666666666683 0 0.31666666666666671 16.241666666666671 81.166666666666671 1 0.058333333333333341 -1.2000000000001021 115.39890000000001 59.416666666666679 92.416666666666671 -0.69999999999987483 0.25833333333333336 2 0.60355339059327384 16.181689792707576 1.0000000180025095e-35 28.616666666666671 16.195350000000001 96.583333333333357 0.058333333333333341 8.4166666666666696 1013.0166666666668 -0.66666666666645813 29.000000000000004 115.39890000000001 48.833333333333336
decision_type=2 2 2 2 1 2 2 2 1 2 10 2 2 2 8 2 1 2 2 8 2 2 2 2 2 2 8 2 2 2
left_child=1 12 5 7 23 8 -5 26 17 20 -7 14 -1 -10 -8 27 25 -2 -19 -11 -6 -16 28 -3 -17 -14 -4 -9 -12 -30
right_child=2 4 3 6 9 10 11 15 13 19 22 -13 16 -15 21 24 -18 18 -20 -21 -22 -23 -24 -25 -26 -27 -28 -29 29 -31
leaf_value=-0.051452038729140927 0.024902390120395582 -0.027433268658337662 0.15783219329059708 0.22486695080972799 0.01212319596984561 0.18042506244568568 0.2007809824287346 0.087146992834317497 0.070120456876369197 0.034325306966014289 0.083769351604093004 0.22794762788856526 -0.017007497027096162 0.12319203068990472 0.1710665237810215 0.19517147141179822 -0.047072103902175137 0.036144037842933276 0.13607418353651013 0.075419625224180387 0.083542736007674132 0.11065711199908844 0.14477935939496342 0.0070114828812430797 0.15197535808082899 -0.037839238294388657 0.07731237436933476 0.14219165758172053 0.0022871974384564369 0.16446963088481134
leaf_weight=11061.551931723952 453.68320073932409 693.38065946102142 56.970198512077332 1191.9506801366806 1096.6653767675161 150.31146295368671 201.24198566377163 132.81108543276787 476.25735375285149 455.52817605435848 422.88524108380079 173.96678818762302 1124.905725158751 306.61103687435389 183.9696000367403 279.28585064411163 4364.8652504682541 93.251817345619202 85.643092848360538 455.42715865373611 79.339132331311703 219.30828366428614 183.01502631604671 479.18967413902283 431.26700115948915 1842.4882666766644 218.45982974022627 286.25920955836773 10.870040044188498 70.439879760146141
leaf_count=124510 4245 7398 456 7790 10929 1177 1410 1121 4251 4404 3678 1223 12133 2610 1348 2010 48746 862 715 4307 751 1633 1462 4873 3263 20219 1827 2370 96 585
internal_value=-0.000338039 -0.0373924 0.142213 0.178403 0.0166474 0.0879857 0.204982 0.141117 0.0688982 0.0333458 0.120232 0.17451 -0.0469688 0.0897725 0.159096 0.152591 -0.0402046 0.0409876 0.0840333 0.0548762 0.0169482 0.138251 0.107042 -0.0132445 0.168979 -0.0298424 0.0940184 0.124772 0.0933183 0.142817
internal_weight=27281.8 21653.3 5628.46 3375.49 3259.53 2252.97 1970.44 1405.05 1415.45 2086.96 837.522 778.487 18393.8 782.868 604.52 1129.62 7332.26 632.578 178.895 910.955 1176 403.278 687.21 1172.57 710.553 2967.39 275.43 419.07 504.195 81.3099
internal_count=282402 238270 44132 24451 32662 19681 13404 11047 12683 20391 6998 5614 205608 6861 4391 8764 81098 5822 1577 8711 11680 2981 5821 12271 5273 32352 2283 3491 4359 681
cat_boundaries=0 1 2 3
cat_threshold=73076738 102445056 58985012
is_linear=0
shrinkage=0.05


Tree=3
num_leaves=31
num_cat=4
split_feature=4 4 4 26 6 4 16 16 34 38 26 4 34 16 19 38 18 26 16 34 34 34 32 34 26 18 18 34 19 2
split_gain=48872.1 4463.45 2506.44 881.949 654.303 399.411 397.658 369.464 290.815 274.006 263.742 234.699 225.886 196.814 185.423 158.294 153.487 152.34 156.729 147.264 141.489 118.001 117.538 108.831 103.93 95.9503 92.0608 80.4863 78.9748 78.532
threshold=0.083333333333333356 0.35833333333333339 1.0000000180025095e-35 16.041666666666671 1.0000000180025095e-35 1.216666666666667 0 1 59.416666666666679 -0.93333333333333701 28.441666666666674 0.78333333333333355 59.416666666666679 2 29.000000000000004 -0.70000000000010221 115.39890000000001 28.616666666666671 3 84.583333333333357 91.416666666666671 82.166666666666671 1014.0166666666668 96.166666666666671 9.8583333333333361 40.104600000000012 115.39890000000001 85.166666666666671 35.000000000000007 1.0000000180025095e-35
decision_type=2 2 2 2 2 2 1 1 2 8 2 2 2 1 2 8 2 2 1 2 2 2 2 2 2 2 2 2 2 10
left_child=2 4 12 11 7 9 -4 10 -9 25 19 20 -1 22 27 -16 23 18 21 -2 -3 -8 -14 -11 -17 -5 -26 -6 -21 -10
right_child=1 3 6 5 14 -7 17 8 29 16 -12 -13 13 -15 15 24 -18 -19 -20 28 -22 -23 -24 -25 26 -27 -28 -29 -30 -31
leaf_value=-0.051007619560859578 0.0033002153246745446 0.12509695409334437 -0.019308371736565487 0.1176830014295553 0.028280025919444108 0.16917223249619079 0.015924752583560423 0.022193928475255323 0.081553328403141237 0.077969385005754399 0.099333739606351432 0.1937237408116067 -0.015877063596836032 -0.045732867545478097 0.15344312344300481 0.13289827504603896 0.14413061206376043 0.078471286334865858 0.0055129326323280292 0.018674235606835243 0.1696287059959809 0.06326164666857044 -0.037613697300008971 0.11963027717195321 0.077056243475073283 0.1767938019418194 0.14118092183883085 0.086239137460192045 0.054913949913603925 0.11393009306050564
leaf_weight=10611.441868469119 371.70440750569105 238.34537070244551 914.18536940217018 112.5780638307333 78.989843800663948 404.63769333809614 257.35624880343676 183.69149003177881 627.32051388919353 563.50418320298195 150.51067736744881 952.57960851490498 1122.04280295223 4581.9041874706745 217.26368064433336 198.2086039930582 154.94875729084015 110.95618288218975 967.05267592519522 228.33866783976555 728.30424486100674 269.62191801518202 1395.8683050498366 217.94863110035658 320.29935477674007 180.12406849116087 67.99709190428257 249.41904880851507 440.77976845949888 268.51030813157558
leaf_count=124510 3533 1622 9782 767 658 2536 2468 1620 5300 4282 1211 5435 12264 53095 1585 1460 1082 981 9559 2123 4559 2490 15739 1542 2515 1192 517 1920 3894 2161
internal_value=-0.000440939 0.113885 -0.0397508 0.153083 0.0729562 0.126065 0.00691399 0.057471 0.0787888 0.11186 0.0371757 0.176074 -0.0463883 -0.0394835 0.104008 0.116948 0.0986398 0.0218345 0.0177695 0.0285356 0.158663 0.0394039 -0.0278179 0.0896025 0.103405 0.154107 0.088319 0.0723115 0.0425517 0.0912694
internal_weight=27186.4 6956 20230.4 3552.97 3403.03 1633.74 2519.17 2270.86 1079.52 1229.1 1191.33 1919.23 17711.3 7099.82 1132.18 803.769 936.402 1604.99 1494.03 1040.82 966.65 526.978 2517.91 781.453 586.505 292.702 388.296 328.409 669.118 895.831
internal_count=282402 51514 230888 23017 28497 11401 25280 19842 9081 8865 10761 11616 205608 81098 8655 6077 6906 15498 14517 9550 6181 4958 28003 5824 4492 1959 3032 2578 6017 7461
cat_boundaries=0 1 2 3 4
cat_threshold=73076738 102469636 58985008 16788016
is_linear=0
shrinkage=0.05


Tree=4
num_leaves=31
num_cat=5
split_feature=4 4 4 6 16 16 34 2 34 16 34 38 4 38 16 6 32 4 26 34 30 26 34 26 34 16 38 13 20 19
split_gain=42192.5 3381.85 2414.77 797.784 448.14 357.438 355.678 304.42 228.791 196.851 159.161 146.113 144.771 136.411 130.518 125.675 114.078 112.787 111.95 111.349 109.276 96.8156 108.342 93.5886 90.3812 87.6653 75.6497 74.6895 70.2945 75.8339
threshold=0.083333333333333356 0.31666666666666671 1.0000000180025095e-35 1.0000000180025095e-35 0 1 90.833333333333357 1.0000000180025095e-35 59.416666666666679 2 75.583333333333357 -1.2000000000001021 0.14166666666666669 -0.85833333333334838 3 0.55000000000000016 1013.0166666666668 0.18000000000000002 26.441666666666674 48.833333333333336 14.71666666666667 28.441666666666674 74.833333333333357 21.141666666666669 83.166666666666671 4 -0.56666666666654908 -0.22131713103510575 12.451300000000002 29.000000000000004
decision_type=2 2 2 2 1 1 2 10 2 1 2 10 2 10 1 2 2 2 2 2 2 2 2 2 2 1 8 2 2 2
left_child=2 4 8 11 10 -4 19 12 -1 16 -2 -3 25 18 -15 20 -10 -9 -7 -5 -8 22 -14 24 -13 -6 -21 -24 -28 -30
right_child=1 3 5 6 7 13 15 17 9 -11 -12 23 21 14 -16 -17 -18 -19 -20 26 -22 -23 27 -25 -26 -27 28 -29 29 -31
leaf_value=-0.050571539107621667 0.051752635342807107 0.13101848488486331 -0.020593910480100765 0.053567976558263952 -0.0065756164618647507 0.031129022356088033 0.15177026527365528 0.058101628606032289 -0.015694232980347583 -0.045926783378633117 0.11336640881195997 0.056873492111332927 0.019891473289706155 0.033711489833270263 0.0010071278647607734 0.16672644017940585 -0.036318308307420333 0.094753264779123603 0.096231408890645562 0.14084397136440593 0.12129493455057797 0.10402148817489512 0.039367630872465843 0.06432347131754941 0.11193141664657986 0.033498666350194897 0.066184974476579339 0.07164314642549989 0.078514233678997902 0.12926240219861529
leaf_weight=10178.765541166067 130.74440559744835 185.9898633658886 816.09226194769144 69.72723551094532 188.69869586825371 274.02680795639753 1040.7143938243389 400.45260144770145 1093.490976177156 4049.0612208545208 533.65603722631931 98.766127534210682 255.73944032937288 455.1546745300293 899.83676894754171 929.29621237516403 1734.1789005547762 442.86222420632839 86.979208834469318 272.11362645030022 414.22576898336411 83.385074928402901 316.04215320944786 392.61843452602625 308.17894272506237 497.20039913058281 84.467310562729836 415.55971906334162 98.816958039999008 295.92070274055004
leaf_count=124510 1077 1177 8885 475 1861 2566 5765 3276 12133 48746 3927 771 2238 4172 8936 4814 20219 3101 721 1567 2542 603 2556 2957 2093 4403 575 3286 626 1824
internal_value=-0.000516559 0.100716 -0.0390467 0.130437 0.0625563 0.00651585 0.142536 0.0524627 -0.045811 -0.038764 0.0997502 0.0910778 0.040806 0.019416 0.0122507 0.152317 -0.0282437 0.077358 0.0468368 0.114119 0.143103 0.0522944 0.0479157 0.0817719 0.098586 0.0228669 0.11973 0.0577078 0.107714 0.116581
internal_weight=27042.8 7455.18 19587.6 4190.84 3264.34 2532.09 3205.28 2599.94 17055.5 6876.73 664.4 985.553 1756.63 1716 1354.99 2384.24 2827.67 843.315 361.006 821.046 1454.94 1070.73 987.341 799.564 406.945 685.899 751.319 731.602 479.205 394.738
internal_count=282402 51514 230888 25186 26328 25280 18188 21324 205608 81098 5004 6998 14947 16395 13108 13121 32352 6377 3287 5067 8307 8683 8080 5821 2864 6264 4592 5842 3025 2450
cat_boundaries=0 1 2 3 4 5
cat_threshold=20981840 72945666 58985012 16788016 68751360
is_linear=0
shrinkage=0.05


Tree=5
num_leaves=31
num_cat=5
split_feature=4 4 4 6 2 34 16 34 34 16 16 17 26 38 38 16 6 18 38 32 34 16 34 4 4 19 19 30 13 9
split_gain=36825.5 3494.08 1374.88 735.992 412.012 342.839 275.753 224.64 221.541 218.619 198.227 169.551 168.549 126.947 126.062 125.296 119.357 108.806 120.384 108.541 101.039 93.1779 92.54 86.8786 78.2163 77.3803 75.7265 69.9878 65.3533 64.9212
threshold=0.058333333333333341 0.28333333333333338 1.0000000180025095e-35 1.0000000180025095e-35 1.0000000180025095e-35 79.833333333333357 0 56.166666666666679 81.833333333333357 1 2 52.298650000000009 17.241666666666671 -0.93333333333333701 -0.85833333333334838 3 0.45000000000000007 115.39890000000001 -0.53333333333324606 1014.0166666666668 75.166666666666671 4 94.166666666666671 0.15833333333333335 0.18000000000000002 48.500000000000007 9.0000000000000018 23.258333333333336 0.27122391875406221 10.500000000000002
decision_type=2 2 2 2 8 2 1 2 2 1 1 2 2 10 10 1 2 2 8 2 2 1 2 2 2 2 2 2 2 2
left_child=2 4 7 13 9 -5 -4 -1 15 20 19 23 16 -3 25 -6 26 18 -14 -9 -2 29 -23 -10 -13 -8 -7 -25 -19 -15
right_child=1 3 6 5 8 12 14 10 11 -11 -12 24 17 21 -16 -17 -18 28 -20 -21 -22 22 -24 27 -26 -27 -28 -29 -30 -31
leaf_value=-0.050328080326100123 0.018440891793538371 0.10704476702865756 -0.022264055488915607 0.079879903716583073 0.0040379806086841699 0.10302797371388615 0.084504765387853176 -0.017197869107970398 0.06786478338866285 0.0078430374483128389 -0.045682625395585763 0.024723691469635042 0.12761156185869332 0.072140329717933521 0.0072078476065129682 0.051463054083905113 0.15025800805323086 0.15588966388934303 0.0858240878357171 -0.036696299691329405 0.060870336993480129 0.068406129649391148 0.10993968635897905 0.1008598726684371 0.069898028085401881 0.026022836768954363 0.13319806103420795 0.048154291984198412 0.090295551093852525 0.025965635147387613
leaf_weight=9422.0114457607269 199.61217604577541 306.0210744664073 804.59796809405088 386.99384531378746 209.29449163377285 262.80529378354549 91.213462717831135 1262.5932579264045 625.087477684021 731.49614330381155 4092.3954726830125 233.55048344284296 286.76458388566971 125.88739156723022 844.0503121688962 482.12097859382629 984.46544517576694 180.9659711420536 435.45102801918983 1642.7052760273218 473.11508069187403 363.63043439388275 213.36742087453604 527.26585728675127 162.59648557007313 148.99621739238501 1037.5915194451809 71.845311380922794 48.703220397233963 192.82166108489037
leaf_count=120160 1740 1877 8897 2393 1784 1426 748 14342 5014 6778 51209 2072 1559 917 8080 3871 4704 944 2573 19812 3808 2607 1317 3489 1120 1367 5478 517 263 1453
internal_value=-0.000644775 0.0850847 -0.0406402 0.113148 0.0486406 0.124395 -0.000242274 -0.0452874 0.0616165 0.0272758 -0.0384997 0.0717282 0.129714 0.0792266 0.0161563 0.0379125 0.137089 0.111999 0.102432 -0.0281267 0.0475781 0.0697115 0.0823541 0.0809302 0.0432782 0.0482558 0.127109 0.0945485 0.142025 0.0428763
internal_weight=26850 8541.45 18308.6 4825.47 3715.98 3623.74 1888.86 16419.7 2311.76 1404.22 6997.69 1620.35 3236.75 1201.73 1084.26 691.415 2284.86 951.885 722.216 2905.3 672.727 895.707 576.998 1224.2 396.147 240.21 1300.4 599.111 229.669 318.709
internal_count=282319 57704 224615 27511 30193 19340 19092 205523 17867 12326 85363 12212 16947 8171 10195 5655 11608 5339 4132 34154 5548 6294 3924 9020 3192 2115 6904 4006 1207 2370
cat_boundaries=0 1 2 3 4 5
cat_threshold=72994818 29641328 58985012 73310272 102309892
is_linear=0
shrinkage=0.05


Tree=6
num_leaves=31
num_cat=4
split_feature=4 4 4 26 6 4 16 16 34 34 16 4 16 38 32 38 18 38 17 18 2 23 37 10 2 26 38 38 20 26
split_gain=32599.7 2871.93 1333.86 552.081 428.047 318.012 296.674 250.39 234.338 227.667 198.502 164.283 133.822 150.355 123.78 116.048 110.319 107.744 96.7274 89.7528 84.4998 78.8117 72.0954 65.2267 64.6906 62.6585 61.2017 57.6122 91.2382 53.6714
threshold=0.058333333333333341 0.31666666666666671 1.0000000180025095e-35 15.533333333333337 1.0000000180025095e-35 0.65833333333333344 0 1 73.166666666666671 55.416666666666679 2 0.58333333333333359 3 -0.83333333333320059 1014.0166666666668 -0.53333333333324606 115.39890000000001 -0.85833333333334838 52.298650000000009 115.39890000000001 0.15000000000000005 2.671448784573498 0.032107915686866946 0.78656609248549325 1.0000000180025095e-35 27.016666666666669 -0.66666666666645813 -0.93333333333333701 12.451300000000002 15.241666666666669
decision_type=2 2 2 2 2 2 1 1 2 2 1 2 1 10 2 8 2 10 2 2 10 2 2 2 8 2 8 8 2 2
left_child=2 4 9 11 6 15 -2 -4 22 -1 14 21 -10 -14 27 23 20 25 26 -17 -7 -3 -8 -5 -15 -9 -6 28 -11 -28
right_child=1 3 7 5 18 16 8 17 12 10 -12 -13 13 24 -16 19 -18 -19 -20 -21 -22 -23 -24 -25 -26 -27 29 -29 -30 -31
leaf_value=-0.049968723365823912 0.00088777867347872113 0.11344706913903053 -0.021550342618789027 0.070489152597523363 0.10430797172490398 0.079437394705330566 0.031372795671500024 0.02923001443152394 0.0728051464656293 0.06728416399814223 -0.045914958636653104 0.13003271032509842 0.071840989945257033 0.019587571002953427 -0.036923080305114438 0.045473646847018261 0.13078572045815631 0.0068090615154739803 0.050746100811453268 0.0952990030822395 0.10991391747837137 0.082026792950142327 -0.0028372244677197372 0.11328915058109004 0.045415143180805459 0.086277186468459791 0.08749832823040421 -0.022563442041239917 -0.0093631171107205185 0.056572617465028154
leaf_weight=8950.798828125 481.85651176422834 624.64266405254602 790.38512913882732 214.57837458699942 233.2619052156806 446.51960299909115 402.17734053730965 183.43749163299799 623.48952078819275 45.592531710863113 3664.0140565633774 1565.7312820404768 334.30678690224886 468.57263458520174 1845.7014738097787 567.9439350143075 283.79269500076771 848.69252756237984 336.75212360918522 107.54795280098915 467.40220937132835 295.50331059098244 249.5161594375968 153.22591837495565 502.87141236662865 65.255301110446453 318.78705026954412 1050.6998271346092 258.26895593106747 252.23066128790379
leaf_count=119034 4511 3281 8897 1283 1424 2554 3380 1638 4495 519 47630 7275 2508 4038 23091 3742 1431 8080 2375 638 2482 1637 2139 853 3898 477 2031 12237 3012 1729
internal_value=-0.000682704 0.0771995 -0.0399728 0.103939 0.0471315 0.0859328 0.037391 -0.000247778 0.0440317 -0.0447146 -0.0378627 0.120167 0.0529587 0.0425936 -0.0284102 0.0657396 0.103516 0.0151541 0.0732716 0.0534195 0.0950342 0.103367 0.0182763 0.0883454 0.0329606 0.0442275 0.0826955 -0.0170186 0.00215568 0.0738501
internal_weight=26633.6 8930.71 17702.8 4726.89 4203.82 2241.01 3062.79 1887.77 2580.93 15815.1 6864.28 2485.88 1929.24 1305.75 3200.26 1043.3 1197.71 1097.39 1141.03 675.492 913.922 920.146 651.693 367.804 971.444 248.693 804.28 1354.56 303.861 571.018
internal_count=282319 57704 224615 25176 32528 12983 24969 19092 20458 205523 86489 12193 14939 10444 38859 6516 6467 10195 7559 4380 5036 4918 5519 2136 7936 2115 5184 15768 3531 3760
cat_boundaries=0 1 2 3 4
cat_threshold=68747264 72994818 58985076 21244464
is_linear=0
shrinkage=0.05


Tree=7
num_leaves=31
num_cat=0
split_feature=4 4 4 6 2 34 17 2 24 17 34 34 38 38 38 26 1 26 23 34 34 20 26 18 6 10 30 34 18 18
split_gain=29040.4 2444.04 1293.45 702.661 281.263 230.635 206.068 187.366 171.459 165.416 138.199 112.311 100.616 96.5473 92.6806 105.316 92.6061 86.327 85.7548 81.497 72.073 71.9671 71.7574 104.702 68.3957 64.2171 68.8535 61.4207 59.2256 59.107
threshold=0.058333333333333341 0.2166666666666667 1.0000000180025095e-35 0.25000000000000006 1.0000000180025095e-35 55.416666666666679 52.298650000000009 1.0000000180025095e-35 11.304804552208081 52.298650000000009 75.583333333333357 75.166666666666671 -0.75833333333332564 -1.3000000000000111 -0.8499999999998521 21.366666666666671 1.0000000180025095e-35 28.141666666666673 1.9324650203211082 46.833333333333336 66.166666666666671 24.377650000000003 15.741666666666669 115.39890000000001 1.0000000180025095e-35 0.78656609248549325 22.041666666666671 78.166666666666671 115.39890000000001 -96.12483499999999
decision_type=2 2 2 2 10 2 2 8 2 2 2 2 8 10 10 2 2 2 2 2 2 2 2 2 2 2 2 2 2 2
left_child=2 6 5 4 11 -1 7 16 -7 17 -5 -3 -9 21 -6 27 -2 20 -12 -14 -4 -10 -13 25 -8 -24 -27 -16 -22 -21
right_child=1 3 9 10 14 8 24 12 13 -11 18 22 19 -15 15 -17 -18 -19 -20 29 28 -23 23 -25 -26 26 -28 -29 -30 -31
leaf_value=-0.049558800144032744 0.010013775582584133 0.035730368750994022 -0.015719857041199659 0.063508683390306186 0.10458718597450334 -0.040689519748319219 -0.002275714376821641 0.07403941164162868 0.069805660707002101 -0.029319322025205513 0.12008170739326436 0.08090963077192799 0.0032434254383093435 -0.023809950543321579 0.048749612319037211 0.056174516641458054 0.039277106347952659 0.046467633081443034 0.1005401686505189 0.078892221333183743 0.0056495387413807302 -0.013279147779092212 0.041748169997878282 0.098228303808267331 0.033059972478667085 0.044829557811945267 0.1158230677789953 0.094208085730659863 0.041079682501089163 0.044511027964291086
leaf_weight=8582.9188309013844 502.83633154630661 362.62299276143312 356.5109850987792 154.03049452602863 612.36010272800922 5571.0624387934804 411.05024433135986 411.49020080268383 50.237833634018898 388.50738107413054 1445.5128505080938 554.98195876181126 105.28482991456985 977.03450885415077 82.665159404277802 322.23127631098032 584.87444814294577 128.4414251819253 926.65569543838501 146.13170681893826 876.73770702630281 53.992237254977226 537.98171716928482 132.13689264655113 205.25189805775881 68.980561219155788 67.948239147663116 766.07757766544819 136.19605611264706 871.11977965384722
leaf_count=119034 4255 2574 3582 851 3099 73326 3918 2788 569 4430 6496 3178 861 11934 516 1979 4759 1044 4393 969 8848 660 3532 733 1528 431 380 4027 1188 6437
internal_value=-0.000710843 0.0705577 -0.0393065 0.0893622 0.0748786 -0.0441422 0.0355132 0.0416286 -0.037153 -0.000251173 0.109471 0.0604744 0.0528843 -0.0189297 0.0888046 0.0805429 0.0257512 0.0072897 0.112453 0.0451235 0.00361204 0.0267954 0.0670591 0.0575257 0.00949586 0.0495434 0.0801175 0.0897868 0.010417 0.0494573
internal_weight=26393.9 9272.22 17121.6 6034.19 3507.99 15235.2 3238.04 2621.74 6652.33 1886.39 2526.2 1724.65 1534.03 1081.26 1783.33 1170.97 1087.71 1497.89 2372.17 1122.54 1369.44 104.23 1362.03 807.047 616.302 674.911 136.929 848.743 1012.93 1017.25
internal_count=282319 57704 224615 32189 20449 205523 25515 20069 86489 19092 11740 10828 11055 13163 9621 6522 9014 14662 10889 8267 13618 1229 8254 5076 5446 4343 811 4543 10036 7406
is_linear=0
shrinkage=0.05


Tree=8
num_leaves=31
num_cat=8
split_feature=4 6 4 4 4 34 16 16 16 26 34 2 32 34 16 26 38 38 13 26 16 37 16 38 16 2 26 38 20 16
split_gain=25997.4 2110.05 1254.02 475.214 369.682 233.739 216.908 201.297 189.941 147.476 147.061 124.857 117.941 108.378 103.091 96.4904 94.5291 81.4305 66.3083 65.6601 67.6617 69.3985 63.0774 59.2997 76.8586 53.9997 53.7 53.4046 68.8475 52.4814
threshold=0.058333333333333341 1.0000000180025095e-35 1.0000000180025095e-35 0.51666666666666683 0.2166666666666667 56.166666666666679 0 1 2 17.241666666666671 81.583333333333357 0.24000000000000005 1014.0166666666668 94.416666666666671 3 28.141666666666673 0.39999999999992047 -0.69999999999987483 -0.051476858357251354 28.616666666666671 4 -0.66634236648732081 5 -0.96666666666664003 6 1.0000000180025095e-35 27.016666666666669 -0.93333333333333701 12.451300000000002 7
decision_type=2 2 2 2 2 2 1 1 1 2 2 10 2 2 1 2 8 10 2 2 1 2 1 10 1 10 2 8 2 1
left_child=2 4 5 11 8 -1 -4 12 -2 -5 19 14 27 23 -3 18 -11 26 -16 20 21 -10 -12 -6 -25 -24 -8 28 -7 -15
right_child=1 3 6 9 13 7 17 -9 10 16 22 -13 -14 29 15 -17 -18 -19 -20 -21 -22 -23 25 24 -26 -27 -28 -29 -30 -31
leaf_value=-0.04909216851341483 -0.0039512031523886524 0.077729052099259011 -0.02278226361434026 0.10782385524820899 0.069731694908104463 0.057510128203829385 0.022347431537350269 -0.044841741494263704 0.059226267490514531 0.094737184452099707 0.061185620435892908 0.08831167807506575 -0.035294289494379787 0.050291951890729839 0.026264729041850565 0.097567584913384298 0.062374952417188073 0.0045359491551889633 0.05513013713262363 0.054460117605246772 -0.006296560607382224 0.011354135989748944 0.028379167575533007 0.05456343278981312 0.022330178965289976 0.05359367915066663 0.069630131391240455 -0.020837722151952176 -0.0073592702939000044 0.086346138305883585
leaf_weight=8309.5197565257549 411.20541029423475 663.51803527772427 674.15217167139053 1926.0065708756447 227.95043031871319 48.863342359662056 251.94088034331799 3368.3608724400401 107.77929046750069 711.46449515223503 386.73878848552704 601.71851713955402 1711.5647881701589 313.97059836238623 329.65755175799131 92.375906847417355 331.79261747002602 880.26871155202389 502.92508632689714 96.845468543469906 322.54651411622763 254.05826415866613 746.00702141970396 472.11506364494562 383.58385506272316 297.09951909631491 78.818624943494797 992.57060313969851 248.35660645365715 391.88166850805283
leaf_count=120160 3944 3703 7872 8325 1283 515 2262 47034 845 3391 2630 3017 22778 1895 2069 522 1684 8413 3030 685 2799 2014 5915 2997 2757 2098 545 12057 2979 2101
internal_value=-0.000730943 0.0648715 -0.0386375 0.0865804 0.0394822 -0.0435676 -0.000248199 -0.0363599 0.0275239 0.0996152 0.033245 0.0689052 -0.0266016 0.0570028 0.0615489 0.0485697 0.0844518 0.0123827 0.0437055 0.0159474 0.0104904 0.0249371 0.0429266 0.0470632 0.041017 0.0352276 0.0336323 -0.0152707 0.0033211 0.0722538
internal_weight=26135.7 9571.24 16564.4 5159.46 4411.78 14679.2 1885.18 6369.72 2622.28 2969.26 2211.07 2190.2 3001.36 1789.5 1588.48 924.959 1043.26 1211.03 832.583 781.23 684.384 361.838 1429.85 1083.65 855.699 1043.11 330.76 1289.79 297.22 705.852
internal_count=282319 57704 224615 25741 31963 205523 19092 85363 20930 13400 16986 12341 38329 11033 9324 5621 5075 11220 5099 6343 5658 2859 10643 7037 5754 8013 2807 15551 3494 3996
cat_boundaries=0 1 2 3 4 5 6 7 8
cat_threshold=72962050 58985076 68747264 16935540 29624884 21244432 17193586 102301702
is_linear=0
shrinkage=0.05


Tree=9
num_leaves=31
num_cat=8
split_feature=4 4 4 6 16 34 34 2 16 16 34 32 16 16 26 4 35 38 16 38 16 37 38 16 13 38 37 2 30 9
split_gain=23414.5 2355.68 578.284 562.9 251.404 236.605 232.76 212.406 201.403 137.619 122.449 116.166 115.187 100.317 88.0146 84.8981 84.4226 84.312 77.0687 72.7991 92.8434 67.0579 63.5743 63.5647 58.626 57.2635 54.5095 50.331 47.1684 69.1976
threshold=0.041666666666666678 0.2166666666666667 1.0000000180025095e-35 0.25000000000000006 0 55.416666666666679 79.833333333333357 1.0000000180025095e-35 1 2 94.166666666666671 1010.9416666666668 3 4 28.616666666666671 0.11666666666666668 8.5122372841814755 -1.0500000000001248 5 -0.70000000000010221 6 -0.38521672376876703 -0.59999999999996578 7 -0.26296220265651482 -0.55000000000001126 -0.36538972414534471 1.0000000180025095e-35 20.683333333333341 16.500000000000004
decision_type=2 2 2 2 1 2 2 10 1 1 2 2 1 1 2 2 2 10 1 10 1 2 8 1 2 10 2 10 2 2
left_child=2 4 5 7 15 -1 14 9 11 -3 22 25 -4 -8 18 -2 -11 -15 21 -9 -21 -6 -5 -24 -25 28 -13 -14 -7 -30
right_child=1 3 12 10 6 8 13 19 -10 16 -12 26 27 17 -16 -17 -18 -19 -20 20 -22 -23 23 24 -26 -27 -28 -29 29 -31
leaf_value=-0.048750236929052893 -0.014613010764516009 0.079184313574839418 -0.024171135316386178 0.094986372152306472 0.042571706728125283 -0.0070307924465347078 0.059388693653960184 0.087141939955256265 -0.044351787222068575 0.054508223442373785 0.1006799387457894 -0.021004516619733057 0.0013665511581181702 0.05780409503888561 0.050937320551195743 0.01993630410439361 0.03050977497017604 0.029021499316450757 -0.0052870953156697719 0.046874454180858789 0.079816483475823707 0.0060142914047808154 0.093039871792213832 0.03108270049902629 0.070950836129531736 -0.019948012916650677 -0.037846194110419555 0.039123243158673264 0.065953673668634957 -0.01923790827561021
leaf_weight=7892.1942174732685 417.63087072968483 367.48794341087341 508.7761784568429 348.65497250854969 232.99735196679831 192.74021098017693 644.44994150102139 725.05549786984921 3282.7000294998288 779.88028464466333 1765.9584738463163 725.72825703769922 563.94223263859749 318.18766008317471 143.32631111890078 309.4923210889101 692.28842041641474 1271.713255263865 485.42355071008205 501.66633084416389 690.32375152409077 271.68767669051886 200.77268660068512 179.45731350779533 190.16294325888157 526.17481361329556 1424.1977812126279 104.54461310058832 65.270449034869671 37.457282930612564
leaf_count=119034 4411 1962 5973 1525 1811 2333 4322 3421 47630 4402 7508 9754 5248 2160 983 2427 4464 9828 4332 2744 3456 2200 905 901 901 6469 19155 912 715 433
internal_value=-0.000739885 0.0566354 -0.0401913 0.0754847 0.0269823 -0.0429933 0.0326906 0.0629856 -0.0357281 0.0508431 0.0929697 -0.0259636 -0.0065205 0.0421496 0.0143302 9.19951e-05 0.0429342 0.0345676 0.00902646 0.0746347 0.0670202 0.022452 0.0781452 0.0678361 0.0502487 -0.010058 -0.0321624 0.00716906 0.00755521 0.034902
internal_weight=25860.3 10536.6 15323.7 6441.71 4094.91 14146.5 3367.79 3756.7 6254.27 1839.66 2685.01 2971.57 1177.26 2234.35 1133.43 727.123 1472.17 1589.9 990.109 1917.05 1191.99 504.685 919.048 570.393 369.62 821.643 2149.93 668.487 295.468 102.728
internal_count=282319 64663 217656 32189 32474 205523 25636 20449 86489 10828 11740 38859 12133 16310 9326 6838 8866 11988 8343 9621 6200 4011 4232 2707 1802 9950 28909 6160 3481 1148
cat_boundaries=0 1 2 3 4 5 6 7 8
cat_threshold=68747264 58985076 16803856 68931586 21244432 25430580 102170630 25184304
is_linear=0
shrinkage=0.05


Tree=10
num_leaves=31
num_cat=5
split_feature=4 4 4 4 26 34 34 16 26 16 38 16 16 26 26 38 4 16 19 10 20 10 26 37 26 24 23 10 19 4
split_gain=21211.4 2032.12 576.925 506.634 270.719 240.752 216.97 194.172 187.241 186.933 118.698 132.418 105.625 104.986 96.1995 85.4572 84.3279 81.6091 72.4677 65.0649 62.8552 104.162 61.8242 57.6772 57.0777 52.2659 50.3341 57.1181 52.1329 48.6276
threshold=0.041666666666666678 0.2166666666666667 1.0000000180025095e-35 0.65833333333333344 12.241666666666669 72.583333333333357 77.833333333333357 0 19.741666666666671 1 -0.53333333333324606 2 3 28.441666666666674 28.141666666666673 0.8666666666667312 0.15833333333333335 4 35.000000000000007 0.91597561503675362 12.451300000000002 0.78656609248549325 26.866666666666671 -0.097661863401139179 26.758333333333336 18.426966666782029 1.3256512716024627 0.78656609248549325 48.500000000000007 1.216666666666667
decision_type=2 2 2 2 2 2 2 1 2 1 8 1 1 2 2 8 2 1 2 2 2 2 2 2 2 2 2 2 2 2
left_child=2 6 5 4 -3 20 14 -8 29 22 24 -12 -4 16 17 26 18 -2 -9 -15 21 -1 -7 -19 25 -6 -10 -28 -29 -5
right_child=1 3 12 8 10 9 7 13 15 -11 11 -13 -14 19 -16 -17 -18 23 -20 -21 -22 -23 -24 -25 -26 -27 27 28 -30 -31
leaf_value=-0.029327595607702303 -0.014905928487572615 0.074380476339854729 0.0076844738674171839 0.086690860606813913 0.056618778079418591 -0.022247425982045852 0.048647525473433546 -0.0054516317194768108 0.10496733152125466 -0.040723259081824711 0.023559457553443894 0.054996866294047465 -0.022255933375856966 0.03412956825168053 0.042103664151911524 0.035889035619954143 0.03777154931830768 0.02779122038643116 0.020372050526633542 0.10381272875007688 -0.04743351072075648 0.10914706630484042 0.0090358410937538217 -0.0023918445039823777 0.082142816123046969 -0.015305400470504386 0.058913398917610243 0.10168098950159964 0.023856206394310981 0.10239496274762186
leaf_weight=94.311223819851875 422.11772386729717 1437.8950692415237 642.93829070031643 1075.4100338220596 517.93284384906292 1403.3100764378905 1154.9245331957936 403.20622645318508 113.28714208304882 2675.8207170292735 806.39023471623659 646.96246138215065 529.13741825520992 78.095559224486351 173.51067726314068 180.75640161335468 424.72154852002859 331.61471533030272 832.48118253052235 58.764807172119617 9273.617344237864 15.762433201074598 177.90572019666433 302.68985544890165 246.6256624981761 26.513505786657333 446.47061261534691 166.52207683026791 24.792727738618851 922.2219175696373
leaf_count=1328 4033 6866 5805 4623 2669 18525 7661 4013 499 39894 4900 3522 6332 526 1203 908 2835 2612 6784 344 143541 201 2076 2575 1238 163 2165 746 121 3810
internal_value=-0.000774645 0.0525349 -0.0396208 0.069789 0.0574408 -0.0425132 0.0252559 0.0326066 0.0853083 -0.0326495 0.0465855 0.0380972 -0.00595728 0.021904 0.00761083 0.0667839 0.0185539 0.00194215 0.011946 0.0641039 -0.0469877 -0.0094171 -0.0186097 0.013182 0.0621733 0.053114 0.0742134 0.0687351 0.0916133 0.0939455
internal_weight=25606.7 10793.9 14812.8 6611.78 3682.32 13640.7 4182.13 2952.19 2929.46 4257.04 2244.42 1453.35 1172.08 1797.27 1229.93 931.829 1660.41 1056.42 1235.69 136.86 9383.69 110.074 1581.22 634.305 791.072 544.446 751.073 637.785 191.315 1997.63
internal_count=282518 64816 217702 32230 19358 205565 32586 22163 12872 60495 12492 8422 12137 14502 10423 4439 13632 9220 10797 870 145070 1529 20601 5187 4070 2832 3531 3032 867 8433
cat_boundaries=0 1 2 3 4 5
cat_threshold=21260912 58985008 35238406 58985076 106541056
is_linear=0
shrinkage=0.05


Tree=11
num_leaves=31
num_cat=1
split_feature=7 7 6 6 34 2 2 30 17 34 17 30 2 38 38 22 1 3 2 17 10 34 23 34 26 17 34 38 24 38
split_gain=18584 1762.31 1469.46 266.354 242.368 185.206 147.396 140.697 140.11 133.891 121.132 85.4091 80.2424 75.3731 72.5571 92.0787 70.9115 156.987 70.0216 66.0405 65.6383 59.4171 56.2025 55.6872 65.1233 53.7978 52.0672 51.8359 55.3481 48.1815
threshold=0.15000000000000005 1.0000000180025095e-35 1.0000000180025095e-35 0.55000000000000016 72.583333333333357 1.0000000180025095e-35 0.24000000000000005 18.316666666666674 52.298650000000009 61.583333333333336 51.152600000000007 23.916666666666675 1.0000000180025095e-35 -1.3999999999999202 -0.59999999999996578 0 1.0000000180025095e-35 0.15000000000000005 1.0000000180025095e-35 51.152600000000007 0.60355339059327384 37.416666666666679 8.2662185900731551 19.166666666666668 24.558333333333337 55.924650000000007 78.166666666666671 -1.1499999999998065 11.468173404502455 -0.99999999999994305
decision_type=2 2 2 2 2 10 10 2 2 2 2 2 8 10 8 1 2 2 8 2 2 2 2 2 2 2 2 10 2 10
left_child=1 4 5 6 23 9 14 19 12 -2 11 16 -3 22 -4 -16 18 -18 -11 -6 -13 -14 -9 -1 -25 29 -8 28 -23 -7
right_child=2 8 3 -5 7 25 26 13 -10 10 -12 20 21 -15 15 -17 17 -19 -20 -21 -22 27 -24 24 -26 -27 -28 -29 -30 -31
leaf_value=-0.050667122031277691 0.0021183058535800313 0.00048880097494664312 0.068105770400094093 0.089364166780607268 -0.030973785922723346 0.067085203051420961 0.044480289353364434 0.10623807413513163 -0.01937842107446977 0.014376553129625222 0.0056942398684117464 -0.0074417897068970425 -0.016486634411774018 -0.012185363619390006 0.056729557424821088 0.025724249834319229 0.027839526797303327 0.067769333096663317 0.040790693484549834 -0.045825483226370867 0.082503959300060076 0.026249679870238848 -0.017703585715139705 -0.045388165171576469 -0.029517721552195453 0.011416661256129315 0.077868449995927472 0.019191014763962042 0.085190954679147321 0.044557583467686006
leaf_weight=4285.07242802158 517.45087252557278 943.84724931418896 776.82621618360281 1427.3437186330557 2622.623502150178 327.09780354052782 126.77293910086155 24.546539522707462 479.78132367134094 470.08237033337355 430.1829235330224 172.2449534535408 95.158129163086414 430.49398680776358 1083.7865928262472 383.35016839206219 504.16961269825697 481.34516081213951 538.4071831330657 1048.4470280259848 22.888853304088116 97.674158722162247 14.503852680325506 3951.7314873076975 773.74137143418193 93.996421672403812 1550.2908020913601 702.39111945033073 67.314611569046974 871.01732417196035
leaf_count=70224 4095 9218 3664 5874 38305 1703 630 253 5502 3373 3556 1295 880 5427 5441 2115 3299 2813 3402 16348 132 758 162 62912 11934 714 6719 6147 421 5202
internal_value=-0.000778295 -0.0347623 0.0532264 0.0708655 -0.041935 0.0319241 0.0641295 -0.0319203 0.00477011 0.0253603 0.0299516 0.0347179 0.0108483 -0.00614738 0.0557427 0.0491924 0.0378072 0.0473469 0.028481 -0.0352165 0.00314554 0.0210055 0.0602768 -0.0465367 -0.0427902 0.0478554 0.0753474 0.0251201 0.0503345 0.0507129
internal_weight=25314.6 15537.3 9777.25 5348.37 13151.2 4428.88 3921.03 4140.61 2386.17 3136.77 2619.32 2189.14 1906.39 469.544 2243.96 1467.14 1994 985.515 1008.49 3671.07 195.134 962.538 39.0504 9010.55 4725.47 1292.11 1677.06 867.38 164.989 1198.12
internal_count=282518 228491 54027 24443 205565 29584 18569 60495 22926 21965 17870 14314 17424 5842 11220 7556 12887 6112 6775 54653 1427 8206 415 145070 74846 7619 7349 7326 1179 6905
cat_boundaries=0 1
cat_threshold=6
is_linear=0
shrinkage=0.05


Tree=12
num_leaves=31
num_cat=7
split_feature=4 6 4 4 4 34 16 16 26 34 16 16 38 16 32 38 26 18 34 16 37 34 34 26 2 10 17 16 23 24
split_gain=17514.9 1637.09 542.575 318.645 298.089 244.873 209.95 172.547 141.018 118.365 109.284 104.422 99.4173 96.5551 95.1678 79.3552 76.6187 71.0445 69.641 67.907 63.7994 61.8863 52.8145 52.7654 50.9194 50.7106 50.0861 48.9317 47.8543 47.4194
threshold=0.041666666666666678 1.0000000180025095e-35 1.0000000180025095e-35 0.61666666666666681 0.15833333333333335 56.166666666666679 0 1 15.533333333333337 61.166666666666679 2 3 -0.70000000000010221 4 1010.9416666666668 -0.83333333333320059 30.258333333333336 115.39890000000001 85.583333333333357 5 -0.36538972414534471 88.166666666666671 89.416666666666671 21.366666666666671 1.0000000180025095e-35 0.78656609248549325 55.924650000000007 6 2.9287121096999189 17.217484124576114
decision_type=2 2 2 2 2 2 1 1 2 2 1 1 8 1 2 10 2 2 2 1 2 2 2 2 8 2 2 1 2 2
left_child=2 4 5 11 7 -1 14 -2 -5 -9 28 -3 -13 -4 24 -12 19 -10 26 -11 27 -17 -21 -23 -7 -26 -14 -16 -6 -27
right_child=1 3 13 8 10 6 -8 9 17 16 15 12 18 -15 20 21 -18 -19 -20 22 -22 23 -24 -25 25 29 -28 -29 -30 -31
leaf_value=-0.047572790406812546 -0.013035454607273953 0.06719760383378913 -0.027874712790435997 0.08665297910563971 0.069246430097957459 -0.018084296104028268 -0.042153967850776325 -0.002454254269679183 0.057079592801831225 0.039326647790189712 0.047785559683102607 0.060990949782448636 0.026680757798480833 0.0035530274659485144 0.0081670844341961146 0.013646916661389206 0.093376972473819542 0.085634743156389886 0.044999036188494969 0.0068298725402876313 -0.035879776449700633 0.045375751586719769 0.026645287367546462 0.019136811244171895 -0.0021269360182061135 0.019826794508427056 -0.024504261583992881 -0.023938581256268021 0.042937228988270099 0.11423802370410739
leaf_weight=7040.7340563684702 449.08560276031494 974.76263772696257 335.84700422734022 1580.7730005085468 367.64870691299438 446.33544168621302 3171.1781837791204 451.24003735929728 913.97699689865112 556.34303642064333 572.31505768746138 655.02118727564812 331.28543864190578 830.05297338962555 159.24001591652632 606.25507349520922 41.141089111566544 286.73105379939079 828.35111983120441 586.20078251510859 1125.9395847097039 477.425806440413 788.88177318871021 320.38518317788839 231.85061264783144 44.008083485066891 55.767865359783173 444.00056816637516 327.67893017828465 18.995378658175468
leaf_count=120189 4800 4595 4239 6368 1876 5616 51104 3886 4024 3727 3066 3094 1925 7898 2278 4167 243 1184 4222 4803 16336 2712 6024 1962 2942 535 356 6367 1782 198
internal_value=-0.000778218 0.0457995 -0.0383523 0.0647999 0.0265171 -0.0413531 -0.0335902 0.0153362 0.0768359 0.0205622 0.0385388 0.0530312 0.0450452 -0.00571019 -0.0223347 0.0319304 0.0259315 0.0639052 0.0368177 0.0244901 -0.0288499 0.0256921 0.0180677 0.0348424 -0.00743417 0.00868812 0.0193014 -0.015725 0.05605 0.0484275
internal_weight=25019.5 11171.3 13848.2 5626.67 5544.6 12682.3 5641.55 2872.89 2781.48 2423.81 2671.71 2845.19 1870.43 1165.9 2470.37 1976.38 1972.57 1200.71 1215.4 1931.43 1729.18 1404.07 1375.08 797.811 741.19 294.854 387.053 603.241 695.328 63.0035
internal_count=282518 64816 217702 25768 39048 205565 85376 23483 11576 18683 15565 14192 9597 12137 34272 11907 14797 5208 6503 14554 24981 8841 10827 4674 9291 3675 2281 8645 3658 733
cat_boundaries=0 1 2 3 4 5 6 7
cat_threshold=58985012 68747264 16779856 21030992 1773570 16788016 33556512
is_linear=0
shrinkage=0.05


Tree=13
num_leaves=31
num_cat=5
split_feature=4 4 4 26 34 4 16 34 4 16 17 10 16 19 17 32 32 2 26 26 16 20 26 34 10 30 34 16 34 4
split_gain=15952.9 1463.42 528.408 364.806 247.214 193.823 182.008 179.808 176.76 159.601 116.839 109.531 127.861 121.586 91.9898 89.2149 86.0816 80.1833 73.309 73.2237 71.4565 64.4103 94.9608 58.561 50.7124 51.8106 48.1694 48.1642 47.9105 46.2221
threshold=0.041666666666666678 0.24166666666666672 1.0000000180025095e-35 15.433333333333335 72.583333333333357 0.45833333333333337 0 77.583333333333357 1.0833333333333337 1 55.924650000000007 0.78656609248549325 2 48.500000000000007 52.298650000000009 1002.5166666666668 1014.0166666666668 1.0000000180025095e-35 28.141666666666673 28.441666666666674 3 12.451300000000002 29.616666666666671 91.833333333333357 0.37940952255126054 23.983333333333338 22.416666666666668 4 19.166666666666668 0.14166666666666669
decision_type=2 2 2 2 2 2 1 2 2 1 2 2 1 2 2 2 2 10 2 2 1 2 2 2 2 2 2 1 2 2
left_child=2 7 4 5 21 -3 16 18 10 15 11 12 24 -13 27 -9 -6 19 20 29 -2 22 -1 -7 25 -5 -22 -4 -23 -11
right_child=1 3 14 8 6 23 -8 9 -10 17 -12 13 -14 -15 -16 -17 -18 -19 -20 -21 26 28 -24 -25 -26 -27 -28 -29 -30 -31
leaf_value=-0.029992346878462459 -0.017015168276241333 0.053065548313282952 0.01801176255622846 0.022275745880040415 -0.0058547927607430191 0.060672898956148018 -0.039914689939850888 0.088933636071876362 0.066932599692608882 0.0035081199781210634 -0.012922182916303072 0.077276156413978087 0.048298929768797044 0.02452734337360777 -0.037033102496062287 0.038926251718828658 -0.02835453133010081 0.033249999840411999 0.034251659965705228 0.053226444970979669 -0.026957087908911083 -0.050133132698976915 0.090646756218006191 0.081949260798810111 0.041883602273594091 -0.010692783866282415 0.014150344429603343 -0.0062825262014583692 -0.042482664474801757 0.022693961913788085
leaf_weight=83.632062636315823 364.26132812350988 1177.8412672206759 277.81235355138779 474.02061414718628 794.10095294564962 394.91541416943073 2204.957019302994 97.410157039761543 768.69160023331642 926.32263346761465 101.99375049769878 372.63941520452499 979.79031041264534 154.71154148876667 192.40003724396229 1055.3083617091179 914.90700198709965 727.48802849650383 193.04930767416954 105.30119639635086 79.623724721372128 3926.3598318211734 20.159132618457079 1825.8863347172737 219.41464775800705 159.10820603370667 671.98959407955408 690.24811688810587 4289.7383516430855 474.78800099343061
leaf_count=1271 3499 5519 2401 2625 10087 1696 36704 563 3268 8256 547 1709 4850 770 2557 6346 13704 4612 1256 631 707 70125 258 7418 1137 959 5269 7179 73416 3179
internal_value=-0.000777051 0.042907 -0.0377109 0.0580343 -0.0407695 0.0694707 -0.0304052 0.0215501 0.0460003 0.0276328 0.0394615 0.0417261 0.0359433 0.0618086 -0.00546548 0.0427883 -0.0177967 0.0195319 0.00581123 0.0130349 0.000888335 -0.0456448 -0.00649618 0.0781687 0.0209276 0.0139902 0.00966398 0.000811698 -0.0461393 0.0100107
internal_weight=24718.9 11324.6 13394.3 6629.01 12233.9 3398.64 3913.96 4695.54 3230.37 3386.62 2461.68 2359.68 1832.33 527.351 1160.46 1152.72 1709.01 2233.9 1308.92 1506.41 1115.87 8319.89 103.791 2220.8 852.543 633.129 751.613 968.06 8216.1 1401.11
internal_count=282518 64816 217702 30498 205565 14633 60495 34318 15865 23587 12597 12050 9571 2479 12137 6909 23791 16678 10731 12066 9475 145070 1529 9114 4721 3584 5976 9580 143541 11435
cat_boundaries=0 1 2 3 4 5
cat_threshold=58985012 21244528 100773890 35205120 16779824
is_linear=0
shrinkage=0.05


Tree=14
num_leaves=31
num_cat=1
split_feature=4 6 4 4 34 4 30 2 34 30 17 38 19 34 17 17 35 38 34 18 13 20 38 22 38 28 20 10 18 37
split_gain=14550.7 1352.45 514.334 285.079 249.884 228.233 153.754 119.188 111.311 97.8779 86.1244 85.6185 84.6475 76.6935 64.2505 59.9836 52.0158 50.2821 48.8935 47.8906 58.9319 47.5725 47.5636 49.3191 46.8012 45.0527 43.508 78.2752 42.3595 48.2448
threshold=0.041666666666666678 1.0000000180025095e-35 1.0000000180025095e-35 0.75833333333333341 56.166666666666679 0.11666666666666668 15.916666666666668 0.15000000000000005 94.583333333333357 12.616666666666669 52.298650000000009 -1.4499999999999884 29.000000000000004 78.833333333333357 52.298650000000009 51.152600000000007 17.448335275691452 -1.3000000000000111 36.833333333333336 115.39890000000001 -0.23802450821255547 24.377650000000003 -0.59999999999996578 0 -0.99999999999994305 73.833333333333357 12.451300000000002 0.60355339059327384 115.39890000000001 -0.32510895355109021
decision_type=2 2 2 2 2 2 2 10 2 2 2 10 2 2 2 2 2 8 2 2 2 2 8 1 10 2 2 2 2 2
left_child=2 5 4 7 26 12 14 17 15 -5 25 21 -2 -14 16 18 -6 -3 -7 20 -19 -8 -11 -24 -15 -4 27 -1 -20 -30
right_child=1 3 10 9 6 8 11 -9 -10 22 -12 -13 13 24 -16 -17 -18 19 28 -21 -22 -23 23 -25 -26 -27 -28 -29 29 -31
leaf_value=-0.034870974595749352 -0.008645018454513936 0.058481164051609281 0.014375912875506373 0.081323306223627823 -0.026442820803917882 -0.0029050185759015414 0.073072151833944443 0.059037263773362464 0.04338583986379508 0.073298481323351247 -0.036321212242650135 -0.018191863893989101 0.0015594887271764152 0.041348947261503725 -0.047529709905254514 0.0027353335135424381 -0.038747360177194365 0.021817908083898108 0.026334193802974405 0.060838684583388515 0.042137769679737425 -0.0059762458266530514 0.060584931659788378 0.025219202248137521 0.017774376498699597 -0.0077750756820232393 -0.047148676850387303 0.10873369974966368 0.068117844143712775 0.027541056600858239
leaf_weight=41.092431645840406 443.58919186890125 317.80703734606504 373.74301695078611 1152.8923594355583 1646.7467752806842 121.97458816319704 41.57810078561306 1478.6384542435408 1223.7850014865398 452.21164759993553 186.51508461683989 848.17211706936359 640.98528065532446 268.01329534500837 954.80860222503543 276.17585750669241 1798.1770628802478 608.04629725962877 1454.671595685184 183.64267638325691 864.9290646314621 35.004599880427122 509.39483413100243 184.38596194982529 982.13260494172573 594.62434674799442 6426.9982887096703 12.2293848618865 141.86477355659008 151.83178645372391
leaf_count=726 4646 1463 3620 4634 26605 856 422 6451 6516 1837 2557 11823 5434 1765 16695 2011 29360 3192 8782 860 4385 471 2124 822 7480 5960 119280 183 766 792
internal_value=-0.000774051 0.0402774 -0.0370655 0.057386 -0.040181 0.0230274 -0.0321543 0.0483006 0.0313509 0.0710302 -0.00521893 -0.0136194 0.0110111 0.0156219 -0.0360496 0.0244878 -0.0328665 0.0402573 0.0276995 0.0367579 0.0337518 0.0369799 0.0606688 0.0524274 0.0228313 0.000774737 -0.0467755 -0.00179329 0.0298346 0.0471574
internal_weight=24416.7 11457 12959.7 5751.95 11804.8 5705.02 5324.49 3453.06 3370.3 2298.88 1154.88 924.755 2334.72 1891.13 4399.73 2146.52 3444.92 1974.43 1870.34 1656.62 1472.98 76.5827 1145.99 693.781 1250.15 968.367 6480.32 53.3218 1748.37 293.697
internal_count=282518 64816 217702 25768 205565 39048 85376 16351 19723 9417 12137 12716 19325 14679 72660 13207 55965 9900 11196 8437 7577 893 4783 2946 9245 9580 120189 909 10340 1558
cat_boundaries=0 1
cat_threshold=6
is_linear=0
shrinkage=0.05


Tree=15
num_leaves=31
num_cat=7
split_feature=4 4 4 26 4 34 16 16 16 32 4 26 13 34 16 34 34 28 37 16 9 30 23 30 37 20 26 16 16 26
split_gain=13361.4 1265.56 487.14 279.811 255.655 247.036 206.498 130.316 125.784 110.655 110.635 84.0478 107.335 82.821 82.6945 77.3111 77.3001 54.4336 54.4069 53.3237 57.061 131.37 48.897 48.8397 47.6875 47.2913 63.855 45.9847 45.6115 50.4532
threshold=0.041666666666666678 0.38000000000000006 1.0000000180025095e-35 15.433333333333335 0.11666666666666668 56.166666666666679 0 1 2 1014.0166666666668 1.2833333333333337 27.983333333333338 -0.29592670134728938 94.166666666666671 3 73.166666666666671 74.833333333333357 74.166666666666671 0.30069434954884211 4 10.500000000000002 22.866666666666671 6.070615492940453 23.616666666666671 -0.36538972414534471 12.451300000000002 29.616666666666671 5 6 28.441666666666674
decision_type=2 2 2 2 2 2 1 1 1 2 2 2 2 2 1 2 2 2 2 1 2 2 2 2 2 2 2 1 1 2
left_child=2 4 5 13 7 25 9 -2 11 -7 19 12 -6 -3 -4 18 -10 -16 -9 -5 -21 -22 -18 -14 27 26 -1 -11 -17 -30
right_child=1 3 14 10 8 6 -8 15 16 24 -12 -13 23 -15 17 28 22 -19 -20 20 21 -23 -24 -25 -26 -27 -28 -29 29 -31
leaf_value=-0.029993400237431481 -0.015120022794545024 0.05441535153287004 -0.027189684197018865 0.018179967693169038 -0.0039573052038608478 -0.0096618361715828278 -0.04142994131934577 0.010425646924074822 0.020272413378219466 0.0085060105216097064 0.063847413747591994 0.045681722675739347 0.028721044153132171 0.074089758069696171 0.018777818621822762 0.038887786624563055 0.046823565607960888 -0.007303027398791094 -0.022984903189684672 0.052790619000921614 0.047442952398388361 0.0044287773572486179 0.01900320717681073 -0.0096221481956093678 -0.037246831690679966 -0.046700558953137614 0.09757025305655681 -0.026504642938348505 0.01421456671462649 0.051440218381063267
leaf_weight=41.197953082621098 395.04447329044342 759.47911815345287 305.09675541520119 316.83821102976799 454.37622310966253 1148.1605425551534 2613.133174687624 403.27274598926306 420.426937751472 124.66537800803781 583.89637905359268 290.2822891920805 924.49758038669825 1822.1645624786615 327.81612533330917 313.208246268332 1615.9602459594607 513.01777818053961 174.49025427550077 767.91479183733463 560.09753179550171 259.8712060302496 175.25843390822411 91.197748973965645 923.10245901718736 6163.2106154710054 12.766764357686041 360.42037466540933 1159.6455164849758 98.698569983243942
leaf_count=746 4304 3222 4077 1522 3050 15556 46925 3355 2673 1913 2414 1518 5411 7414 3007 1931 8030 5014 1570 3499 2591 1366 956 617 15129 119276 173 5760 8829 597
internal_value=-0.000666839 0.0380371 -0.0364494 0.0567705 0.0234602 -0.0395765 -0.0314987 0.0110856 0.0313866 -0.0211011 0.0448034 0.0209797 0.0162419 0.0683042 -0.00537496 0.0158991 0.0393957 0.00283246 0.000333092 0.0389624 0.0427243 0.0338128 0.0441027 0.0252777 -0.0305765 -0.0462925 0.000309766 -0.0178781 0.0217225 0.0170031
internal_weight=24119.2 11586.6 12532.6 5070.26 6516.36 11386.7 5169.48 2544.36 3972 2556.35 2488.62 1760.35 1470.07 2581.64 1145.93 2149.32 2211.65 840.834 577.763 1904.72 1587.88 819.969 1791.22 1015.7 1408.19 6217.18 53.9647 485.086 1571.55 1258.34
internal_count=282445 64869 217576 22028 42841 205478 85283 20586 22255 38358 11392 10596 9078 10636 12098 16282 11659 8021 4925 8978 7456 3957 8986 6028 22802 120195 919 7673 11357 9426
cat_boundaries=0 1 2 3 4 5 6 7
cat_threshold=58985076 1638400 110694400 73076736 1650694 2080 16779792
is_linear=0
shrinkage=0.05


Tree=16
num_leaves=31
num_cat=6
split_feature=4 4 4 4 34 26 16 16 26 32 34 16 26 4 16 26 16 37 30 38 34 33 16 34 34 5 2 37 20 10
split_gain=12215.4 1156.65 473.166 284.883 248.657 234.581 203.337 148.023 132.089 105.626 93.1045 85.9842 112.177 82.9418 76.4749 64.3165 79.6633 77.7261 63.0061 57.0928 56.8872 56.1762 55.2396 52.0582 51.8176 51.1713 50.6847 46.4052 46.337 65.2652
threshold=0.041666666666666678 0.45833333333333337 1.0000000180025095e-35 0.15833333333333335 56.166666666666679 15.433333333333335 0 1 8.9833333333333361 1014.0166666666668 42.833333333333336 2 27.983333333333338 1.3583333333333336 3 28.441666666666674 4 -0.36538972414534471 23.81666666666667 -0.50000000000005673 94.166666666666671 0.44999999999996027 5 98.166666666666671 90.583333333333357 0.32659863237109055 1.0000000180025095e-35 -0.36538972414534471 12.451300000000002 0.60355339059327384
decision_type=2 2 2 2 2 2 1 1 2 2 2 1 2 2 1 2 1 2 2 8 2 2 1 2 2 2 10 2 2 2
left_child=2 3 4 7 28 20 9 -2 -5 -6 -9 25 24 19 -4 16 17 -12 21 -7 -3 -18 23 -21 -13 -10 -23 -11 29 -1
right_child=1 5 14 8 6 13 -8 10 11 27 15 12 -14 -15 -16 -17 18 -19 -20 22 -22 26 -24 -25 -26 -27 -28 -29 -30 -31
leaf_value=-0.033736928711190897 -0.010621173636572483 0.05443913895201552 -0.023691676254501255 0.047952130563453876 -0.0092552618964231361 0.051029201901971515 -0.040867472373496416 -0.01117535201430774 0.041814377574320133 -0.01727354173835256 0.051575522851581783 8.2231766952855072e-05 0.047000009401140352 0.061580273304058963 0.0038036307866542727 0.046380868997568721 0.0083194422109380863 0.018898387740058708 -0.024460435205398669 0.011645747795281823 0.072416189967007077 0.020147570846260728 0.043933341782879526 0.049660162478259391 0.021236996398724471 0.018760420637285953 0.060285876215510417 -0.036582756093430251 -0.046304997481653058 0.088903680879475075
leaf_weight=39.059931647032499 547.94204577058554 606.74620814621449 364.10045349597931 1062.0986873432994 1138.9141478426754 599.32793515920639 2519.1761941164732 254.45256224274635 1058.5593397915363 477.81078964099288 302.19183531403542 530.33044523000717 277.35085079818964 528.40364567935467 776.66091167926788 219.84752159565687 1091.5213963314891 457.72731982916594 111.75039809942245 425.90500603616238 1619.9549058675766 340.05118854343891 485.25253391265869 114.14670041203499 637.2521640509367 311.85173550248146 102.2961955294013 893.62189731001854 5911.4540681242943 14.904673974961041
leaf_count=728 5579 2525 4817 4988 15556 2574 46925 2185 5360 7673 1860 3351 1358 2169 7281 1272 8198 2859 924 2144 6593 2632 2182 522 3355 1589 650 15129 119276 191
internal_value=-0.000665308 0.0358238 -0.0357992 0.0236428 -0.0389793 0.0561403 -0.030789 0.0131407 0.0329264 -0.0204297 0.0176377 0.0272564 0.0182946 0.0443683 -0.00514777 0.0204977 0.0181304 0.0314837 0.0117001 0.0387667 0.0675203 0.0144123 0.0315945 0.0193304 0.0116291 0.0363051 0.0294414 -0.0298571 -0.045884 0.0002374
internal_weight=23820.7 11685 12135.7 7305.22 10994.9 4379.74 5029.52 3427.78 3877.44 2510.35 2879.84 2815.34 1444.93 2153.04 1140.76 2625.39 2405.54 759.919 1645.62 1624.63 2226.7 1533.87 1025.3 540.052 1167.58 1370.41 442.347 1371.43 5965.42 53.9646
internal_count=282445 64869 217576 46160 205478 18709 85283 26159 20001 38358 20580 15013 8064 9591 12098 18395 17123 4719 12404 7422 9118 11480 4848 2666 6706 6949 3282 22802 120195 919
cat_boundaries=0 1 2 3 4 5 6
cat_threshold=58985076 68747264 29772340 73109504 16788016 102338630
is_linear=0
shrinkage=0.05


Tree=17
num_leaves=31
num_cat=6
split_feature=4 6 4 4 34 16 16 32 38 26 34 16 16 16 28 26 28 38 18 38 28 16 28 38 26 26 35 30 3 34
split_gain=11178.2 1074.26 459.297 262.814 250.517 228.087 183.722 144.338 143.607 128.584 114.593 94.919 77.1579 70.6784 61.9657 59.9283 59.0158 56.2898 54.8565 50.4209 96.5298 46.6684 45.4098 43.6098 42.7401 41.5206 42.3994 37.8673 37.8144 41.0619
threshold=0.041666666666666678 1.0000000180025095e-35 1.0000000180025095e-35 0.55833333333333346 38.166666666666679 0 1 1014.0166666666668 -0.83333333333320059 15.433333333333335 83.166666666666671 2 3 4 54.833333333333336 27.516666666666669 89.166666666666671 -0.70000000000010221 115.39890000000001 -0.066666666666662863 62.833333333333336 5 74.166666666666671 -0.69999999999987483 26.441666666666674 24.183333333333341 5.6861651579932326 23.983333333333338 0.15000000000000005 75.833333333333357
decision_type=2 2 2 2 2 1 1 2 8 2 2 1 1 1 2 2 2 8 2 10 2 1 2 8 2 2 2 2 2 2
left_child=2 6 4 12 -1 7 16 15 14 -5 21 -12 17 -4 -8 -6 -2 -3 23 20 -17 -10 -15 -11 -16 26 -25 -13 -14 -30
right_child=1 3 13 9 5 -7 8 -9 10 18 11 27 28 22 24 19 -18 -19 -20 -21 -22 -23 -24 25 -26 -27 -28 -29 29 -31
leaf_value=-0.047176221804094767 -0.014356579156103201 0.042678107379409858 -0.022988446887242414 0.068285893620650545 -0.014482989327929633 -0.041402207148507918 -0.0084327213598176815 -0.031472727095188884 0.021386213927151732 0.056330159026803051 0.038183523988968154 0.019169293756291398 0.03453298489047326 0.018530892746352362 0.03311131391227478 -0.0014710274843342305 0.015775699538430044 0.021392183101670709 0.066221479833767374 -0.020867198155154337 0.075956256585674647 0.00099934079551911958 -0.0061419169714569824 0.0610750241464788 0.053621274654769603 0.019238334315290762 0.02969973765997835 -0.0074592940000935484 0.019137972458224677 0.055375964281583062
leaf_weight=4591.8404934331775 502.64957912266254 475.8240532875061 356.96973034739494 1696.9240164607763 1078.1122468784451 3028.0755771361291 73.088178984820843 1674.7623829245567 368.71024765074253 361.9743692278862 792.0126468911767 1437.1710081547499 442.46400289982557 309.13265680521727 898.7477589994669 106.08486703783274 240.00645927339792 895.45313669741154 308.69081065058708 76.701466206461191 64.765756983309984 1102.3307923674583 469.74123480916023 203.20231822133064 354.66208384186029 263.01836149394512 229.73487897217274 147.12770440429449 85.871987894177437 887.384153470397
leaf_count=96704 4644 2144 4817 6932 16189 59413 486 29866 2343 1464 4309 9058 2191 2743 5055 1453 2050 4598 1248 1121 732 8415 4538 837 1749 1167 985 982 427 3785
internal_value=-0.000661687 0.0337895 -0.0351447 0.0489818 -0.0383767 -0.0316736 0.0187661 -0.0216441 0.02208 0.0590903 0.0172306 0.0240197 0.0378684 -0.0049243 0.0363092 -0.00938901 -0.00455648 0.0285725 0.0476681 0.0127927 0.0279072 0.0062625 0.00360548 0.0422487 0.0389186 0.0349177 0.0444367 0.0165914 0.0463408 0.0521809
internal_weight=23523.2 11767 11756.2 5850.54 10620.3 6028.5 5916.51 3000.43 5173.85 3063.54 3847.35 2376.31 2787 1135.84 1326.5 1325.66 742.656 1371.28 1366.62 247.552 170.851 1471.04 778.874 1057.93 1253.41 695.956 432.937 1584.3 1415.72 973.256
internal_count=282445 64869 217576 25778 205478 108774 39091 49361 32397 12633 25107 14349 13145 12098 7290 19495 6694 6742 5701 3306 2185 10758 7281 4453 6804 2989 1822 10040 6403 4212
cat_boundaries=0 1 2 3 4 5 6
cat_threshold=58985076 68747264 21113392 110952480 73109504 16779312
is_linear=0
shrinkage=0.05


Tree=18
num_leaves=31
num_cat=8
split_feature=4 6 4 4 34 16 6 34 16 32 13 16 16 34 17 26 16 38 16 26 37 37 20 26 37 16 16 2 9 38
split_gain=10238 996.795 445.259 276.084 252.399 196.814 133.467 130.403 119.957 95.1819 93.938 98.0415 85.7725 77.8589 67.5501 57.7967 73.2902 52.4597 65.2938 51.6291 49.6883 46.472 45.6248 46.5116 45.5904 45.1754 45.0183 43.1442 42.0045 41.9068
threshold=0.041666666666666678 0.15000000000000005 1.0000000180025095e-35 0.15833333333333335 56.166666666666679 0 0.55000000000000016 93.833333333333357 1 1014.0166666666668 -0.26296220265651482 2 3 42.833333333333336 52.298650000000009 27.983333333333338 4 -1.0500000000001248 5 17.441666666666674 -0.16522346206326485 -0.36538972414534471 12.451300000000002 29.616666666666671 -0.42561410787214021 6 7 1.0000000180025095e-35 9.5000000000000018 0.29999999999989774
decision_type=2 2 2 2 2 1 2 2 1 2 2 1 1 2 2 2 1 8 1 2 2 2 2 2 2 1 1 8 2 8
left_child=2 3 4 8 22 9 10 12 -2 27 11 -3 20 -10 -4 16 -14 -15 24 -8 -5 26 23 -1 -19 -9 -11 -6 -17 -12
right_child=1 6 14 7 5 -7 19 25 13 21 29 -13 15 17 -16 28 -18 18 -20 -21 -22 -23 -24 -25 -26 -27 -28 -29 -30 -31
leaf_value=-0.028018561371275365 -0.010238894091905835 0.056289875547993855 0.00042063977685144124 0.056255748000544718 -0.016033250836437803 -0.039710419651543899 0.071603093843952165 0.052795852048566773 -0.011169983111761345 0.010672013636868836 0.057769897155574672 0.017263018391968182 -0.00065522636492084925 0.032205161247342906 -0.033791878449765833 0.048660470367037606 0.021341492418270644 0.045919770315977694 0.0088542668521891677 0.051197910540675712 0.025478937419253164 -0.035327772066945561 -0.045515612967916577 0.076117372586689297 0.017750664039671293 0.033904843895817043 -0.024470359681352361 0.0042501606761968366 0.0033164545468182881 0.040919128227039643
leaf_weight=38.291657846421003 543.60766793042421 249.99276883900166 961.37033472210169 269.19500619918108 703.01079227402806 2341.232593074441 957.01277250051498 553.94734178483486 254.22643755376339 120.41396586224437 1133.2350205332041 509.62910604476929 576.56802423298359 510.33652552217245 169.65155111253262 221.79647080600262 1124.7049865499139 235.86103159189224 1580.1817235425115 460.61424650251865 256.21787621825933 841.81297906115651 5447.2838480621576 14.777949932962654 367.68999457359314 1415.7724157273769 337.57696196436882 417.98948968574405 66.363569676876068 549.08382585644722
leaf_count=746 5579 1037 9544 1260 9851 46925 3986 2401 2185 1913 4665 2251 3582 3001 2554 1008 5980 1395 11771 1884 1216 15129 119276 173 2228 6742 5760 5705 377 2321
internal_value=-0.000655915 0.0319112 -0.0344883 0.0218175 -0.0377697 -0.0293411 0.0527707 0.0300258 0.0112752 -0.0190686 0.0456821 0.0310807 0.0224785 0.0152253 -0.00471372 0.0174301 0.0140087 0.0177729 0.0143988 0.0649771 0.0404847 -0.0283543 -0.0450661 0.00106812 0.0282959 0.0396601 -0.0155317 -0.00847043 0.0382225 0.0522728
internal_weight=23229.4 11836 11393.4 7976.47 10262.4 4762.04 3859.57 4484.57 3491.9 2420.8 2441.94 759.622 2514.85 2948.3 1131.02 1989.43 1701.27 2694.07 2183.73 1417.63 525.413 1299.8 5500.35 53.0696 603.551 1969.72 457.991 1121 288.16 1682.32
internal_count=282445 64869 217576 48725 205478 85283 16144 22566 26159 38358 10274 3288 13423 20580 12098 10947 9562 18395 15394 5870 2476 22802 120195 919 3623 9143 7673 15556 1385 6986
cat_boundaries=0 1 2 3 4 5 6 7 8
cat_threshold=58985076 68747264 16796208 16787536 39387136 16779824 21121552 2080
is_linear=0
shrinkage=0.05


Tree=19
num_leaves=31
num_cat=0
split_feature=4 4 34 26 4 4 18 34 26 26 17 17 4 2 17 32 34 17 19 6 4 1 9 28 30 26 38 32 38 18
split_gain=9384.11 926.409 431.718 211.071 210.644 166.421 116.608 104.974 98.7816 95.5115 85.2111 78.9681 72.5621 65.1183 64.8233 63.4003 63.2766 60.7027 60.0469 59.2965 55.861 51.1518 48.2132 99.6271 48.2089 47.5037 46.53 44.7978 44.227 49.0275
threshold=0.041666666666666678 0.45833333333333337 72.583333333333357 15.433333333333335 0.11666666666666668 1.0000000180025095e-35 79.545300000000012 20.416666666666668 9.1166666666666689 24.683333333333341 52.298650000000009 55.924650000000007 1.4833333333333336 1.0000000180025095e-35 52.298650000000009 1003.2166666666668 21.166666666666668 52.298650000000009 29.000000000000004 0.55000000000000016 1.0000000180025095e-35 1.0000000180025095e-35 8.5000000000000018 62.166666666666679 13.616666666666669 28.441666666666674 -0.50000000000005673 1014.2166666666668 -0.1999999999999886 115.39890000000001
decision_type=2 2 2 2 2 2 2 2 2 2 2 2 2 8 2 2 2 2 2 2 2 2 2 2 2 2 8 2 8 2
left_child=2 4 7 19 11 6 17 -1 -6 20 13 16 26 21 -7 -8 -2 27 -11 -3 -9 -10 23 -17 -20 -18 -5 -4 -15 -30
right_child=1 3 5 12 8 14 15 9 10 18 -12 -13 -14 28 -16 22 25 -19 24 -21 -22 -23 -24 -25 -26 -27 -28 -29 29 -31
leaf_value=-0.048172736527957408 -0.034633419955303883 0.052977925206421875 -0.016700961703313325 0.043558660182854751 0.037129933907600193 0.0058176792464971526 0.077345206920299406 -0.04137500235202609 -0.0043886805121369317 -0.0468412088519016 0.00017147806332444611 -0.019125034236792127 0.055315828698318983 0.03622941347185997 -0.033182169282835898 -0.027229985024272027 0.010128047731279087 -0.044749810798172113 -0.041756241752358293 0.069950823282091124 -0.015808837605522652 0.021158384109514206 -0.020155308301182978 0.0381084670182677 -0.0030260216299114219 0.03582610486944568 0.026591445088689998 -0.03217009773214722 0.017611276687615304 0.044874507066779118
leaf_weight=3157.4425003156066 73.974944889545441 1356.5882775336504 731.51528814062476 639.62741266191006 1355.4168586879969 666.25482995808125 21.157101631164551 2881.9066049195826 295.04225322604179 145.9804420620203 422.15786704421043 241.81046330928802 452.56062571704388 1033.5954280421138 126.72727707028389 108.32442617416382 2113.2666307538748 596.42235565930605 99.517939012497663 832.12058436870575 230.94329433888197 583.05137789994478 437.99560943990946 126.21171061694622 415.42689203843474 196.48511238396168 1099.5423974096775 1301.186937443912 1000.4340234324336 197.43731386959553
leaf_count=72300 715 5584 12946 2689 6539 6607 275 61722 1858 3097 2576 2700 1855 4931 1964 1647 16019 12531 2066 3534 2587 3371 6463 1653 6859 1152 5047 24859 5369 930
internal_value=-0.000646165 0.0301745 -0.0338274 0.0484495 0.0195183 -0.0209995 -0.025911 -0.0414442 0.0256548 -0.0358134 0.0212499 0.00809523 0.0374783 0.0241115 -0.000418324 -0.00767477 0.0108572 -0.0307222 -0.0185464 0.0594337 -0.0394788 0.012575 -0.0103605 0.00793207 -0.0105177 0.0123156 0.0328337 -0.0266043 0.0286504 0.0221083
internal_weight=22940.1 11893.1 11047 4380.44 7512.67 4115.8 3322.81 6931.22 4887.14 3773.78 3531.72 2625.54 2191.73 3109.56 792.982 693.689 2383.73 2629.12 660.925 2188.71 3112.85 878.094 672.532 234.536 514.945 2309.75 1739.17 2032.7 2231.47 1197.87
internal_count=282445 64869 217576 18709 46160 68945 60374 148631 25574 76331 19035 20586 9591 16459 8571 10038 17886 50336 12022 9118 64309 5229 9763 3300 8925 17171 7736 37805 11230 6299
is_linear=0
shrinkage=0.05


Tree=20
num_leaves=31
num_cat=8
split_feature=4 6 4 6 16 30 2 16 16 2 38 16 38 16 23 38 38 26 16 32 24 11 2 37 16 28 12 32 16 28
split_gain=8534.55 876.997 418.307 235.367 220.441 187.663 138.859 138.114 135.672 121.704 82.8622 72.9538 68.2819 64.2556 57.2271 55.0088 53.746 52.8577 45.1384 69.0086 43.2587 50.9859 41.5987 41.119 48.9725 50.0498 47.4513 39.2182 36.4067 36.4014
threshold=0.041666666666666678 1.0000000180025095e-35 1.0000000180025095e-35 0.55000000000000016 0 12.71666666666667 1.0000000180025095e-35 1 2 0.24000000000000005 -0.83333333333320059 3 -0.83333333333320059 4 3.2176431409990451 -0.43333333333345075 0.20000000000010235 17.641666666666669 5 1013.7166666666668 13.485330031731097 -0.5 1.0000000180025095e-35 -0.37449844513311498 6 73.416666666666671 -0.26295251545706949 1011.9166666666669 7 54.583333333333336
decision_type=2 2 2 2 1 2 10 1 1 10 10 1 8 1 2 8 10 2 1 2 2 2 8 2 1 2 2 2 1 2
left_child=2 6 4 8 5 23 7 14 -3 15 22 -9 29 -4 -2 -10 -11 -5 19 -6 21 -14 -7 24 25 -1 -27 -28 -8 -13
right_child=1 3 13 17 18 10 28 11 9 16 -12 12 20 -15 -16 -17 -18 -19 -20 -21 -22 -23 -24 -25 -26 26 27 -29 -30 -31
leaf_value=-0.02032091686232651 0.040794804145636465 0.054208922186400124 -0.026024603926149321 0.066945006812348426 -0.024552697597753005 -0.0047596835240081943 0.040696752085497785 -0.00796657257954758 0.034229735823739185 0.050458190475257819 -0.01925886040720149 -0.018541544179745569 0.025574178167407077 0.0023386045233235791 0.015897340583591716 0.018024860454045121 0.029609204491305621 0.046021109600465536 -0.047338614358005709 -0.04208677883401838 -0.0037669279784553257 0.0040952992104013129 0.031047347131827736 -0.039523297591939587 -0.034594275748415233 -0.017898136772111693 0.22612954772575158 0.052136734857618716 0.022465735710728602 0.026551442516335445
leaf_weight=139.54872067272663 446.15104435384274 915.30352333188057 248.58468925952911 940.68786042928696 765.70773060619831 213.12488379701972 423.15116457641125 739.13253964483738 880.47361759096384 929.6731314510107 1097.185317452997 48.070374116301537 406.19902017712593 873.58694111555815 478.47170841693878 1293.5005893036723 463.94074472784996 446.10663437843323 3011.4864870794117 2106.0259257629514 819.56111138314009 863.6149994507432 130.82654293999076 1697.4845246821642 362.37186339497566 27.016365371644497 3.4913401566445819 34.563322491943836 1204.386419095099 636.4849968329072
leaf_count=2791 2368 3842 3658 4039 15977 3539 2129 6739 3934 3841 19702 332 2741 8454 2818 6340 1966 1826 69228 47065 5775 5930 2029 36362 7419 507 55 611 6659 3559
internal_value=-0.00064063 0.0284377 -0.0330416 0.0422152 -0.0364218 -0.0265806 0.0151038 0.0105218 0.0366448 0.0318958 -0.0125465 0.00592667 0.00964409 -0.00415726 0.0276154 0.0245892 0.0435201 0.060218 -0.0425024 -0.0372828 0.00518806 0.0109676 0.00886507 -0.0356284 -0.0239629 -0.00327768 0.0327447 0.0686506 0.027596 0.0233827
internal_weight=22645.9 11934.9 10711 5869.69 9588.83 3705.61 6065.22 4437.69 4482.89 3567.59 1441.14 3513.06 2773.93 1122.17 924.623 2173.97 1393.61 1386.79 5883.22 2871.73 2089.38 1269.81 343.951 2264.48 566.992 204.62 65.071 38.0547 1627.54 684.555
internal_count=282235 64838 217397 25788 205285 73015 39050 30262 19923 16081 25270 25076 18337 12112 5186 10274 5807 5865 132270 63042 14446 8671 5568 47745 11383 3964 1173 666 8788 3891
cat_boundaries=0 1 2 3 4 5 6 7 8
cat_threshold=58722420 16787984 16795664 1642496 68878338 324098 2080 29364752
is_linear=0
shrinkage=0.05


Tree=21
num_leaves=31
num_cat=6
split_feature=7 6 34 6 16 2 16 32 16 2 17 34 23 37 30 16 23 26 34 16 32 35 26 16 33 3 35 19 35 34
split_gain=7841.88 1065.25 269.158 227.124 205.189 184.987 171.654 126.528 123.114 111.69 102.877 96.6319 65.1443 55.1182 53.5818 49.5522 49.2051 47.364 51.343 47.8598 46.0403 44.5005 43.4802 43.3062 41.892 39.7261 39.2415 40.2706 36.9801 36.1167
threshold=1.0000000180025095e-35 1.0000000180025095e-35 36.166666666666679 0.55000000000000016 0 1.0000000180025095e-35 1 1013.7166666666668 2 0.24000000000000005 52.298650000000009 88.166666666666671 5.3486385257173303 -0.37449844513311498 12.616666666666669 3 3.2176431409990451 28.141666666666673 85.833333333333357 4 1021.3166666666668 10.85765413253023 28.283333333333339 5 0.34999999999999437 0.15000000000000005 15.818399987726341 35.000000000000007 5.6861651579932326 48.833333333333336
decision_type=2 2 2 2 1 10 1 2 1 10 2 2 2 2 2 1 2 2 2 1 2 2 2 1 2 2 2 2 2 2
left_child=2 5 -1 8 7 6 16 22 -3 17 11 12 29 23 -5 -7 -2 18 19 -10 -13 -11 28 -9 -14 -12 27 -6 -4 -8
right_child=1 3 4 14 26 15 10 13 9 21 25 20 24 -15 -16 -17 -18 -19 -20 -21 -22 -23 -24 -25 -26 -27 -28 -29 -30 -31
leaf_value=-0.046042947276812657 0.03575954005783983 0.05138537506775346 0.010901892762214899 0.067236459068920146 -0.043859792914789669 0.0082850956427653211 -0.027430575323268976 0.0081071958604587071 -0.0061146605226743804 0.046498283371567535 -0.027203154195073562 0.015962632764390899 -0.003547104217474153 -0.035312832853392276 0.047397477362678138 0.029446887785133814 0.014555330791099226 0.048877724108967513 0.026003856727505659 0.022874231764089349 -0.013635637417347411 0.025909473763535685 0.014225676786610089 -0.023831308148004951 0.020889446078145635 -0.0024823942813095314 -0.043641763314604454 -0.023568544899458074 -0.015262563898588159 -0.0054347528382158554
leaf_weight=3790.2284178808331 518.69074081629515 917.80204255878925 159.06632770597935 727.34570170938969 392.6201504394412 376.38883208855987 236.28267275542021 143.51207533478737 288.11896715313196 1043.3359057754278 357.381352879107 1689.0673743635416 332.56326320022345 1033.9989623837173 642.4966244250536 1435.4187518320978 579.37423721700907 165.99643854796886 1465.8358264490962 268.04591649770737 142.39108964055777 351.26057100296021 198.18505392596126 385.90521335601807 370.92512410134077 298.01911444962025 1634.5122308395803 649.50852825120091 891.89951643720269 886.94233451783657
leaf_count=93839 2931 3842 2298 3204 8980 2630 2096 2508 1523 4310 4817 11372 2652 21346 2661 7793 3636 725 6678 1348 1109 1497 2615 7425 2652 2499 37581 14254 14439 6975
internal_value=-0.000631732 0.0242881 -0.0357946 0.040108 -0.0287176 0.0114315 0.00680145 -0.0190484 0.0346805 0.030172 0.00227156 0.00554528 -0.00259164 -0.0285951 0.0579355 0.0252596 0.0243521 0.0232061 0.0210963 0.00815954 0.0136608 0.0413148 -0.00725094 -0.0154706 0.00933858 -0.0159644 -0.0386611 -0.0312167 -0.0113018 -0.0100638
internal_weight=22373.1 13093.7 9279.44 5870.24 5489.21 7223.44 5411.64 2812.57 4500.4 3582.59 4313.57 3658.17 1826.71 1563.42 1369.84 1811.81 1098.06 2188 2022 556.165 1831.46 1394.6 1249.15 529.417 703.488 655.4 2676.64 1042.13 1050.97 1123.23
internal_count=282235 76950 205285 25788 111446 51162 40739 50631 19923 16081 34172 26856 14375 31279 5865 10423 6567 10274 9549 2871 12481 5807 19352 9933 5304 7316 60815 23234 16737 9071
cat_boundaries=0 1 2 3 4 5 6
cat_threshold=58985076 16787984 16795664 68829186 39326276 2080
is_linear=0
shrinkage=0.05


Tree=22
num_leaves=31
num_cat=6
split_feature=4 6 34 4 16 4 32 26 16 16 16 2 34 26 4 37 34 38 38 30 34 32 26 16 32 35 13 34 35 16
split_gain=7222.45 969.778 269.747 221.351 200.946 181.078 120.185 96.2874 90.1042 85.4382 74.8954 67.2555 65.6696 63.738 60.6997 53.4694 53.0208 46.4058 45.8584 42.4041 41.6613 41.0513 40.9186 40.3158 39.6066 39.3841 38.7494 38.2671 37.115 36.4955
threshold=1.0000000180025095e-35 1.0000000180025095e-35 36.166666666666679 0.81666666666666676 0 0.083333333333333356 1013.7166666666668 19.441666666666674 1 2 3 1.0000000180025095e-35 91.416666666666671 28.616666666666671 0.31666666666666671 -0.37449844513311498 95.833333333333357 0.39999999999992047 -0.59999999999996578 12.516666666666667 88.166666666666671 1021.5166666666668 28.441666666666674 4 1012.5166666666668 15.818399987726341 -0.27948563485160954 82.166666666666671 16.756424642070403 5
decision_type=2 2 2 2 1 2 2 2 1 1 1 10 2 2 2 2 2 8 10 2 2 2 2 1 2 2 2 2 2 1
left_child=2 5 -1 9 6 8 18 -5 27 -3 16 28 22 20 -14 23 24 -9 19 -4 -10 -22 26 -8 -7 29 -11 -2 -12 -6
right_child=1 3 4 7 25 10 15 17 13 12 11 -13 14 -15 -16 -17 -18 -19 -20 -21 21 -23 -24 -25 -26 -27 -28 -29 -30 -31
leaf_value=-0.045677927225389076 0.0019728107856966824 0.041038405686337466 -0.016155207666652373 0.058964273149271822 -0.018278955071495694 0.029166000358526595 0.0076761161192422187 0.044653409177119477 -0.016323271271348631 -0.001870143483994009 0.011509264959710865 0.023433410522308948 0.018331319897052219 0.027425832456268881 0.039800807288420614 -0.034657228304435676 0.042201050952531877 0.015717864833210755 -0.01377563976294102 0.017740931850062393 0.0032357414624890092 -0.032077900999087888 0.041927674629143714 -0.023155688027671817 0.0096051625805615645 -0.043184856406634706 0.019768886902515968 0.022795782930315658 -0.0033144420669453251 -0.039036850809017115
leaf_weight=3633.4673115573823 393.64157249033451 1423.8871385902166 137.55904197692871 1381.7450200468302 442.80618526786566 595.95661910623312 144.53318963199854 438.67706954479218 841.71652451902628 337.80070275068283 1556.4816749617457 957.89640305936337 518.63207066059113 133.53050674498081 902.68687523901463 1001.7092209719121 392.69674409925938 202.73906593024731 823.95497525110841 279.75162682682276 754.49231773987412 92.270628500729799 125.34519769251347 377.81024609133601 457.58529662340879 1570.8349002934992 533.66021525859833 501.98432160168886 579.38973092287779 570.24759729206562
leaf_count=93839 3135 6084 2261 6007 9929 3047 2508 1800 9142 1726 9504 4976 2510 849 3739 21346 1754 841 13353 3738 7635 1004 541 7425 2424 37581 2540 3537 4155 13305
internal_value=-0.000620642 0.023025 -0.0351644 0.0381447 -0.0280224 0.0108057 -0.0184211 0.051531 0.000597748 0.0310946 0.0169161 0.0123857 0.0249648 -0.0057844 0.0319685 -0.0278944 0.0263381 0.0355113 -0.00693669 0.00656648 -0.0084465 -0.000615672 0.0152267 -0.0149209 0.0206719 -0.0380781 0.0113818 0.0134944 0.00748813 -0.030532
internal_weight=22105.5 13122.8 8982.67 5865.17 5349.21 7257.64 2765.32 2023.16 2717.64 3842.01 4540.01 3093.77 2418.13 1822.01 1421.32 1524.05 1446.24 641.416 1241.27 417.311 1688.48 846.763 996.806 522.343 1053.54 2583.89 871.461 895.626 2135.87 1013.05
internal_count=282235 76950 205285 25788 111446 51162 50631 8648 25302 17140 25860 18635 11056 18630 6249 31279 7225 2641 19352 5999 17781 8639 4807 9933 5471 60815 4266 6672 13659 23234
cat_boundaries=0 1 2 3 4 5 6
cat_threshold=58985076 25176624 21162064 21244496 2080 188418
is_linear=0
shrinkage=0.05


Tree=23
num_leaves=31
num_cat=7
split_feature=7 6 34 6 16 16 34 32 16 2 38 16 16 30 37 28 38 30 28 3 23 2 37 16 10 35 19 30 14 3
split_gain=6654.12 883.583 269.924 215.935 196.57 152.605 133.507 114.045 107.414 100.999 85.8437 84.0484 55.5461 55.2383 53.7346 52.5374 52.0549 50.9782 49.3582 46.5962 46.0149 40.0773 39.7524 44.2706 52.6048 39.4186 39.8523 36.9453 36.0595 35.9489
threshold=1.0000000180025095e-35 1.0000000180025095e-35 36.166666666666679 0.55000000000000016 0 1 60.166666666666679 1013.9166666666669 2 0.35000000000000003 -1.1999999999998747 3 4 12.616666666666669 -0.37449844513311498 87.833333333333357 -0.43333333333333707 23.983333333333338 74.583333333333357 0.25000000000000006 4.6647164582823555 1.0000000180025095e-35 0.92971696589317931 5 0.78656609248549325 15.818399987726341 35.000000000000007 11.516666666666667 6 0.25000000000000006
decision_type=2 2 2 2 1 1 2 2 1 10 8 1 1 2 2 2 8 2 2 2 2 8 2 1 2 2 2 2 1 2
left_child=2 5 -1 8 7 15 20 21 -3 16 12 29 -8 -5 -9 -2 28 19 -14 -13 -7 -4 23 24 -23 26 -6 -11 -10 -12
right_child=1 3 4 13 25 6 10 14 9 27 11 17 18 -15 -16 -17 -18 -19 -20 -21 -22 22 -24 -25 -26 -27 -28 -29 -30 -31
leaf_value=-0.045307789680630185 -0.020077643373339133 0.046651880286422219 -0.013775571742722531 0.063696066069836813 -0.042998036314508471 -0.015560434586269552 0.041300364397652271 -0.014210281968250558 0.01425203778932841 0.047582535624155937 0.017166523670790568 0.0048929169964979308 -0.0045693289059401867 0.043301198631712168 -0.03435657436313691 0.0051695377840798922 0.015296575505068228 -0.01224162015910597 0.028758150055592631 0.019259020710666652 0.0060651823930424776 0.011214079876990662 -0.034564980233190289 -0.0082023234897438922 0.066239020891529873 -0.04272138701917725 -0.022160565188559397 0.029383383349263149 0.036327754930709874 0.033092136115749987
leaf_weight=3483.7903720103204 502.83146805688739 918.81484167277813 784.26424423605204 698.35249476134777 364.03725991025567 462.0414104834199 487.82814808934927 506.91810886189342 311.39942214637995 620.00779505074024 1202.7169291526079 1620.715258397162 175.90810433030128 635.23899562656879 954.72195349261165 349.01540864259005 1461.752130433917 290.32061759382486 301.306665584445 866.02690690010786 525.81179045885801 172.51881253346801 56.819051288068295 186.96786709502339 57.977240957319736 1510.029342032969 621.79618669301271 508.20842519402504 701.91507936269045 502.61852194368839
leaf_count=93839 5471 3842 12654 3204 8980 3819 2425 9783 1376 2587 7545 12455 1100 2661 21032 3498 6948 2017 1719 4763 4010 2644 865 2958 695 37581 14254 2116 3054 2340
internal_value=-0.000611438 0.0218415 -0.0345309 0.0363037 -0.0273322 0.0102198 0.0128413 -0.017806 0.0310882 0.0269142 0.015928 0.0130151 0.029455 0.0539852 -0.027371 -0.00962114 0.0213356 0.00755465 0.0161367 0.0098966 -0.00405016 -0.00683762 0.00463533 0.0099777 0.0240351 -0.037492 -0.0298588 0.039388 0.0300449 0.0217345
internal_weight=21842.7 13142.8 8699.84 5855.69 5216.05 7287.14 6435.29 2720.19 4522.1 3603.28 5447.44 4482.4 965.043 1333.59 1461.64 851.847 2475.07 2777.06 477.215 2486.74 987.853 1258.55 474.283 417.464 230.496 2495.86 985.833 1128.22 1013.31 1705.34
internal_count=282235 76950 205285 25788 111446 51162 42193 50631 19923 16081 34364 29120 5244 5865 30815 8969 11378 19235 2819 17218 7829 19816 7162 6297 3339 60815 23234 4703 4430 9885
cat_boundaries=0 1 2 3 4 5 6 7
cat_threshold=58985076 1638400 16795664 20982384 58728978 58722368 1728
is_linear=0
shrinkage=0.05


Tree=24
num_leaves=31
num_cat=2
split_feature=4 4 34 26 30 4 4 19 4 17 10 22 30 14 35 34 17 26 34 26 23 2 23 35 35 19 9 26 23 13
split_gain=6131.8 836.448 269.833 217.492 156.534 152.754 113.179 108.038 81.609 67.4914 62.0138 72.8437 69.6817 56.5662 55.9954 54.606 54.1543 53.6595 52.7924 46.9379 43.5031 40.9472 37.9883 46.0035 35.576 35.2599 34.8554 34.8412 32.7203 30.6406
threshold=1.0000000180025095e-35 0.31666666666666671 36.166666666666679 15.433333333333335 12.616666666666669 0.083333333333333356 0.91666666666666674 29.000000000000004 1.3583333333333336 55.924650000000007 0.78656609248549325 0 22.041666666666671 1 17.008166012066816 73.166666666666671 52.44380000000001 7.1833333333333345 89.833333333333357 28.283333333333339 3.6637973291411341 1.0000000180025095e-35 3.4565398152522997 25.009996003196807 23.900254676332359 9.0000000000000018 10.500000000000002 4.5583333333333345 2.957642949324867 -0.94995492655104952
decision_type=2 2 2 2 2 2 2 2 2 2 2 1 2 1 2 2 2 2 2 2 2 8 2 2 2 2 2 2 2 2
left_child=2 5 -1 6 14 9 18 -6 10 15 11 22 29 25 17 -2 21 -4 -3 24 -18 -15 23 -5 -9 -7 -13 -17 -20 -12
right_child=1 3 4 8 7 13 -8 19 -10 -11 12 26 -14 16 -16 27 20 -19 28 -21 -22 -23 -24 -25 -26 -27 -28 -29 -30 -31
leaf_value=-0.044932006728779159 -0.0090346733288498068 0.02168810895693999 -0.03833549651767798 0.036200394720979696 -0.041884804268407974 0.0052646270561815811 0.059305593428931172 -0.0054791896405518379 0.043599949069488025 -0.024998759758829897 -0.028730155629344042 0.017933433669495312 0.053348382561272473 0.0027002946666237417 -0.03823741136135031 -0.010529285909039589 0.00038914996510987232 -0.01827848587318559 0.04611984147202515 0.013348200263710414 -0.046313146098398005 0.016881625155844019 0.014389057495501848 -0.0078084364446718959 -0.023710561337303888 0.024531325561040832 -0.00556584474829793 0.01011328969973741 0.027667249979462041 0.023928990306960662
leaf_weight=3340.9060789495707 709.63540199398994 394.05607442557812 514.0274442769587 652.91126254200935 287.17089009284973 277.04890947043896 930.79853570461273 732.18494214117527 517.96350142359734 241.40059765055776 31.652873739600182 262.54372404515743 289.93250757455826 716.65568000078201 1969.2092666812241 235.61321411281824 215.69476447999477 950.19044830277562 1164.6856202632189 213.99861512705684 64.756378196179867 1757.0827518552542 513.85366775095463 65.286360070109367 421.67165053635836 1664.7851278781891 395.20593876391649 1539.91092967242 303.39797618985176 212.97598999738693
leaf_count=93839 6822 1698 11802 2773 6950 1736 4271 12844 2166 3482 142 1203 1189 4673 47158 2088 1488 20982 4876 2973 521 9422 2351 302 8737 8648 1996 12910 1262 931
internal_value=-0.000597968 0.020731 -0.0338914 0.0350725 -0.0266417 0.00964934 0.0450666 -0.0140093 0.0255845 0.000235908 0.0217339 0.0174792 0.0367694 0.0151148 -0.0327303 0.00268803 0.0103751 -0.0253218 0.0379463 -0.00815446 -0.0104071 0.0127735 0.0245735 0.0321993 -0.0121432 0.0216713 0.00375817 0.00737357 0.0423085 0.0171064
internal_weight=21587.2 13157.8 8429.36 5735.26 5088.45 7422.58 2792.94 1655.03 2942.33 2726.56 2424.36 1889.8 534.561 4696.02 3433.43 2485.16 2754.19 1464.22 1862.14 1367.86 280.451 2473.74 1232.05 718.198 1153.86 1941.83 657.75 1775.52 1468.08 244.629
internal_count=282235 76950 205285 25160 111446 51790 12107 31504 13053 25302 10887 8625 2262 26488 79942 21820 16104 32784 7836 24554 2009 14095 5426 3075 21581 10384 3199 14998 6138 1073
cat_boundaries=0 1 2
cat_threshold=6 4126
is_linear=0
shrinkage=0.05


Tree=25
num_leaves=31
num_cat=7
split_feature=4 4 16 32 6 26 16 4 30 16 10 16 16 23 16 26 23 19 26 31 3 26 30 37 37 16 18 37 36 23
split_gain=5718.88 776.077 240.143 246.679 231.129 131.35 97.0468 85.9171 81.1273 78.8608 64.9577 91.317 88.2218 64.3376 55.3874 51.4763 50.7781 48.3417 45.0896 50.7726 45.0846 44.5955 53.8921 39.2225 39.1416 67.7154 39.0416 38.9109 36.5421 32.4615
threshold=1.0000000180025095e-35 0.2166666666666667 0 1013.6166666666668 0.55000000000000016 15.433333333333335 1 0.058333333333333341 12.616666666666669 2 0.78656609248549325 3 4 3.2489208881305962 5 17.441666666666674 4.6253351819193824 43.000000000000007 27.81666666666667 1.6499579113843053 0.55000000000000016 28.441666666666674 23.616666666666671 -0.40581762222710038 -0.34535513896000886 6 115.39890000000001 -0.80731050442649166 -0.086939037938476724 9.8972332322050711
decision_type=2 2 1 2 2 2 1 2 2 1 2 1 1 2 1 2 2 2 2 2 2 2 2 2 2 1 2 2 2 2
left_child=2 6 -1 8 5 13 23 16 -4 -7 12 -12 27 14 -3 -6 -8 -18 -10 -20 -14 22 -9 -2 25 28 -17 -11 -5 -23
right_child=1 4 3 24 15 9 7 21 18 10 11 -13 20 -15 -16 26 17 -19 19 -21 -22 29 -24 -25 -26 -27 -28 -29 -30 -31
leaf_value=-0.044911914988881446 0.032106681616291009 0.024218943772403943 -0.02453061321767628 -0.027572470793658484 0.057293647496120904 -0.03577717948808716 -0.013761051051554677 0.0080152205726273431 -0.00989749251952304 0.046044726576328167 0.045767522242149999 0.0041758274196617836 0.0011955187673471015 0.020461582190595996 0.043788989745745903 0.026365750697244839 -0.024789270667921161 0.012016196711021323 0.025922729408999326 -0.018460045049880434 0.019212409851365745 0.033223193119511683 -0.018635948063449034 0.012934277350349641 -0.038561131825297412 -0.037076964070912516 0.058126721119561686 0.022954193091489251 0.0020954715079160055 -0.023449873452398358
leaf_weight=2906.281914357096 406.34192351996899 597.99336566776037 803.09615417942405 182.8910254612565 853.21429248154163 55.357962645590305 924.50132210552692 2779.9628800526261 803.14701258763671 247.36515730619431 482.16692827641964 196.21733992546797 813.92597774416208 620.81518356502056 1575.169590562582 307.95771411061287 109.83786484226584 473.24904069304466 215.0117574930191 91.911853641271591 605.47372900694609 243.60776294767857 203.48105204850435 776.99672264605761 2308.9523581266403 640.66243823617697 141.24085980653763 696.63980235159397 239.7773738950491 28.118760131299496
leaf_count=80916 2340 2599 18263 4307 4036 291 10389 18459 15109 1072 2025 890 3998 2714 6672 1264 1532 4136 3275 1851 3010 1233 1571 4683 60925 16028 605 3089 5146 172
internal_value=-0.000472587 0.0199689 -0.0332607 -0.0267179 0.0310165 0.0268016 0.00660316 0.00338644 -0.0124265 0.0197094 0.0207696 0.0344759 0.016922 0.0346625 0.0387182 0.0500781 -0.00647409 0.00507998 -0.00366826 0.0126301 0.00881967 0.00796367 0.00619696 0.0193564 -0.0349043 -0.026961 0.036363 0.028705 -0.0104972 0.0273521
internal_weight=21331.4 13139.6 8191.73 5285.45 7193.54 5891.13 5946.1 4762.76 1913.17 3097.15 3041.79 678.384 2363.4 2793.98 2173.16 1302.41 1507.59 583.087 1110.07 306.924 1419.4 3255.17 2983.44 1183.34 3372.28 1063.33 449.199 944.005 422.668 271.727
internal_count=282600 76780 205820 124904 32265 26360 44515 37492 38498 14375 14084 2915 11169 11985 9271 5905 16057 5668 20235 5126 7008 21435 20030 7023 86406 25481 1869 4161 9453 1405
cat_boundaries=0 1 2 3 4 5 6 7
cat_threshold=73076736 16787984 524288 117707280 29753456 9764864 16779812
is_linear=0
shrinkage=0.05


Tree=26
num_leaves=31
num_cat=7
split_feature=4 4 34 16 4 26 20 16 30 10 34 34 34 14 16 13 35 16 26 16 33 38 23 19 35 16 26 23 26 23
split_gain=5270.12 715.299 273.697 207.345 192.647 181.398 85.5165 74.2527 72.313 117.54 65.7896 58.3439 56.394 52.1717 52.9394 49.9162 47.1845 44.7922 53.1264 44.0493 40.9613 40.1012 39.2868 38.5189 51.1711 38.4936 42.8219 37.7433 40.782 37.2677
threshold=1.0000000180025095e-35 0.45833333333333337 39.416666666666679 0 0.11666666666666668 15.34166666666667 55.924650000000007 1 20.683333333333341 0.60355339059327384 72.166666666666671 95.583333333333357 66.166666666666671 2 3 0.45475513555610564 23.504431788336973 4 28.441666666666674 5 0.54365021434328464 0.89999999999992053 5.4884055848040116 35.000000000000007 10.992419017761362 6 27.983333333333338 7.969290117446068 30.783333333333339 4.5867603226956106
decision_type=2 2 2 1 2 2 2 1 2 2 2 2 2 1 1 2 2 1 2 1 2 8 2 2 2 1 2 2 2 2
left_child=2 4 -1 8 6 11 12 -7 16 -10 29 19 -2 25 22 -9 -4 -14 20 -3 -19 -17 -15 -5 -25 26 -12 28 -11 -6
right_child=1 5 3 23 10 7 -8 15 9 27 13 -13 17 14 -16 21 -18 18 -20 -21 -22 -23 -24 24 -26 -27 -28 -29 -30 -31
leaf_value=-0.043733749654491477 -0.0073743583623507069 0.017966514899862802 -0.012489194803541675 -0.045099567595588523 -0.0051844522739525863 0.047536020321190024 -0.021895969601914186 0.016491685241374367 -0.012586426583383893 0.053624819870565638 0.013313467305328669 0.053242958593758105 0.019810535362527835 0.028173192078272676 0.0080674762695592036 0.041310235416853497 -0.02786556470670298 -0.0012277787194965486 0.032268486896160221 0.045302924368534461 0.01713342851926241 0.010195763571000556 0.001011909073494044 -0.015227252229391487 -0.036995417467333633 0.032644633998624412 0.049647482502267443 0.0057118182827751544 0.17810805857905784 0.015500778493384394
leaf_weight=3261.4605073258281 754.61472789570689 286.30121539533138 1216.3167425729334 790.93706765025854 451.26268815249205 346.0033997297287 330.02092964202166 1314.9225808382034 314.23044899106026 74.596183784306049 711.19426584243774 1271.2945172339678 617.5922933742404 820.31217214465141 1345.5926021635532 446.27944694459438 846.18371023982763 1585.9408812634647 159.71447987854481 451.26397974789143 375.59987756237388 134.93947179615498 158.93158645927906 366.38176529854536 1028.082086648792 1070.2146135941148 91.456287816166878 40.557797063142061 7.1473888531327239 420.62164063006639
leaf_count=98435 6954 1240 23751 22108 2817 1462 4398 5747 4777 785 3531 5833 3782 3660 7092 1894 18798 13593 895 1973 2967 602 783 9036 27582 4786 400 477 71 2371
internal_value=-0.000465754 0.0189676 -0.0326122 -0.0248682 0.010903 0.0358379 0.00242907 0.0260594 -0.0148266 0.00360102 0.0172939 0.0467502 0.00472757 0.0198898 0.014652 0.0217726 -0.0187987 0.00806208 0.00452608 0.0355533 0.00228876 0.0340895 0.0235252 -0.0361166 -0.0312775 0.0261724 0.0172443 0.0451679 0.0647135 0.00479532
internal_weight=21090 13144.1 7945.89 4684.43 8893.07 4251 3823.48 2242.14 2499.03 436.532 5069.59 2008.86 3493.46 4197.7 2324.84 1896.14 2062.5 2738.85 2121.26 737.565 1961.54 581.219 979.244 2185.4 1394.46 1872.87 802.651 122.301 81.7436 871.884
internal_count=282600 76780 205820 107385 58029 18751 32589 9705 48659 6110 25440 9046 28191 20252 11535 8243 42549 21237 17455 3213 16560 2496 4443 58726 36618 8717 3931 1333 856 5188
cat_boundaries=0 1 2 3 4 5 6 7
cat_threshold=58985076 16777232 4126 21383282 16787984 4653634 118947874
is_linear=0
shrinkage=0.05


Tree=27
num_leaves=31
num_cat=6
split_feature=4 4 34 16 26 4 32 16 4 17 13 13 34 37 16 26 16 30 32 38 2 16 34 2 35 16 24 38 30 32
split_gain=4857.08 657.52 272.222 201.207 185.418 140.945 107.035 86.506 83.2404 78.224 60.4882 54.5585 52.2984 52.0614 51.2788 49.6307 54.3244 45.8113 45.9234 45.4556 44.3925 43.556 42.681 37.6311 37.4528 38.8711 38.1083 37.3406 36.6574 34.972
threshold=1.0000000180025095e-35 0.38000000000000006 39.416666666666679 0 15.433333333333335 0.11666666666666668 1010.9416666666668 1 0.91666666666666674 55.924650000000007 0.45475513555610564 -0.30410362911654215 28.416666666666668 -0.37449844513311498 2 28.616666666666671 3 23.916666666666675 1020.5166666666668 0.65000000000003422 1.0000000180025095e-35 4 92.166666666666671 1.0000000180025095e-35 15.818399987726341 5 5.9350287235907446 0.79999999999989779 14.71666666666667 1020.1166666666668
decision_type=2 2 2 1 2 2 2 1 2 2 2 2 2 2 1 2 1 2 2 10 8 1 2 10 2 1 2 8 2 2
left_child=2 5 -1 6 8 9 19 -6 22 12 -9 14 -2 -8 -7 16 -14 18 23 20 -4 -13 -3 -18 25 26 -5 -12 -25 -15
right_child=1 4 3 24 7 11 13 10 -10 -11 27 21 15 29 -16 -17 17 -19 -20 -21 -22 -23 -24 28 -26 -27 -28 -29 -30 -31
leaf_value=-0.043322382899896435 -0.023595753092917393 0.021873942011659431 -0.0035816864586772136 -0.030226033606809685 0.043417072105884344 0.023562995966169408 -0.0095699653639996114 0.013412585721513473 0.05474351961521523 -0.021190057917556081 0.038673556716228207 0.028317126144430806 0.014081510986683841 -0.020980244001506658 0.0024898406834866996 0.02751176745236257 0.00076280055036858404 -0.031703373793459784 -0.01948155683545319 -0.02004320441670223 0.024411804495068294 0.01481850540050857 0.040660807940476697 0.0098454739123161276 -0.041219547459727029 -0.040215176183952053 -0.0025201601123603593 0.011118510051922464 0.048938336597961096 -0.039492767644512317
leaf_weight=3131.119264703244 158.25780757516623 423.44639851152897 343.59251599758863 275.97168982028961 441.20359340310097 378.75629756599665 599.05032244324684 1521.0273467898369 876.37720514833927 324.12038666382432 482.87773887813091 964.40165743231773 936.75942853838205 681.06514136493206 1153.3848315104842 244.13167154788971 1500.6953896209598 110.03766225278378 233.31776208803058 192.67078522592783 240.80652614310384 1851.4909840300679 1060.4747748076916 238.43823485448956 1248.1235797740519 363.7934685498476 225.51731120795012 165.07033810019493 80.04871629551053 408.34691692143679
leaf_count=98435 1566 1793 5399 6963 1870 1766 11776 6751 4269 4398 2054 4285 6065 14799 6588 1394 13729 991 2159 3263 3355 9516 4555 1755 35860 10269 5634 744 532 10067
internal_value=-0.000454463 0.0180262 -0.0319607 -0.0241906 0.0323667 0.00930553 -0.014287 0.023182 0.0425224 0.00230592 0.0187773 0.0154642 0.00448128 -0.021412 0.0078705 0.00581094 0.00410074 -0.000286933 0.00139741 0.00101164 0.00795547 0.0195956 0.0353017 0.00407615 -0.0355076 -0.0276749 -0.0174225 0.0316565 0.0196834 -0.0279223
internal_weight=20854.4 13144.3 7710.06 4578.94 4970.48 8173.84 2465.53 2610.18 2360.3 3825.81 2168.98 4348.03 3501.69 1688.46 1532.14 3343.43 3099.3 2162.54 2052.5 777.07 584.399 2815.89 1483.92 1819.18 2113.41 865.282 501.489 647.948 318.487 1089.41
internal_count=282600 76780 205820 107385 22036 54744 48659 11419 10617 32589 9549 22155 28191 36642 8354 26625 25231 19166 18175 12017 8754 13801 6348 16016 58726 22866 12597 2798 2287 24866
cat_boundaries=0 1 2 3 4 5 6
cat_threshold=58985076 16910352 17041456 16788016 20998740 192514
is_linear=0
shrinkage=0.05


Tree=28
num_leaves=31
num_cat=7
split_feature=4 4 34 16 4 34 32 16 20 13 30 1 16 2 37 34 16 38 38 19 35 38 24 16 10 3 37 16 23 16
split_gain=4476.39 611.186 270.322 195.052 172.749 139.044 99.7273 89.0542 71.5238 68.4357 64.2923 58.7006 55.3183 50.7728 49.6939 49.0739 46.9736 43.3628 42.6181 39.3244 49.4781 39.3204 36.9344 36.8697 50.1279 35.9218 35.2955 33.6486 45.4405 39.4999
threshold=1.0000000180025095e-35 0.51666666666666683 39.416666666666679 0 0.11666666666666668 95.583333333333357 1010.9416666666668 1 55.924650000000007 -0.30410362911654215 12.71666666666667 1.0000000180025095e-35 2 1.0000000180025095e-35 -0.36538972414534471 66.166666666666671 3 -0.54999999999989757 -0.70000000000010221 35.000000000000007 10.992419017761362 -0.4999999999999431 3.4969699601927799 4 -0.37940952255126059 1.0000000180025095e-35 0.30069434954884211 5 4.5867603226956106 6
decision_type=2 2 2 1 2 2 2 1 2 2 2 2 1 8 2 2 1 10 8 2 2 8 2 1 2 2 2 1 2 1
left_child=2 4 23 6 8 7 17 -3 15 12 -7 13 -6 -11 -8 26 -13 -4 -18 -5 -21 -9 -17 24 -1 -14 -2 -24 -29 -30
right_child=1 5 3 19 9 10 14 21 -10 11 -12 16 25 -15 -16 22 18 -19 -20 20 -22 -23 27 -25 -26 -27 -28 28 29 -31
leaf_value=0.012719123756173151 -0.00018725820411969298 0.041219404674152457 0.015777245693164226 -0.044373167134458401 0.022796478970442707 0.052212844800354812 -0.0092547740356604159 0.027881233018790471 -0.020496163786663871 -0.0098286668674682654 0.033744289551476535 0.034227500183752098 -0.016609917012652749 0.016178990021394692 -0.027277399222260176 -0.015464689543818844 0.029662421925499356 -0.0084487204218464187 0.013407236324139791 -0.01393049114754274 -0.035789601184399548 0.0097215118753999769 0.019144545612997024 -0.044441332490790179 -0.038390051981458923 0.0065931314291283313 -0.024123757265000875 3.0301053879022548e-05 0.026322059818705442 0.0023213723397653109
leaf_weight=74.489761594682932 534.09120665863156 547.39782892167568 301.78341694548726 730.29112483002245 496.89677777886391 1032.5774402618408 599.73938689380884 485.9685050547123 318.48805017769337 245.53370880335569 868.54201430082321 818.1782900840044 191.17982511967421 795.25628107786179 1056.4179466105998 166.84989928081632 627.14587753266096 475.79635280370712 1130.0238601490855 354.67311696335673 960.15396527573466 771.22284457087517 596.46315990388393 2797.8072511795908 134.48156059347093 1303.6668922156096 216.30856738984585 1289.9358552582562 384.42456765472889 320.6497779302299
leaf_count=2352 4820 2407 4125 22108 2253 4966 11904 2090 4398 1403 3721 3503 1154 3963 24738 1371 2751 7892 5529 9036 27582 3424 3575 91878 4205 7027 2134 10928 2642 2721
internal_value=-0.000445149 0.0171351 -0.0313065 -0.0235205 0.010377 0.034341 -0.0137604 0.0243977 0.00218735 0.0159661 0.0437776 0.0200654 0.00852301 0.0100431 -0.0207519 0.00424687 0.0241152 0.000954343 0.0191015 -0.0348961 -0.0298946 0.0166107 0.00733105 -0.0429033 -0.0192534 0.00360064 -0.00708944 0.00879927 0.00558153 0.0158152
internal_weight=20626.4 13140.8 7485.63 4478.86 9435.09 3705.71 2433.74 1804.59 3827.21 5607.88 1901.12 3616.14 1991.74 1040.79 1656.16 3508.72 2575.35 777.58 1757.17 2045.12 1314.83 1257.19 2758.32 3006.78 208.971 1494.85 750.4 2591.47 1995.01 705.074
internal_count=282600 76780 205820 107385 60172 16608 48659 7921 32589 27583 8687 17149 10434 5366 36642 28191 11783 12017 8280 58726 36618 5514 21237 98435 6557 8181 6954 19866 16291 5363
cat_boundaries=0 1 2 3 4 5 6 7
cat_threshold=58985076 17885200 17041456 4221014 33554436 16787984 42123328
is_linear=0
shrinkage=0.05


Tree=29
num_leaves=31
num_cat=7
split_feature=4 4 34 16 4 26 32 16 16 26 34 26 2 16 16 30 4 34 26 16 10 26 35 34 25 4 33 16 32 13
split_gain=4125.53 562.26 268.236 188.586 157.263 145.661 132.459 74.2259 68.9064 68.5063 54.0361 52.8575 51.7802 43.9866 43.6181 42.5616 39.208 38.5877 37.3641 37.1339 47.2849 36.8999 44.9669 35.4971 41.2713 35.2458 35.0265 37.3617 38.9713 36.9118
threshold=1.0000000180025095e-35 0.51666666666666683 39.416666666666679 0 0.18000000000000002 12.241666666666669 1015.2166666666668 1 2 9.1166666666666689 42.833333333333336 29.81666666666667 1.0000000180025095e-35 3 4 23.916666666666675 1.3833333333333337 47.416666666666679 29.216666666666672 5 -0.37940952255126059 7.0166666666666666 14.507180352359082 97.166666666666671 494.98522514077098 1.2833333333333337 0.73181661333671899 6 1021.5166666666668 0.9969807975668411
decision_type=2 2 2 1 2 2 2 1 1 2 2 2 8 1 1 2 2 2 2 1 2 2 2 2 2 2 2 1 2 2
left_child=2 4 19 -4 8 25 12 16 -2 -6 -10 15 -5 18 -11 26 -7 -16 -14 20 -1 -8 -23 24 -9 -3 27 29 -29 -12
right_child=1 5 3 6 9 7 21 23 10 14 11 -13 13 -15 17 -17 -18 -19 -20 -21 -22 22 -24 -25 -26 -27 -28 28 -30 -31
leaf_value=0.011937797704770176 -0.0097789223191750395 0.041514948486889629 -0.040733104814204134 -0.013409233553784811 0.027686517931756856 0.030080186151180591 -0.039411602937024191 0.0052652037997183206 -0.01181891459690846 -0.0060975671737805333 0.011077188810452198 0.038005890890756081 0.010904980156708993 -0.010419895219110891 -0.0051812934995925332 -0.015850608590366834 0.051625936638656569 0.016780193007297658 0.061819324223242503 -0.044066189415810031 -0.037834540421713712 -0.0089374564174689707 -0.029251306525448439 0.029103236607362172 0.026995234300488509 0.060226953290348419 0.022618663259636712 0.0042863804881304781 -0.019919564731235111 0.052539538973303435
leaf_weight=75.379722779616714 758.14583505690098 884.33377102017403 1103.0923362392932 1042.0481440350413 1115.875024266541 654.56183317303658 426.95438346266747 631.62956061959267 371.45263451337814 266.9150033518672 1419.1637276262045 142.44080431759357 300.63191024027765 257.97468974813819 216.746118016541 193.49532710015774 312.2205448448658 2584.8671416640282 40.853937873616815 2683.5300469454378 129.7553206384182 413.89927871525288 797.58183201029897 508.94728355109692 334.03419567644596 352.86571697890759 378.33054304867983 1768.4200370162725 183.43751583993435 55.698069758713245
leaf_count=2352 8732 4098 33808 20715 4780 2805 11414 2804 3318 1384 8741 722 5487 4962 1218 1529 1430 12074 404 91878 4205 9597 20998 2197 1422 1852 2475 13326 1521 352
internal_value=-0.00043512 0.0162937 -0.0306491 -0.0228522 0.00984053 0.0328792 -0.0166626 0.0257946 0.00409473 0.0170775 0.00643326 0.00808628 -0.00667424 0.00503354 0.0132188 0.00701953 0.0366638 0.0150274 0.0165286 -0.0424783 -0.0186399 -0.0267704 -0.0223124 0.0182939 0.0127839 0.0468563 0.00818291 0.00658851 0.00200033 0.0125613
internal_weight=20405.3 13133.6 7271.7 4383.04 9454.99 3678.59 3279.94 2441.39 5270.58 4184.4 4512.44 4140.99 1641.51 599.461 3068.53 3998.55 966.782 2801.61 341.486 2888.67 205.135 1638.44 1211.48 1474.61 965.664 1237.2 3805.05 3426.72 1951.86 1474.86
internal_count=282600 76780 205820 107385 60172 16608 73577 10658 40716 19456 31984 28666 31568 10853 14676 27944 4235 13292 5891 98435 6557 42009 30595 6423 4226 5950 26415 23940 14847 9093
cat_boundaries=0 1 2 3 4 5 6 7
cat_threshold=72945664 21289488 68747264 58763330 1605632 33554436 21244464
is_linear=0
shrinkage=0.05


Tree=30
num_leaves=31
num_cat=8
split_feature=4 6 34 16 4 32 2 16 13 34 26 16 2 16 37 2 35 32 34 23 26 16 26 35 16 14 16 10 11 30
split_gain=3767.19 545.893 262.012 194.835 145.149 141.8 110.679 77.0633 73.7764 70.4426 54.7618 54.4941 51.376 49.5933 51.5144 46.7795 46.6776 43.8044 43.112 43.0217 39.6664 60.3345 39.5514 44.1397 37.0876 36.6835 35.7088 40.5208 35.0654 32.8582
threshold=1.0000000180025095e-35 0.15000000000000005 33.416666666666679 0 0.083333333333333356 1015.2166666666668 0.35000000000000003 1 -0.26296220265651482 93.416666666666671 1.2416666666666669 2 1.0000000180025095e-35 3 -0.39552800073395838 1.0000000180025095e-35 25.458026363976732 1003.2166666666668 77.833333333333357 2.0850048713079299 27.983333333333338 4 7.1833333333333345 23.006037062728808 5 6 7 -0.37940952255126059 -0.70710678118654757 22.041666666666671
decision_type=2 2 2 1 2 2 10 1 2 2 2 1 8 1 2 10 2 2 2 2 2 1 2 2 1 1 1 2 2 2
left_child=2 4 26 -4 10 12 7 -3 -9 13 -2 -11 -5 14 -6 18 17 29 -12 -8 21 -15 -7 -24 -20 -19 27 -1 -23 -14
right_child=1 6 3 5 9 22 19 8 -10 11 15 -13 16 20 -16 -17 -18 25 24 -21 -22 28 23 -25 -26 -27 -28 -29 -30 -31
leaf_value=0.011158421673146872 -0.027205967433341034 0.036403578586062794 -0.04075877069626746 -0.01307554140253487 0.037994377151322999 -0.039654162511487179 0.047996489831724609 -0.00092039932057800741 0.02505258189420706 0.028716315167752627 -0.011182936471295625 0.013803083265336739 0.053747580718555121 -0.0091154012617162324 0.0090829170994364879 0.017157508877918767 -0.013980236889711593 -0.0067973515685351531 -0.0090058332681282049 0.031480032688673304 0.019871212795708065 0.018276340987132603 -0.01420516561924523 -0.033182448935361618 0.0087148838880451284 0.023853591084903342 -0.044589251113900358 -0.037241907672698943 0.0041688484069926889 0.21072161602303924
leaf_weight=69.15828543715179 181.25942850112915 744.46324163675308 1132.3448670115322 1068.5475053228438 275.5854340493679 447.00683860853314 996.72319836914539 432.28803399205208 743.78108738362789 957.17294071614742 765.98735877498984 1922.6024376302958 17.632584035396579 665.51686295121908 349.46720193326473 390.39727625623345 212.71983029134572 167.59174990653992 409.14083875343204 653.87882295250893 457.14890097826719 603.57388126850128 716.58635984361172 535.56803512014449 997.52808158844709 219.04314425028861 2343.7630814332515 115.13592766784132 1629.6254756227136 4.0487585924565783
leaf_count=2153 2147 3326 36308 22022 1221 12541 4794 1888 3203 4203 7738 9554 318 4583 1590 2974 4353 2829 4821 2898 2202 3280 17618 15257 7724 3867 83992 3928 8976 47
internal_value=-0.000513602 0.01527 -0.0300158 -0.0228066 0.00906419 -0.0166375 0.0319605 0.0237979 0.0153757 0.0129516 -0.000654222 0.0189084 -0.00642904 0.00864206 0.0214902 0.00122451 0.00500711 0.0148999 -0.0016391 0.0414559 0.00616602 0.00402527 -0.0268853 -0.0223241 0.00355833 0.0110103 -0.0429071 -0.0181013 0.00794679 0.0838937
internal_weight=20225.3 13176.1 7049.15 4521.09 9605.01 3388.74 3571.13 1920.53 1176.07 6860.69 2744.31 2879.78 1689.58 3980.92 625.053 2563.05 621.036 408.316 2172.66 1650.6 3355.87 2898.72 1699.16 1252.15 1406.67 386.635 2528.06 184.294 2233.2 21.6813
internal_count=282355 77122 205233 115160 61013 78852 16109 8417 5091 35609 25404 13757 33436 21852 2811 23257 11414 7061 20283 7692 19041 16839 45416 32875 12545 6696 90073 6081 12256 365
cat_boundaries=0 1 2 3 4 5 6 7 8
cat_threshold=72945664 16836660 21264912 16779280 35127296 73076740 330 33554436
is_linear=0
shrinkage=0.05


Tree=31
num_leaves=31
num_cat=6
split_feature=4 6 34 16 2 32 38 16 16 32 16 13 35 2 16 26 30 3 1 26 35 13 6 4 16 10 32 33 34 24
split_gain=3471.39 502.492 259.61 190.233 134.643 134.239 117.467 110.573 90.7535 59.4376 54.1532 51.3932 48.7178 52.1476 47.1913 53.2504 47.6739 46.759 47.1154 38.8473 42.5866 38.3528 37.4461 36.2648 35.9395 38.21 35.9142 35.4104 35.1752 34.9908
threshold=1.0000000180025095e-35 0.15000000000000005 33.416666666666679 0 1.0000000180025095e-35 1015.2166666666668 -1.0500000000001248 1 2 1004.3833333333336 3 -0.26296220265651482 25.009996003196807 1.0000000180025095e-35 4 28.616666666666671 23.916666666666675 0.25000000000000006 1.0000000180025095e-35 7.1833333333333345 23.006037062728808 -0.98053927088909909 0.55000000000000016 1.216666666666667 5 -0.37940952255126059 1003.2166666666668 0.37416573867740327 79.833333333333357 10.715450143085871
decision_type=2 2 2 1 10 2 8 1 1 2 1 2 2 8 1 2 2 2 2 2 2 2 2 2 1 2 2 2 2 2
left_child=2 4 24 -4 7 12 22 28 23 -9 -6 -10 13 -5 -11 16 17 27 -19 -7 -21 -17 -3 29 25 -1 -15 -16 -2 -8
right_child=1 6 3 5 10 19 8 9 11 14 -12 -13 -14 26 15 21 -18 18 -20 20 -22 -23 -24 -25 -26 -27 -28 -29 -30 -31
leaf_value=0.010488791071981281 -0.018716504981479778 0.036606160574600748 -0.040271664672744345 -0.0083794586329927652 0.025260381326263338 -0.039117530143253698 0.036107040048149679 0.02514813377134369 0.0024658953832504557 0.017469911268089073 0.011599990650996138 0.022820745509730969 -0.01815919599616727 0.074245190415957632 -0.0052552157562077472 -0.035608836992011138 -0.01795440988286879 0.0043788329323270082 0.026885817716932516 -0.013675711986192744 -0.032533193411509703 0.028086548729419153 0.055517387412642172 0.050146387838280418 -0.044230171313245914 -0.036672785342719366 0.010379879691063035 0.0090882821246855428 -0.0022847170326876142 0.012039968954933571
leaf_weight=69.882010385394096 447.17011747136712 644.2991289794445 1089.9405265841633 704.79493115842342 1234.4125614315271 430.89413890615106 586.993317887187 471.61585384607315 479.42452795803547 787.30930069833994 1920.151919413358 878.09993530809879 561.56761285848916 23.234091728925705 1327.1375271715224 25.54223807156086 273.08308028429747 630.32609324157238 368.38553301990032 707.35648892819881 519.36060719937086 303.69455164670944 442.29280535876751 308.14283567667007 2247.1833392456174 111.17913320846856 390.16684317588806 636.61220786720514 1198.3049746416509 203.50892335176468
leaf_count=2153 4630 2836 36308 13905 5814 12541 2629 2786 2096 4135 10059 3838 12470 365 9963 142 2148 3561 1702 17618 15257 1514 2330 1536 83992 3928 6696 4590 9969 844
internal_value=-0.000502365 0.0145205 -0.0293545 -0.0221477 0.00859383 -0.0160589 0.0306193 0.00446386 0.0245619 0.00827243 0.0170629 0.0155186 -0.00614497 -0.000110231 0.00646216 0.00397045 0.00203187 0.00387478 0.0126826 -0.0262013 -0.0216615 0.0231357 0.0443083 0.0352713 -0.0424927 -0.0175082 0.0139863 -0.000605087 -0.00671027 0.0299135
internal_weight=20022.1 13166.5 6855.56 4427.32 9623.75 3337.37 3542.76 6469.18 2456.17 4823.71 3154.56 1357.52 1679.76 1118.2 4352.09 3564.78 3235.54 2962.46 998.712 1657.61 1226.72 329.237 1086.59 1098.65 2428.24 181.061 413.401 1963.75 1645.48 790.502
internal_count=282355 77122 205233 115160 61013 78852 16109 45140 10943 30541 15873 5934 33436 20966 27755 23620 21964 19816 5263 45416 32875 1656 5166 5009 90073 6081 7061 14553 14599 3473
cat_boundaries=0 1 2 3 4 5 6
cat_threshold=72945664 81334272 16828534 29366864 16779280 33554436
is_linear=0
shrinkage=0.05


Tree=32
num_leaves=31
num_cat=8
split_feature=4 6 34 16 4 32 38 16 34 2 24 16 37 34 16 34 26 13 4 35 16 10 28 35 26 16 11 14 14 34
split_gain=3198.52 462.938 256.828 185.494 124 113.445 111.09 86.2959 61.9125 52.5877 51.2844 47.0135 50.1584 45.245 42.8906 40.5604 39.4196 37.9165 37.6499 36.4876 36.1193 36.0168 35.5592 34.6187 33.8758 54.0332 35.8308 33.3416 32.7951 32.5326
threshold=1.0000000180025095e-35 0.15000000000000005 33.416666666666679 0 0.083333333333333356 1015.2166666666668 -1.0500000000001248 1 94.583333333333357 1.0000000180025095e-35 3.4190478996905456 2 -0.39552800073395838 78.416666666666671 3 77.833333333333357 7.1833333333333345 -0.26296220265651482 1.0166666666666671 23.006037062728808 4 -0.37940952255126059 80.416666666666671 25.458026363976732 27.983333333333338 5 -0.5 6 7 56.833333333333336
decision_type=2 2 2 1 2 2 8 1 2 8 2 1 2 2 1 2 2 2 2 2 1 2 2 2 2 1 2 1 1 2
left_child=2 4 20 -4 10 9 18 17 11 -5 -2 12 -6 -9 -10 -12 -7 -8 -3 -18 21 -1 -14 27 25 -13 -27 -11 -26 -28
right_child=1 6 3 5 8 16 7 13 14 23 15 24 22 -15 -16 -17 19 -19 -20 -21 -22 -23 -24 -25 28 26 29 -29 -30 -31
leaf_value=0.0098657279959757926 -0.02590021935548429 0.034446692693580583 -0.037884975539944084 -0.01257715512348217 0.035867352593336253 -0.038291173026963415 -0.0027252541440466655 0.0077914999361214828 0.0091203750905222009 -0.012338258502600105 -0.0078929058933622787 -0.0093753212150224623 -0.010352170407453917 0.033824231025542398 0.022908391034046266 0.0054728990932924066 -0.01222103007099248 0.018714699973108515 0.053358928373053095 -0.030652901635659254 -0.043863588138406288 -0.036095504013088357 0.020646462326507103 -0.011192468285217017 -0.0026967999975184148 0.014975801609538222 -0.01368804619385959 0.021744631089352998 0.02604068707394467 0.0057101389232484742
leaf_weight=70.568687036633492 189.84500030055642 597.61567375063896 1233.4204274788499 1007.91534573026 295.94719097018242 395.44608996436 331.67074431478977 190.02090372145176 940.53019528836012 87.866168655455112 850.33370494842529 608.21603602170944 151.6802392154932 1376.1362299472094 1600.2106517329812 1706.6944531165063 645.42562380619347 544.9777007997036 471.69283097982407 459.95857197232544 2155.0869297441095 107.4072935897857 236.87715010344982 193.85049302689731 142.975975073874 928.85524741560221 255.86933692544699 314.11154731735587 344.61302228271961 1389.0583959743381
leaf_count=2153 2196 2674 42079 20887 1292 11864 1462 801 4753 1447 8418 4121 705 6315 7268 14790 16054 2365 2492 13741 83992 3928 1039 3931 705 5031 1695 5157 1613 7387
internal_value=-0.000491463 0.013811 -0.0286924 -0.0214969 0.00814955 -0.0148152 0.0293524 0.0234672 0.0117285 -0.00561627 -0.000833971 0.00810887 0.0200688 0.0304718 0.017931 0.001028 -0.0247427 0.0104842 0.0427935 -0.0198927 -0.04207 -0.0169258 0.00854605 0.00615904 0.00580692 0.0039419 0.00709801 0.0145274 0.0180938 0.00269209
internal_weight=19824.9 13153.8 6671.06 4337.99 9641.71 3104.57 3512.11 2442.81 6894.83 1603.74 2746.87 4354.09 684.505 1566.16 2540.74 2557.03 1500.83 876.648 1069.31 1105.38 2333.06 177.976 388.557 595.828 3669.59 3182 2573.78 401.978 487.589 1644.93
internal_count=282355 77122 205233 115160 61013 73081 16109 10943 35609 31422 25404 23588 3036 7116 12021 23208 41659 3827 5166 29795 90073 6081 1744 10535 20552 18234 14113 6604 2318 9082
cat_boundaries=0 1 2 3 4 5 6 7 8
cat_threshold=73076736 102440960 16779280 10059812 33554436 34603008 258 1184
is_linear=0
shrinkage=0.05


Tree=33
num_leaves=31
num_cat=7
split_feature=4 6 34 16 4 32 2 16 2 32 26 16 35 2 26 35 38 16 36 16 10 16 37 13 13 35 38 16 13 31
split_gain=2946.46 429.312 253.723 181.451 155.114 120.223 84.6585 80.9822 68.5 60.4611 55.6847 46.6302 43.1621 41.199 37.3927 39.8965 36.7219 38.5576 42.4638 36.2476 34.4482 34.3943 38.9595 43.2745 63.4372 33.2579 32.829 31.1158 29.4564 33.5293
threshold=1.0000000180025095e-35 1.0000000180025095e-35 33.416666666666679 0 1.216666666666667 1015.2166666666668 1.0000000180025095e-35 1 0.24000000000000005 1004.3833333333336 19.741666666666671 2 25.009996003196807 1.0000000180025095e-35 7.0166666666666666 14.507180352359082 -0.74999999999994305 3 -0.27108298708969014 4 1.0000000180025095e-35 5 -0.39552800073395838 -0.96477059369951401 -0.9770278626699701 7.5645050585752687 -0.033333333333246166 6 0.82964644928663589 1.45
decision_type=2 2 2 1 2 2 10 1 10 2 2 1 2 8 2 2 10 1 2 1 2 1 2 2 2 2 10 1 2 2
left_child=2 6 19 -4 8 12 7 25 11 -9 -6 -3 13 -5 -7 -16 -11 -18 -19 20 -1 22 23 24 -17 -2 -10 -8 29 -15
right_child=1 4 3 5 10 14 27 9 26 16 -12 -13 -14 28 15 21 17 18 -20 -21 -22 -23 -24 -25 -26 -27 -28 -29 -30 -31
leaf_value=0.0041860686614380469 0.00078780445610270283 0.027337266027317259 -0.03929625760461411 -0.0074413938575997847 0.049713526939021063 -0.038224286095625587 0.022206235163553797 0.02504113293123518 0.033570028293533699 0.01290714854637985 0.024924065258995286 0.011623587467474291 -0.017083250713508843 0.023319089525291506 -0.0076585127220743622 0.030694954861117979 0.0082632610922797507 0.0057133971956313655 -0.010776005518902588 -0.043489125209345815 -0.040182975778508545 -0.034210327971475538 -0.028020288249544181 -0.0020023370127780012 0.25730966219323875 -0.013618532858099712 0.019404698036166599 0.008931411742004269 -0.029517342186566788 -0.015542628443487578
leaf_weight=90.360429920256138 721.7075596563518 612.35051210224628 1012.7386160250753 691.3471651263535 669.4008701890707 392.17790567316115 766.20577358454466 379.89652602374554 990.39713095128536 886.86109217256308 342.92873823642731 2302.6904817894101 545.97461607865989 317.40079618059099 404.455197814852 13.176392529159786 1120.0185254663229 675.91658463329077 924.15153947845101 2067.2767229564488 84.672021348029375 526.10440628789365 145.02101005613804 95.108462374657393 3.9476078599691382 900.31744788587093 697.74132466316223 1148.6005920022726 38.090168138965964 67.188273219391704
leaf_count=2884 6189 2646 36308 13905 3620 12277 3952 2200 4458 5025 1501 10537 12470 5216 9943 297 6811 4880 6901 83992 3197 16265 4345 2209 80 8890 3047 6465 574 1271
internal_value=-0.000480259 0.0131379 -0.0280291 -0.0208524 0.0235993 -0.0149189 0.0053296 0.00223054 0.0197015 0.00605582 0.0413193 0.015059 -0.00556794 7.66429e-05 -0.0248369 -0.0204139 0.00407236 0.00119149 -0.0037868 -0.0416387 -0.0163543 -0.0269979 -0.0105028 0.0112022 0.0841272 -0.00716472 0.0277167 0.0144068 0.0123722 0.0165276
internal_weight=19634.2 13139.2 6495.04 4252.73 5615.51 3239.99 7523.68 5608.87 4603.18 3986.84 1012.33 2915.04 1660 1114.03 1579.99 1187.81 3606.95 2720.09 1600.07 2242.31 175.032 783.358 257.253 112.232 17.124 1622.03 1688.14 1914.81 422.679 384.589
internal_count=282355 77122 205233 115160 25809 78852 51313 40896 20688 25817 5121 13183 33436 20966 45416 33139 23617 18592 11781 90073 6081 23196 6931 2586 377 15079 7505 10417 7061 6487
cat_boundaries=0 1 2 3 4 5 6 7
cat_threshold=72945664 81367040 16787984 16910896 33554436 2148 29430384
is_linear=0
shrinkage=0.05


Tree=34
num_leaves=31
num_cat=8
split_feature=4 4 34 16 26 2 30 1 34 16 3 35 4 38 16 26 38 16 6 16 16 28 13 10 14 26 30 30 33 16
split_gain=2714.33 399.555 250.139 176.263 123.569 115.607 110.53 92.3725 69.207 69.1408 65.1701 60.0335 57.4798 50.8926 42.149 41.8938 40.8152 40.7341 39.3427 36.3269 34.0978 52.4797 32.868 32.7519 31.6734 39.3685 35.8676 31.6357 34.031 28.8709
threshold=1.0000000180025095e-35 0.51666666666666683 33.416666666666679 0 12.241666666666669 1.0000000180025095e-35 9.9166666666666696 1.0000000180025095e-35 82.166666666666671 1 1.0000000180025095e-35 17.008166012066816 1.3583333333333336 -0.09999999999996588 2 4.9416666666666673 0.50000000000005695 3 0.55000000000000016 4 5 77.416666666666671 0.9969807975668411 1.0000000180025095e-35 6 27.983333333333338 23.81666666666667 22.516666666666669 0.33993463423951459 7
decision_type=2 2 2 1 2 8 2 2 2 1 2 2 2 8 1 2 8 1 2 1 1 2 2 2 1 2 2 2 2 1
left_child=2 5 19 -4 18 7 11 17 9 -7 -9 15 -6 20 -10 -5 -11 22 -3 23 21 27 -2 -1 -16 26 -26 28 -8 -17
right_child=1 4 3 6 12 8 13 10 14 16 -12 -13 -14 -15 24 29 -18 -19 -20 -21 -22 -23 -24 -25 25 -27 -28 -29 -30 -31
leaf_value=0.0039610832435371113 -0.001839939560513489 0.032933101949839665 -0.03878384631453833 -0.033420167087856681 0.015801528541478847 -0.015317016499256189 -0.0051386602708410247 -0.0052057775338680582 0.020443680668297878 0.01399722283750586 0.015423854048235429 -0.032452750551764879 0.033475140988297028 -0.013926303865892992 0.0037184042817081223 0.012230789937909903 -0.0033826978391298711 -0.016226998476423785 0.051948949317643871 -0.043106433453978771 -0.0053677091773717198 -0.011446720141717706 0.06257768009004834 -0.039690702167112284 0.013950047023052518 0.038621387696575082 -0.02623520793903162 0.062848194484880035 0.039234380970236564 -0.013110694864337039
leaf_weight=90.714508548378944 654.90311075001955 692.94944037497044 975.88530938141048 180.9552781637758 1764.5784434974194 395.11623178049922 78.570257240906358 610.0515759922564 1790.8011557087302 981.25194170698524 1027.5476898550987 887.63995021395385 622.41978155076504 828.25085793621838 1092.7332782782614 154.61984356679022 515.07328779995441 884.88439274951816 448.84484086930752 1983.5630782842636 445.71529463492334 117.24126802757382 20.31905473023653 81.517628604546189 1408.7508971467614 158.12389151006937 57.716209709644318 54.628927018493414 95.852140283212066 352.54477599263191
leaf_count=2884 5095 3267 36308 5177 7687 3073 1632 4991 8626 5815 6117 26935 2947 18421 6173 3490 3442 8574 2666 83992 9729 2049 153 3197 7468 711 317 486 1832 9101
internal_value=-0.000469827 0.0124976 -0.0273691 -0.020222 0.0268838 0.00720779 -0.0143869 -0.000555482 0.0110869 0.00305932 0.00773889 -0.0238602 0.0204112 -0.00526164 0.0144548 -0.0127732 0.00796158 -0.00926179 0.0404122 -0.0411984 0.00380014 0.0153112 0.000105952 -0.0157939 0.0103938 0.0148331 0.0123668 0.0296746 0.0192546 -0.00540127
internal_weight=19453.8 13126.1 6327.7 4171.9 3528.79 9597.27 3196.02 3197.71 6399.57 1891.44 1637.6 1575.76 2387 1620.26 4508.13 688.12 1496.33 1560.11 1141.79 2155.8 792.008 346.293 675.222 172.232 2717.32 1624.59 1466.47 229.051 174.422 507.165
internal_count=282355 77122 205233 115160 16567 60555 78852 24930 35625 12330 11108 44703 10634 34149 23295 17768 9257 13822 5933 90073 15728 5999 5248 6081 14669 8496 7785 3950 3464 12591
cat_boundaries=0 1 2 3 4 5 6 7 8
cat_threshold=72945664 72901184 88242768 88394320 33554436 50495556 1984 16787984
is_linear=0
shrinkage=0.05


Tree=35
num_leaves=31
num_cat=8
split_feature=4 4 34 16 30 6 26 16 34 38 34 34 38 26 16 37 28 26 28 16 32 38 16 16 16 36 12 16 36 32
split_gain=2468.95 377.43 253.416 191.718 124.683 121.679 115.906 69.9912 63.6461 59.4861 53.9171 51.4531 49.0413 47.3361 61.4138 84.6663 43.1106 41.2449 39.3843 65.0231 39.0216 38.3615 40.2125 37.9188 32.8885 32.0655 31.8234 30.9193 60.6441 31.6018
threshold=1.0000000180025095e-35 0.65833333333333344 20.416666666666668 0 12.71666666666667 1.0000000180025095e-35 19.941666666666674 1 89.416666666666671 -0.40000000000026142 95.583333333333357 84.166666666666671 -0.74999999999994305 27.983333333333338 2 -0.40581762222710038 87.833333333333357 4.9416666666666673 77.166666666666671 3 1006.0583333333335 -0.70000000000010221 4 5 6 -0.91679119865246739 -0.79462857753386928 7 0.71411824180981698 1019.3166666666668
decision_type=2 2 2 1 2 2 2 1 2 8 2 2 8 2 1 2 2 2 2 1 2 8 1 1 1 2 2 1 2 2
left_child=2 5 -1 -4 11 7 10 16 13 18 -3 -5 -8 14 15 -9 -2 -13 19 -6 -11 26 -23 -14 -22 -16 -7 28 -10 -29
right_child=1 6 3 4 9 21 12 8 27 20 -12 17 23 -15 25 -17 -18 -19 -20 -21 24 22 -24 -25 -26 -27 -28 29 -30 -31
leaf_value=-0.04344664583622071 -0.019020313322036981 0.02536328154162755 -0.036936237737169968 -0.027816629406194567 0.041647271552080159 0.0057071582036851845 0.031697022446075397 0.018603793308206246 0.0099631944830695061 0.026468307989748238 0.043809752916952757 -0.032558034404588952 0.021890332529661834 0.015020709159588978 0.0096883458871936702 -0.0059092292762728989 0.0040740947042979588 -0.0033499068437010922 -0.009594800899494077 -0.0019406229709890664 0.01384021513649744 0.0040721184238698329 0.01754379986541536 -0.001863562523110973 -0.017254362249089949 -0.012843465645411152 0.027516807568684562 0.011049651063230921 0.052930653718302446 -0.0047624179115182711
leaf_weight=1643.8827602602541 508.38085848093033 650.63986071944237 1275.1839490532875 1289.8133135810494 170.70349070429802 208.62130228430033 307.02579273283482 652.05227533727884 232.09739144146442 66.268802873790264 1014.9295716136694 160.4017004724592 270.09886303544044 488.1147677525878 183.44692594185472 765.92972108721733 335.29075790196657 489.54436810314655 150.46067300625145 169.17759736068547 92.064823303371668 1013.1271056309342 1271.0081275552511 422.50132493674755 665.14838648959994 1130.9602187797427 844.75785182416439 2268.9124359637499 127.03697198629379 367.0591483861208
leaf_count=71937 5760 3065 49259 40522 2773 897 1345 4170 1263 1265 5441 4688 1179 2627 1507 5066 3468 11492 2863 3393 2697 4744 5574 1811 14561 8977 3648 13193 625 2432
internal_value=-0.000572941 0.0117415 -0.0266314 -0.0205268 -0.0139382 0.00743808 0.028528 0.00371871 0.00555066 -0.00208754 0.0366058 -0.0220361 0.0150666 0.000680222 -0.00188202 0.00532593 -0.00972749 -0.0105621 0.0116986 0.0211249 -0.0102969 0.0153047 0.0116635 0.00769087 -0.0135175 -0.00962506 0.0231984 0.010806 0.0244909 0.00881429
internal_weight=19234.6 13062 6172.65 4528.77 3253.58 10396.8 2665.2 7059.28 6215.61 1313.82 1665.57 1939.76 999.626 3220.5 2732.39 1417.98 843.672 649.946 490.342 339.881 823.482 3337.51 2284.14 692.6 757.213 1314.41 1053.38 2995.11 359.134 2635.97
internal_count=282242 76792 205450 133513 84254 63951 12841 49088 39860 27552 8506 56702 4335 22347 19720 9236 9228 16180 9029 6166 18523 14863 10318 2990 17258 10484 4545 17513 1888 15625
cat_boundaries=0 1 2 3 4 5 6 7 8
cat_threshold=73076736 68747264 25561140 41992260 35074560 25186388 34882 20980224
is_linear=0
shrinkage=0.05


Tree=36
num_leaves=31
num_cat=7
split_feature=4 4 34 16 30 4 26 26 34 34 17 34 23 16 34 26 16 16 3 16 16 31 10 20 26 16 30 30 36 30
split_gain=2272.8 347.958 249.932 185.694 116.743 115.034 108.778 81.5487 51.9811 49.4255 48.3153 45.7246 45.3398 66.3135 49.0658 44.1651 43.5127 42.6001 37.5313 50.2896 41.0679 35.8058 34.8081 46.1473 31.0892 42.7585 38.3251 30.4072 30.2074 45.5577
threshold=1.0000000180025095e-35 0.65833333333333344 20.416666666666668 0 12.71666666666667 0.18000000000000002 19.941666666666674 8.5583333333333353 95.583333333333357 74.833333333333357 55.924650000000007 28.416666666666668 5.9281161144739549 1 74.166666666666671 4.9416666666666673 2 3 0.15000000000000005 4 5 0.70000000000000073 0.78656609248549325 12.451300000000002 28.616666666666671 6 23.916666666666675 23.258333333333336 0.74422894803779838 13.71666666666667
decision_type=2 2 2 1 2 2 2 2 2 2 2 2 2 1 2 2 1 1 2 1 1 2 2 2 2 1 2 2 2 2
left_child=2 5 -1 -4 9 10 8 -7 -3 -5 11 -2 14 -14 -6 -11 -8 21 19 -9 -20 28 27 -24 25 -13 -27 -18 29 -16
right_child=1 6 3 4 12 7 16 18 -10 15 -12 24 13 -15 17 -17 22 -19 20 -21 -22 -23 23 -25 -26 26 -28 -29 -30 -31
leaf_value=-0.043067133507623249 -0.020954271614292891 0.024258321084166957 -0.036376336528101343 -0.029604377766777736 -0.023956822486278517 0.023819632250254141 0.0356922069439055 -0.020666885428233361 0.042477398346637066 -0.033361753075323033 -0.013626658528791323 0.0082120786611628565 0.029496950277390816 -0.0065036856168203443 0.23907752314883229 -0.0077434716860064054 0.011653543823328047 -0.0056785417238938559 0.006869480992788864 0.0064210485613087724 0.019243722152115148 -0.0013817012546020924 0.042063408139254702 -0.018310618427899293 0.018442627975941896 9.5130531702338481e-05 -0.025841678013167581 -0.01127810150299572 -0.00081491956205597511 0.068256297002059693
leaf_weight=1577.1454365961254 185.30078457295895 646.37795133888721 1231.3453174177557 931.49698452465236 335.19373030029237 1205.604934297502 185.11762091517448 209.947196431458 994.94317176938057 216.62016652151942 455.16536075621843 2136.8464723229408 221.60367092117667 282.66729315556586 4.5425619371235397 752.45645533688366 407.31020678579807 396.9427952170372 1749.9735857918859 764.13644897192717 1121.1462830305099 32.612921619787812 139.75440146028996 40.846179470419884 361.73504737019539 2060.4845997095108 152.9020756110549 223.96789386868477 11.402941446751354 25.666343383491039
leaf_count=71937 1812 3065 49259 31796 9054 5256 847 1067 5441 6558 5461 13601 4145 6234 93 18348 1736 6815 8378 3514 4933 587 603 176 1877 16687 1365 973 205 419
internal_value=-0.000555642 0.0111743 -0.0259682 -0.019897 -0.013422 0.00706128 0.0273917 0.0124737 0.0353044 -0.0213803 0.00195376 0.0034021 -0.00198318 0.00977551 -0.00933697 -0.0134728 0.0143632 0.00106662 0.00891579 0.000434948 0.011793 0.0333719 0.00894636 0.0284061 0.00436035 0.00318897 -0.00169005 0.00351725 0.0685482 0.094647
internal_weight=19061.3 13041.6 6019.7 4442.55 3211.21 10403.2 2638.32 5050.81 1641.32 1900.57 5352.43 4897.27 1310.63 504.271 806.361 969.077 996.996 471.168 3845.2 974.084 2871.12 74.2248 811.879 180.601 4711.97 4350.23 2213.39 631.278 41.6118 30.2089
internal_count=282242 76792 205450 133513 84254 63951 12841 23148 8506 56702 40803 35342 27552 10379 17173 24906 4335 8119 17892 4581 13311 1304 3488 779 33530 31653 18052 2709 717 512
cat_boundaries=0 1 2 3 4 5 6 7
cat_threshold=73076736 41992260 16777232 16779330 1794562 35491876 29764144
is_linear=0
shrinkage=0.05


Tree=37
num_leaves=31
num_cat=8
split_feature=4 4 16 32 26 4 16 8 14 16 16 26 37 16 36 33 30 16 25 15 4 38 16 30 13 9 13 30 37 35
split_gain=2092.01 321.358 236.799 205.088 130.197 81.6518 63.576 55.247 45.686 49.8542 47.1275 44.7663 44.157 80.5535 46.0597 43.103 41.3164 38.3065 35.8703 35.4046 34.2961 33.877 33.5836 33.3675 33.2014 44.0852 48.741 49.3722 32.6058 31.1466
threshold=1.0000000180025095e-35 0.51666666666666683 0 1013.6166666666668 12.241666666666669 0.083333333333333356 1 2.5000000000000004 2 3 4 27.983333333333338 -0.097661863401139179 5 -0.086939037938476724 0.89938250421548582 -1.5166666666666664 6 182.81290233528219 2022.5000000000002 1.2833333333333337 -0.50000000000005673 7 12.616666666666669 0.98376170968447496 16.500000000000004 -0.96914236212857563 14.616666666666669 0.86603158612137199 5.6861651579932326
decision_type=2 2 1 2 2 2 1 2 1 1 1 2 2 1 2 2 2 1 2 2 2 8 1 2 2 2 2 2 2 2
left_child=2 5 -1 7 20 16 18 22 9 -7 -10 -11 13 14 -5 19 -2 -18 -6 24 -3 -8 -4 -9 25 -16 27 -27 -24 -20
right_child=1 4 3 12 6 8 21 23 10 11 -12 -13 -14 -15 15 -17 17 -19 29 -21 -22 -23 28 -25 -26 26 -28 -29 -30 -31
leaf_value=-0.042021878742786026 -0.024708552715769657 0.03280298298030792 -0.0078767224683453062 -0.021698047467788629 0.045291764178852723 0.020183146597675346 0.020262485802103811 -0.022407982588754035 0.014809260795911529 0.0032381500032757958 0.0022925054805520437 0.030743084757627499 -0.033386879801286358 -0.030913237367024018 0.0018239663262351376 0.23706946417246916 0.0063431872163955214 -0.0058258769600079592 0.036119287805394223 -0.0086110645164426958 0.053076930268709965 0.0047942724902678155 0.021870127958868384 -0.0043272868307594661 0.17599553069833043 0.32957634823426285 0.044305496408412644 0.029642656829533355 -0.016680788445913853 0.013420248086855466
leaf_weight=1561.4822622854263 177.10649425163865 796.89396306872368 262.89614239707589 189.13618196360767 227.54078759253025 1458.4900593161583 575.17870225012302 476.86428681574762 994.26487385481596 1169.6331419199705 3043.3271269872785 169.26020635664463 1524.2058336064219 673.63911340199411 73.069912578910589 1.9921845998615015 1281.892735645175 1284.7188013233244 245.82116252183914 130.87771682441235 283.09739285707474 920.34224224090576 323.89464100636542 548.87755093351007 3.641885792836546 3.1811626907438031 32.02932826243341 2.3950677998363972 65.94896012917161 392.59070757031441
leaf_count=69405 2109 4082 6613 6211 1137 6761 2568 14099 4571 6129 16756 747 58630 23878 2009 54 9767 13408 1155 3682 1812 4074 6867 11746 84 66 818 56 1232 1716
internal_value=-0.000538586 0.0106365 -0.0253081 -0.019114 0.0237413 0.00592794 0.0171632 -0.00549848 0.00885273 0.0137615 0.00540404 0.00666751 -0.0278618 -0.0202724 -0.00306222 0.0110762 -0.00135819 0.000253981 0.0279238 0.00914416 0.0381218 0.010673 0.00587241 -0.0127343 0.0294612 0.0244848 0.0683947 0.203542 0.0149622 0.0221648
internal_weight=18894.3 13020.2 5874.13 4312.65 3441.46 9578.69 2361.47 1678.48 6834.98 2797.38 4037.59 1338.89 2634.17 1109.96 436.323 247.187 2743.72 2566.61 865.953 245.195 1079.99 1495.52 652.74 1025.74 114.317 110.675 37.6056 5.57623 389.844 638.412
internal_count=282242 76792 205450 136045 16544 60248 10650 40557 34964 13637 21327 6876 95488 36858 12980 6769 25284 23175 4008 6715 5894 6642 14712 25845 3033 2949 940 122 8099 2871
cat_boundaries=0 1 2 3 4 5 6 7 8
cat_threshold=73072640 21256720 4126 13171280 88344624 16779812 25356848 279092
is_linear=0
shrinkage=0.05


Tree=38
num_leaves=31
num_cat=8
split_feature=4 4 16 32 2 26 16 3 1 26 37 6 37 16 36 16 16 6 14 31 38 2 15 38 16 17 16 10 13 13
split_gain=1925.26 298.779 232.767 194.995 106.168 98.5633 79.2455 54.712 54.3401 53.4307 53.1933 45.8401 43.0656 78.1277 43.7531 41.373 38.894 41.4816 38.625 37.8781 37.1898 36.0923 34.7051 33.5992 33.0915 32.5251 31.8006 30.5493 61.6306 46.214
threshold=1.0000000180025095e-35 0.65833333333333344 0 1013.7166666666668 1.0000000180025095e-35 19.741666666666671 1 0.15000000000000005 1.0000000180025095e-35 28.283333333333339 -0.45544476275464879 0.75000000000000011 -0.097661863401139179 2 -0.086939037938476724 3 4 0.15000000000000005 5 1.6499579113843053 0.73333333333329176 1.0000000180025095e-35 2022.5000000000002 -0.74999999999994305 6 52.298650000000009 7 -0.70710678118654735 -0.99374406038856444 0.98376170968447496
decision_type=2 2 1 2 10 2 1 2 2 2 2 2 2 1 2 1 1 2 1 2 10 8 2 8 1 2 1 2 2 2
left_child=2 4 -1 9 6 11 10 25 21 24 -2 18 13 14 -5 -7 20 -18 -3 -11 -6 -9 27 -17 -4 -8 -14 28 -16 -29
right_child=1 5 3 12 16 15 7 8 -10 19 -12 -13 26 -15 22 23 17 -19 -20 -21 -22 -23 -24 -25 -26 -27 -28 29 -30 -31
leaf_value=-0.041600224583896415 0.029971055453832676 0.010959469130323462 -0.0016093537563259984 -0.021320141334047544 0.011427999060702137 0.033924148021887056 -0.0026527556842928417 -0.009036003115526688 0.011665369706418151 0.027377015186602044 0.0069596770927550086 0.046160878025454211 -0.02112343306994828 -0.030491352763218058 0.31832167074749862 0.02324432095185075 0.014389589081789382 0.032266059738850411 0.033263656754390254 -0.013503254019939119 -0.0071819549024790784 0.0059441876078003986 -0.0070046942630213743 0.0014058510917238825 -0.016907518534869954 -0.018306501842850768 -0.038442769827961291 0.004879332595212115 0.051073710861651966 0.19025882075368392
leaf_weight=1500.1059452015907 387.45324101299047 300.55319984257221 723.87766131386161 183.77243756689131 1170.5110610798001 186.28186589479446 2247.6387050002813 805.64952799677849 1501.7801039665937 187.71074765734375 713.71946854144335 474.72758886218071 505.0709025375545 647.51492973975837 2.2031114213168612 253.97011265158653 1644.707087226212 404.33026143908501 795.90079173445702 81.07273206487298 348.26660595834255 802.50996716320515 129.59085654839873 574.15653096139431 699.33206695877016 389.22290744259953 960.22400829941034 77.01094882003963 35.627446400001645 3.4157392606139174
leaf_count=69405 1891 1347 18160 6162 5848 872 17642 5755 7268 2956 3740 2945 19528 23671 45 1106 8061 1796 4110 2094 1832 4771 3673 2461 18031 5347 38719 2105 833 68
internal_value=-0.000523591 0.0101224 -0.0246515 -0.0185073 0.00634577 0.0253351 0.00270201 0.000333557 0.00482634 -0.0053959 0.0149228 0.033179 -0.0272983 -0.0197151 -0.00277464 0.0131838 0.0133392 0.0178315 0.0275546 0.0150459 0.00711358 -0.00156063 0.0108675 0.00800858 -0.00925727 -0.00496399 -0.0328813 0.0304419 0.0674354 0.0129789
internal_weight=18737.9 13001.4 5736.53 4236.42 10415.8 2585.59 6847.97 5746.8 3109.94 1691.99 1101.17 1571.18 2544.43 1079.14 431.621 1014.41 3567.82 2049.04 1096.45 268.783 1518.78 1608.16 247.848 828.127 1423.21 2636.86 1465.29 118.257 37.8306 80.4267
internal_count=282242 76792 205450 136045 63951 12841 46414 40783 17794 41241 5631 8402 94804 36557 12886 4439 17537 9857 5457 5050 7680 10526 6724 3567 36191 22989 58247 3051 878 2173
cat_boundaries=0 1 2 3 4 5 6 7 8
cat_threshold=73072640 16787472 16779812 16777232 102170658 960 25442384 33603606
is_linear=0
shrinkage=0.05


Tree=39
num_leaves=31
num_cat=9
split_feature=7 6 34 16 30 2 26 34 16 16 34 38 37 16 36 28 16 33 16 16 37 23 27 2 38 13 7 16 16 26
split_gain=1772.16 277.274 250.622 174.672 112.721 99.0338 89.5287 72.9464 69.9732 59.005 56.8211 52.7155 47.6555 44.8209 42.4771 41.1427 52.5808 41.3226 38.8454 38.451 57.825 56.4007 41.4758 36.8712 36.2053 33.3335 32.1801 33.0885 31.0562 30.6107
threshold=1.0000000180025095e-35 0.25000000000000006 20.416666666666668 0 12.616666666666669 1.0000000180025095e-35 13.058333333333335 84.166666666666671 1 2 89.416666666666671 -0.049999999999840831 -0.40581762222710038 3 -0.23955661539952375 74.416666666666671 4 0.3299831645537456 5 6 -0.3350604165216014 6.9402507279832859 1.2500000000000009 1.0000000180025095e-35 -0.20000000000010229 -0.26296220265651482 1.3500000000000003 7 8 4.9416666666666673
decision_type=2 2 2 1 2 10 2 2 1 1 2 8 2 1 2 2 1 2 1 1 2 2 2 8 10 2 2 1 1 2
left_child=2 5 -1 -4 7 8 26 19 12 -8 15 14 -2 -9 28 16 -10 -18 -7 20 21 22 23 -5 -20 -11 27 -3 -6 -15
right_child=1 6 3 4 11 18 9 13 10 25 -12 -13 -14 29 -16 -17 17 -19 24 -21 -22 -23 -24 -25 -26 -27 -28 -29 -30 -31
leaf_value=-0.042100076408965251 0.027290713211588904 0.0030989897467406462 -0.039809262150991648 0.01664668077102904 -0.0044867047337791991 0.018747628101483459 0.038921572897718457 0.021517793450108378 -0.031597109257723306 0.0023464749550269311 0.0054813710698639207 -0.0119913211145234 0.0059810566205407388 -0.032230758475257554 -0.00071289483426710922 -0.0096298161946948256 -0.0043047761121134493 0.014397635304024181 0.014784524354079322 -0.03128776300781088 -0.026199082234060089 -0.022910001378444535 -0.022203614916973348 0.10749229568223261 0.0019526825222224702 0.02007924982076692 0.046851863870152749 0.034361416788047432 0.036505516289776323 -0.0061225810656846784
leaf_weight=1426.1801942382008 428.96678981184959 117.34817016124725 737.60394380800426 18.110351730138063 68.026904005557299 1573.9632765129209 233.49180117249489 106.96772151067853 95.262749888002872 527.02325057983398 2844.9664523266256 642.15732593648136 675.46228020638227 149.29441622458398 469.92913622036576 1658.028124384582 574.3556612059474 607.81175355240703 1097.0595834068954 1080.6481815986335 205.39304415509105 46.29574036039412 15.091760592535136 29.219145527109504 1101.7629928141832 533.02333496510983 426.11692932248116 481.68767255544662 158.84064541943371 452.05379668809474
leaf_count=71937 2080 570 34217 477 1590 7296 1193 2898 1062 2372 18435 15412 3534 4930 9599 13187 4325 3994 5321 40354 6891 1314 422 619 5775 2397 2802 2449 2903 11887
internal_value=-0.000509603 0.00963925 -0.0240019 -0.0178256 -0.0129603 0.00623002 0.0253085 -0.0202174 0.00266203 0.0165599 0.00044518 -0.00165778 0.0141316 -0.00714891 0.0078658 -0.00443426 0.00230948 0.00526693 0.0127409 -0.0268531 -0.0102688 0.0188802 0.0498616 0.0728391 0.00831744 0.0111588 0.0363447 0.028864 0.025628 -0.0124024
internal_weight=18582.1 12976.3 5605.81 4179.63 3442.03 10657.6 2318.69 2103.07 6884.85 1293.54 5780.42 1338.95 1104.43 708.316 696.797 2935.46 1277.43 1182.17 3772.79 1394.76 314.11 108.717 62.4213 47.3295 2198.82 1060.05 1025.15 599.036 226.868 601.348
internal_count=282242 76792 205450 133513 99296 65009 11783 69792 46617 5962 41003 29504 5614 19715 14092 22568 9381 8319 18392 50077 9723 2832 1518 1096 11096 4769 5821 3019 4493 16817
cat_boundaries=0 1 2 3 4 5 6 7 8 9
cat_threshold=72941568 16787472 21102608 131600 72876032 29366868 2096 29687840 6676
is_linear=0
shrinkage=0.05


Tree=40
num_leaves=31
num_cat=7
split_feature=4 6 34 2 16 23 16 32 16 34 34 35 32 4 32 16 16 13 10 30 24 30 10 17 37 16 35 16 9 11
split_gain=1634.57 270.731 242.583 110.477 106.407 82.2365 75.3512 67.7453 64.7193 53.2799 49.0153 46.5361 39.0629 37.0843 36.9838 65.4971 35.0287 34.5547 33.514 49.9852 32.1441 34.0552 48.8726 31.9988 40.541 31.203 30.4037 29.5309 59.5539 38.7846
threshold=1.0000000180025095e-35 0.35000000000000003 56.166666666666679 1.0000000180025095e-35 0 1.9324650203211082 1 1020.4166666666669 2 17.833333333333339 34.833333333333336 12.499444419750894 1004.3833333333336 0.28333333333333338 1013.4166666666669 3 4 -0.30410362911654215 -0.37940952255126059 22.216666666666672 3.4190478996905456 23.81666666666667 0.60355339059327384 -28.709174999999995 -0.63559111942964208 5 5.5288886667555124 6 10.500000000000002 -0.70710678118654757
decision_type=2 2 2 10 1 2 1 2 1 2 2 2 2 2 2 1 1 2 2 2 2 2 2 2 2 1 2 1 2 2
left_child=2 3 8 6 -4 -3 17 11 18 -10 -8 -6 16 25 15 -11 -12 -2 -1 -20 -14 27 -23 24 -9 -5 -15 28 -22 -29
right_child=1 5 4 13 7 -7 10 23 9 14 12 -13 20 26 -16 -17 -18 -19 19 -21 21 22 -24 -25 -26 -27 -28 29 -30 -31
leaf_value=0.01490761795614242 -0.016361929773095751 0.037582825330859167 -0.032637250710578332 0.015034277205747749 0.0057873076280713425 0.015478568409980176 -0.013657560874204234 0.094426210960413773 -0.044942621909963315 -0.038741928065924219 0.031165604512354707 -0.010602951870452319 -0.020901858401068188 0.024271493139187431 -0.036012081272445678 0.0038371240873222899 0.0041796658163674718 -0.0015615564294753246 -0.038829563146103044 0.041058454915942427 0.02070204234066577 -0.01579633558458983 0.029378670482414694 -0.028277690051083899 -0.017028783340355371 0.0023948210074303906 0.012175514038837307 0.014528885370021092 0.0033404048026184799 -0.0011700912542831293
leaf_weight=92.328191561624408 585.56656661257148 936.8082309961319 594.78321938589215 858.35747713968158 685.8729102127254 764.23519180715084 315.10291254147887 12.147286884486673 1186.0684020426124 160.53819406218827 281.15921484678984 1174.6192745734006 114.93124533444643 911.8322082310915 739.20719354972243 194.94156290777028 226.90443207323551 1207.4458660520613 107.92705933563411 23.828781148418784 948.79729107022285 338.98157598823309 72.611947499215603 488.25232991203666 24.371144970878959 1146.709182549268 1208.2182555496693 535.04866310954094 1030.2714085802436 1485.4634182602167
leaf_count=3028 4996 5412 26595 4588 14040 3692 2506 234 63364 7605 1388 27866 922 4057 34055 6954 1456 10171 4715 411 4780 2510 340 15962 697 6119 5238 3312 5768 9586
internal_value=-0.000616714 0.00906103 -0.0234985 0.00625391 -0.0138574 0.0276534 0.0024912 -0.00899875 -0.0349677 -0.0374347 0.00545985 -0.00456067 0.00666756 0.0127685 -0.0296387 -0.0163791 0.0198123 -0.00636027 -0.00783265 -0.0243612 0.00519163 0.00587195 -0.00782151 -0.0249008 0.0202016 0.0078931 0.0173789 0.00728129 0.0116058 0.00297293
internal_weight=18453.3 12968.4 5484.89 11267.4 2980.05 1701.04 7142.28 2385.26 2504.84 2280.76 5349.27 1860.49 5034.17 4125.12 1094.69 355.48 508.064 1793.01 224.084 131.756 4526.11 4411.17 411.594 524.771 36.5184 2005.07 2120.05 3999.58 1979.07 2020.51
internal_count=282367 76841 205526 67737 85394 9104 47735 58799 120132 111978 32568 41906 30062 20002 48614 14559 2844 15167 8154 5126 27218 26296 2850 16893 931 10707 9295 23446 10548 12898
cat_boundaries=0 1 2 3 4 5 6 7
cat_threshold=72945664 14225408 33554436 73056288 17048144 29954644 50333744
is_linear=0
shrinkage=0.05


Tree=41
num_leaves=31
num_cat=8
split_feature=4 4 34 16 26 30 34 2 1 35 34 3 16 38 16 13 31 10 16 38 16 28 16 13 16 23 10 16 19 28
split_gain=1503.24 250.987 235.397 127.136 93.1875 82.1077 80.1378 71.8279 66.7466 53.5549 51.045 50.65 47.371 47.2915 45.4849 44.7762 39.6951 37.3296 35.7813 35.7223 40.638 38.7721 34.9149 42.782 33.666 33.5728 35.7315 34.9686 31.6921 30.6066
threshold=1.0000000180025095e-35 0.65833333333333344 33.416666666666679 0 19.741666666666671 9.9166666666666696 34.833333333333336 1.0000000180025095e-35 1.0000000180025095e-35 17.265886953167559 95.583333333333357 1.0000000180025095e-35 1 -0.70000000000010221 2 0.32854238191083468 1.5000000000000009 -0.37940952255126059 3 -1.4499999999999884 4 55.166666666666679 5 0.99815866078541859 6 1.3256512716024627 0.60355339059327384 7 48.500000000000007 87.416666666666671
decision_type=2 2 2 1 2 2 2 8 2 2 2 2 1 8 1 2 2 2 1 8 1 2 1 2 1 2 2 1 2 2
left_child=2 6 12 -4 10 9 -2 8 22 18 -3 -10 17 14 15 -9 24 -1 -5 21 -21 -7 23 -8 -15 -6 27 -27 -28 -16
right_child=1 4 3 5 25 19 7 13 11 -11 -12 -13 -14 16 29 -17 -18 -19 -20 20 -22 -23 -24 -25 -26 26 28 -29 -30 -31
leaf_value=0.018993135764914806 -0.016375597784115709 0.019398823592077109 -0.033782374088047969 0.02712559354413549 0.035910212630972126 -0.016008432358794216 0.0048290638234436958 0.014278452104931656 -0.0053344006601854571 -0.028878819542185137 0.038184811923969268 0.012998568586139389 -0.040821434932506812 0.01206314030125707 0.0021418874879118063 0.037068580125793678 -0.010198166689077224 -0.031664024152725838 -0.012666054628201869 0.007597267583900804 -0.01108706566164981 0.035902276686769027 -0.011575370550182967 0.12116621785579072 0.0032647689568368991 0.014400422969124922 0.029811529057455339 -0.009537199360088405 -0.015555552629384718 0.01788096500814295
leaf_weight=65.105976160615683 412.85871879756451 602.88142786920071 767.04641040042043 53.741699079051614 119.09502892196178 53.174991888925433 269.10340385884047 500.15805572271347 574.71863673254848 743.35407570190728 904.8428101092577 1093.3870906233788 1540.4639766179025 2076.2746880054474 722.5403382666409 378.90260840207338 343.34722430631518 82.146135041490197 567.60663825459778 406.56525236181915 974.89000209234655 110.76883889175951 1195.5822512321174 8.0420289188623411 2323.7660546861589 257.44527620077133 234.58395828306675 345.01188370585442 45.983736589550972 539.47589054331183
leaf_count=2170 3528 2990 36438 1287 573 1106 1981 2266 4600 26728 5413 6287 84139 10492 3822 1698 2068 3919 16628 10437 20978 1696 10915 58 13588 1121 1037 1496 198 2710
internal_value=-0.000596984 0.00862416 -0.0228518 -0.0157555 0.0228204 -0.0108496 0.0052105 0.0060996 -0.000166264 -0.0198238 0.0306748 0.0066823 -0.0383111 0.00895818 0.0151262 0.0238337 0.00617378 -0.00867975 -0.00898791 -0.0029942 -0.00561333 0.0190656 -0.00792332 0.00796023 0.00745153 0.0110013 0.00763813 0.000773358 0.0223732 0.00880104
internal_weight=18312.9 12948 5364.86 3677.15 2509.84 2910.1 10438.2 10025.3 3140.83 1364.7 1507.72 1668.11 1687.72 6884.46 2141.08 879.061 4743.39 147.252 621.348 1545.4 1381.46 163.944 1472.73 277.145 4400.04 1002.12 883.025 602.457 280.568 1262.02
internal_count=282367 76841 205526 115298 12828 78860 64013 60485 23841 44643 8403 10887 90228 36644 10496 3964 26148 6089 17915 34217 31415 2802 12954 2039 24080 4425 3852 2617 1235 6532
cat_boundaries=0 1 2 3 4 5 6 7 8
cat_threshold=72945664 33554436 58761744 528 16941154 21004816 88266864 29638740
is_linear=0
shrinkage=0.05


Tree=42
num_leaves=31
num_cat=6
split_feature=4 4 34 16 26 34 16 26 16 37 26 4 34 31 26 3 16 34 3 11 38 16 26 12 13 26 34 4 16 2
split_gain=1381.87 230.897 229.924 96.9975 86.9567 75.3335 65.2782 105.001 61.95 61.2798 61.247 51.518 48.8292 43.9421 43.6878 39.751 40.5408 37.7901 32.3532 31.8077 28.9027 28.286 27.8336 37.0545 27.611 27.3176 27.2646 26.8273 26.0362 25.4642
threshold=1.0000000180025095e-35 0.65833333333333344 56.166666666666679 0 19.741666666666671 81.583333333333357 1 28.441666666666674 2 -0.39552800073395838 5.116666666666668 0.2166666666666667 95.583333333333357 1.45 28.141666666666673 0.15000000000000005 3 80.416666666666671 2.8500000000000001 -0.5 0.8666666666667312 4 4.1833333333333345 0.9294892378951588 0.86170175994806808 0.78333333333333355 14.41666666666667 0.15833333333333335 5 1.0000000180025095e-35
decision_type=2 2 2 1 2 2 1 2 1 2 2 2 2 2 2 2 1 2 2 2 8 1 2 2 2 2 2 2 1 8
left_child=2 5 6 -4 12 8 7 26 9 -2 -5 22 21 17 -11 -13 -17 -12 20 28 24 -3 23 27 -6 -18 -1 -7 -10 -19
right_child=1 4 3 10 18 11 -8 -9 19 14 13 15 -14 -15 -16 16 25 29 -20 -21 -22 -23 -24 -25 -26 -27 -28 -29 -30 -31
leaf_value=-0.038568132385517845 0.011988467868548201 0.030211785307785705 -0.031369532317817965 -0.030636327504293032 0.008485959075111741 -0.014642763948072743 -0.04152869021039865 0.023378698360851168 -0.025009764364048399 -0.010384266302411307 -0.010401736918812833 0.0011499611749267501 0.037022245639136128 -0.019946709377725177 0.018736571714646037 0.0078051909089187953 0.044365067372648399 -0.0015451824100057932 0.041070419481730867 -0.018262283833887501 -0.0092539739491690875 0.0077587225439847071 0.0057673030288366983 0.035799743567349315 0.036544661066645404 0.018677838680151222 -0.021495524830229391 0.0092131049395499532 0.0053573895023657 0.015339406657241273
leaf_weight=427.10553779453039 1039.8706585653126 270.82616023719311 558.21555539220572 269.85769555345178 622.32011792063713 469.4078913629055 1298.374625120312 105.42134997062385 77.912218756973743 787.19166437909007 712.19899618066847 641.10754302144051 887.05526730418205 411.33496910333633 153.88833667337894 1166.9449608847499 111.86016663908958 591.13656833954155 79.520440340042114 653.30776520445943 194.72157283127308 328.46436774730682 3402.4473436921835 50.56484629586339 101.97950401902199 1381.2842514440417 518.01021786779165 157.26649928092957 346.60820708423853 358.74175165966153
leaf_count=23119 6382 1420 26595 9548 2736 4245 71016 3885 847 5683 18137 2784 5413 10657 773 5262 509 13300 398 5606 846 1570 22289 414 445 5968 22112 718 2533 7157
internal_value=-0.000578351 0.00820894 -0.0222092 -0.0127942 0.0219068 0.00494835 -0.033838 -0.023709 -0.00164944 0.00360484 -0.00819913 0.00768259 0.029573 -0.0053171 -0.00562085 0.0123263 0.0150198 -0.00169554 0.0104937 -0.011235 0.00784382 0.0185423 0.00392478 -0.00533155 0.0124411 0.020468 -0.029214 -0.00865552 -0.000683293 0.00483259
internal_weight=18174.9 12924.5 5250.4 2901.49 2484.89 10439.7 2348.91 1050.54 3058.78 1980.95 2343.27 7380.88 1486.35 2073.41 941.08 3301.2 2660.09 1662.08 998.542 1077.83 919.021 599.291 4079.69 677.239 724.3 1493.14 945.116 626.674 424.52 949.878
internal_count=282367 76841 205526 85394 12828 64013 120132 49116 21824 12838 58799 42189 8403 49251 6456 14523 11739 38594 4425 8986 4027 2990 27666 5377 3181 6477 45231 4963 3380 20457
cat_boundaries=0 1 2 3 4 5 6
cat_threshold=72945664 50629204 59050036 34934788 84981808 68681728
is_linear=0
shrinkage=0.05


Tree=43
num_leaves=31
num_cat=11
split_feature=4 34 6 16 32 2 25 16 32 2 34 38 26 16 37 30 16 14 16 10 32 34 26 13 38 16 14 16 16 14
split_gain=1269.98 226.667 221.75 146.252 110.105 88.2764 74.7514 57.8511 47.2389 41.974 41.495 37.2436 39.6462 39.3074 45.6014 37.0495 36.9066 36.7713 34.9109 41.2584 34.3161 32.4148 31.6778 32.1477 30.7943 32.7648 30.382 30.2441 29.8538 32.4781
threshold=1.0000000180025095e-35 17.833333333333339 0.35000000000000003 0 1013.7166666666668 0.15000000000000005 241.55812754013854 1 1002.5166666666668 1.0000000180025095e-35 76.583333333333357 -0.24999999999994313 27.016666666666669 2 -0.39552800073395838 23.716666666666672 3 4 5 -0.25881904510252113 1020.4166666666669 60.166666666666679 4.1833333333333345 0.077175462126646319 -0.83333333333320059 6 7 8 9 10
decision_type=2 2 2 1 2 10 2 1 2 8 2 8 2 1 2 2 1 1 1 2 2 2 2 2 10 1 1 1 1 1
left_child=1 18 5 -3 9 7 -4 20 16 -5 -6 12 15 14 -13 -10 -9 27 19 -1 21 -2 23 -19 -7 -26 -14 -11 29 -12
right_child=2 3 6 4 10 24 -8 8 11 17 28 13 26 -15 -16 -17 -18 22 -20 -21 -22 -23 -24 -25 25 -27 -28 -29 -30 -31
leaf_value=0.023770312178466729 -0.018678452809131701 -0.037305952575827875 0.034770607710071025 -0.008164793337216078 -0.026551104058144148 0.020345760203095115 0.013349135965932358 0.034160025220999216 0.0071541096320161986 0.018798584750114568 0.022278863750470824 0.017306988142049382 0.03536357750991629 -0.004265802824178622 -0.0010330359500021165 -0.023965166756092709 0.0022841488975823151 0.01954997618205858 -0.043654773291700394 -0.040399562279112025 -0.022528799985439329 0.00025861929392670944 0.017819329506863126 0.30169210502347071 0.0013199018566766633 0.014525791086226404 0.010417740747692535 -0.018522299169789157 -0.017257402007738086 -0.013601037739239295
leaf_weight=47.797735668718815 254.1865200959146 660.22446343302727 891.34807989746332 913.51655694283545 1012.4423255473375 926.8907708376646 750.140220656991 233.79657048732042 1669.9482433348894 71.494418617337942 112.19314464181662 604.45994973182678 209.57623613625765 1762.8613740839064 771.39823472127318 101.35915188491344 159.53852189704776 2.0768641475588079 1053.1996015198529 52.420333789661527 219.84848809242249 2029.5376801155508 346.16854632087052 1.8924342505633829 793.3231271058321 1179.5110932439566 343.01201262697577 157.81179941445589 589.21272267214954 121.13746280781925
leaf_count=1726 2609 35292 5412 22539 42999 4179 3692 1200 9440 1566 2833 3242 938 11941 4439 733 888 66 63364 2834 2023 15334 6888 51 3715 5344 1712 3065 19196 3107
internal_value=-0.000559784 -0.0215722 0.0078148 -0.0159257 -0.0115364 0.0053117 0.0249827 0.00270412 0.00541854 -0.00148809 -0.0197741 0.00422252 0.00902041 0.000670004 0.00697433 0.00537213 0.0221612 0.00903759 -0.0410929 -0.0089129 -0.00365201 -0.00184987 0.0189151 0.158175 0.0128286 0.00929604 0.0207118 -0.00658401 -0.0114302 0.00385977
internal_weight=18042.3 5141.59 12900.7 3988.17 3327.95 11259.2 1641.49 8359.52 5855.95 1492.96 1834.99 5462.62 2323.9 3138.72 1375.86 1771.31 393.335 579.444 1153.42 100.218 2503.57 2283.72 350.138 3.9693 2899.72 1972.83 552.588 229.306 822.543 233.331
internal_count=282367 205526 76841 137602 102310 67737 9104 54499 34533 34175 68135 32445 12823 19622 7681 10173 2088 11636 67924 4560 19966 17943 7005 117 13238 9059 2650 4631 25136 5940
cat_boundaries=0 1 2 3 4 5 6 7 8 9 10 11
cat_threshold=72941568 14258176 84019760 16802384 322 33554436 34897926 6174 16824386 2608 4778
is_linear=0
shrinkage=0.05


Tree=44
num_leaves=31
num_cat=9
split_feature=4 34 6 16 32 4 26 35 16 13 2 32 16 34 4 16 16 10 28 18 38 16 38 16 34 11 16 14 28 26
split_gain=1167.1 221.292 204.095 140.932 103.796 80.6988 72.5958 57.6468 54.4808 49.5679 45.3371 50.793 42.2218 37.9196 37.1754 35.2447 34.6547 39.2188 33.6116 32.3503 30.8366 30.5023 27.0382 57.9609 26.7282 25.9348 34.1998 40.0431 38.7099 32.2063
threshold=1.0000000180025095e-35 17.833333333333339 0.35000000000000003 0 1020.3166666666668 0.2166666666666667 17.441666666666674 22.507096527178856 1 0.52211334636400808 1.0000000180025095e-35 1003.2166666666668 2 34.833333333333336 0.88333333333333353 3 4 0.12940952255126045 80.166666666666671 133.33485500000003 -0.83333333333320059 5 -0.83333333333320059 6 97.416666666666671 -0.5 7 8 51.166666666666679 28.283333333333339
decision_type=2 2 2 1 2 2 2 2 1 2 8 2 1 2 2 1 1 2 2 2 10 1 8 1 2 2 1 1 2 2
left_child=1 16 5 -3 7 13 14 10 -8 12 -5 -12 18 -2 -4 -11 17 -1 -7 -6 -17 -15 23 -23 -21 26 27 28 -9 -27
right_child=2 3 6 4 19 9 8 25 -10 15 11 -13 -14 21 -16 20 -18 -19 -20 24 -22 22 -24 -25 -26 29 -28 -29 -30 -31
leaf_value=0.015964054875831798 -0.016238536817298071 -0.036778742863968303 0.020571153064097642 -0.0071818986770173041 -0.03066789533429394 0.0025419676692334629 0.031095345289020949 0.022883936162001288 0.00040747909276467038 0.029767461621243232 0.077548868291069675 0.0072220801959544407 0.0026576886656594755 -0.0067763444970052183 0.040479591034148249 0.021905528359849616 -0.043310678735811209 -0.048245437412927729 0.023156843338262845 -0.0028237239361958515 0.0067383315331255543 0.019303970653518361 0.0014189544338468097 -0.0022532003385268042 0.20498946842797069 -0.025912033025825721 -0.013217996209111325 -0.018451125066641157 0.11729307064593641 0.0085281788095545284
leaf_weight=60.071215054020286 297.02711657062173 636.94266560301185 389.28254564106464 930.30666657537222 694.31965060159564 309.49878723919392 210.35972379148006 26.737126208841801 432.04134023189545 385.50769083201885 26.73552630841732 594.46740768663585 2450.9618924856186 827.12681725993752 591.06744693219662 540.12212288379669 1009.673214558512 39.228571224957705 547.54862857609987 91.955334823578596 883.02421963959932 701.2282682582736 3757.4867731668055 558.39238756150007 1.473711885511874 554.69675293006003 244.77793798781931 31.083215411752462 18.254269294440746 77.296028941869736
leaf_count=2326 2935 35292 2046 25169 28381 1357 1057 899 1878 1713 463 14582 11334 8962 4123 2397 63364 2234 2399 3227 3972 3741 25537 3390 34 18766 7765 1050 579 1395
internal_value=-0.00054075 -0.0209443 0.00743979 -0.0153763 -0.0110891 0.00505013 0.0240168 -0.00614296 0.0109501 0.00968785 -0.000197864 0.0102608 0.00604863 0.00118608 0.0325771 0.0163432 -0.0406681 -0.00856352 0.0155323 -0.0269515 0.0124086 0.00207193 0.00353723 0.00988357 0.000669904 -0.0158223 -0.00424326 0.023291 0.050225 -0.0216991
internal_weight=17918.7 5038.02 12880.7 3929.05 3292.1 11257.9 1622.75 2504.35 642.401 5116.66 1551.51 621.203 3308.01 6141.26 980.35 1808.65 1108.97 99.2998 857.047 787.749 1423.15 5844.23 5017.11 1259.62 93.429 952.845 320.853 76.0746 44.9914 631.993
internal_count=282367 205526 76841 137602 102310 67737 9104 70668 2935 23172 40214 15045 15090 44565 6169 8082 67924 4560 3756 31642 6369 41630 32668 7131 3261 30454 10293 2528 1478 20161
cat_boundaries=0 1 2 3 4 5 6 7 8 9
cat_threshold=72941568 29573136 16791600 71884880 33554436 68747264 58990614 295488 952
is_linear=0
shrinkage=0.05


Tree=45
num_leaves=31
num_cat=5
split_feature=4 34 6 16 34 26 35 16 2 24 16 26 23 16 32 26 2 36 36 34 34 26 10 34 16 36 19 18 33 38
split_gain=1101.22 268.507 168.865 140.187 79.9837 71.118 57.1962 57.1725 53.093 48.9259 41.0076 38.7898 37.7845 36.4588 69.4715 49.1095 41.7073 40.8567 67.7756 35.2019 33.8477 33.6427 37.3488 31.604 38.418 47.3973 31.3104 29.6609 29.3053 28.9667
threshold=0.041666666666666678 33.416666666666679 0.55000000000000016 0 84.833333333333357 4.5583333333333345 37.504258775601407 1 0.24000000000000005 9.1309025625233993 2 29.216666666666672 3.4565398152522997 3 1012.1166666666668 27.81666666666667 0.15000000000000005 -0.56336262667396342 -0.78145004367183979 22.416666666666668 82.166666666666671 27.983333333333338 0.78656609248549325 94.166666666666671 4 -0.45779801550907478 35.000000000000007 115.39890000000001 1.1500000000000627 -1.3666666666665035
decision_type=2 2 2 1 2 2 2 1 10 2 1 2 2 1 2 2 8 2 2 2 2 2 2 2 1 2 2 2 2 8
left_child=1 13 4 20 7 -5 11 -2 10 -4 12 23 -6 14 15 -1 -17 18 -18 -9 -3 -12 -23 24 -7 28 -22 -11 -26 -27
right_child=2 3 9 5 8 6 -8 19 -10 27 21 -13 -14 -15 -16 16 17 -19 -20 -21 26 22 -24 -25 25 29 -28 -29 -30 -31
leaf_value=-0.01164383527671306 -0.011677091737039305 -0.035167101157608141 0.041571726714806523 -0.027072327549613442 0.019726460970078748 0.00080934326397438653 -0.027062949727101982 -0.023230659066922992 0.016687158096986572 0.011759420822283354 0.0028130474061691967 0.019392545475273561 0.0041154247782784516 -0.043259939211828968 -0.034317393380180056 0.0017213747973908256 0.11041010336491792 0.044541846062531087 0.46312352943214341 0.0051622431570435799 -0.029615442857560279 -0.0043167896322664897 0.033068851957193855 0.0078890181953431438 -0.00032405571587604016 0.010981430360607058 -0.0040030376707805571 0.039400448987725864 0.059539380184587203 -0.022098180057926586
leaf_weight=112.45282843336463 738.1025688610971 607.58476891182363 422.73790723085403 374.55955372191966 1022.8644418865442 1028.8314651008695 247.08188351429999 113.90183030068874 2029.1002540066838 389.55379305779934 3392.2692816741765 197.3422810845077 624.1698045283556 826.75808957684785 555.13773945719004 17.291805390268564 5.4970666635781527 9.8356491271406394 1.7563363164663339 2574.4314556792378 249.66939366050065 101.2329133823514 196.21260190010071 488.44079169631004 287.19045413471758 72.711463242769241 228.54408667422831 129.2280730009079 21.910606767982244 730.40519469231367
leaf_count=5227 5316 29906 3209 11436 4701 22592 7813 932 9418 1877 19237 2217 2962 52350 32019 615 253 405 80 14988 10496 517 840 7842 7494 1619 7359 757 313 17566
internal_value=-0.000301504 -0.0176039 0.00863894 -0.0114938 0.00686713 -0.0064866 -0.00399851 0.00055601 0.00980288 0.0289456 0.00718512 -0.00198165 0.0137277 -0.0357248 -0.0258607 0.00435318 0.0565582 0.111713 0.200953 0.00394378 -0.0270854 0.0042157 0.0203478 -0.00358645 -0.00620462 -0.0125863 -0.0173784 0.018651 0.00393724 -0.0191023
internal_weight=17796.8 6063 11733.8 4534.27 10792.3 3448.47 3073.91 3426.44 7365.85 941.52 5336.75 2826.83 1647.03 1528.73 701.971 146.834 34.3809 17.0891 7.2534 2688.33 1085.8 3689.71 297.446 2629.49 2141.05 1112.22 478.213 518.782 309.101 803.117
internal_count=282356 217602 64754 126653 58911 78892 67456 21236 37675 5843 28257 59643 7663 90949 38599 6580 1353 738 333 15920 47761 20594 1357 57426 49584 26992 17855 2634 7807 19185
cat_boundaries=0 1 2 3 4 5
cat_threshold=73084928 5796352 21260816 50600532 16779380
is_linear=0
shrinkage=0.05


Tree=46
num_leaves=31
num_cat=9
split_feature=4 34 4 16 3 8 16 24 16 34 38 14 30 14 9 26 30 29 23 28 16 9 16 4 32 33 16 10 30 16
split_gain=1015.79 206.074 172.98 132.822 93.7139 69.8529 62.5335 54.9217 48.728 45.7693 44.6906 43.1912 41.845 35.6247 41.6246 43.3919 41.649 34.4139 34.2022 34.1374 33.4436 36.701 33.1916 32.5333 31.5735 31.5149 31.2995 31.0701 49.4944 30.8299
threshold=1.0000000180025095e-35 17.833333333333339 1.0833333333333337 0 0.15000000000000005 2.5000000000000004 1 9.1309025625233993 2 82.833333333333357 -1.3333333333333142 3 12.616666666666669 4 7.5000000000000009 15.241666666666669 18.716666666666672 15.95130873513998 3.3231379489567128 73.833333333333357 5 12.500000000000002 6 0.24166666666666672 1004.3833333333336 0.70197853469903415 7 -0.9159756150367534 15.116666666666669 8
decision_type=2 2 2 1 2 2 1 2 1 2 8 1 2 1 2 2 2 2 2 2 1 2 1 2 2 2 1 2 2 1
left_child=1 20 4 9 8 17 13 -4 10 -3 -2 27 29 23 16 -16 -15 26 -8 22 21 -1 -14 -6 -20 -17 -5 28 -10 -7
right_child=2 3 7 5 6 12 18 -9 11 -11 -12 -13 19 14 15 25 -18 -19 24 -21 -22 -23 -24 -25 -26 -27 -28 -29 -30 -31
leaf_value=-0.042672207414958231 0.022560973994511738 -0.035948710508858041 0.040049006461654747 -0.00838244415956854 0.00030687741454339256 -0.0046109740483179637 0.01805129079244382 0.01732224689137625 0.0060572239039138661 -0.014744640982813161 0.0025945134746149386 -0.011576180077802358 -0.012145186744130926 -0.0035138896815476214 0.01098725673159117 -0.018092910333913127 0.023585498447013183 -0.039308983731364072 0.024594328284224656 -0.015580317131642757 -0.042381281035817557 0.019367888282966268 0.019172558117983851 0.014555855814859587 0.0038230158205641569 0.0046845372256165531 0.010511022849960487 -0.0016957015336618118 0.065035293420862159 -0.026343811468747137
leaf_weight=43.227816961705685 325.33783710375428 763.01334628276527 417.39632883667946 323.22970652766526 630.95129400119185 232.47630499955267 2045.821017280221 732.63950357586145 158.59816417098045 382.14855906367302 2018.8758444525301 1189.3224331326783 137.02438344340771 284.72588935494423 260.72109374403954 612.45037236809731 282.27334892749786 47.642163402400911 222.7365223839879 379.38398965075612 933.93905562162399 52.904511464759707 193.42459960933775 1097.1292043477297 1022.4452900290489 201.87275566905737 638.46209300495684 1283.0771684870124 45.767626944929361 722.46693208720535
leaf_count=2609 1645 42666 3107 10001 4051 7658 9836 3603 1293 17239 12649 9690 3326 1552 1402 3644 1347 1615 1050 9396 63363 1961 4419 5054 5200 1037 14565 10418 253 26707
internal_value=-0.0002951 -0.0197897 0.00707213 -0.0144362 0.00525057 -0.00822146 0.00913857 0.0255735 9.24351e-05 -0.0286247 0.00534358 -0.00450947 -0.0145442 0.0043053 -0.000975637 -0.00676278 0.00997898 0.00212618 0.014032 -0.00534874 -0.039636 -0.00774066 0.00639915 0.00929982 0.00754024 -0.0124464 0.00418275 0.00118087 0.0192907 -0.0213782
internal_weight=17681.5 4849.34 12832.1 3819.27 11682.1 2674.11 6661.13 1150.04 5020.98 1145.16 2344.21 2676.77 1664.78 3370.12 1642.04 1075.04 566.999 1009.33 3291 709.833 1030.07 96.1323 330.449 1728.08 1245.18 814.323 961.692 1487.44 204.366 954.943
internal_count=282356 205525 76831 137592 70121 77687 34173 6710 35948 59905 14294 21654 51506 18087 8982 6083 2899 26181 16086 17141 67933 4570 7745 9105 6250 4681 24566 11964 1546 34365
cat_boundaries=0 1 2 3 4 5 6 7 8 9
cat_threshold=73101312 43585568 50370608 7692 6174 33554436 17041936 8389190 560
is_linear=0
shrinkage=0.05


Tree=47
num_leaves=31
num_cat=10
split_feature=4 34 6 16 32 2 16 16 4 34 34 14 35 2 35 10 26 16 16 9 16 13 16 37 14 26 16 13 38 23
split_gain=931.933 200.348 165.265 128.869 94.5913 91.203 53.4155 47.4902 39.2041 38.3002 37.7792 37.0188 34.9991 36.0146 34.833 35.726 60.9073 49.0898 33.0669 34.518 32.3075 31.5563 29.2114 31.4452 28.9496 35.5114 30.7579 28.8788 26.6453 26.4632
threshold=1.0000000180025095e-35 17.833333333333339 0.55000000000000016 0 1013.7166666666668 1.0000000180025095e-35 1 2 0.38000000000000006 60.166666666666679 22.416666666666668 3 37.504258775601407 1.0000000180025095e-35 19.505340417774601 0.25881904510252091 26.441666666666674 4 5 11.500000000000002 6 -0.30410362911654215 7 -0.36538972414534471 8 3.9833333333333347 9 0.46997674302731979 0.65000000000003422 1.4625032186822575
decision_type=2 2 2 1 2 10 1 1 2 2 2 1 2 8 2 2 2 1 1 2 1 2 1 2 1 2 1 2 10 2
left_child=1 18 5 -3 12 6 21 29 20 -6 -8 -10 13 -5 15 16 -12 -17 19 -1 -7 -2 23 -11 26 -26 27 -15 -27 -4
right_child=2 3 7 4 9 8 10 -9 11 22 14 -13 -14 24 -16 17 -18 -19 -20 -21 -22 -23 -24 -25 25 28 -28 -29 -30 -31
leaf_value=-0.04539313571302394 -0.01507757708135741 -0.035465753058693393 0.036758543606297697 -0.0049667196359118948 -0.02827698383891309 0.017691773453418057 -0.020254303320016005 0.037389557769989167 0.0045406835794017967 0.012016445563564742 0.0058722783708305189 0.020610585666944695 -0.027624110645283896 0.029343805135368575 -0.0022530190945798485 0.020012627489559627 -0.020468795516741481 0.002922197245887936 -0.04200193769007151 0.016081575447341786 0.0039208333299674538 -0.001104242972240016 -0.019475327445079349 -0.013468943440125787 0.19945668134752925 0.028511796818319508 -0.020849179197116496 -0.024834457838065802 -0.0069826433142628199 0.0066407061075780859
leaf_weight=37.645712143741548 597.32029981911182 578.87968261912465 95.096811883151531 813.55439430475235 580.88688575848937 533.43827743828297 153.46439834684134 505.87362705916166 514.4042394310236 201.79537834972143 2159.7750563286245 1354.671009272337 110.15737865678966 94.390587773174047 1297.3556815423071 967.29260389506817 244.17453411966562 760.89844634383917 896.30223393067718 57.714037856087089 2067.2191847376525 1248.2970059514046 641.53745043091476 302.11565915308893 2.6996722389012566 234.44166902266443 105.6151516539976 33.166327515617013 68.21814873162657 312.16010481119156
leaf_count=2381 5080 35324 633 20355 29466 2568 1305 3609 2300 4517 12289 6493 3300 1721 8857 4765 1663 4689 63363 2189 10624 10355 24299 9876 72 4310 2339 504 1509 1601
internal_value=-0.000289006 -0.019182 0.00672933 -0.013918 -0.0098629 0.005156 0.00176032 0.0272275 0.0107994 -0.0178193 0.00419503 0.0163229 -0.000536387 0.00167239 0.00489417 0.00713816 0.00319602 0.0126213 -0.039177 -0.00743085 0.00682916 -0.00559686 -0.0125139 -0.00319927 0.0117011 0.0214562 -0.00191557 0.0141407 0.0205118 0.0133529
internal_weight=17570.6 4759.12 12811.4 3767.46 3188.58 11898.3 7428.58 913.131 4469.73 1726.34 5582.96 1869.08 1462.24 1352.09 5429.5 4132.14 2403.95 1728.19 991.662 95.3597 2600.66 1845.62 1145.45 503.911 538.532 305.359 233.172 127.557 302.66 407.257
internal_count=282356 205525 76831 137592 102268 70988 49003 5843 21985 68158 33568 8793 34110 30810 32263 23406 13952 9454 67933 4570 13192 15435 38692 14393 10455 5891 4564 2225 5819 2234
cat_boundaries=0 1 2 3 4 5 6 7 8 9 10
cat_threshold=72941568 14225408 46547490 1472 117705232 33554436 12587540 50334260 330 50370626
is_linear=0
shrinkage=0.05


Tree=48
num_leaves=31
num_cat=11
split_feature=4 34 6 16 32 3 16 14 38 16 16 38 14 34 23 16 16 30 14 16 12 34 16 11 30 18 36 37 38 34
split_gain=855.486 194.376 153.236 123.482 87.685 85.4318 65.4603 52.8415 47.6209 44.1074 39.4608 39.1245 37.512 36.5935 34.2738 33.4029 32.6585 32.5959 35.6424 34.6953 49.0949 27.9267 27.3084 34.2521 36.3088 31.9211 32.9036 28.6743 31.1643 27.0718
threshold=1.0000000180025095e-35 17.833333333333339 0.55000000000000016 0 1013.7166666666668 0.15000000000000005 1 2 -0.8499999999998521 3 4 -1.3333333333333142 5 60.166666666666679 3.3231379489567128 6 7 8.9166666666666696 8 9 -0.79983924473971946 36.166666666666679 10 -0.9159756150367534 11.81666666666667 16.195350000000001 -0.427689865710634 -0.25169928897643318 1.1333333333336102 96.833333333333357
decision_type=2 2 2 1 2 2 1 1 8 1 1 8 1 2 2 1 1 2 1 1 2 2 1 2 2 2 2 2 10 2
left_child=1 16 5 -3 17 9 14 15 -4 11 -10 -2 -11 -6 -7 -8 -1 18 -5 20 21 -19 27 24 -24 -26 -27 28 -15 -9
right_child=2 3 8 4 13 6 7 29 10 12 -12 -13 -14 22 -16 -17 -18 19 -20 -21 -22 -23 23 -25 25 26 -28 -29 -30 -31
leaf_value=-0.0071314340187887577 0.020732045821482338 -0.034909134989286279 0.040483342861988569 0.014221080798744566 -0.027620332555269418 0.019992579351852235 0.02178261223326259 -0.0024681860456459911 7.8805853372599895e-05 0.00090749238826783095 0.027752789379415208 0.0023665102279950938 -0.010939104269434273 0.0040768131634819375 0.0074348120795770904 0.0068152912014199226 -0.041612758621061952 0.25481578227109453 -0.020100697957866922 0.001153018209486909 0.01252000180800548 0.076775009458844468 -0.0085019842470591012 -0.023656317957805772 0.032885105192949161 0.30450388375937415 0.046584872925995328 -0.013854595807970533 0.06711311684854393 0.0086167494828821925
leaf_weight=94.622662629000843 337.43268369138241 559.36375391669571 357.20798426866531 92.615395684726536 565.36355713568628 1483.9358887150884 563.83875365555286 1966.4305199496448 221.30154144018888 1500.5988189168274 320.3297690525651 2059.0185120627284 1196.9673733711243 203.00953724421561 857.46079095453024 1161.881278321147 860.45553497504443 2.3673666622489717 317.16237687226385 960.70430453307927 65.338828038424253 23.127097265794873 60.65433800406754 548.39523401856422 15.888682080432774 2.4401834029704332 2.4927591364830723 277.709252724424 21.605408098548651 764.98696116358042
leaf_count=4570 1692 35324 2644 2624 29466 7017 2879 10907 1144 12013 2055 12803 9764 4695 4131 6026 63363 107 10176 18921 1731 551 2438 21228 484 74 75 9251 447 3756
internal_value=-0.000281086 -0.0185889 0.00640774 -0.0134201 -0.00947346 0.00490311 0.00857137 0.0049758 0.0263128 7.33786e-06 0.0169615 0.00493265 -0.00437029 -0.0172321 0.0153288 0.0118038 -0.038708 -0.000524727 -0.0124854 0.00413701 0.032014 0.0942385 -0.0120428 -0.0188631 0.011076 0.0678756 0.177685 -0.00305251 0.0101674 0.000634247
internal_weight=17464.7 4673.32 12791.4 3718.24 3158.87 11892.6 6798.53 4457.14 898.839 5094.02 541.631 2396.45 2697.57 1697.56 2341.4 1725.72 955.078 1461.32 409.778 1051.54 90.8333 25.4945 1132.2 629.871 81.476 20.8216 4.93294 502.324 224.615 2731.42
internal_count=282356 205525 76831 137592 102268 70988 34716 23568 5843 36272 3199 14495 21777 68158 11148 8905 67933 34110 12800 21310 2389 658 38692 24299 3071 633 149 14393 5142 14663
cat_boundaries=0 1 2 3 4 5 6 7 8 9 10 11
cat_threshold=72941568 88369744 4126 50370608 38732288 7692 8945670 33554436 38 393280 50334260
is_linear=0
shrinkage=0.05


Tree=49
num_leaves=31
num_cat=6
split_feature=4 34 6 16 32 2 16 35 34 28 16 32 26 2 14 16 16 26 30 3 38 28 2 36 26 12 26 37 33 17
split_gain=785.824 230.27 128.918 119.58 73.3171 71.9726 52.0547 47.955 41.9311 37.5721 37.4274 53.8435 38.276 34.6347 39.6106 33.7958 33.5229 48.953 47.9617 35.9429 33.4996 32.9828 32.7453 33.0471 32.647 32.4468 32.0942 31.7995 31.1616 29.9821
threshold=0.041666666666666678 29.833333333333339 0.75000000000000011 0 1020.4166666666669 0.24000000000000005 1 37.504258775601407 22.416666666666668 54.583333333333336 2 1010.8416666666668 27.81666666666667 1.0000000180025095e-35 3 4 5 27.983333333333338 23.81666666666667 1.0000000180025095e-35 -1.033333333333246 55.583333333333336 0.15000000000000005 -0.009148164669481337 15.533333333333337 -0.40045390565126626 17.841666666666672 -0.37449844513311498 0.36817870057289809 34.870850000000011
decision_type=2 2 2 1 2 10 1 2 2 2 1 2 2 8 1 1 1 2 2 2 10 2 8 2 2 2 2 2 2 2
left_child=1 10 5 -3 7 8 27 13 -2 -10 11 12 -1 14 -5 -16 19 18 28 -11 -7 -15 -14 25 -4 -24 -22 29 -18 -6
right_child=2 3 24 4 6 20 -8 -9 9 16 -12 -13 22 21 15 -17 17 -19 -20 -21 26 -23 23 -25 -26 -27 -28 -29 -30 -31
leaf_value=-0.0038150575946064181 -0.021618022334976179 -0.030264325558808688 0.04252170606417699 0.0062783488867684204 0.061131604990144639 0.021886074764994531 -0.025589109209176439 -0.025412475484595482 -0.017087428498593897 -0.0031244020292634303 -0.04211014889908804 -0.029653186777061094 -0.0030091455253746461 -0.013332865285530649 -0.00094359399695838732 -0.016890835256609994 -0.0012553412130454546 0.016007914665336045 -0.01847110569388145 0.011926410739533036 0.014691914190224045 0.010690972318552677 0.2877351286628978 -0.014476955369754407 0.018686251756742819 0.083329928999206992 0.0014418760953464893 -0.010190485805312059 0.0074043972088565866 -0.046467379603020345
leaf_weight=57.548014493659139 160.50258611887693 626.25858729239553 278.7873377352953 516.7969034621492 38.930720485746861 770.60437387228012 667.05267591681331 226.84089050069451 202.490194439888 482.1983987018466 724.21757294796407 447.80304752103984 7.1340300180017975 175.10795607697219 599.86362608522177 757.992277382873 2744.6768632866442 586.8955669477582 305.13437876850367 2235.4281427711248 1177.2336098998785 774.18457993771881 3.8939903844147929 2.7311079874634716 296.86454430222511 4.002063263207674 747.01780018210411 68.293110020458698 1671.36909301579 7.6849353723227969
leaf_count=2833 1369 33377 2413 11097 619 3851 25474 7661 1335 2584 53167 28969 278 4909 13124 17953 17214 2732 2158 10968 5735 15402 164 108 1541 142 3323 2118 9531 207
internal_value=-0.000274161 -0.0154775 0.00716686 -0.0101648 -0.00678324 0.00596849 -0.0204593 -0.00329954 0.00368473 0.00417855 -0.0344674 -0.0226428 0.0160239 -0.00152243 -0.00546271 -0.00990476 0.0047153 0.002386 0.00069739 0.00922194 0.0130771 0.00625856 0.0799657 0.135176 0.0302351 0.186471 0.00954843 0.0106177 0.00202226 0.0433316
internal_weight=17365.5 5706.34 11659.2 4459.01 3832.75 11083.6 781.961 3050.79 8388.7 8228.19 1247.33 523.112 75.3092 2823.95 1874.65 1357.86 8025.7 5308.08 4721.18 2717.63 2694.86 949.293 17.7612 10.6272 575.652 7.89605 1924.25 114.909 4416.05 46.6157
internal_count=282356 217602 64754 131941 98564 60800 28418 70146 47891 46522 85661 32494 3525 62485 42174 31077 45187 31635 28903 13552 12909 20311 692 414 3954 306 9058 2944 26745 826
cat_boundaries=0 1 2 3 4 5 6
cat_threshold=72941568 48 50600516 326 25182800 84306448
is_linear=0
shrinkage=0.05


Tree=50
num_leaves=31
num_cat=7
split_feature=4 34 6 16 38 16 26 6 16 34 2 12 13 24 34 7 16 26 34 38 16 34 37 34 26 16 9 28 38 16
split_gain=719.758 191.03 144.816 125.544 75.34 67.1483 56.2691 44.2223 50.3686 43.1257 42.0327 32.5381 45.1859 57.6159 31.4349 31.1054 30.9306 28.4204 26.7283 26.5981 34.5538 38.1725 25.1321 24.8336 31.7941 32.3232 28.7529 29.6121 24.2274 36.844
threshold=1.0000000180025095e-35 18.416666666666668 1.0000000180025095e-35 0 -1.2000000000001021 1 3.183333333333334 0.55000000000000016 2 84.166666666666671 1.0000000180025095e-35 0.77332218843568057 -0.57240397273781507 7.523626102777345 36.833333333333336 0.75000000000000011 3 14.641666666666669 78.166666666666671 -1.1999999999998747 4 97.166666666666671 -0.73907193158720552 91.166666666666671 21.641666666666669 5 12.500000000000002 47.583333333333336 -0.050000000000011362 6
decision_type=2 2 2 1 8 1 2 2 1 2 8 2 2 2 2 2 1 2 2 10 1 2 2 2 2 1 2 2 8 1
left_child=1 -1 14 9 7 15 -5 8 -4 -3 23 17 13 -13 -2 -6 -16 -12 22 20 -18 -22 -7 24 -8 26 -26 -28 -19 -30
right_child=2 3 4 6 5 18 10 -9 -10 -11 11 12 -14 -15 16 -17 19 28 -20 -21 21 -23 -24 -25 25 -27 27 -29 29 -31
leaf_value=-0.038039099871459273 -0.012829412943831234 -0.034252463379013477 0.032258842482515676 -0.034324807063892036 0.012015128712545668 0.012231653965473053 -0.019419351331635248 0.041301520204182152 0.0075619589223270946 -0.012255661404522078 -0.016431307428343284 0.26352284653699032 0.020974513604630367 -0.052509255755317896 -0.0075953214302214023 0.03121482941450935 0.018495922383907751 0.013946280369901008 0.0076924962807103578 0.001727874209459 -0.0082943979303266285 0.021167823670898589 -0.011228400996963999 0.0029941943582052709 -0.012427766870915126 -0.010327882155527207 -0.0083612552626894498 0.063472530286079368 0.016295385504943093 -0.018166892949733362
leaf_weight=904.16083093173802 372.29123312979937 704.01467357762158 357.23916351050138 168.52692478150129 419.1671746224165 160.92346067726612 737.34120224881917 267.49759466201067 519.97932294011116 326.20905649475753 197.31770051456988 4.1810632487758985 106.97094651311636 2.1310440665110946 734.57489649951458 424.99670389294624 580.02654469758272 361.01504297554493 2622.4576891586185 5386.1276900283992 360.20516786724329 158.11888337880373 392.18516252189875 296.95874710567296 37.735852771438658 299.9770204750821 20.466157842427492 47.71477007586509 117.16116384416819 191.24148272909224
leaf_count=68932 3550 43636 1710 7654 1803 752 27318 2145 2506 15798 6817 98 2504 57 7110 2531 2742 7882 12431 34758 2181 874 1894 6649 1112 7311 623 1241 3224 4725
internal_value=-0.000345672 -0.0174826 0.00573108 -0.0123459 0.0121901 0.00896698 -0.00637353 0.0235064 0.018076 -0.027027 -0.00445219 0.00353546 0.0287236 0.157672 0.00133686 0.02143 0.00206759 0.000240416 0.00556834 0.00316915 0.010265 0.000682473 -0.00440187 -0.00988747 -0.0132335 -0.00199434 0.0206242 0.0419292 0.0051563 -0.00513441
internal_weight=17278.9 4523.12 12755.8 3618.96 5164.45 4019.73 2588.74 1144.72 877.218 1030.22 2420.21 980.018 113.283 6.31211 7591.34 844.164 7219.05 866.735 3175.57 6484.48 1098.35 518.324 553.109 1440.19 1143.24 405.894 105.917 68.1809 669.418 308.403
internal_count=282568 205581 76987 136649 25772 19411 77215 6361 4216 59434 69561 25307 2659 155 51215 4334 47665 22648 15077 40555 5797 3055 2646 44254 37605 10287 2976 1864 15831 7949
cat_boundaries=0 1 2 3 4 5 6 7
cat_threshold=73101312 16795664 50508368 1572868 58728530 8388678 16812130
is_linear=0
shrinkage=0.05


Tree=51
num_leaves=31
num_cat=7
split_feature=4 34 4 16 1 32 3 16 30 34 8 17 37 16 16 14 38 24 16 32 30 10 14 28 19 35 26 30 12 17
split_gain=659.588 184.433 126.196 118.496 74.3694 66.8282 61.0005 44.2383 42.0001 41.8876 38.6261 36.6918 39.3658 33.6246 33.1005 33.1086 32.1669 29.3265 28.0033 26.1324 26.1275 33.7081 25.0259 33.0579 26.3279 36.7783 31.4247 27.1356 24.9495 36.3696
threshold=1.0000000180025095e-35 18.416666666666668 1.3583333333333336 0 1.0000000180025095e-35 1020.9166666666669 0.15000000000000005 1 12.616666666666669 84.166666666666671 2.5000000000000004 -28.709174999999995 -0.42561410787214021 2 3 4 -0.50000000000005673 3.4190478996905456 5 1002.5166666666668 23.81666666666667 0.37940952255126054 6 73.166666666666671 138.00000000000003 9.4044832318103051 10.241666666666669 19.016666666666673 0.77332218843568057 49.053130000000003
decision_type=2 2 2 1 2 2 2 1 2 2 2 2 2 1 1 1 8 2 1 2 2 2 1 2 2 2 2 2 2 2
left_child=1 -1 4 9 13 10 14 16 -4 -3 28 12 -7 19 -6 -16 -8 -15 -10 -2 -9 -22 23 24 25 26 -12 -26 -5 -30
right_child=2 3 8 5 6 11 7 20 18 -11 22 -13 -14 17 15 -17 -18 -19 -20 -21 21 -23 -24 -25 27 -27 -28 -29 29 -31
leaf_value=-0.037535354985321207 0.055323267321400187 -0.033663764928914569 0.042759052343855519 0.0030177237070136164 0.0068134205229828729 0.067332704716143929 0.025757031253421193 0.0085155267684884836 0.030375053443319252 -0.011783538254958988 0.18249701410832173 -0.027862113016758727 -0.022261662158507851 -0.020854391529053828 0.0072889033723366262 -0.0089872686776682528 0.012146138784357064 -0.00099522205547234832 0.005369329165976152 0.0098237289026007896 -0.022284164540564991 0.013661703915437416 -0.011186217470530231 -0.012054427038828218 0.053838957163380843 0.0017195554182468814 0.034682519558987664 0.23031816332658958 0.013781018223548167 0.088767981485081526
leaf_weight=871.31879352405667 34.927252486348152 681.09768567420542 243.10776934027672 729.85008940193802 1600.0614390149713 21.986264909617603 677.3145188242197 2157.4784397557378 207.3354607373476 322.41785862483084 5.242061089724305 423.59400427993387 27.477097821421921 194.51112539321184 456.23341566324234 946.2200203128159 1209.5891759246588 4153.2120038196445 262.91518554091454 319.50815492123365 163.24771183729172 108.47953286767006 1021.3122022654861 124.13019620999694 19.290446295402948 93.050543170422316 11.194641146808861 2.3761523831635705 73.036559619009495 20.686793047934771
leaf_count=68932 165 43636 2111 17271 8989 522 3464 10316 1174 15798 127 18503 1123 2036 2963 6378 5732 29332 1342 1621 892 472 30702 3464 640 2724 209 39 1457 434
internal_value=-0.000333079 -0.0169083 0.00545678 -0.0118826 0.00424413 -0.00610451 0.00739644 0.0112037 0.0258878 -0.026373 -0.00230359 -0.0231039 0.0176182 -0.00066232 0.00192334 -0.00367819 0.0169432 -0.00187983 0.0171585 0.0139289 0.00664789 -0.00793403 -0.00774973 0.00619312 0.0239313 0.0139324 0.0826426 0.0741624 0.00613822 0.0304093
internal_weight=17182.2 4448.06 12734.1 3576.74 12020.8 2573.23 7318.62 4316.11 713.358 1003.52 2100.17 473.057 49.4634 4702.16 3002.51 1402.45 1886.9 4347.72 470.251 354.435 2429.21 271.727 1276.6 255.284 131.154 109.487 16.4367 21.6666 823.573 93.7234
internal_count=282568 205581 76987 136649 72360 77215 39206 20876 4627 59434 57067 20148 1645 33154 18330 9341 9196 31368 2516 1786 11680 1364 37905 7203 3739 3060 336 679 19162 1891
cat_boundaries=0 1 2 3 4 5 6 7
cat_threshold=73101312 16968278 16785424 121804896 3084 25301520 262
is_linear=0
shrinkage=0.05


Tree=52
num_leaves=31
num_cat=7
split_feature=4 34 2 16 32 6 34 1 2 3 16 16 37 34 26 2 16 30 18 36 30 16 37 16 38 13 26 9 17 16
split_gain=604.118 179.518 126.236 125.308 94.7276 67.9795 43.717 44.9671 56.5969 45.5616 43.6058 40.1178 55.4514 41.5901 38.8466 37.3235 33.6622 31.5608 46.0208 36.2341 31.4157 46.44 38.9587 31.7267 30.0556 29.3889 60.9232 35.1529 36.6003 28.9176
threshold=1.0000000180025095e-35 10.16666666666667 0.24000000000000005 0 1013.6166666666668 0.75000000000000011 22.416666666666668 1.0000000180025095e-35 1.0000000180025095e-35 0.25000000000000006 1 2 -0.37449844513311498 88.833333333333357 16.041666666666671 1.0000000180025095e-35 3 10.71666666666667 16.195350000000001 -0.9123331996366052 8.7166666666666703 4 -0.86262885459546845 5 0.50000000000005695 -0.46236593929171266 10.116666666666669 15.500000000000002 40.565535000000004 6
decision_type=2 2 10 1 2 2 2 2 8 2 1 1 2 2 2 8 1 2 2 2 2 1 2 1 10 2 2 2 2 1
left_child=1 -1 6 -3 20 14 -2 8 29 -9 -11 12 15 17 -4 -6 -16 -13 -19 -20 23 22 -22 -5 -18 26 -17 28 -28 -8
right_child=2 3 5 4 11 -7 7 9 -10 10 -12 13 -14 -15 16 25 24 18 19 -21 21 -23 -24 -25 -26 -27 27 -29 -30 -31
leaf_value=-0.040486824811595511 -0.021424464452659681 -0.034124577778081193 0.017082943954960451 0.016841421056703432 -0.0051738122341127325 0.03688677573115913 0.0030605748311993532 0.0018427342832537102 0.0036854342348776716 0.020512806745489307 0.0061858064200451517 -0.034937794249023178 -0.018165539486380802 -0.0035233942237514076 -0.022974469511177747 0.27210528258169203 0.01328967188653951 -0.026497922449713718 0.14187342221813037 0.0084919114765456966 0.17056941910221701 0.003149243750195996 0.042218072407511922 -0.017660509900946992 -0.0045010797693940258 0.0046860441746539678 0.098940382153265866 0.084049623218579936 -0.023065902514133943 -0.01266153792349731
leaf_weight=654.63752857968211 187.83448737859726 542.05983078479767 1483.0374519303441 76.621394065208733 147.13127829972655 298.37081724405289 392.88806137815118 3253.7002545893192 2312.3136879093945 786.40188811719418 1691.2183561176062 528.77466300316155 389.86949516460299 229.58482949621975 90.30292247235775 2.9895907100290051 721.77920828014612 221.7958563985303 5.3583198525011531 76.094756092876196 7.0965720871463409 1030.6189504275098 33.840088209137321 317.37604811787605 353.66257539391518 51.697483289055526 8.1612109662964922 29.063724873587489 23.925433848053217 1141.7910455986857
leaf_count=53965 1741 39404 7619 1936 4685 2300 2941 19489 15079 3995 7944 29450 16838 7999 412 60 3214 10498 220 3496 185 21636 1029 11326 1581 1405 198 603 648 10672
internal_value=-0.000320965 -0.0163427 0.00519479 -0.0120953 -0.0082061 0.0142643 0.00245774 0.0029263 -0.00125526 0.00573303 0.0108416 -0.0162103 -0.00610605 -0.0221565 0.0117147 0.011541 0.00488446 -0.0275633 -0.0146971 0.0174295 0.00110189 0.00554085 0.0521272 -0.0109691 0.00737072 0.0327575 0.0553408 0.0443165 0.00817728 -0.00869919
internal_weight=17090 4376.7 12713.3 3722.06 3180 2947.15 9766.15 9578.31 3846.99 5731.32 2477.62 1714.45 652.838 1061.61 2648.78 262.969 1165.74 832.024 303.249 81.4531 1465.55 1071.56 40.9367 393.997 1075.44 115.837 64.14 61.1504 32.0866 1534.68
internal_count=282568 205581 76987 151616 112212 15126 61861 60120 28692 31428 11939 76100 24437 51663 12826 7599 5207 43664 14214 3716 36112 22850 1214 13262 4795 2914 1509 1449 846 13613
cat_boundaries=0 1 2 3 4 5 6 7
cat_threshold=72941568 16803926 50333748 606210 131136 10256 88113744
is_linear=0
shrinkage=0.05


Tree=53
num_leaves=31
num_cat=0
split_feature=4 34 6 30 34 34 30 19 4 38 32 23 26 37 26 38 32 38 23 4 9 30 19 26 28 32 10 38 36 3
split_gain=553.337 173.491 111.49 90.5309 65.5216 56.9196 52.9818 49.4727 46.6114 45.8526 44.8974 43.0164 40.7727 40.6468 39.6363 33.5726 32.8778 31.9338 30.4206 29.2517 27.8575 56.6325 30.8262 26.6413 25.5021 22.9465 25.3711 22.7922 24.1766 22.5358
threshold=1.0000000180025095e-35 10.16666666666667 0.55000000000000016 12.616666666666669 67.583333333333357 84.833333333333357 12.71666666666667 29.000000000000004 0.24166666666666672 0.050000000000011376 1021.3166666666668 4.2670720927145682 2.558333333333334 -0.68879216016249023 8.4166666666666696 -0.23333333333329162 1003.2166666666668 -2.4499999999998745 9.8002320856562282 3.5166666666666675 10.500000000000002 20.941666666666674 48.500000000000007 26.758333333333336 49.833333333333336 1006.0583333333335 0.78656609248549325 3.7000000000001028 -0.96218122274258644 0.15000000000000005
decision_type=2 2 2 2 2 2 2 2 2 10 2 2 2 2 2 8 2 8 2 2 2 2 2 2 2 2 2 8 2 2
left_child=1 -1 5 4 27 13 -4 -5 10 11 -7 16 -6 -2 -10 23 -9 -18 -14 -8 21 -13 -22 -15 -25 26 -11 -3 -29 -16
right_child=2 3 6 7 12 8 19 9 14 25 -12 20 18 15 29 -17 17 -19 -20 -21 22 -23 -24 24 -26 -27 -28 28 -30 -31
leaf_value=-0.04005192587496674 0.0063729072339608036 -0.028897130249914645 0.037045949606444646 -0.026740014030662663 -0.034469744723842941 0.0041287417036162634 0.0075245854862691919 0.077997107190513559 0.019166733344562991 0.011637807436287041 -0.013309274936899424 -0.012478627036283239 -0.003765966623089219 -0.0022261500428669631 -0.0020246765368350109 -0.0086567237969787623 0.18047434902838433 -0.012841229945368649 -0.025541282926429106 0.047411390456158033 -0.015042115628540418 0.031578666854197086 0.041989902959318405 -0.034056392979812389 0.021528894242382097 -0.012311681769685225 0.13216863631517781 0.26527187870224539 0.013841674513920444 0.0092687302959784511
leaf_weight=629.30396006722003 1209.660631172359 907.94461905956268 359.06821294128895 178.16813291888684 159.54613487422466 3611.7772170342505 435.98740918934345 10.728166693821548 907.9020087569952 42.245797664858401 411.03852906823158 151.13305885344744 940.56628471147269 660.47235245630145 538.20369030535221 1782.7780610211194 2.0561488177627325 235.55829149391502 193.27670276444405 51.292196862399578 27.786755239591002 140.8105384670198 158.99278093129396 22.515847727656364 236.62661923095584 520.83801722154021 4.7728614956140509 1.1795584894716737 3.8305247360840431 2463.5677548497915
leaf_count=53965 7652 55684 3244 10967 8327 23460 2286 152 4441 904 2887 4088 34846 4489 2353 13258 33 5958 7445 355 819 1583 4693 156 1182 15729 106 59 223 11224
internal_value=-0.000312228 -0.0157936 0.00494401 -0.0116437 -0.018052 0.00369118 0.0224747 -0.00204502 0.00612526 0.00135456 0.00234669 0.00966898 -0.0108115 -0.00124445 0.010013 -0.00465428 -0.00721473 -0.0110932 -0.00747975 0.011732 0.0184273 0.00877467 0.0335019 0.003105 0.016688 -0.0092908 0.0241274 -0.0283072 0.0770704 0.00724387
internal_weight=16999.6 4308.74 12690.9 3679.43 2206.34 11844.5 846.348 1473.09 7932.49 1294.92 4022.82 727.066 1293.39 3912.05 3909.67 2702.39 248.343 237.614 1133.84 487.28 478.723 291.944 186.78 919.615 259.142 567.857 47.0187 912.955 5.01008 3001.77
internal_count=282568 205581 76987 151616 106584 71102 5885 45032 44365 34065 26347 17326 50618 26737 18018 19085 6143 5991 42291 2641 11183 5671 5512 5827 1338 16739 1010 55966 282 13577
is_linear=0
shrinkage=0.05


Tree=54
num_leaves=31
num_cat=0
split_feature=4 34 2 30 34 1 19 38 34 1 2 26 23 3 3 26 19 32 23 18 9 30 19 26 38 10 17 33 38 38
split_gain=506.401 167.498 108.969 84.1661 62.5902 55.0901 45.8554 41.2962 38.8717 39.2854 50.8995 38.7771 38.1307 37.9079 31.5487 30.5514 30.0026 28.8093 28.4554 28.2855 32.8338 46.2901 34.2373 26.4315 25.0371 31.7237 23.6177 44.1951 22.6644 21.8742
threshold=1.0000000180025095e-35 10.16666666666667 0.24000000000000005 12.616666666666669 67.583333333333357 0.65000000000000002 29.000000000000004 0.050000000000011376 22.416666666666668 1.0000000180025095e-35 1.0000000180025095e-35 2.558333333333334 4.2670720927145682 1.0000000180025095e-35 0.15000000000000005 15.533333333333337 29.000000000000004 1003.8416666666668 9.8002320856562282 -96.12483499999999 10.500000000000002 21.183333333333341 48.500000000000007 18.241666666666671 -0.60000000000007947 -0.9159756150367534 48.298370000000006 0.33993463423951459 -1.9999999999999429 1.0999999999999661
decision_type=2 2 10 2 2 2 2 10 2 2 8 2 2 2 2 2 2 2 2 2 2 2 2 2 8 2 2 2 10 10
left_child=1 -1 8 4 -3 14 -5 12 -2 10 -10 -6 17 16 -4 -7 -11 -8 29 23 21 -21 -22 -14 -15 -26 -24 -28 -19 -13
right_child=2 3 5 6 11 15 7 -9 9 13 -12 18 19 24 -16 -17 -18 28 -20 20 22 -23 26 -25 25 -27 27 -29 -30 -31
leaf_value=-0.039606070141926554 -0.020544896325791956 -0.027655028069568932 -3.2215284647681459e-05 -0.026078116024189309 -0.033874826552868019 0.032606899762157131 0.063159580146697508 -0.0089068277210606304 -0.0083917609985304717 -0.021982849602211568 0.0033665429512428147 -0.0065578634688580164 0.18393368269442212 0.013060124266998069 0.01311351342315417 0.013994064547706226 0.00070914444741042575 0.092579538403125966 -0.02486723978105396 -0.0097186872987986977 -0.014490515531601137 0.030587887574831652 0.036973226735408114 -0.04894365848197374 -0.0088322924328202886 0.00685574569218576 0.011899672845698862 0.14293984484059588 -0.013412379625648122 0.016066311832992626
leaf_weight=605.18357335217297 184.71123402193189 888.44397284742445 690.67440128326416 173.67397877760231 154.36497061047703 456.05570490658283 13.748444546945391 563.06952358130366 1526.4930999875069 165.84687923267484 2317.6045707538724 814.40503363870084 1.1916498532518769 1383.7475753128529 1345.4849722310901 427.20415598154068 1191.7624737620354 5.0588243091478935 188.71021879930049 149.8256606683135 27.415723132900894 135.63066361099482 123.27469342853874 22.180790361016989 367.46940419077873 2613.9192613996565 10.961091690696778 15.547895153053103 227.86118813231587 122.87110354658216
leaf_count=53965 1741 55966 3112 10967 8327 3567 196 16739 13613 1911 15079 30356 41 6877 6366 2081 7689 92 7445 3740 819 1477 3029 1242 1871 13080 369 466 5855 4490
internal_value=-0.000301666 -0.0152513 0.00470493 -0.0111991 -0.0174587 0.0131791 -0.00195987 0.00127451 0.00216783 0.00260656 -0.00130278 -0.0103818 0.0090989 0.00523254 0.00865464 0.0236071 -0.00206435 -0.00691028 -0.00715834 0.0172236 0.0199367 0.00943643 0.036837 -0.0363373 0.00750195 0.00492189 0.0462351 0.0890049 -0.0110716 -0.00359058
internal_weight=16914.4 4243.42 12671 3638.24 2168.8 2919.42 1469.44 1295.77 9751.55 9566.84 3844.1 1280.35 732.697 5722.75 2036.16 883.26 1357.61 246.668 1125.99 486.028 462.656 285.456 177.199 23.3724 4365.14 2981.39 149.784 26.509 232.92 937.276
internal_count=282568 205581 76987 151616 106584 15126 45032 34065 61861 60120 28692 50618 17326 31428 9478 5648 9600 6143 42291 11183 9900 5217 4683 1283 21828 14951 3864 835 5947 34846
is_linear=0
shrinkage=0.05


Tree=55
num_leaves=31
num_cat=9
split_feature=4 16 32 4 34 34 26 16 34 34 16 36 26 16 32 14 28 2 16 14 16 14 36 15 11 30 12 13 10 17
split_gain=454.199 160.453 109.912 103.784 78.0422 54.4939 48.3974 35.516 35.4993 35.0553 33.6306 34.4382 46.5337 41.0557 32.5175 32.4178 30.7891 29.6294 28.2611 27.7626 26.0518 28.4973 31.7985 37.6842 25.8654 33.9466 25.6073 52.4859 52.4388 28.4718
threshold=1.0000000180025095e-35 0 1013.7166666666668 1.216666666666667 54.166666666666679 92.166666666666671 15.641666666666669 1 21.166666666666668 82.166666666666671 2 -0.16289960444917215 27.983333333333338 3 1021.3166666666668 4 64.833333333333357 1.0000000180025095e-35 5 6 7 8 -0.17342950432935442 2022.5000000000002 -0.9159756150367534 12.016666666666667 0.82482438823869808 0.40043915342903263 1.0000000180025095e-35 42.987840000000006
decision_type=2 1 2 2 2 2 2 1 2 2 1 2 2 1 2 1 2 8 1 1 1 1 2 2 2 2 2 2 2 2
left_child=1 9 17 5 -4 8 -5 -8 -2 -1 15 13 18 -12 16 -10 -7 -3 -13 -9 21 22 -6 -24 25 -22 -25 29 -29 -28
right_child=3 2 4 6 20 14 7 19 10 -11 11 12 -14 -15 -16 -17 -18 -19 -20 -21 24 -23 23 26 -26 -27 27 28 -30 -31
leaf_value=-0.039842084471555884 -0.023025792072264899 -0.005684368941770896 -0.030493756432145247 0.036284688332035873 -0.014961000579800966 -0.011837357418839414 0.033115928785712859 0.020960653721291592 0.016406441895783441 -0.015421695698319261 -0.01406390243434737 -0.0022440016442280357 0.0099732141191485341 0.005273939220607358 -0.0064748612829290857 -0.00094688348212073128 0.0085638591973394261 0.0085428554206169478 -0.013789113716209923 -0.0064218861580685295 -0.012053628195956245 -0.010625817270681553 0.054199876421054893 -0.016101135139538311 -0.021269901802399443 0.060697844882054791 -0.037720669586799309 0.3540496172738376 -0.017571167094957835 0.097387100148732142
leaf_weight=664.26419756002724 165.00350435078144 878.82102050911635 742.42237018235028 325.62589015066624 66.355585413053632 192.15867875516415 130.51234810054302 134.21295996010303 580.14614909887314 188.92348010931164 303.58927197009325 1033.699647448957 416.03190549463034 2214.4787113182247 433.7731914781034 500.85414400696754 4866.4705331288278 626.91722151078284 1110.2319224961102 250.50872693955898 52.315288189798594 305.52304102573544 66.749541589058936 52.932304836809635 483.61976987868547 23.005443925969303 10.835306255146866 2.3779405783861871 1.5240324251353738 5.9618840795010319
leaf_count=57502 1590 26239 55299 2938 2135 1130 804 640 2893 11672 2827 6676 2069 14403 2762 2537 26798 15038 7696 1185 2340 9810 1660 1587 20742 667 337 85 55 186
internal_value=-0.000489601 -0.0147955 -0.00971686 0.00422651 -0.018036 0.00301865 0.021198 0.0116581 -0.000145714 -0.0340382 0.000467618 -0.00124209 -0.00532819 0.00290711 0.00666209 0.00843188 0.00778867 0.000239339 -0.00829777 0.00342254 -0.00939981 -0.00105674 0.012921 0.0270214 -0.0167264 0.0102181 0.00234309 0.0493597 0.21209 0.0105261
internal_weight=16829.8 4172.55 3319.36 12657.3 1813.62 11816.4 840.86 515.234 6324.04 853.188 6159.03 5078.03 2559.96 2518.07 5492.4 1081 5058.63 1505.74 2143.93 384.722 1071.2 512.26 206.737 140.381 558.941 75.3207 73.6315 20.6992 3.90197 16.7972
internal_count=282302 205354 136180 76948 94903 71381 5567 2629 40691 69174 39101 33671 16441 17230 30690 5430 27928 41277 14372 1825 39604 15855 6045 3910 23749 3007 2250 663 140 523
cat_boundaries=0 1 2 3 4 5 6 7 8 9
cat_threshold=73072640 16912400 16787472 5767168 3476 81035302 4238 50334260 4328
is_linear=0
shrinkage=0.05


Tree=56
num_leaves=31
num_cat=8
split_feature=4 34 16 6 32 34 35 30 16 16 2 11 26 28 12 1 16 14 32 16 32 13 3 12 23 26 38 27 16 16
split_gain=415.576 154.817 104.118 95.9214 67.7465 54.9132 50.9697 42.9653 40.244 39.882 37.4665 32.5745 32.5214 32.0297 35.0037 29.6267 29.2525 28.967 28.4924 28.1181 26.2243 25.512 26.3287 26.7658 25.3181 27.1151 42.9984 27.7551 46.2508 25.0484
threshold=1.0000000180025095e-35 14.41666666666667 0 0.55000000000000016 1020.4166666666669 84.833333333333357 12.499444419750894 12.616666666666669 1 2 1.0000000180025095e-35 -0.5 7.5166666666666675 74.166666666666671 -0.060046746386240357 1.0000000180025095e-35 3 4 1003.2166666666668 5 1031.0166666666671 -0.97322851985520697 0.15000000000000005 0.07717261907891422 12.92087027297468 24.31666666666667 0.33333333333342813 1.3000000000000007 6 7
decision_type=2 2 1 2 2 2 2 2 1 1 8 2 2 2 2 2 1 1 2 1 2 2 2 2 2 2 10 2 1 1
left_child=1 -1 -3 5 6 9 18 -5 21 13 15 -11 -6 -2 -15 -10 -9 20 -4 -14 -12 -7 23 -23 25 27 -27 28 -8 -17
right_child=3 2 4 7 12 8 24 16 10 11 17 -13 19 14 -16 29 -18 -19 -20 -21 -22 22 -24 -25 -26 26 -28 -29 -30 -31
leaf_value=-0.036541030998453933 0.0085349089232304789 -0.031853354438809149 0.04739161136422889 0.034495618154612148 -0.03641626834602113 -0.011120206078424996 0.0062198404675873958 0.036522767350599054 -0.010773406442790004 0.00061918382897361603 0.01071791748466034 -0.015083672266786996 0.0050900867427424038 0.0039236420586714086 -0.011515467556129578 0.017212949039516756 0.0049058729738755465 0.0020231561807109509 0.0054916024718038338 -0.021928034149269589 -0.038363072714051372 0.015465233214522351 0.01885774871322116 -0.004318556151443385 -0.028468447031815315 0.014783892141410957 -0.020727733250358784 -0.02712204464148802 -0.017339846084397322 -0.002211075815499943
leaf_weight=656.03894867282361 1033.556333757937 463.89090173970908 42.836873859167099 330.69838781654835 222.87866953760386 111.89404935389757 391.13215300254524 82.346584975719452 722.85970586910844 548.01701894775033 2026.8480692692101 831.04134765639901 147.49572036229074 827.68513707444072 659.60521070659161 217.58343794941902 403.22735111415386 2560.5284695401788 738.13705263193697 267.74838098045439 27.490313552320004 358.89753905683756 966.44333150237799 326.33714493364096 135.65407776646316 302.71281313989311 118.54157649632543 197.40520499739796 429.15659077186137 609.074203543365
leaf_count=62001 6014 37003 957 3186 12674 531 13151 585 6566 4174 10316 6887 5678 5314 4315 1160 2102 13173 19331 14069 174 2077 4540 1900 5851 5902 2814 7942 17981 3934
internal_value=-0.000470076 -0.0142743 -0.0100485 0.00402106 -0.00654055 0.00287691 -0.00264721 0.0205975 0.00526636 -0.00198051 0.0033409 -0.00878034 -0.0210123 0.00176743 -0.00292383 -0.00338063 0.0111271 0.00560502 0.00779562 -0.0127376 0.0100106 0.0119096 0.0135424 0.00604412 -0.00782682 -0.00587903 0.00478832 -0.0102946 -0.00624221 0.00308441
internal_weight=16757.8 4113.63 3457.59 12644.1 2993.7 11827.9 2355.58 816.272 7927.96 3899.91 6164.38 1379.06 638.123 2520.85 1487.29 1549.52 485.574 4614.87 780.974 415.244 2054.34 1763.57 1651.68 685.235 1574.6 1438.95 421.254 1017.69 820.289 826.658
internal_count=282302 205354 143353 76948 106350 71075 73929 5873 44371 26704 35323 11061 32421 15643 9629 11660 2687 23663 20288 19747 10490 9048 8517 3977 53641 47790 8716 39074 31132 5094
cat_boundaries=0 1 2 3 4 5 6 7 8
cat_threshold=72941568 21258768 59050036 16777232 4126 34852 17172592 102
is_linear=0
shrinkage=0.05


Tree=57
num_leaves=31
num_cat=11
split_feature=4 34 16 4 32 2 1 26 34 3 14 16 16 26 13 2 16 34 16 16 33 16 10 37 26 32 16 3 14 16
split_gain=380.389 148.425 98.7664 90.9503 63.0508 47.9709 47.4975 44.8388 41.3394 37.5047 35.1188 33.0362 32.4683 31.4165 30.7241 30.0157 28.6067 28.4414 33.6742 26.2021 30.6174 25.8079 27.043 25.6837 27.0231 24.7992 24.0931 23.8982 23.7046 23.003
threshold=1.0000000180025095e-35 14.41666666666667 0 1.216666666666667 1020.4166666666669 1.0000000180025095e-35 1.0000000180025095e-35 15.641666666666669 88.833333333333357 1.0000000180025095e-35 1 2 3 7.5166666666666675 0.31228055688579465 1.0000000180025095e-35 4 96.166666666666671 5 6 0.9000000000000058 7 0.12940952255126045 -0.42561410787214021 19.341666666666672 1020.5166666666668 8 0.25000000000000006 9 10
decision_type=2 2 1 2 2 8 2 2 2 2 1 1 1 2 2 8 1 2 1 1 2 1 2 2 2 2 1 2 1 1
left_child=1 21 -3 5 8 6 26 -5 15 -8 12 14 -7 -6 -9 -4 -12 -18 -19 20 23 22 -1 -15 -25 -14 28 -20 -2 -17
right_child=3 2 4 7 13 10 9 11 -10 -11 16 -13 25 19 -16 29 17 18 27 -21 -22 -23 -24 24 -26 -27 -28 -29 -30 -31
leaf_value=0.020889035282648325 -0.015255422565706125 -0.031253511819188277 -0.012029008069542426 0.034853388691486381 -0.035860510905248826 0.003959184803632501 -0.0069550793255281664 -0.017173025961321513 0.0087420260636899665 0.0080331187243738774 0.013648490191466814 0.022969269299895217 0.020080467929573121 0.025191493343983015 0.018058965140273636 0.014822419232812495 -0.00028864066398286831 0.014451480386581434 -0.0098498237812149232 -0.021308472484887968 0.23823134425408879 -0.03914687099613412 -0.046091418502000624 -0.028295071244939032 0.057517238101277714 -0.0031943835639965433 -0.014046372859059457 0.0075517892881729193 0.0052471851206341083 -0.0043789388986671205
leaf_weight=42.330601054243743 195.83305729925632 449.71151554584503 1009.6087814131752 311.59663250297308 215.21338873356581 980.68686589971185 626.24886725842953 147.64903566241264 604.11667316034436 1250.917622923851 557.58431252092123 256.11765757203102 872.31926620751619 68.811986499466002 106.37171745300293 210.14222264569253 4216.8399736210704 831.09359887242317 344.91601968184114 262.1937631899491 1.2957660863175977 567.41052295546979 23.269653677940369 67.569003841839731 10.518327531404791 131.69803439453244 895.57468928396702 460.72613293677568 437.59415409341455 525.41918199323118
leaf_count=2116 1541 37003 38019 2938 12674 5329 5075 684 13643 6962 2618 1427 4481 1964 518 5755 23982 4094 1985 14069 46 57835 2050 3165 503 715 8966 2268 3365 16512
internal_value=-0.000451977 -0.0137694 -0.00965742 0.00382867 -0.00626571 0.00270872 -0.00229596 0.0199115 -0.00253011 0.00303274 0.0047391 0.0107799 0.0105375 -0.0203913 -0.0023267 -0.0064324 0.00292296 0.00187954 0.00747675 -0.0122722 0.0048299 -0.0360103 -0.00252055 0.00293902 -0.0166774 0.0168596 -0.00883781 0.000100172 -0.00123143 0.00124992
internal_weight=16681.4 4057.61 3424.6 12623.8 2974.89 11802 3406.17 821.735 2349.29 1877.17 8395.86 510.138 1984.7 625.602 254.021 1745.17 6411.16 5853.58 1636.74 410.389 148.195 633.011 65.6003 146.899 78.0873 1004.02 1529 805.642 633.427 735.561
internal_count=282302 205354 143353 76948 106350 71381 25909 5567 73929 12037 45472 2629 10525 32421 1202 60286 34947 32329 8347 19747 5678 62001 4166 5632 3668 5196 13872 4253 4906 22267
cat_boundaries=0 1 2 3 4 5 6 7 8 9 10 11
cat_threshold=72941568 4116 39600736 55902246 16777232 105273920 34852 33554436 88377938 1440 16812096
is_linear=0
shrinkage=0.05


Tree=58
num_leaves=31
num_cat=9
split_feature=34 1 2 38 24 16 16 6 32 28 16 16 25 24 16 32 3 34 28 16 16 16 2 28 14 13 18 10 10 33
split_gain=353.797 165.924 101.393 67.5649 62.4028 53.2949 50.8283 48.1351 47.7718 44.3944 43.3895 43.354 39.1914 35.9518 35.6439 35.4082 34.8342 33.378 33.5317 31.6677 29.3577 29.3048 27.2095 26.483 25.484 24.8866 23.6611 25.7954 23.0131 23.8847
threshold=28.416666666666668 1.0000000180025095e-35 1.0000000180025095e-35 -1.1666666666665717 3.4190478996905456 0 1 0.55000000000000016 1013.5166666666668 55.166666666666679 2 3 734.52699482852836 11.220149027567102 4 1020.6166666666668 0.65000000000000002 84.166666666666671 68.833333333333357 5 6 7 1.0000000180025095e-35 57.416666666666679 8 -0.71010885522459943 8.7002500000000023 -0.37940952255126059 0.12940952255126045 0.41899350299921673
decision_type=2 2 8 8 2 1 1 2 2 2 1 1 2 2 1 2 2 2 2 1 1 1 8 2 1 2 2 2 2 2
left_child=5 2 4 7 -2 8 16 10 12 14 -3 -6 -1 -14 -4 20 -5 18 19 -13 28 -17 -15 -24 -8 -23 27 -10 29 -11
right_child=1 3 9 6 11 -7 24 -9 26 15 -12 17 13 22 -16 21 -18 -19 -20 -21 -22 25 23 -25 -26 -27 -28 -29 -30 -31
leaf_value=-0.017828510118552396 -0.032164507458942289 0.021181079630121526 0.0081158429605989301 0.0060609974297157112 -0.02234913265738761 -0.036255597035907201 0.0046839040745056768 0.036761970452375586 0.018254056314971089 -0.0083448969413947895 0.0029814356467955101 0.01307876273695488 -0.0034522406444756435 -0.0041719494828917191 -0.025712223352689297 -0.026977556126680104 0.018724959769304755 -4.1284313021056984e-05 -0.018477590058523785 -0.011300199212412609 0.0060262468847014673 0.033667836287189716 0.13136454111690299 0.045016305423282998 -0.0043217414749896826 -0.0069289708755793438 -0.039158522811999698 -0.031186412287899947 -0.023437679687369904 0.031917274396188258
leaf_weight=110.54624252486974 294.49792263936251 665.87007884308696 111.10983584076166 2356.6551399119198 444.31228728406131 664.0177513314411 1466.9919975064695 237.10082092881203 47.404449498280883 137.45975732896477 660.11357982456684 206.36872687842697 57.512730715796351 14.97574712987989 242.48030488938093 157.4740945296362 705.56097701191902 1339.7438149731606 716.79051757138222 337.10900732316077 3212.5185103742406 45.109545929357409 13.555779692716895 25.912990977987647 1667.8395600728691 228.70602972712368 173.21290958765894 59.253860425204039 158.37846678122878 50.206865586340427
leaf_count=2938 13338 3222 2512 12243 19234 56689 8095 2199 2379 2689 3455 4577 2913 613 8115 5565 4031 21225 20781 11955 33863 1097 480 472 9438 5312 14804 4587 2939 542
internal_value=-0.000435699 0.00156996 -0.00363904 0.00672669 -0.0101905 -0.0269874 0.00438342 0.016016 -0.0137375 0.00139724 0.0123039 -0.00806387 0.00328139 0.0241225 -0.0155805 0.0029022 0.00895017 -0.00551475 -0.0113767 -0.00200963 0.00454206 -0.0106262 0.0532042 0.0749302 -0.000105905 -0.000222893 -0.0277549 -0.009216 -0.00914411 0.00243779
internal_weight=16608.8 15442.4 7682.27 7760.13 3338.82 1166.39 6197.05 1563.08 502.375 4343.44 1325.98 3044.32 222.503 111.957 353.59 3989.85 3062.22 2600.01 1260.27 543.478 3558.56 431.29 54.4445 39.4688 3134.83 273.816 279.871 106.658 346.045 187.667
internal_count=282302 196427 153744 42683 91110 85875 33807 8876 29186 62634 6677 77772 7416 4478 10627 52007 16274 58538 37313 16532 40033 11974 1565 952 17533 6409 21770 6966 6170 3231
cat_boundaries=0 1 2 3 4 5 6 7 8 9
cat_threshold=50596420 17062454 58896976 68751360 33851460 42205280 71827460 9773634 6668
is_linear=0
shrinkage=0.05


Tree=59
num_leaves=31
num_cat=6
split_feature=34 4 16 6 32 30 26 34 16 28 8 33 35 27 16 33 34 26 35 32 12 38 16 4 16 26 32 38 26 14
split_gain=330.731 164.922 92.5779 72.3923 59.2339 38.5668 37.9443 35.099 33.2197 59.5174 46.358 39.3602 38.2972 46.7629 32.2528 32.9433 32.0811 31.8859 31.7906 29.0063 33.9482 26.3708 34.3021 27.5595 25.7311 29.8879 25.0629 24.7766 24.3667 24.2552
threshold=21.166666666666668 0.041666666666666678 0 0.75000000000000011 1013.8166666666668 13.016666666666667 4.3833333333333346 92.166666666666671 1 69.416666666666671 2.5000000000000004 0.79999999999998306 2.4972191289246477 1.4445299120013644 2 0.9899494936611889 88.416666666666671 15.533333333333337 35.502934029806646 1005.3833333333336 -0.79983924473971946 -0.74999999999994305 3 0.81666666666666676 4 27.983333333333338 1003.2166666666668 0.30000000000001142 6.8416666666666677 5
decision_type=2 2 1 2 2 2 2 2 1 2 2 2 2 2 1 2 2 2 2 2 2 8 1 2 1 2 2 10 2 1
left_child=5 2 -2 7 18 -1 -6 24 9 10 11 12 -7 19 16 -16 -8 -5 26 -14 -21 23 -23 -9 -3 28 -4 -28 -26 -27
right_child=1 3 4 17 6 8 14 21 -10 -11 -12 -13 13 -15 15 -17 -18 -19 -20 20 -22 22 -24 -25 25 29 27 -29 -30 -31
leaf_value=-0.038144982289969327 -0.026227522926231518 0.0043843793735096198 0.022384191580866089 0.037236744775959035 -0.029841013943689123 -0.0033872009200124013 -0.028104924693765916 0.0088747191675660111 -0.027660569127196888 -0.034289054701892793 -0.015066396611769934 0.26224146318821234 0.36165486504410604 0.023321616957012632 -0.0037937921084269417 0.12976201854766742 -0.00072809028601958142 0.011780653132543109 -0.018793366427825222 0.29729947062574075 0.081800101359428251 0.013266004543852714 0.0012149593388658864 0.026685972001156563 0.0084147065789749783 -0.0028833679727139467 0.006486292829688621 -0.0066653184043495564 -0.0068383818983551135 0.017444986481652009
leaf_weight=557.49148519895971 541.04263049736619 2625.8665813244879 165.73308314848691 220.5742120295763 226.19006771221757 15.202496192418037 322.77984251175076 1599.1651043482125 211.22592414915562 51.678000997751951 25.66617791261524 2.4275488061830393 1.595114405266943 10.699424703605471 1124.4606263590977 4.5363279879093161 160.06342021841556 278.28327868133783 169.31488279439509 2.3441406451165641 7.7863168185576814 749.65349761396646 2682.7903952077031 251.26331952959299 299.69307487085462 282.48634697496891 1039.2346742935479 546.28248412534595 2068.2526936419308 295.91485514491796
leaf_count=52521 36744 13593 3071 2396 10747 928 16483 8038 16018 2493 1736 77 57 468 37490 116 4099 1556 4694 110 346 3877 13903 1648 2085 1374 18869 11684 13727 1354
internal_value=-0.00042108 0.00126122 -0.00707855 0.00441945 -0.00424041 -0.0301363 -0.0106677 0.00356345 -0.0165426 0.00536492 0.0373655 0.0709163 0.0579105 0.0992963 -0.00797539 -0.00321722 -0.0186454 0.0230415 0.00188881 0.167839 0.134084 0.00648339 0.00388943 0.0112946 0.000795065 -0.00241057 0.00388937 0.00195483 -0.00490764 0.00776972
internal_weight=16539.7 15653.6 4299.64 11353.9 3758.6 886.117 1838.03 10855.1 328.625 117.399 65.7212 40.055 37.6275 22.425 1611.84 1129 482.843 498.857 1920.57 11.7256 10.1305 5282.87 3432.44 1850.43 5572.21 2946.35 1751.25 1585.52 2367.95 578.401
internal_count=282302 207548 143997 63551 107253 74754 68935 59599 22233 6215 3722 1986 1909 981 58188 37606 20582 3952 38318 513 456 27466 17780 9686 32133 18540 33624 30553 15812 2728
cat_boundaries=0 1 2 3 4 5 6
cat_threshold=72941568 25575492 8794112 4866592 25454706 1760
is_linear=0
shrinkage=0.05


Tree=60
num_leaves=31
num_cat=9
split_feature=34 16 37 1 3 26 16 24 36 16 36 31 16 16 11 23 12 7 14 16 37 32 2 14 32 30 14 33 27 31
split_gain=300.613 147.376 95.9507 77.6687 63.7911 63.1642 62.5235 56.1428 52.4838 50.1276 40.689 37.1923 51.1268 33.8488 40.1694 31.6985 31.5471 30.0565 29.7832 29.0518 28.7944 28.381 25.3488 39.0794 24.8644 24.856 23.9639 22.991 22.3512 22.1573
threshold=74.583333333333357 0 0.052265247582686143 1.0000000180025095e-35 0.25000000000000006 27.516666666666669 1 3.4190478996905456 0.66819150929102589 2 -0.427689865710634 1.4988884770611419 3 4 -0.5 1.6222804535513233 -0.99760647975412031 1.0000000180025095e-35 5 6 0.0096588532849415584 1023.1166666666668 1.0000000180025095e-35 7 1010.2333333333335 13.616666666666669 8 1.2758438729595152 0.82596744622425822 0.65159863237109028
decision_type=2 1 2 2 2 2 1 2 2 1 2 2 1 1 2 2 2 2 1 1 2 2 8 1 2 2 1 2 2 2
left_child=1 17 6 7 19 10 20 -2 -8 -6 13 12 16 -4 25 18 28 -1 -11 24 -3 -21 23 27 26 -15 -5 -14 -9 -7
right_child=3 2 5 4 9 29 8 11 -10 15 -12 -13 22 14 -16 -17 -18 -19 -20 21 -22 -23 -24 -25 -26 -27 -28 -29 -30 -31
leaf_value=-0.039347793610545766 -0.021406377733065089 -0.01663783485898301 -0.02750441741851949 0.014394580129376411 0.020716974562606238 0.040663639561592697 0.0087814758037196069 0.1422253231153276 -0.014254423517940928 0.02283353472478605 -0.02640046039232526 -0.011065780139421964 0.0056006327171815237 0.0074041390714285581 -0.013727043072639129 0.0035831548526756313 0.012048324187684421 -0.018231088465658889 0.0019943567213594623 0.0094593091797681716 0.049153079020824109 -0.01444488741287208 0.0031023327779624542 -0.010928700474327133 -0.0090319531085338977 0.0535496876497948 -0.0033080395207928195 0.082703161292086852 0.012520086481338944 0.0010543504354026598
leaf_weight=470.08988412376493 298.27712882775813 554.61316794529557 161.02759066596627 307.82207715511322 1198.5967283770442 47.82917745411396 1371.0125609124079 7.9259115904569608 301.56696913298219 519.89391518384218 886.99273631908 574.37049846816808 405.18037572596222 114.09922444541007 233.30751817207783 1450.340386018157 879.53884742315859 263.08570529893041 269.54834028333426 1421.9265230223536 17.050236085429788 135.96194439381361 2203.2470478145406 974.61784979887307 730.06705338135362 39.129588789306581 475.11107953637838 9.80580918304622 5.702100982889533 134.09302687644958
leaf_count=48357 8765 20058 6897 1722 7087 565 26062 90 6894 3017 37557 10007 8347 4356 8855 7008 11171 2783 1497 7229 587 684 22226 20086 4317 780 2622 117 98 2584
internal_value=-7.58226e-05 -0.0109357 -0.00695966 0.00412794 0.00779791 -0.016265 -0.000287806 -0.000330101 0.00459999 0.0124756 -0.0197846 0.000912607 0.00244648 -0.00906483 -0.000649754 0.00793664 0.0130773 -0.0313465 0.0160338 0.00256022 -0.0144152 0.0073253 -0.000232338 -0.00552104 -0.00237908 0.0192154 0.00379455 0.00726692 0.0884418 0.0114846
internal_weight=16461.8 4593.9 3860.72 11867.9 6509.27 1616.48 2244.24 5358.67 1672.58 3438.38 1434.56 5060.39 4486.02 547.564 386.536 2239.78 893.167 733.176 789.442 3070.89 571.663 1557.89 3592.85 1389.6 1513 153.229 782.933 414.986 13.628 181.922
internal_count=282425 166335 115195 116090 35183 61594 53601 80907 32956 18609 58445 72142 62135 20888 13991 11522 11359 51140 4514 16574 20645 7913 50776 28550 8661 5136 4344 8464 188 3149
cat_boundaries=0 1 2 3 4 5 6 7 8 9
cat_threshold=73015296 118802 16804374 16917040 25167904 7302 43606532 78 2380
is_linear=0
shrinkage=0.05


Tree=61
num_leaves=31
num_cat=12
split_feature=4 16 30 4 36 16 37 16 27 11 3 16 16 14 16 38 27 38 31 38 16 16 16 37 26 14 35 10 11 16
split_gain=263.413 133.942 75.8717 73.8723 43.935 50.184 41.5263 72.6321 43.1599 39.743 36.4805 36.6526 34.3013 34.0303 32.4386 37.9679 40.8225 32.9074 52.9994 32.0911 31.8379 31.0992 28.7757 32.233 31.0501 36.4897 28.2511 34.9504 27.9237 29.6109
threshold=1.0000000180025095e-35 0 12.616666666666669 1.3583333333333336 -0.33528706561530064 1 -0.26319459234940729 2 0.85893894102775081 -0.9159756150367534 0.15000000000000005 3 4 5 6 -1.2333333333334051 0.99777530313971774 3.7000000000001028 0.52493385826745487 -0.43333333333333707 7 8 9 -0.3052124823898888 27.81666666666667 10 3.8149242336291649 -0.78656609248549292 0.25881904510252057 11
decision_type=2 1 2 2 2 1 2 1 2 2 2 1 1 1 1 10 2 10 2 8 1 1 1 2 2 1 2 2 2 1
left_child=1 -1 6 10 5 -4 7 8 -3 -7 22 -12 -5 21 15 16 -8 -16 -19 -6 -21 -13 23 -2 28 -26 -18 -28 29 -24
right_child=3 2 4 12 19 9 14 -9 -10 -11 11 13 -14 -15 17 -17 26 18 -20 20 -22 -23 24 -25 25 -27 27 -29 -30 -31
leaf_value=-0.033904330557449909 0.012622943588564819 0.034595114896235735 -0.0029534433869676858 0.036545276471810315 0.0068512251238744895 0.086192713919260006 0.0060198371433983827 -0.015762010549080132 -0.0073670552367375479 0.02395708936575823 0.012643487352570698 0.015875844874400424 0.011113636393061697 -6.4761425052711519e-05 -0.024034731791407551 -0.007647031973360691 0.33781018268293589 0.35719616169662599 -0.02771345840969975 0.0010988781740657533 -0.022212040916321712 0.0035898136668480484 -0.0080375271446215171 -0.0023061389995318038 0.025369504832919415 -0.00448567426242155 -0.017993292767039582 0.21937057962154452 -0.010352271046643702 0.0046159360812437784
leaf_weight=558.91606948990375 735.89842410385609 149.15397740993649 210.68501843605191 204.74831949919462 377.92913515027612 29.856197975575924 11.280848306603732 491.69566485285759 103.90930317528546 179.79465178959072 1250.8266997113824 787.25600719451904 432.86586884409189 3311.5022250674665 996.5425152881071 170.62306045088917 1.5818055029958475 1.3803837383165949 2.2260310677811503 271.83705900330096 317.21766691654921 1512.1625877246261 799.85925200395286 710.61285837739706 187.35169402137399 211.94479129463434 3.0258239526301622 3.0514291869476438 1306.0649485997856 1067.6815512552857
leaf_count=55936 4258 4879 7108 1813 8976 963 541 26296 4047 5082 6148 4241 2826 17756 62274 9102 59 65 123 8498 11388 7971 6850 4196 952 1148 116 107 10574 8132
internal_value=-7.47231e-05 -0.011456 -0.00755323 0.00345344 0.00134715 0.014841 -0.013975 -0.00471511 0.0167091 0.0313617 0.00256358 0.00493318 0.0200319 0.00318594 -0.0197708 -0.000169264 0.0667928 -0.0232514 0.125276 -0.00451938 -0.0118145 0.00784724 -0.000675798 0.00525292 -0.00308223 0.0100482 0.155073 0.102811 -0.00474426 -0.000821945
internal_weight=16399.5 3880.71 3321.79 12518.8 1387.32 420.336 1934.47 744.759 253.063 209.651 11881.2 6861.75 637.614 5610.92 1189.71 189.563 18.9399 1000.15 3.60641 966.984 589.055 2299.42 5019.41 1446.51 3572.9 399.296 7.65906 6.07725 3173.61 1867.54
internal_count=282425 205560 149624 76865 42015 13153 107609 35222 8926 6045 72226 36116 4639 29968 72387 9925 823 62462 188 28862 19886 12212 36110 8454 27656 2100 282 223 25556 14982
cat_boundaries=0 1 2 3 4 5 6 7 8 9 10 11 12
cat_threshold=72941568 16792116 17041952 88105488 16783440 4126 20 16812150 8949830 16783408 6428 35136006
is_linear=0
shrinkage=0.05


Tree=62
num_leaves=31
num_cat=7
split_feature=34 35 6 16 16 26 28 16 32 26 11 37 16 32 36 38 26 36 16 23 24 38 14 16 32 10 24 26 13 26
split_gain=274.693 136.543 68.4137 60.4793 51.6688 51.1717 45.1524 56.8639 66.594 43.913 40.5963 39.8899 37.1822 34.2302 34.1606 31.0972 48.4657 34.2314 35.2934 28.5418 35.795 29.0389 25.9683 25.3181 25.0841 23.4383 60.4527 22.4277 22.1225 21.6719
threshold=28.416666666666668 20.986767650460006 0.35000000000000003 0 1 12.241666666666669 55.583333333333336 2 1020.2166666666668 27.141666666666669 0.25881904510252057 0.052265247582686143 3 1017.9166666666669 -0.6561087100884434 -1.3000000000000111 20.88333333333334 0.61096948566596654 4 3.2489208881305962 10.575715273354403 0.40000000000014785 5 6 1005.8416666666668 0.78656609248549325 17.010450900328905 28.441666666666674 -0.18771165011946636 5.5166666666666666
decision_type=2 2 2 1 1 2 2 1 2 2 2 2 1 2 2 8 2 2 1 2 2 10 1 1 2 2 2 2 2 2
left_child=3 2 6 9 11 -4 -2 14 15 -1 -6 22 -7 23 24 16 -9 18 -17 29 21 -21 -3 -13 -8 -20 -27 -25 -18 -16
right_child=1 4 5 -5 10 12 7 8 -10 -11 -12 13 -14 -15 19 17 28 -19 25 20 -22 -23 -24 27 -26 26 -28 -29 -30 -31
leaf_value=-0.018409488698650178 -0.013299264935387207 0.012654868865587067 0.02835208561374597 -0.035821396618794146 -0.0081944585932897853 0.019276051266772176 0.014969671023778264 0.0017599159405151837 -0.017041382466695065 0.01948753739090139 -0.027057436087357025 0.0065768738016951005 -0.002517466899333529 -0.029885048734590809 0.0018777286735754189 0.010520365802364777 0.0073108564657990045 -0.0087536691678195295 -0.0028618424382791182 0.0045125886336048904 -0.0073023847387445606 0.021321476018735977 -0.0019707400581678923 -0.017891260414427908 -0.0053643270971565991 -0.0039799101133115708 0.030771059068693242 0.016411199215012474 0.033046594400037745 0.017577794262442468
leaf_weight=429.82268557604402 413.20420751068741 432.2933964561671 467.82616777718067 556.15042554633692 731.100317385979 348.7499161735177 196.61648890096694 661.95746859628707 497.16350124124438 92.884523564018309 467.75758666079491 256.0107837934047 431.61046398431063 188.15782233513892 261.08760434482247 964.92274742387235 126.5294151743874 852.99776240903884 2191.5826886957511 773.42842970322818 396.75337331462651 384.73049448244274 963.12881314847618 367.10134878009558 662.19593450706452 340.78549136221409 197.65986606478691 54.6773581802845 245.85311060678214 1390.8164156237617
leaf_count=29194 10813 5363 4112 52889 21681 2213 1347 5638 10986 3752 15331 4541 2224 8636 2723 8470 678 8857 20801 9130 3729 4314 14592 6018 7859 4066 913 425 1212 9918
internal_value=-7.38903e-05 0.00164925 0.00420916 -0.0244555 -0.00708517 0.0152785 0.00290043 0.00356036 0.000491167 -0.0114537 -0.0154272 -0.00258256 0.0074382 -0.0110232 0.00812848 0.00205379 0.00987863 0.000274007 0.00235827 0.0105202 0.0056577 0.0100977 0.00263733 -0.00578347 -0.000707861 -0.000563355 0.00878029 -0.0131304 0.0243063 0.0150966
internal_weight=16345.6 15266.7 11806.5 1078.86 3460.23 1248.19 10558.3 10145.1 6079.45 522.707 1198.86 2261.37 780.36 865.947 4065.63 5582.29 1034.34 4547.95 3694.95 3206.82 1554.91 1158.16 1395.42 677.789 858.812 2730.03 538.445 421.779 372.383 1651.9
internal_count=282425 196590 120003 85835 76587 8549 111454 100641 61621 32946 37012 39575 4437 19620 39020 50635 7528 43107 34250 29814 17173 13444 19955 10984 9206 25780 4979 6443 1890 12641
cat_boundaries=0 1 2 3 4 5 6 7
cat_threshold=50600516 50661494 88242736 29542960 8421440 2320 65618
is_linear=0
shrinkage=0.05


Tree=63
num_leaves=31
num_cat=10
split_feature=34 35 4 16 16 28 16 38 36 26 9 37 26 27 36 14 14 35 3 16 16 16 33 26 28 19 19 16 37 14
split_gain=253.891 123.707 70.1448 58.6015 47.4679 43.1456 51.453 48.0348 43.7095 40.0246 39.8621 36.3548 32.7641 30.8951 31.3615 32.712 30.2269 29.2303 35.0264 28.6662 27.4689 26.8478 24.8616 24.8324 24.2661 24.8064 24.2553 24.1573 23.7553 23.4372
threshold=28.416666666666668 20.986767650460006 1.3583333333333336 0 1 59.833333333333336 2 -1.3000000000000111 0.6195794531587816 27.141666666666669 9.5000000000000018 0.052265247582686143 12.241666666666669 1.0219800694778789 -0.79315516492741944 3 4 5.5288886667555124 0.55000000000000016 5 6 7 0.39293061504651011 21.641666666666669 87.583333333333357 35.000000000000007 102.00000000000001 8 0.79905849015515473 9
decision_type=2 2 2 1 1 2 1 8 2 2 2 2 2 2 2 1 1 2 2 1 1 1 2 2 2 2 2 1 2 1
left_child=3 2 5 9 11 22 13 23 17 -1 -6 -3 -4 14 16 -16 -7 18 -9 -13 -17 -14 -2 24 25 -8 -19 -12 -15 -23
right_child=1 4 12 -5 10 6 7 8 -10 -11 27 19 21 28 15 20 -18 26 -20 -21 -22 29 -24 -25 -26 -27 -28 -29 -30 -31
leaf_value=-0.017781296791623463 -0.017695978178813885 0.0025059201404716291 0.042292947183612567 -0.035221009754357983 -0.027261236716255462 0.015296455381443724 -0.020322962220835433 0.0022809802785501232 -0.0096858768468953416 0.018223053870037538 -0.035351288451304794 -0.0028351262915597792 0.027681115742605955 -0.0042230351823978642 0.019611743893127108 0.017470495898980382 -0.012033370592357069 -0.0051384527877670486 0.017969670825726237 -0.021549207035256479 0.0030908475332345753 -0.011966683265959413 0.0019704959440872446 0.021340731797709459 0.013625150491172156 0.0052703334229104578 0.0051273399481224242 -0.0050437726532705195 0.022418842145767975 0.018301148239587312
leaf_weight=422.93954399507493 376.12411653157324 1396.9712742352858 138.65355960279703 537.98565683886409 422.66484227310866 151.80210444051772 137.00682735908777 1387.0258103776723 1080.0469747548923 94.331559000536799 64.077154298312962 516.73218087293208 190.07947818189859 621.08138058893383 1077.4738674648106 500.52688930835575 260.26571952179074 1804.4250121386722 478.41318672895432 341.57204921171069 992.56712871324271 126.38825550675392 280.48956880252808 354.95490762311965 474.16008098144084 305.86403846461326 844.64975474029779 699.26997979916632 96.594706836156547 110.67503499239683
leaf_count=29194 9654 19955 1655 52889 15153 1327 1807 12667 12809 3752 3591 10443 1289 6910 8706 4267 2484 21040 2330 9177 8024 737 5425 1722 3510 2804 9242 18268 927 667
internal_value=-7.23672e-05 0.00157097 0.00400557 -0.0237886 -0.00676942 0.00313952 0.00391232 0.00134143 -0.000650725 -0.0110005 -0.0148191 -0.00245917 0.0211814 0.00865587 0.0109203 0.012973 -0.00188487 0.001511 0.00630527 -0.0105683 0.0079963 0.0143202 -0.00929591 0.0101134 0.00576579 -0.00265003 -0.00186516 -0.00812127 -0.000634582 0.00233453
internal_weight=16285.8 15230.6 11789.3 1055.26 3441.29 11223.5 10566.9 6866.55 5594.56 517.271 1186.01 2255.28 565.796 3700.31 2982.64 2570.57 412.068 4514.51 1865.44 858.304 1493.09 427.143 656.614 1271.99 917.031 442.871 2649.07 763.347 717.676 237.063
internal_count=282425 196590 120003 85835 76587 115655 100576 67931 58088 32946 37012 39575 4348 32645 24808 20997 3811 45279 14997 19620 12291 2693 15079 9843 8121 4611 30282 21859 7837 1404
cat_boundaries=0 1 2 3 4 5 6 7 8 9 10
cat_threshold=50600516 50661494 88238640 4756 2316 33620050 21103104 25432592 67633152 3440
is_linear=0
shrinkage=0.05


Tree=64
num_leaves=31
num_cat=13
split_feature=4 16 32 4 37 16 16 16 14 16 38 16 6 26 16 26 16 16 32 30 16 27 29 24 30 14 14 31 29 30
split_gain=208.962 135.011 79.7683 55.7529 43.5078 59.3088 58.7885 31.6815 30.0352 45.3745 32.9344 60.7427 39.3842 43.2696 30.9737 29.316 32.5179 29.2861 25.6663 24.6235 24.2464 40.462 35.1616 32.3879 25.69 24.1427 23.4219 22.9062 22.7991 21.9171
threshold=0.041666666666666678 0 1014.1166666666668 1.3583333333333336 0.10761269612619594 1 2 3 4 5 0.50000000000005695 6 0.15000000000000005 26.441666666666674 7 15.34166666666667 8 9 1023.2333333333335 19.841666666666672 10 0.83399973354645429 6.823119439757547 19.233233715193254 8.2166666666666703 11 12 1.5000000000000009 9.9163022768896152 23.81666666666667
decision_type=2 1 2 2 2 1 1 1 1 1 8 1 2 2 1 2 1 1 2 2 1 2 2 2 2 1 1 2 2 2
left_child=1 -1 20 8 5 28 18 -5 10 -10 12 -12 13 29 -14 -11 -17 -13 25 -19 21 -3 23 -22 -23 -6 -9 -15 -4 -2
right_child=3 2 4 7 6 -7 -8 26 9 15 11 17 14 27 -16 16 -18 19 -20 -21 22 24 -24 -25 -26 -27 -28 -29 -30 -31
leaf_value=-0.026799584722564086 0.0035096864891787983 -0.010652122088973627 0.0084800921432772614 0.034609434594296953 0.02556228035140953 -0.019458398472421732 -0.030531105958102794 0.024068401491395323 -0.014077199612466843 0.0083701857984634018 0.038030649364097384 -0.01042278516952979 0.034886079983189842 0.024785850833625639 0.011737818355441293 0.0073058508972506618 -0.0034397108390087812 0.0046310627987504113 -0.0262462365324884 -0.0371066718627064 0.013845487726001974 -0.017493872981123287 -0.0032137675802786942 0.17168607802890448 0.020794550270556225 -0.0063769856893876146 0.00017350499603265758 -0.024929588643792366 -0.015828043479086014 -0.032484531189756548
leaf_weight=845.44046597834677 2431.0197865590453 655.97424857737496 541.58389793336391 193.20073989033699 80.358500972390175 438.28850595559925 532.28878427809104 163.78535128384829 499.08032721281052 1205.8622086420655 87.769169040024281 676.72896273434162 192.29026140272617 337.68337208777666 664.92183044552803 943.74477307870984 2679.3288365229964 940.7831508256495 90.588105255737901 36.616677492856979 638.52990094898269 55.612439420539886 482.42350708553568 3.1675124801695338 205.19278381764889 164.62557159736753 260.71500270068645 24.796720668673515 117.26512823160738 42.941320993006229
leaf_count=72678 13061 14649 17533 1813 3745 21665 33869 1211 3186 7013 586 3900 1190 1554 3706 4701 15464 5144 5495 175 15202 2045 12626 38 4290 8338 1615 120 5529 284
internal_value=-7.14943e-05 -0.00876046 -0.00487369 0.00363228 -0.0120762 -0.0054583 -0.0204408 0.0182393 0.00279385 0.000120658 0.00540394 -0.00025361 0.00808656 0.0052479 0.0174778 0.00161435 -0.000629892 -0.00250195 -0.00341977 0.00303277 0.00203732 -0.00398567 0.00692318 0.0146512 0.0126266 0.00488854 0.00973798 0.021379 0.0040898 0.00288364
internal_weight=16232.6 4851.34 4005.9 11381.3 1965 1097.14 867.861 617.701 10763.6 5328.02 5435.55 1741.9 3693.65 2836.44 857.212 4828.94 3623.07 1654.13 335.572 977.4 2040.9 916.779 1124.12 641.697 260.805 244.984 424.5 362.48 658.849 2473.96
internal_count=282425 217702 145024 64723 96174 44727 51447 4639 60084 30364 29720 9805 19915 15019 4896 27178 20165 9219 17578 5319 48850 20984 27866 15240 6335 12083 2826 1674 23062 13345
cat_boundaries=0 1 2 3 4 5 6 7 8 9 10 11 12 13
cat_threshold=73072640 17042020 33603606 16783440 6174 8921088 67633156 712724 17172496 51806226 33603622 774 4238
is_linear=0
shrinkage=0.05


Tree=65
num_leaves=31
num_cat=9
split_feature=34 1 2 30 38 16 14 16 16 32 6 16 32 16 30 13 36 19 16 36 36 3 32 16 16 34 13 13 32 12
split_gain=235.485 118.144 86.2611 54.7654 53.5198 40.7553 38.7451 35.845 35.5262 34.5003 33.6186 33.1928 33.0269 29.4611 27.7666 32.0085 37.4515 32.8723 27.618 34.0601 29.9299 26.8729 26.7835 32.6875 28.451 29.9344 37.0524 24.4282 24.0656 23.9533
threshold=19.833333333333339 1.0000000180025095e-35 1.0000000180025095e-35 -1.3583333333333329 -1.3333333333333142 0 1 2 3 1010.4416666666668 0.35000000000000003 4 1029.5166666666671 5 7.5166666666666675 0.99550911953113241 0.31380777794062464 48.500000000000007 6 -0.84987773545075507 0.96025921693827587 0.55000000000000016 1013.7166666666668 7 8 24.416666666666668 -0.91281223188962002 -0.99550911953113219 994.11666666666679 -0.79983924473971946
decision_type=2 2 8 2 8 1 1 1 1 2 2 1 2 1 2 2 2 2 1 2 2 2 2 1 1 2 2 2 2 2
left_child=5 2 3 -2 7 9 18 10 21 -1 -3 -8 13 -4 -13 -16 -17 -18 19 -5 -20 -6 24 -24 25 26 -15 -26 -27 -28
right_child=1 4 12 6 8 -7 11 -9 -10 -11 -12 14 -14 22 15 16 17 -19 20 -21 -22 -23 23 -25 27 28 29 -29 -30 -31
leaf_value=0.035525648389137958 -0.030198695678048504 -0.0023233080187473215 -0.016411113059638743 0.069234572652139531 0.0052429795418788257 -0.033917088827268682 -0.021733104038026519 0.022084227189235958 0.00036389718327833279 -0.017232258678249179 0.025706923100231174 -0.018315370784698217 -0.038652970601930771 0.31081440897412277 -0.0050961468680819928 -0.018733346243004472 0.16258278461338471 0.03704970445637322 -0.0093147865202689514 0.010086663875885976 0.089913168828237008 0.016667804022322125 -0.012810354515852287 0.0027980439573238765 -0.02332584648724181 0.080434118175882377 0.18131983714821065 0.0040515043754649829 0.012506638920277417 -0.018425436191567234
leaf_weight=39.56693943310529 283.30197801161557 407.20323673635721 198.22945082141086 26.704988798126578 2248.242153391242 564.477623491548 477.44900213321671 734.05158938467503 3508.759845726192 141.54511330230162 144.9774853438139 429.26102731563151 50.552686686627567 1.6997198592871425 1528.5498055364005 15.532884980551897 8.0268854415044206 14.788319636136292 283.92809222079813 265.30437501100823 7.7087454134598365 667.49202282726765 497.77110242238268 982.32414403557777 84.962598823942244 13.221294384449719 2.2293130364269018 1934.8242128854617 624.79097474552691 4.1751227770000678
leaf_count=1465 14702 2092 7002 899 11932 59619 20434 4267 19411 11517 1282 14627 2340 56 33334 301 105 309 7883 6521 168 4160 14051 18842 799 70 51 18200 6019 128
internal_value=-7.45294e-05 0.00125034 -0.00311555 -0.00917158 0.00563014 -0.0275177 -0.00722216 0.0149395 0.00376612 -0.00539543 0.00494985 -0.00993275 0.00148786 0.00195585 -0.00701509 -0.00396311 0.0410955 0.0817317 0.004361 0.0150041 -0.00644122 0.00783206 0.00286706 -0.00251937 0.00586831 0.0149184 0.110061 0.00288449 0.0139267 0.0528224
internal_weight=16191.7 15446.1 7735.34 3340.56 7710.73 745.59 3057.25 1286.23 6424.49 181.112 552.181 2473.61 4394.78 4344.23 1996.16 1566.9 38.3481 22.8152 583.646 292.009 291.637 2915.73 4146 1480.1 2665.9 646.116 8.10416 2019.79 638.012 6.40444
internal_count=282586 209985 166841 99283 43144 72601 84581 7641 35503 12982 3374 69110 67558 65218 48676 34049 715 414 15471 7420 8051 16092 58216 32893 25323 6324 235 18999 6089 179
cat_boundaries=0 1 2 3 4 5 6 7 8 9
cat_threshold=16777732 14 73220132 88135734 68753408 71827456 75766356 9515584 25440320
is_linear=0
shrinkage=0.05


Tree=66
num_leaves=31
num_cat=8
split_feature=4 16 30 2 38 37 16 3 27 23 16 11 16 38 14 23 31 26 13 31 16 9 33 24 38 13 16 35 23 16
split_gain=187.519 109.921 65.2112 64.881 41.0412 38.9151 79.9789 38.7903 36.7576 33.2092 32.4391 31.8222 40.4612 31.5845 30.477 29.9769 27.4621 35.1102 109.555 46.3425 27.1944 31.3858 36.0149 27.92 38.7925 35.2601 25.4797 25.035 24.6412 23.4677
threshold=1.0000000180025095e-35 0 12.81666666666667 0.45000000000000007 0.050000000000011376 -0.052327985223313146 1 0.75000000000000011 1.2500000000000009 7.3677897130401062 2 -0.5 3 -2.3499999999999654 4 3.9960245086561819 1.2499444419750894 8.2583333333333346 0.32854238191083468 0.49888765156985909 5 11.500000000000002 0.36817870057290153 12.795748735067553 -0.20000000000010229 -0.68552235175575749 6 38.787168448319441 1.7459455724894888 7
decision_type=2 1 2 10 8 2 1 2 2 2 1 2 1 10 1 2 2 2 2 2 1 2 2 2 10 2 1 2 2 1
left_child=1 -1 5 27 11 6 8 14 9 16 13 20 -13 -7 -5 -14 17 18 19 -3 21 -4 -23 24 -24 -25 -16 29 -9 -2
right_child=3 2 4 7 -6 10 -8 28 -10 -11 -12 12 15 -15 26 -17 -18 -19 -20 -21 -22 22 23 25 -26 -27 -28 -29 -30 -31
leaf_value=-0.031575004054507159 -0.0042514985313322077 0.39432420624561887 0.0086513466097140473 0.018350009125347955 -0.0084606223581014019 0.1179123162392163 -0.016212329465687982 0.033516242144055061 -0.015143255621368224 -0.0021063901471790603 -0.023304692216630146 -0.028862084803854455 -0.0086044424965182435 -0.002691683901451435 0.010497295298830187 0.017608546344367541 -0.011650625655480532 0.034893819561478766 0.03296582023651675 0.11354010649357611 0.0099757698850322443 0.030348590228046191 0.070214455254441421 0.10703026466800036 0.27566067868373212 0.40728411038411549 -0.0059216058575380197 -0.017241918350447163 0.012879841186079904 0.0026097381070886642
leaf_weight=498.32513272762299 1439.9165531750768 3.5936681050807264 25.485421544406563 378.408566378057 556.36622770316899 5.5161558445543042 557.1618179497309 260.91858617961407 76.452443653251976 79.434956408105791 818.75980240665376 76.138164873700589 167.3009830401279 162.4883356904611 426.16840224713087 312.97595521761104 24.563260313123465 120.79491617623717 15.82072890922427 2.6219083536416292 152.20439262269065 22.907709596212953 20.731098223477609 2.4455216834321618 2.5086164483800522 1.6514643933624018 506.31320993602276 178.20018172077835 324.95752004534006 8917.8750101327896
leaf_count=56158 12276 80 999 1946 19355 193 31621 2343 3527 3790 55774 3918 3890 9045 2206 6162 873 3442 541 68 4494 731 746 93 98 48 2401 1409 1980 52379
internal_value=-7.55331e-05 -0.0099466 -0.00646734 0.00286712 0.00192539 -0.012528 -0.00488549 0.0113797 0.0146821 0.0245171 -0.0193459 0.00929269 0.00284522 0.00126093 0.00659866 0.00830467 0.0371447 0.0455385 0.103468 0.279555 0.0250236 0.047619 0.0767867 0.115449 0.0934775 0.234881 0.00161434 0.00133453 0.0220744 0.00165429
internal_weight=16139 3706.25 3207.92 12432.8 1340.72 1867.21 880.444 1896.77 323.282 246.829 986.764 784.349 556.415 168.004 1310.89 480.277 167.394 142.831 22.0363 6.21558 227.934 75.7298 50.2444 27.3367 23.2397 4.09699 932.482 10536 585.876 10357.8
internal_count=282586 205646 149488 76940 40534 108954 43942 10876 12321 8794 65012 21179 13970 9238 6553 10052 5004 4131 689 148 7209 2715 1716 985 844 141 4607 66064 4323 64655
cat_boundaries=0 1 2 3 4 5 6 7 8
cat_threshold=72941568 17041952 20 285184 4612 311364 14260240 1638400
is_linear=0
shrinkage=0.05


Tree=67
num_leaves=31
num_cat=2
split_feature=34 34 28 35 6 26 22 11 38 4 30 26 38 35 23 34 11 2 19 37 12 34 24 14 11 26 19 36 13 37
split_gain=211.226 102.149 55.6516 50.1236 48.9832 37.5073 60.93 52.9465 40.1481 37.24 34.9655 33.3174 32.3046 31.3994 30.5215 40.2849 41.2067 34.414 35.6947 29.2801 26.9352 33.9912 35.0039 26.3671 27.9561 26.0321 24.4761 40.474 31.4353 24.1183
threshold=20.416666666666668 91.416666666666671 44.583333333333336 39.010680835549202 0.55000000000000016 27.366666666666671 0 -0.5 0.46666666666675388 0.041666666666666678 13.016666666666667 10.483333333333336 -1.0500000000001248 23.900254676332359 5.9742029927610698 0.58333333333333337 -0.5 0.24000000000000005 392.00000000000006 -0.68879216016249023 -0.38466509970700108 2.8333333333333335 12.02248985008614 1 -0.37940952255126015 23.658333333333335 54.500000000000007 0.6837884829480626 -0.22131713103510575 -0.93455784377070794
decision_type=2 2 2 2 2 2 1 2 10 2 2 2 8 2 2 2 2 8 2 2 2 2 2 1 2 2 2 2 2 2
left_child=10 2 -2 5 -3 6 7 26 23 -8 -1 -11 -6 -9 -12 -16 17 -17 20 -15 21 22 -19 24 -7 -5 -4 28 -28 -25
right_child=1 4 3 25 12 8 9 13 -10 11 14 -13 -14 19 15 16 -18 18 -20 -21 -22 -23 -24 29 -26 -27 27 -29 -30 -31
leaf_value=-0.03493947945569139 -0.025771846561174028 0.0044695281306364595 0.00024196957823370837 -0.02872690813897591 0.037381444708862642 -0.013407886044880217 -0.030781864261667222 -0.001010398370568259 -0.013413397564076394 0.011482306274770144 -0.032364411236373063 -0.013986401171336475 0.011359724390471048 0.0029447674020126554 -0.037337946041161238 0.0038425256666209866 -0.0095296062261158408 0.069653354654221331 0.26600307342030655 -0.016032375105898035 -0.0022111657365492051 0.081277025118851196 0.54575358817674213 -0.0065824430385656293 0.012637667027564616 0.00070628787895116976 0.02650156848762876 -0.0099066200783737342 0.0075341692009104873 0.024868526351740833
leaf_weight=450.49784001568332 249.50642283679917 6385.3147941892967 938.13832617597654 254.06377709563822 181.65592834725976 166.37704616319388 245.63877328671515 2662.7721716728993 189.10609448235482 165.03956935182214 114.87638133438304 577.45288868993521 347.34384422004223 273.33268655324355 48.495717450045049 23.248564549721777 66.672553210519254 0.77257641404868127 2.4075294951908282 792.44013976305723 9.0951155954971892 16.766835820861161 0.74517330434173346 71.557136299088597 270.22186554968357 106.63710692711174 384.32950012153015 186.19716583285481 506.19772488903254 409.93843338219449
leaf_count=51717 12276 51340 14956 10056 2072 1354 13647 42017 2165 1351 7424 4300 2695 5526 5559 1985 5422 66 101 20360 512 717 43 471 2213 2034 5543 3405 8437 2822
internal_value=-7.74164e-05 0.00117423 -0.002514 -0.00180596 0.00568102 -0.000967247 -0.00236996 -0.000383714 0.00756038 -0.0137704 -0.0262871 -0.00832449 0.0203008 -0.0039134 -0.0125101 0.0010608 0.0166349 0.049483 0.0849727 -0.0111656 0.0681444 0.102962 0.322692 0.0118815 0.00265085 -0.0200275 0.006146 0.0112896 0.0157221 0.0197833
internal_weight=16096.8 15363.3 8448.95 8199.44 6914.31 7838.74 6731.54 5743.41 1107.2 988.131 733.578 742.492 529 3728.54 283.08 168.204 119.708 53.0358 29.7872 1065.77 27.3797 18.2846 1.51775 918.094 436.599 360.701 2014.86 1076.72 890.527 481.496
internal_count=282586 209040 152933 140657 56107 128567 119542 100244 9025 19298 73546 5651 4767 67903 21829 14405 8846 3424 1439 25886 1338 826 109 6860 3567 12090 32341 17385 13980 3293
cat_boundaries=0 1 2
cat_threshold=6 1760
is_linear=0
shrinkage=0.05


Tree=68
num_leaves=31
num_cat=6
split_feature=34 34 2 1 16 2 16 37 16 10 26 38 32 16 13 24 9 12 31 36 27 12 30 2 37 16 32 36 16 34
split_gain=198.28 101.865 59.1582 51.8369 48.7607 42.4972 37.4488 38.6703 37.4099 36.7979 33.4119 42.5795 31.9626 32.0594 31.6021 30.5919 27.7205 27.5144 32.0831 32.4359 27.9923 27.0255 26.6774 24.7988 24.1856 62.7909 30.3835 30.585 35.8279 26.1695
threshold=9.5833333333333339 91.416666666666671 1.0000000180025095e-35 1.0000000180025095e-35 0 0.45000000000000007 1 0.10761269612619594 2 0.12940952255126045 19.941666666666674 0.066666666666549204 1020.2166666666668 3 0.99550911953113241 5.5321741156270283 7.5000000000000009 -0.36876293119226017 1.6937794687883341 -0.66410567899418316 0.89876437161798384 -0.92302220264522072 14.81666666666667 1.5500000000000003 -0.42561410787214021 4 1010.3416666666668 0.098104255567069434 5 22.416666666666668
decision_type=2 2 8 2 1 10 1 2 1 2 2 10 2 1 2 2 2 2 2 2 2 2 2 8 2 1 2 2 1 2
left_child=8 2 3 6 23 12 7 14 9 17 -7 -12 -3 -14 -2 -16 -8 18 -1 20 -20 -21 -18 -4 25 29 -26 28 -28 -6
right_child=1 5 4 -5 24 10 16 -9 -10 -11 11 -13 13 -15 15 -17 22 -19 19 21 -22 -23 -24 -25 26 -27 27 -29 -30 -31
leaf_value=0.011924971267408949 -0.00091420735359077103 0.0048815412549845531 0.00085997310174774758 0.0013225070762233745 0.081107722789084735 0.018598792981592029 -0.031753246012736817 -0.016594150763022952 -0.037349617667003697 -0.050492343465728423 0.017169315194157729 -0.018737663414643259 0.010922796550913896 -0.01387901616704653 -0.035221167982268251 0.099784012597612534 -0.019832288317831907 0.00080954071294030193 0.1560778065427347 0.2242935761992253 0.46712402047605811 -0.017889961953849367 0.0028790698003858806 -0.02479706266809632 0.0050386188868758106 -0.00046332321834855578 0.00750221152568938 -0.013403990628082214 -0.013126032406511069 0.0162081853167232
leaf_weight=7.0475517865270367 745.25898138154298 5027.9779213638976 143.08427354320884 1038.1524246949703 15.770921665709464 924.67733187228441 320.24684404255822 550.75822396762669 400.48654830362648 16.650653583928943 173.41025430709124 157.41269131749868 173.91567777842283 455.35669845435768 5.7867837948724654 14.766265613958238 490.80015860684216 19.825873920693994 2.0985840484499927 1.7346711978316296 1.1589123066514728 3.0597458509728312 175.50231781741604 275.41388251818717 1156.1686561121605 1392.2344018504955 605.29603219218552 704.32814284460619 309.84068925026804 745.70828980952501
leaf_count=341 18480 39368 805 7253 692 6356 17384 20262 49879 1731 879 707 2216 6581 288 281 28699 1019 125 95 45 171 5750 9346 9672 16350 10080 14180 6776 6775
internal_value=-7.65423e-05 0.00086942 -0.00273412 -0.00795345 0.00052694 0.00539893 -0.0121345 -0.00644196 -0.0327171 0.00878431 0.0137204 8.35012e-05 0.00355196 -0.00707072 0.000776412 0.0617863 -0.0194674 0.0396159 0.0902288 0.157778 0.277355 0.072527 -0.0138506 -0.0156529 0.00192873 0.00590846 -0.00115244 -0.0055724 0.000455925 0.0173352
internal_weight=16053.9 15601.9 8689.12 3341.27 5347.85 6912.75 2303.12 1316.57 452.063 51.576 1255.5 330.823 5657.25 629.272 765.812 20.553 986.549 34.9253 15.0995 8.05191 3.2575 4.79442 666.302 418.498 4929.35 2153.71 2775.63 1619.46 915.137 761.479
internal_count=282586 229180 173073 98397 74676 56107 91144 39311 53406 3527 7942 1586 48165 8797 19049 569 51833 1796 777 436 170 266 34449 10151 64525 23817 40708 31036 16856 7467
cat_boundaries=0 1 2 3 4 5 6
cat_threshold=71827968 50596468 4 4608048 25307232 8769618
is_linear=0
shrinkage=0.05


Tree=69
num_leaves=31
num_cat=5
split_feature=3 16 32 2 16 16 37 11 30 37 2 1 6 35 33 17 26 23 30 33 10 36 2 16 23 30 16 37 13 36
split_gain=145.215 112.658 65.7629 57.2016 42.8733 39.2823 61.9156 38.0302 35.0942 32.8117 32.425 31.1 28.9849 28.6212 28.2085 28.1841 27.3438 26.4657 25.9443 30.6946 26.7897 25.5344 24.761 21.6637 22.4468 21.6426 24.9509 38.2024 21.4747 22.4061
threshold=1.0000000180025095e-35 0 1014.7166666666668 0.45000000000000007 1 2 -0.39552800073395838 -0.70710678118654757 12.916666666666668 0.93445076796707227 1.0000000180025095e-35 1.0000000180025095e-35 0.75000000000000011 32.038170926786393 0.94457350634361881 46.110520000000001 3.183333333333334 9.6152106744861623 23.616666666666671 0.44969125210775696 0.60355339059327384 -0.56336262667396342 1.0000000180025095e-35 3 1.4625032186822575 8.7166666666666703 4 -0.74639871932709101 -0.11987677602567985 -0.92107173651694552
decision_type=2 1 2 10 1 1 2 2 2 2 10 2 2 2 2 2 2 2 2 2 2 2 8 1 2 2 1 2 2 2
left_child=1 10 9 4 16 6 14 8 17 13 -1 22 23 25 -4 -10 -2 -7 19 -13 -20 -17 -6 -5 -25 -3 27 -27 29 -18
right_child=3 2 5 12 11 7 -8 -9 15 -11 -12 18 -14 -15 -16 21 28 -19 20 -21 -22 -23 -24 24 -26 26 -28 -29 -30 -31
leaf_value=-0.029062110669726856 -0.033547648610133374 -0.0036726059774869605 0.012730825243894446 0.017458148359025028 -0.0077921259108265813 -0.00053936934169177941 -0.015660427076288286 -0.020084802083250683 0.0043440764522315089 -0.017500687424833055 0.0031886334256276631 0.0021010381961824166 0.028388412495315055 -0.011325423360467927 0.14150740614495669 0.12051171577116573 -0.037693707255987176 -0.033231199259812549 -0.0184360377687274 0.011774642764213646 0.01294251063053917 0.029664908930718381 0.00075210250494831812 0.017950558051043879 -0.00014965903784891675 0.074936935951396028 0.0057178265848728139 0.013054426294634928 0.029742077831827692 0.012959831859364945
leaf_weight=636.18863364541903 27.920066922903061 574.83925359556451 344.85788897424936 509.50551138073206 1409.5919369831681 197.47166294883937 339.58267086790875 1053.0996519885957 67.833926191553473 215.83466545306146 88.793680541217327 3082.3439833372831 232.15528681874275 315.94922507274896 4.2068680543452492 11.437245883047579 23.187242709100246 90.081389071419835 244.47213956713676 1117.1850053109229 94.145779892802238 23.765499691013247 2127.7984801344573 230.43273353949189 666.51117411255836 34.97634036000818 1596.3143700868823 86.5016864920035 211.66196855902672 350.14090889692307
leaf_count=60443 147 17007 7246 3003 13440 7960 15437 58063 2253 4101 871 15633 2312 7643 82 279 130 7329 1362 5457 413 807 13536 1384 3157 900 26922 2356 1114 1799
internal_value=-7.71161e-05 -0.00649718 -0.00376646 0.0034551 0.001839 -0.0104021 -0.000455849 -0.0150388 -0.00181717 0.00123006 -0.0247706 0.000860625 0.0120236 0.00278046 0.0143229 0.0232066 0.0144773 -0.0107887 0.00360113 0.00467469 -0.00971063 0.0594385 -0.00265276 0.00932052 0.00445229 0.00472481 0.00753496 0.028569 0.0170222 0.00980451
internal_weight=16008.8 5681.73 4956.75 10327.1 8688.45 2132.34 688.647 1443.69 390.59 2824.42 724.982 8075.54 1638.6 2608.58 349.065 103.037 612.91 287.553 4538.15 4199.53 338.618 35.2027 3537.39 1406.45 896.944 2292.63 1717.79 121.478 584.99 373.328
internal_count=282586 219699 158385 62887 53031 99456 22765 76691 18628 58929 61314 49841 9856 54828 7328 3339 3190 15289 22865 21090 1775 1086 26976 7544 4541 47185 30178 3256 3043 1929
cat_boundaries=0 1 2 3 4 5
cat_threshold=72949760 83894288 2084 88185360 135232
is_linear=0
shrinkage=0.05


Tree=70
num_leaves=31
num_cat=8
split_feature=34 34 16 37 16 32 4 16 16 36 37 31 13 32 12 38 38 36 28 23 9 16 28 16 4 23 16 16 27 32
split_gain=179.546 75.6912 67.4515 44.1649 66.5984 50.5239 44.1578 39.4341 37.3571 45.4837 44.9856 35.6568 34.5403 32.9528 30.4585 30.1971 28.2395 26.9512 31.4492 26.6968 26.6015 25.3628 27.9079 25.2438 24.9804 23.458 23.2309 23.2129 29.4081 23.1836
threshold=16.416666666666668 82.166666666666671 0 -0.38521672376876703 1 1010.3416666666668 1.5166666666666668 2 3 0.70671972722573528 0.79905849015515473 1.2965766184522434 0.98053927088909931 1003.5416666666669 -0.43167285247378373 0.53333333333335997 -0.83333333333320059 -0.4068127587938048 72.416666666666671 7.1817423608287632 10.500000000000002 4 69.416666666666671 5 0.058333333333333341 2.2070303904435726 6 7 0.69442222186665525 1020.3166666666668
decision_type=2 2 1 2 1 2 2 1 1 2 2 2 2 2 2 8 10 2 2 2 2 1 2 1 2 2 1 1 2 2
left_child=7 2 -2 4 -4 15 8 20 9 10 13 29 -11 -3 -15 19 -8 18 21 -5 -1 22 -7 -18 25 -14 -19 -6 -29 -10
right_child=1 6 3 5 27 17 16 -9 11 12 -12 -13 24 14 -16 -17 23 26 -20 -21 -22 -23 -24 -25 -26 -27 -28 28 -30 -31
leaf_value=-0.03352104554605969 -0.022351300121809272 0.018136316818270135 -0.018404010348507787 0.0024005281218778029 0.015622826688881458 0.016792676607771818 0.035525839799604345 -0.033415627879151123 0.0030869274222134271 0.01761659675538441 0.023253421547473421 -0.0098947756931519922 0.068005414253519872 0.007979828308945074 -0.0081763008735369954 -0.0093214483381189421 -0.012268004723514617 -0.0057408540461492494 -0.016051453688895653 0.025216015153447471 0.015999390707271754 -0.0018365563765491274 0.08707752569215238 0.019906045004049761 0.039888587331307859 0.20852932782793313 -0.022341379216012973 -0.00476031946300828 0.010403464731941502 -0.006527626107454056
leaf_weight=40.490124962758273 448.35635876050219 240.07630005478859 297.40724539430812 432.23475532326847 519.72579632140696 66.572339412756264 163.88689712435007 469.3011375553906 6159.0586551465094 450.60002088360488 273.33992726355791 680.00175218563527 7.8382880957797152 467.73323184158653 774.8843590002507 344.53089332627133 88.242068536579609 341.51308332337067 288.83228912577033 182.20242246054113 81.614494023378938 263.46713812742382 17.852364292833954 160.28351286053658 31.834654577076435 4.8416649531573057 666.82085582986474 615.24878536071628 665.4842754015699 697.95942879188806
leaf_count=3972 24792 1618 7924 4441 6104 2347 1737 57863 49663 4315 2666 8494 110 4442 8353 4800 524 10608 7102 2665 4772 8644 399 1245 150 111 22282 9833 9963 10460
internal_value=-0.00014119 0.00090039 -0.00404068 -0.0022419 0.00315217 -0.00659605 0.00339514 -0.0271726 0.00271976 0.00835601 0.0046187 0.0010238 0.0217763 0.00118198 -0.00209483 0.00252569 0.01942 -0.0119133 -0.00385876 0.00916913 -0.000402719 0.00626576 0.0283826 0.00878912 0.0637495 0.122874 -0.0169985 0.0067783 0.003095 0.0021082
internal_weight=15942.2 15350.8 5150.25 4701.89 2097.87 2604.03 10200.6 591.406 9788.17 2251.15 1756.03 7537.02 495.115 1482.69 1242.62 958.968 412.412 1645.06 636.724 614.437 122.105 347.892 84.4247 248.526 44.5146 12.68 1008.33 1800.46 1280.73 6857.02
internal_count=282399 215792 121904 97112 33824 63288 93888 66607 90382 21765 17079 68617 4686 14413 12795 11906 3506 51382 18492 7106 8744 11390 2746 1769 371 221 32890 25900 19796 60123
cat_boundaries=0 1 2 3 4 5 6 7 8
cat_threshold=72884224 49170 516 88236560 65602 106577922 16828436 16779296
is_linear=0
shrinkage=0.05


Tree=71
num_leaves=31
num_cat=6
split_feature=34 34 16 23 30 6 16 16 37 28 16 32 10 16 32 38 23 10 13 30 10 12 13 23 17 23 38 14 12 30
split_gain=168.942 76.1151 59.08 43.9482 56.8787 43.0871 40.1067 38.2355 36.6729 35.9372 42.0854 35.6184 35.483 29.6358 31.9726 29.2846 27.2462 26.6938 26.2988 25.8671 38.7674 22.2671 21.871 21.7545 31.8058 36.479 26.1585 29.5508 25.9 25.5773
threshold=9.5833333333333339 78.166666666666671 0 4.9619949723112713 13.416666666666668 0.75000000000000011 1 2 -0.32510895355109021 55.583333333333336 3 1020.2166666666668 1.0000000180025095e-35 4 1015.2166666666668 0.30000000000012511 1.4625032186822575 -0.37940952255126059 0.99904236206516794 23.983333333333338 0.60355339059327384 -0.36876293119226017 0.9969807975668411 1.1861529361978211 52.298650000000009 2.5412103158513655 0.30000000000001142 5 0.83440738405450643 20.941666666666674
decision_type=2 2 1 2 2 2 1 1 2 2 1 2 2 1 2 10 2 2 2 2 2 2 2 2 2 2 8 1 2 2
left_child=6 2 -2 8 -5 9 12 -6 13 22 11 19 21 -4 -15 17 -7 -9 -12 23 -21 -1 -3 29 26 -26 27 28 -25 -11
right_child=1 5 3 4 7 16 -8 15 -10 10 18 -13 -14 14 -16 -17 -18 -19 -20 20 -22 -23 -24 24 25 -27 -28 -29 -30 -31
leaf_value=0.084380088381202978 -0.020188483273604372 -0.014655066875253118 0.012119868566287146 -0.0070014932345142545 -0.006306271184708734 0.034046688087154685 -0.036602748481368852 0.034531182951758242 -0.014217768196757722 0.0074987485856171758 0.0058050229018179285 -0.015214427936569193 -0.044950871786378868 -0.0014650797200538143 -0.030782795656330603 -0.0072819307034109552 0.007686866052759843 0.013222385725005146 0.034855570334275471 -0.021343454243996144 0.013584652603489839 0.0047948798909004551 0.14142368979422426 0.011279729493016789 0.00084850438187127812 -0.018280529657484126 -0.0035458337031854304 0.00012569691893405272 0.057167672964024009 0.055708595201542067
leaf_weight=16.095999558456242 538.63141613407061 339.40617486461997 299.29495170293376 841.57139777345583 261.39526616083458 172.17797514051199 369.41176237212494 210.26414712239057 1059.1535867075436 850.13625344913453 4721.2694434877485 365.35198826435953 17.9525783569552 500.27711322624236 114.13134364504367 118.04301714897156 227.64388570562005 488.54934077849612 79.117130107246339 279.70128391683102 110.86384445428848 19.245867922902107 2.1602146886289111 910.71756021026522 590.53269764315337 431.10820878483355 983.69109690282494 929.03360784798861 31.732574867084622 28.335877571254969
leaf_count=722 32585 8370 3962 33268 5340 1949 49743 2727 26933 6729 41042 8272 1949 6107 4693 2190 1789 4763 747 1929 510 935 73 6798 6152 6759 8058 6940 211 154
internal_value=-0.000139269 0.000712196 -0.00482421 -0.00263915 0.00273961 0.00293185 -0.0313223 0.0103425 -0.00788656 0.00232697 0.00285556 -0.000130972 0.0102202 -0.000546755 -0.00680448 0.015557 0.019044 0.019638 0.00627147 0.000939963 -0.011428 0.0411768 -0.0136269 0.001956 0.000346073 -0.00722449 0.00305514 0.00652475 0.012696 0.00905996
internal_weight=15907 15484.3 4431.31 3892.68 1919.82 11053 422.706 1078.25 1972.86 10653.2 10311.6 5511.2 53.2944 913.703 614.408 816.857 399.822 698.813 4800.39 5145.85 390.565 35.3419 341.566 4755.29 3876.82 1021.64 2855.17 1871.48 942.45 878.472
internal_count=282399 229050 122568 89983 48288 106482 53349 15020 41695 102744 94301 52512 3606 14762 10800 9680 3738 7490 41789 44240 2439 1657 8443 41801 34918 12911 22007 13949 7009 6883
cat_boundaries=0 1 2 3 4 5 6
cat_threshold=73015296 4 72240 35487814 16783392 6500
is_linear=0
shrinkage=0.05


Tree=72
num_leaves=31
num_cat=9
split_feature=34 1 2 30 38 16 34 16 10 32 14 6 16 16 14 26 16 16 10 36 33 13 38 16 27 34 13 32 33 32
split_gain=157.692 73.0594 67.7524 46.1522 40.0975 38.1548 37.282 36.3677 31.8153 27.6975 27.4716 26.5936 26.4425 26.1466 30.0436 25.3959 26.9464 24.0954 28.6186 36.9261 25.4871 23.2002 29.6756 22.2666 34.4172 30.6892 36.6719 32.7746 24.2955 24.525
threshold=9.5833333333333339 1.0000000180025095e-35 1.0000000180025095e-35 -1.3583333333333329 -1.599999999999852 0 40.833333333333336 1 1.0000000180025095e-35 1028.241666666667 2 0.55000000000000016 3 4 5 19.741666666666671 6 7 0.12940952255126045 0.9555616524368552 0.38586123009302492 0.99904236206516794 1.2666666666668223 8 1.2270100694512835 25.833333333333339 -0.93262014971044682 1006.2583333333333 0.37712361663288435 1010.6416666666668
decision_type=2 2 8 2 8 1 2 1 2 2 1 2 1 1 1 2 1 1 2 2 2 2 10 1 2 2 2 2 2 2
left_child=5 2 3 -2 7 8 -5 -3 -1 23 17 -9 -12 14 -6 -15 -17 -8 19 -19 -21 -14 -23 24 25 26 27 -4 29 -25
right_child=1 4 9 6 13 -7 10 11 -10 -11 12 -13 21 15 -16 16 -18 18 -20 20 -22 22 -24 28 -26 -27 -28 -29 -30 -31
leaf_value=0.037565159699136583 -0.027838150115882528 0.024270883640587826 0.3526446248298043 -0.021204663259387194 0.0055616921024262871 -0.036062804366145389 -0.0060918298091438075 -0.00068214695396396437 -0.044661533539265399 -0.029469191163090228 -0.016440371086554856 0.030380642376942088 -0.0046034844713523536 0.0077291380814686981 -0.0049798755062180691 0.0050084340875708655 -0.012277594542657552 0.017189575431759051 -0.0028490788170308628 0.17371748284939531 0.0020359902443966415 0.022200671879487502 0.17965124606547417 0.0029104067154584684 -0.0078053637084244398 0.013113987229703087 0.042398255497882904 0.026994940056740691 0.0050405507990899769 -0.0080590198514847566
leaf_weight=36.7453389512375 272.27821452450007 432.62153366953135 2.002614413388073 371.6732780802995 1098.2308705896139 356.67190500814468 439.82686391845345 421.15078603476286 17.185524481348693 71.864336944650859 604.78090180270374 82.279778953641653 1100.2762888330035 2957.7066573537886 1723.1473061405122 570.64131316542625 358.94480054453015 272.99391111591831 240.77200845908374 6.374192563351242 3.2490742336958647 23.818257025443021 3.3299093917012206 881.41971146129072 228.21707600355148 645.21019381005317 10.907275263685731 1.2494899109005926 1422.8998085171916 1207.4846079316922
leaf_count=1657 16222 2537 64 27204 6116 49743 11491 2241 1949 3534 19224 1050 23436 16589 9810 3028 1940 6244 5904 137 70 432 80 10797 3600 7461 684 86 17970 31099
internal_value=-0.000136517 0.000676055 -0.00272493 -0.00811336 0.00415083 -0.030715 -0.00636146 0.0138446 0.0095595 0.00129954 -0.00431402 0.00431405 -0.00805097 0.00279809 -0.000871333 0.00544952 -0.00174508 0.00246449 0.00963394 0.0206067 0.11637 -0.00344465 0.0421015 0.0018028 0.00882834 0.0147197 0.0872825 0.232065 1.79885e-06 -0.00343052
internal_weight=15866 15455.4 7810.63 3339.37 7644.72 410.603 3067.09 936.052 53.9309 4471.26 2695.42 503.431 1732.21 6708.67 2821.38 3887.29 929.586 963.216 523.389 282.617 9.62327 1127.42 27.1482 4399.39 887.587 659.37 14.1594 3.2521 3511.8 2088.9
internal_count=282399 229050 185739 110444 43311 53349 94222 5828 3606 75295 67018 3291 43172 37483 15926 21557 4968 23846 12355 6451 207 23948 512 71761 11895 8295 834 150 59866 41896
cat_boundaries=0 1 2 3 4 5 6 7 8 9
cat_threshold=4 59257424 590 69015558 43589696 6156 88473620 35346464 16787472
is_linear=0
shrinkage=0.05


Tree=73
num_leaves=31
num_cat=7
split_feature=34 1 2 26 34 38 16 16 10 6 32 16 16 27 14 16 13 36 16 32 18 23 13 37 10 32 36 23 26 33
split_gain=147.106 66.1619 61.7373 44.0681 36.76 36.6326 36.3167 28.8191 28.6755 26.8277 26.0436 29.6432 27.125 26.484 25.3951 31.302 27.3157 34.1748 23.2805 24.7798 31.8145 34.0458 27.9296 34.1006 32.8374 25.5871 24.4785 22.953 32.5494 22.5902
threshold=9.5833333333333339 1.0000000180025095e-35 1.0000000180025095e-35 0.78333333333333355 40.833333333333336 -1.633333333333155 0 1 1.0000000180025095e-35 0.65000000000000002 1020.3166666666668 2 3 1.4899664425751353 4 5 0.99550911953113241 0.38302222155948901 6 1021.4166666666669 40.104600000000012 5.9281161144739549 0.48505984619519599 -0.27412738554142119 0.12940952255126045 1003.2166666666668 0.9555616524368552 6.070615492940453 9.7416666666666689 0.19999999999996024
decision_type=2 2 8 2 2 8 1 1 2 2 2 1 1 2 1 1 2 2 1 2 2 2 2 2 2 2 2 2 2 2
left_child=6 2 3 -2 -5 7 8 -3 -1 -9 12 29 13 -4 18 16 -16 27 19 22 -21 -22 24 -24 26 -25 -6 -18 -29 -12
right_child=1 5 10 4 14 -7 -8 9 -10 -11 11 -13 -14 -15 15 -17 17 -19 -20 20 21 -23 23 25 -26 -27 -28 28 -30 -31
leaf_value=0.034444265441381926 -0.032929917147998859 0.023052305489487813 0.011007683041872968 -0.020885415571685863 0.016567126612140434 0.0026895541963748541 -0.035514190588230007 0.00025322009607065102 -0.044363645522338221 0.034966584054617882 -0.016060675855261771 -0.018336778878708392 -0.00057129605801069163 -0.0072625868460590966 -0.0049261880111187272 -0.017523760081643427 -0.02473814065392866 0.077951192206187514 -0.0049945134905857022 -0.038701440166231157 0.22560235063992212 -0.011790731928445151 0.00012099740379398973 0.15543065999693501 -0.011772135399619667 0.045102993989666225 0.14628262528527544 0.29177560128421715 2.9190402888863877e-06 0.020132511989240258
leaf_weight=38.04481349978596 165.27408491168171 408.89233353734016 1221.7921354160644 386.77626559883356 188.20677367271855 6747.3209985923022 344.53836874756962 418.13759098574519 16.455059492960572 64.104923706501722 67.9838956319727 320.05762507533655 2507.9373542470858 236.71615615673363 889.127681103535 601.19194394955412 22.830187849234793 22.838721861597151 697.47913922695443 45.011503017041832 2.378734369762241 3.841966962441802 49.410030667670071 5.5950778033584347 156.4744854089804 72.061809361446649 3.6108567737974218 1.3732451042160381 2.7217982616275549 117.47388283908367
leaf_count=1657 9678 2426 16459 29423 4315 37707 49743 2292 1949 886 2304 12480 35896 4317 19400 19836 511 409 17626 1972 65 206 1081 58 3616 2028 73 77 70 3839
internal_value=-0.000133733 0.000641669 -0.00260114 -0.00777061 -0.00644994 0.00394803 -0.030103 0.0134753 0.00896948 0.00477499 0.00123239 -0.0094547 0.00259464 0.00798736 -0.00442936 -0.00867118 -0.00287651 0.0331044 0.000970733 0.00881711 -0.0240229 0.0811191 0.0125462 0.032602 0.00522205 0.0532416 0.0190839 -0.00508358 0.10247 0.00651257
internal_weight=15825.7 15426.6 7788.17 3316.2 3150.93 7638.46 399.038 891.135 54.4999 482.243 4471.96 505.515 3966.45 1458.51 2764.15 1540.08 938.892 49.764 1224.07 526.591 51.2322 6.2207 475.359 127.067 348.292 77.6569 191.818 26.9252 4.09504 185.458
internal_count=282399 229050 185739 110444 100766 43311 53349 5604 3606 3178 75295 18623 56672 20776 71343 40303 20467 1067 31040 13414 2243 271 11171 3167 8004 2086 4388 658 147 6143
cat_boundaries=0 1 2 3 4 5 6 7
cat_threshold=4 59257424 21532724 25634832 846 63062640 71598678
is_linear=0
shrinkage=0.05


Tree=74
num_leaves=31
num_cat=11
split_feature=34 34 16 32 16 16 4 38 16 36 38 31 12 32 23 16 13 38 16 30 10 16 32 16 14 36 16 38 4 14
split_gain=137.159 63.2579 61.4375 41.5854 52.0517 36.8865 36.0388 33.2639 29.8252 39.7406 33.0512 30.6608 30.1514 28.7433 28.3375 34.3969 27.3047 25.3165 23.1245 22.5929 27.5074 22.006 21.3889 34.088 22.5718 21.3368 21.3231 19.8515 19.2956 25.3593
threshold=9.5833333333333339 82.166666666666671 0 1014.1166666666668 1 2 1.5166666666666668 0.55000000000001148 3 0.70671972722573528 -2.8666666666665033 1.2965766184522434 -0.43167285247378373 1003.5416666666669 4.9163394830842275 4 0.98053927088909931 -0.83333333333320059 5 23.983333333333338 0.60355339059327384 6 1020.3166666666668 7 8 -0.87715870369221183 9 0.13333333333349631 0.058333333333333341 10
decision_type=2 2 1 2 1 1 2 8 1 2 8 2 2 2 2 1 2 10 1 2 2 1 2 1 1 2 1 10 2 1
left_child=5 2 28 7 -5 -1 8 14 9 10 -3 19 -12 -14 21 -16 -11 -8 -19 22 -21 27 -10 -24 -25 -17 -9 -4 -2 -30
right_child=1 6 3 4 -6 -7 17 26 11 16 12 -13 13 -15 15 25 -18 18 -20 20 -22 -23 23 24 -26 -27 -28 -29 29 -31
leaf_value=0.00034714154087032208 -0.030426965450961629 0.044370152221313117 -0.01696079605387071 0.0024234909408868211 -0.015312126448092359 -0.037428960177327546 0.033542449940388151 0.0054200474137919537 0.0034353001672025652 0.016081492653818745 0.011176976352522766 -0.0093902586243539681 0.016918161205312858 -0.0060031670700849572 -0.0045536357975697181 0.035507841842708013 0.056363779462392398 -0.012387030904306436 0.018514520113435372 -0.019783812581219327 0.011855501675262666 0.0053141585378416066 -0.020175875986428525 0.017697908593819534 -0.0055505384302404264 0.011951839449162208 -0.011332202790349164 0.0067184096351805278 0.016063491440372012 -0.021215922661519147
leaf_weight=91.404957767110318 264.45218223985285 48.791094521991909 308.22535896115005 683.25492681795731 1043.2013779091649 296.61094367830083 153.76366538926959 261.54777247086167 5808.5510180871934 451.35778614412993 647.37738935928792 673.3790753907524 161.21265218872577 898.99230929464102 312.47966921376064 109.40040819952264 46.320087242871523 87.890969298779964 156.33793187513947 242.10562857612967 95.81804546713829 499.79526858171448 250.00480880495161 151.03007679153234 288.58676638547331 789.94646269315854 656.86500086076558 124.08764409366995 60.701629668474197 127.91307075321674
leaf_count=7170 26591 372 3457 17878 47202 46179 1737 4161 47567 4315 5829 8494 1095 9783 6245 1643 371 524 1245 1654 442 6540 4716 1843 3901 8750 9777 1342 491 1085
internal_value=-0.00013157 0.000608106 -0.00385309 -0.0021583 -0.00836807 -0.0294877 0.00290945 0.00133568 0.00230816 0.00733802 0.00383601 0.000787501 0.00267529 -0.00251653 0.00474632 0.00978749 0.0198412 0.0176559 0.00764421 0.00179132 -0.0108117 -0.001808 0.00244687 -0.0058778 0.00265454 0.014658 -0.00662575 -0.00993438 -0.0212456 -0.00948921
internal_weight=15791.4 15403.4 5241.87 4788.8 1726.46 388.016 10161.5 3062.35 9763.53 2254.05 1756.37 7509.48 1707.58 1060.2 2143.93 1211.83 497.678 397.993 244.229 6836.1 337.924 932.108 6498.17 689.622 439.617 899.347 918.413 432.313 453.067 188.615
internal_count=282399 229050 135162 106995 65080 53349 93888 41915 90382 21765 17079 68617 16707 10878 27977 16638 4686 3506 1769 60123 2096 11339 58027 10460 5744 10393 13938 4799 28167 1576
cat_boundaries=0 1 2 3 4 5 6 7 8 9 10 11
cat_threshold=72884224 33589284 33554948 88236560 118834 106577922 41992736 9535552 2728 72258 6680
is_linear=0
shrinkage=0.05


Tree=75
num_leaves=31
num_cat=9
split_feature=34 2 1 30 16 2 14 16 14 16 11 10 34 31 36 16 33 16 9 3 30 14 11 30 33 13 10 34 28 16
split_gain=121.156 74.9119 47.2588 38.7978 37.5547 34.32 29.6451 27.7425 36.1709 28.6043 37.2409 27.4538 28.1495 27.4853 27.3179 30.596 29.6177 26.6897 34.1234 26.6234 25.9377 25.7223 23.5235 32.8868 31.1778 23.0072 22.9398 22.8701 22.3644 21.6746
threshold=9.5833333333333339 1.0000000180025095e-35 1.0000000180025095e-35 -1.3583333333333329 0 1.1500000000000001 1 2 3 4 -0.5 0.37940952255126054 24.416666666666668 1.6319719024427315 -0.26004019462345501 5 0.69999999999996032 6 10.500000000000002 0.15000000000000005 19.483333333333338 7 -0.5 16.916666666666671 0.54999999999998306 -0.39257396461417154 0.12940952255126045 40.833333333333336 76.583333333333357 8
decision_type=2 8 2 2 1 10 1 1 1 1 2 2 2 2 2 1 2 1 2 2 2 1 2 2 2 2 2 2 2 1
left_child=4 2 3 -2 22 7 29 11 -9 14 -11 13 25 21 15 16 26 -16 -19 -12 -4 -3 23 -1 -25 -13 -10 -8 -23 -5
right_child=1 5 20 6 -6 -7 27 8 9 10 19 12 -14 -15 17 -17 -18 18 -20 -21 -22 28 -24 24 -26 -27 -28 -29 -30 -31
leaf_value=0.00028744626335659934 -0.026581069585876239 0.016096324246468455 0.0046790784740214494 0.013828419095886883 -0.039086256106902251 0.013846792378344462 -0.021555000713762231 0.0043572178780258005 0.00036472102447255732 0.0030170949318445491 -0.024522937976066674 0.13796576492530807 0.014923335572502916 -0.030671010245104949 0.0038352285400862943 0.0099809875316957432 0.053007160101251463 -0.00067376289464328193 -0.020616995786238643 -0.0063621600749402029 -0.010216729989875745 -0.018524028919975302 -0.021396452361763504 0.066076925025579769 0.32477638701122291 -0.020405626786790046 -0.031296046835848398 -0.0070414059636826516 0.0039473428736970257 -0.0051841877838509276
leaf_weight=38.774523008149117 259.87720644287765 337.92319571971893 1542.3811301458627 269.50959256058559 245.91128076752648 676.75059892982244 311.06093883188441 3869.2552588633262 120.58454444538802 436.74999821465462 388.97153226193041 8.1706327954307181 610.13978159427643 56.700689090881497 619.36001456016675 967.29922679346055 17.301499552093446 467.99231453891844 395.87344107870013 419.48140945658088 360.45568442344666 139.09797433530912 81.406455121934414 9.9492031484842283 1.2352740885689844 3.140597610268741 108.75812969170511 2127.9817876070738 541.16989031806588 316.49768421985209
leaf_count=3709 16232 2892 9928 7541 41228 4681 23675 36293 1973 7164 11836 268 5122 890 7418 9682 210 4127 3840 2205 2163 1886 7758 560 61 195 1792 53942 3996 9232
internal_value=-0.000209805 0.000477292 -0.00441321 -0.00804524 -0.0281989 0.00296837 -0.00645203 0.00219394 0.000928254 -0.00243965 -0.00867727 0.00796955 0.0163812 0.0031794 0.000461704 0.00602532 -0.00950522 -0.00408881 -0.00970194 -0.0151018 0.00185697 0.00506728 -0.00448936 0.0221511 0.097274 0.0942 -0.0146564 -0.00885688 -0.000640136 0.00364601
internal_weight=15749.8 15372.5 5187.76 3284.93 377.277 10184.7 3025.05 9507.97 7811.63 3942.37 1245.2 1696.34 621.451 1074.89 2697.17 1213.94 246.644 1483.23 863.866 808.453 1902.84 1018.19 131.365 49.959 11.1845 11.3112 229.343 2439.04 680.268 586.007
internal_count=282499 229183 122713 110622 53316 106470 94390 101789 86540 50247 21205 15249 5585 9664 29042 13657 3975 15385 7967 14041 12091 8774 12088 4330 621 463 3765 77617 5882 16773
cat_boundaries=0 1 2 3 4 5 6 7 8 9
cat_threshold=33825284 14 16779280 6684 34902118 1048580 1085476 5264 75766352
is_linear=0
shrinkage=0.05


Tree=76
num_leaves=31
num_cat=10
split_feature=34 35 35 16 16 3 28 37 16 27 16 32 14 11 32 14 28 13 27 16 28 30 16 32 10 16 36 4 16 37
split_gain=112.92 64.8426 44.5169 41.2523 36.4608 31.6855 33.6941 30.9822 64.8493 31.1099 30.3622 30.1124 29.1891 27.9832 31.7201 30.2575 30.0406 40.9034 29.8431 29.0393 27.0357 25.6279 28.5193 25.255 23.268 21.5576 30.1534 22.3381 20.8417 28.3457
threshold=9.5833333333333339 8.5122372841814755 39.524956054352096 0 1 0.55000000000000016 85.833333333333357 -0.38521672376876703 2 0.9741092797468307 3 1020.1166666666668 4 -0.70710678118654757 1020.4166666666669 5 87.833333333333357 -0.21294651993841582 1.4000000000000001 6 83.583333333333357 13.21666666666667 7 1000.1583333333334 0.37940952255126054 8 -0.87131708543046915 0.45833333333333337 9 0.79905849015515473
decision_type=2 2 2 1 1 2 2 2 1 2 1 2 1 2 2 1 2 2 2 1 2 2 1 2 2 1 2 2 1 2
left_child=4 5 3 7 24 28 -7 8 -3 -10 -9 12 23 14 16 18 19 -18 20 -5 -15 -8 -23 -12 -1 -11 -27 -28 29 -2
right_child=1 2 -4 13 -6 6 21 10 9 25 11 -13 -14 15 -16 -17 17 -19 -20 -21 -22 22 -24 -25 -26 26 27 -29 -30 -31
leaf_value=0.0076785073115157136 0.0046458726094532801 0.016604543898916368 -0.020262108611162052 0.0098348494674477174 -0.038628203315155235 0.001392144361584447 0.023387232096158735 0.0078347111718462953 -0.0051650524930591151 0.019149610389064597 0.044403986062369838 -0.021016660338866778 -0.0083145085900792354 -0.0079489037582184414 -0.028151285141283417 -0.015861958701858997 0.12392009751034738 0.015659423376474541 -0.030706535246045077 -0.012013874379148274 0.010355597781799243 0.022168625971368882 -0.0013465022708275161 0.0017185159320521706 -0.040716215384439064 0.12501267915847811 -0.0099779060692444452 0.034446704453575248 3.5767860248293598e-05 0.026564971836692299
leaf_weight=97.55604624049738 1273.5073638735339 792.79846894741058 336.85529749374837 413.24122394621372 236.73916171258315 705.44466111809015 521.8879993185401 557.08177907811478 1171.6613086936995 264.5007977085188 35.852944968268275 262.83146527176723 1201.2214223816991 484.62896484928206 81.593693644274026 1018.96867466392 11.78031408973038 32.987659198231995 89.4901570873335 227.65761189348996 345.41708368435502 200.71082930266857 336.52627551555634 957.95968613633886 33.210498996078968 4.5239782519638529 206.57714146561921 32.686715953052044 3609.0198842831887 166.72941196942702
leaf_count=7789 15250 8084 13009 6981 41228 3622 4370 8947 14143 2468 251 10599 17165 14983 4150 29155 70 431 4317 6926 6146 1272 1679 12119 4299 82 3916 147 36592 2309
internal_value=-0.000201937 0.00045415 -0.00245081 -0.0017183 -0.0275877 0.00409089 0.00985835 0.000777114 0.00492683 -0.000679545 -0.0026238 -0.00500598 -0.00311081 -0.00675711 0.00130013 -0.00998093 0.00480841 0.04436 -0.00325507 0.00203917 -0.000331301 0.0154967 0.0078287 0.00323026 -0.00430496 0.00964566 -0.00139729 -0.00389704 0.00207517 0.00713547
internal_weight=15711.6 15344.1 8530.32 8193.46 367.506 6813.83 1764.57 5487.7 2472.75 1679.95 3014.95 2457.87 2195.03 2705.77 767.261 1938.5 685.667 44.768 919.536 640.899 830.046 1059.13 537.237 993.813 130.767 508.289 243.788 239.264 5049.26 1440.24
internal_count=282499 229183 164089 151080 53316 65094 10943 77921 28840 20756 49081 40134 29535 73159 18558 54601 14408 501 25446 13907 21129 7321 2951 12370 12088 6613 4145 4063 54151 17559
cat_boundaries=0 1 2 3 4 5 6 7 8 9 10
cat_threshold=59009140 33825284 16787488 16400 4252 4654 168450 17273364 41943044 88502800
is_linear=0
shrinkage=0.05


Tree=77
num_leaves=31
num_cat=9
split_feature=34 2 1 30 16 38 6 16 34 27 16 37 14 16 37 9 13 11 16 16 10 37 30 14 27 16 11 30 13 23
split_gain=105.171 65.6759 41.875 36.1084 34.3962 32.6981 30.9439 37.7272 27.5354 24.6989 25.481 31.1521 25.4268 24.5037 24.9946 32.1125 33.6007 26.8067 23.8132 23.5353 34.7876 31.9293 27.982 23.1064 30.2287 23.5808 22.9283 27.8034 23.9352 28.438
threshold=9.5833333333333339 1.0000000180025095e-35 1.0000000180025095e-35 -1.3583333333333329 0 -1.133333333333155 0.55000000000000016 1 83.833333333333357 1.6500000000000015 2 -0.36538972414534471 3 4 0.87837847557344439 3.5000000000000004 0.64713682673509043 -0.78656609248549325 5 6 -0.60355339059327362 0.2903377445835485 17.116666666666671 7 1.2000000000000022 8 -0.5 15.016666666666667 -0.91281223188962002 6.1223055467860634
decision_type=2 8 2 2 1 8 2 1 2 2 1 2 1 1 2 2 2 2 1 1 2 2 2 1 2 1 2 2 2 2
left_child=4 2 3 -2 26 6 7 -3 19 10 11 12 -7 14 17 16 -16 -10 -4 21 22 -5 -21 -12 25 -25 27 -1 -29 -30
right_child=1 5 18 8 -6 9 -8 -9 13 -11 23 -13 -14 -15 15 -17 -18 -19 -20 20 -22 -23 -24 24 -26 -27 -28 28 29 -31
leaf_value=-0.0065329571249551095 -0.025767141348450325 0.012177135812780111 0.0071506001053158706 0.00044234236524556299 -0.038579800803646126 0.02467591254641905 0.027817744377571282 -0.0020506564558056065 0.023922937991093494 -0.010052084780869741 0.004069820071921991 0.00090458375157109272 0.006528253545784235 -0.0064674306742766793 0.047758139830358835 0.02362459869336862 0.2675886074265072 -0.0023499249917928009 -0.0039854731172244686 -0.0099241132238767488 -0.028243110380284393 -0.01966043549239143 0.04495045809286316 0.0036385520684635445 0.012011522402788034 -0.0063915300678876038 -0.021878231883725795 -0.0073798651931866709 -0.052656724796334931 0.1459604320186185
leaf_weight=34.844499217346311 252.40609551873058 1139.393041907344 973.72872694954276 615.85775768291205 219.98914651526138 339.34484982304275 185.25768736377358 784.95833118492737 124.47900126408786 451.14834325108677 2481.3886926695704 897.83737327903509 487.55818723887205 952.95763110835105 4.3309781271964303 39.970420098863542 2.8668172797188163 439.91858513187617 929.25184514001012 135.44166370620951 367.96623884001747 290.68250514473766 27.936865089461207 783.11648838222027 333.7741288645193 2276.2575184297748 84.657808457035571 6.6375632924027768 2.1430118298158041 9.9257902754470688
leaf_count=3664 16232 8613 5736 19819 39889 2307 2251 7419 2218 9512 22453 8648 3525 18669 74 692 57 7824 6355 8685 22558 13330 464 10647 5007 26088 8653 489 90 531
internal_value=-0.000193883 0.000432471 -0.00416253 -0.00760729 -0.0269717 0.00276516 0.00830606 0.00642632 -0.00607982 0.00131309 0.00198793 0.00731132 0.0143551 -0.00148922 0.00627095 0.0412994 0.137782 0.00344782 0.00172941 -0.0110743 -0.019356 -0.00593957 -0.000519095 0.000411764 -0.00226749 -0.00383307 -0.00530721 0.0198924 0.0688882 0.11055
internal_weight=15676 15317.8 5157.8 3254.81 358.198 10160 2109.61 1924.35 3002.41 8050.43 7599.28 1724.74 826.903 1564.52 611.566 47.1682 7.1978 564.398 1902.98 1437.89 531.345 906.54 163.379 5874.54 3393.15 3059.37 138.209 53.5509 18.7064 12.0688
internal_count=282499 229183 122713 110622 53316 106470 18283 16032 94390 88187 78675 14480 5832 29534 10865 823 131 10042 12091 64856 31707 33149 9149 64195 41742 36735 13427 4774 1110 621
cat_boundaries=0 1 2 3 4 5 6 7 8 9
cat_threshold=42213892 59158548 16779312 6320 79872528 805478 117705332 6668 1216514
is_linear=0
shrinkage=0.05


Tree=78
num_leaves=31
num_cat=4
split_feature=34 2 1 26 16 2 35 12 11 2 30 28 16 33 14 27 12 9 34 30 36 38 27 5 26 29 14 36 28 13
split_gain=97.9893 59.5329 38.1848 35.2611 33.3489 29.6063 29.5963 29.5624 29.8423 29.5077 31.0817 24.9633 23.1017 32.9665 31.0982 24.5921 44.8576 25.6419 24.7378 22.427 22.4222 22.1035 22.0708 20.8102 20.7687 20.1194 21.4181 25.6808 26.8421 26.8366
threshold=9.5833333333333339 1.0000000180025095e-35 1.0000000180025095e-35 0.78333333333333355 0 1.1500000000000001 38.502705437591544 -0.3925595026791337 -0.70710678118654757 1.0000000180025095e-35 17.683333333333341 44.583333333333336 1 0.37416573867743369 2 0.80000000000000027 -0.99760647975412031 10.500000000000002 33.416666666666679 19.483333333333338 -0.92523483774991788 -1.599999999999852 1.7000000000000008 0.80069384267237709 15.533333333333337 10.354803868458292 3 0.14271521146242397 72.833333333333357 0.77873524214322032
decision_type=2 8 2 2 1 10 2 2 2 8 2 2 1 2 1 2 2 2 2 2 2 8 2 2 2 2 1 2 2 2
left_child=4 2 3 -2 7 12 11 8 9 -1 -11 -5 15 14 22 16 -3 18 -18 -4 -19 -15 -14 -23 -7 26 27 28 29 -13
right_child=1 5 19 6 -6 24 -8 -9 -10 10 -12 25 13 21 -16 -17 17 20 -20 -21 -22 23 -24 -25 -26 -27 -28 -29 -30 -31
leaf_value=0.0018935838658613127 -0.030748449360773762 0.13397941903871599 0.0042553311552313714 -0.026772346902573942 -0.038113893086196185 0.024006232922557141 -0.028532778450273862 -0.028154740940322179 -0.0040265483875765789 0.076110105040970613 0.27428026653691401 0.015657365133381781 0.0033325141888061482 0.015145246118318752 -0.0050208265926833502 0.0020285067996776685 0.1215171764581478 -0.067000563139797659 0.026951835161301042 -0.0096281037954801148 0.0085779092826142166 0.0043496533378047713 -0.025308650341564116 -0.016380883835684028 0.0058626992601572628 -0.015911344735701407 -0.0060617756945881181 -0.0054536156184849891 0.0013750369740415137 0.059649308183593222
leaf_weight=9.3184132054448146 152.44727172842249 8.2221664628013951 1545.6059389300644 126.45724604884163 211.87447783816606 255.43610082566738 140.48671494657174 70.198797896504402 46.584906602744013 8.8717076638713461 2.5003546020016065 162.315827710554 2582.0906326607801 468.39882833696902 2719.2533853487112 458.7488325596787 7.132333484478294 10.224510424770413 163.66422135289758 358.21449726819992 198.32274666428566 2675.6119394418783 68.962990127038211 126.69829367846251 412.31428547203541 318.13452822109684 1581.1327952058055 423.93908061273396 283.99219391075894 44.027730491477996
leaf_count=821 9655 78 9928 8305 39889 2558 8167 7699 4175 660 72 5894 25933 3605 36725 4621 132 82 1257 2163 1522 25610 1586 638 2123 12235 45669 11175 8112 1410
internal_value=-0.000186722 0.000411528 -0.00397491 -0.00728298 -0.0263662 0.00263034 -0.00612076 -0.00510472 0.0181954 0.068007 0.121692 -0.00504887 0.00191403 0.00113402 -0.00127482 0.00974841 0.0191348 0.0166109 0.0309696 0.00164272 0.00484216 0.00509259 0.00257681 0.00341183 0.0128057 -0.00407157 -0.00256157 0.00351944 0.0113487 0.0250683
internal_weight=15641.2 15291.8 5136.75 3232.93 349.349 10155.1 3080.49 137.474 67.2754 20.6905 11.3721 2940 9487.33 8641.02 5370.31 846.315 387.566 379.344 170.797 1903.82 208.547 3270.71 2651.05 2802.31 667.75 2813.54 2495.41 914.275 490.336 206.344
internal_count=282499 229183 122713 110622 53316 106470 100967 13427 5728 1553 732 92800 101789 94097 64244 7692 3071 2993 1389 12091 1604 29853 27519 26248 4681 84495 72260 26591 15416 7304
cat_boundaries=0 1 2 3 4
cat_threshold=42213892 16777232 6708 590
is_linear=0
shrinkage=0.05


Tree=79
num_leaves=31
num_cat=5
split_feature=34 34 28 35 16 26 37 16 16 4 4 30 27 16 30 12 5 11 15 11 26 36 19 30 38 16 28 13 12 26
split_gain=91.2495 55.7826 43.7476 38.3866 35.9653 53.6711 38.4749 55.4424 40.2298 36.6412 33.0247 35.9863 32.9872 32.2971 27.4832 27.0411 25.2916 24.906 25.2014 24.8802 24.283 26.1408 33.9729 29.94 51.9243 23.8546 28.1067 28.2815 21.601 24.6543
threshold=9.5833333333333339 94.583333333333357 44.583333333333336 39.524956054352096 0 29.81666666666667 -0.36538972414534471 1 2 0.058333333333333341 0.65833333333333344 12.616666666666669 1.4165686240583859 3 6.7166666666666677 -0.3925595026791337 0.65743120962686408 -0.70710678118654757 2022.5000000000002 -0.70710678118654757 1.2416666666666669 -0.70090342273862805 138.00000000000003 1.1166666666666669 1.2333333333334056 4 97.166666666666671 0.99815866078541859 0.27947533894953847 6.0166666666666666
decision_type=2 2 2 2 1 2 2 1 1 2 2 2 2 1 2 2 2 2 2 2 2 2 2 2 8 1 2 2 2 2
left_child=13 2 -2 4 6 9 7 -4 19 20 16 -12 -10 15 -9 17 25 18 -1 -8 -6 22 -22 24 -24 26 27 -3 -11 -30
right_child=1 10 3 -5 5 -7 8 14 12 28 11 -13 -14 -15 -16 -17 -18 -19 -20 -21 21 -23 23 -25 -26 -27 -28 -29 29 -31
leaf_value=0.10160404116768217 -0.021770842301005618 0.0067672458739633668 0.015111023114721978 -0.018784579934697909 -0.03914659828836476 0.017542571475397135 0.016659142128509666 -0.016932640428494721 -0.004467514027410034 -0.0048327287235693786 0.023971797740580281 0.0050411672448842813 -0.026998969224368959 -0.037638576735296921 0.0031497547709459124 -0.0274872452276161 -0.03554672813862475 -0.0038401951327094461 -0.0089216524466285939 0.00052966093988362193 -0.0057510094424376192 -0.01367688138148012 0.065895965483824259 0.023845467595723067 0.45514587241013243 -0.00061203625486669648 -0.064828597367404206 0.045353958667920129 0.020765418914025911 0.00052438580332680779
leaf_weight=13.810195685829967 264.642416278366 1744.3710057921708 1112.0105416076258 300.25748194660991 74.3088777246885 283.29134454578161 332.4544933619909 211.81189175928012 1164.5651466567069 2101.5117643326521 419.35760948807001 625.42547134682536 188.690489503555 204.14697864279151 868.82377382880077 68.358083190396428 42.791280299425125 46.41263382229954 8.1725260145030916 850.66831920854747 278.5481312405318 1083.8386031556875 4.1820352999493471 64.614237171132118 0.99325149925425638 2073.9233999494463 13.314898846670983 48.71921553928405 179.10791431367397 937.23979755118489
leaf_count=826 15566 13039 11686 11162 6152 1542 5219 4594 19056 12462 4291 3464 6742 39889 11975 7699 187 4175 727 16874 14122 43792 229 1819 34 18258 83 396 1089 5350
internal_value=-0.000181078 0.000390191 -0.00170847 -0.00117928 -0.000636179 -0.00358521 0.00248892 0.00734463 -0.00169905 -0.00486005 0.00474197 0.0126412 -0.00755511 -0.0257617 -0.000780511 -0.00490839 0.00263804 0.0169487 0.0606595 0.0050206 -0.0112953 -0.00984762 0.00206749 0.0332367 0.147813 0.00306003 0.00723903 0.00781814 -0.00184703 0.00377345
internal_weight=15610.4 15269.5 10301.6 10036.9 9736.66 5007.64 4729.02 2192.65 2536.38 4724.34 4967.9 1044.78 1353.26 340.9 1080.64 136.753 3923.12 68.3954 21.9827 1183.12 1506.49 1432.18 348.338 69.7895 5.17529 3880.33 1806.41 1793.09 3217.86 1116.35
internal_count=282499 229183 189465 173899 162737 86591 76146 28255 47891 85049 39718 7755 25798 53316 16569 13427 31963 5728 1553 22093 66148 59996 16204 2082 263 31776 13518 13435 18901 6439
cat_boundaries=0 1 2 3 4 5
cat_threshold=84306036 16918560 67125332 42213892 130314768
is_linear=0
shrinkage=0.05


Tree=80
num_leaves=31
num_cat=6
split_feature=3 16 32 37 16 16 37 2 16 13 12 2 23 30 10 33 35 27 13 36 13 24 12 17 23 38 36 16 24 16
split_gain=80.2678 70.0627 47.256 35.2432 33.8939 31.6668 27.9731 25.7278 25.0828 24.412 28.0028 24.2745 24.1422 22.3036 36.2119 21.3926 20.8238 19.1734 18.8075 18.5014 19.9733 30.8107 30.716 20.6892 27.1629 22.9013 18.2457 17.9012 26.0157 17.2203
threshold=1.0000000180025095e-35 0 1019.5166666666668 -0.052327985223313146 1 2 0.93445076796707227 0.65000000000000002 3 -0.99904236206516772 -1.0000000180025095e-35 1.0000000180025095e-35 13.720557302533313 23.983333333333338 0.60355339059327384 0.37416573867740327 32.28346504965667 2.6500000000000017 0.27122391875406221 0.80090886067301514 0.14540367380368988 3.8450077997260284 0.26295251545706949 41.308535000000006 3.0884568278567781 0.10000000000007959 0.92313344624252547 4 5.1347892375146644 5
decision_type=2 1 2 2 1 1 2 10 1 2 2 10 2 2 2 2 2 2 2 2 2 2 2 2 2 10 2 1 2 1
left_child=1 11 6 5 -2 18 12 13 9 10 -5 -1 16 15 -15 -6 17 19 -4 -3 21 -21 -22 -24 25 -25 -13 -9 -29 -17
right_child=4 2 3 8 7 -7 -8 27 -10 -11 -12 26 -14 14 -16 29 -18 -19 -20 20 22 -23 23 24 -26 -27 -28 28 -30 -31
leaf_value=-0.024928806398926591 0.012823417373274132 0.0048866090542583401 0.016372788485321681 -0.042202341335447757 -0.00075699899436304811 -0.019566525065785045 -0.016288326035074636 0.016134267261202966 -0.032883403429521035 -0.010311795520782827 0.45600668104397546 -0.0034380903095685908 -0.019135811037054532 -0.019213334046361306 0.014573820381415229 0.012541376005360195 -0.0094048339426432565 -0.037781183777362934 -0.0083914562162086623 0.16681392670397777 -0.0066528673856748521 -0.017070531539410402 0.011565396845031113 0.23035328728267523 0.036804776697648645 0.044777712565092984 0.079016979470725113 0.031720809839259241 -0.00068048824924787314 0.0027564298806857122
leaf_weight=543.38412620034069 714.8371740411967 2563.9072328819893 187.71945529617369 0.50204290542751551 4965.4359184969217 181.33755288412794 261.69718443788588 466.10330019518733 256.23333497019485 223.00534835411236 0.50125970877706894 80.195003898814321 147.62944005336612 310.93315852060914 106.35953502357006 546.5885627605021 386.76825582049787 28.558527955319732 129.47272472595796 2.199863127898424 112.88491144729778 247.43568474939093 25.083948438987136 4.2324731247499612 13.25541688269004 2.7917061713524163 7.2210207358002654 69.929663103073835 537.01682660728693 2452.1332006845623
leaf_count=60304 4027 61055 5029 63 31573 9737 7181 3347 20859 14940 43 814 10963 2367 481 3107 11396 1323 5439 72 2777 6528 477 104 284 62 65 599 3032 14334
internal_value=-0.000215696 -0.00513864 -0.00303722 -0.012839 0.00240136 -0.00352555 -0.00051793 0.00159799 -0.0225044 -0.0087645 0.225478 -0.0206678 0.000650068 0.000666374 -0.0106002 0.00125683 0.00151299 0.00292064 0.00607355 0.00331304 -0.00657698 -0.0153839 0.00731687 0.042018 0.0794435 0.158262 0.00345564 0.00888887 0.00300771 0.00459134
internal_weight=15575.4 5406.02 4775.22 978.772 10169.3 498.53 3796.44 9454.5 480.242 224.009 1.0033 630.8 3534.75 8381.45 417.293 7964.16 3387.12 3000.35 317.192 2971.79 407.884 249.636 158.248 45.3635 20.2796 7.02418 87.416 1073.05 606.946 2998.72
internal_count=282382 219515 158332 56110 62867 20205 102222 58840 35905 15046 106 61183 95041 51862 2848 49014 84078 72682 10468 71359 10304 6600 3704 927 450 166 879 6978 3631 17441
cat_boundaries=0 1 2 3 4 5 6
cat_threshold=72949760 83894288 16914468 53270 13736448 16484
is_linear=0
shrinkage=0.05


Tree=81
num_leaves=31
num_cat=10
split_feature=34 3 16 32 16 37 16 34 3 37 35 14 28 13 24 23 38 16 11 16 13 14 16 32 35 13 14 23 16 12
split_gain=94.4079 49.9994 51.6201 35.2616 30.7244 29.5145 25.6571 24.8326 28.5301 24.3219 24.5596 23.865 22.5094 22.3959 22.3921 40.4099 34.6378 32.8205 28.3622 25.652 24.9674 22.2465 22.2241 21.0391 20.9281 20.6415 19.8021 27.2309 23.5643 19.5172
threshold=3.8333333333333335 1.0000000180025095e-35 0 1019.5166666666668 1 0.042766601105837666 2 96.583333333333357 0.55000000000000016 0.93445076796707227 32.28346504965667 3 85.416666666666671 0.27122391875406221 10.646994088878552 3.7006188152211421 0.26666666666670841 4 -0.70710678118654757 5 0.78938882915716768 6 7 1019.4166666666669 34.001633908408799 0.99963164097526624 8 3.18517614988188 9 0.75110426010738141
decision_type=2 2 1 2 1 2 1 2 2 2 2 1 2 2 2 2 10 1 2 1 2 1 1 2 2 2 1 2 1 2
left_child=-1 2 -2 9 -3 6 13 14 23 10 -4 -8 -10 29 18 19 17 20 26 24 -17 -21 -7 -9 -16 -13 -6 -28 -29 -5
right_child=1 4 3 5 7 22 11 8 12 -11 -12 25 -14 -15 15 16 -18 -19 -20 21 -22 -23 -24 -25 -26 -27 27 28 -30 -31
leaf_value=-0.032571314160754948 -0.017827384525982985 0.01222963274000859 0.0028533461817046774 0.0091073798934715577 0.00032520456828027451 -0.0085755177189443654 0.0046367092981952794 0.003868565660738529 0.001153819121602212 -0.014781910859177662 -0.010173179348947462 -0.032665317509662506 0.016988889819699822 -0.011434991182664797 0.014492830002243474 0.0067379016112545376 -0.011488866150152752 -0.017418532638915848 -0.00033068630527914735 -0.0046594188368141347 0.029598705702919989 -0.018617210846912684 -0.033461461159283189 -0.01132359860707513 -0.048499526464502507 0.092954225929919435 0.02794304154397342 -0.01110257459074232 0.014498583739520749 0.048197042057457118
leaf_weight=222.01384932501242 567.95274255191907 713.7647870965302 3032.7108776899986 135.09068294847384 398.06257565692067 214.54330569086596 95.908904868643731 1561.6797666978091 327.12180368602276 252.25848182383925 410.7476433175616 133.66900402167812 714.83416901528835 97.948340015020221 151.29537993296981 763.43490060791373 334.47507530450821 113.4226298648864 2812.5855356343091 550.67578817903996 141.50965945422649 639.49609355255961 181.4630892816931 266.72717840597034 14.345809943974016 3.2579246321693054 245.25213687121868 122.55520297214389 282.20380165800452 41.745453048497438
leaf_count=38599 48874 4019 68565 2561 2488 13696 5330 9051 1739 6044 12741 7353 5170 2877 834 3813 2155 764 18635 3368 672 4119 12006 1708 105 74 1440 1029 1636 917
internal_value=-0.000207409 0.000261788 -0.00374211 -0.00195941 0.00229947 -0.0108169 -0.00283436 0.00153392 0.00541512 0.000201225 0.00129925 -0.0146785 0.0120181 0.00746576 -0.000159638 -0.00364463 0.00246915 0.00705423 0.00228548 -0.00974474 0.0102029 -0.0122527 -0.0210459 0.00165184 0.00849848 -0.0275968 0.00930552 0.0145749 0.00682997 0.0183572
internal_weight=15542.8 15320.7 5167.3 4599.34 10153.4 903.627 507.62 9439.68 2870.36 3695.72 3443.46 232.836 1041.96 274.784 6569.31 2708.66 1352.84 1018.37 3860.66 1355.81 904.945 1190.17 396.006 1828.41 165.641 136.927 1048.07 650.011 404.759 176.836
internal_count=282382 243783 181038 132164 62745 44814 19112 58726 17668 87350 81306 12757 6909 6355 41058 15830 7404 5249 25228 8426 4485 7487 25702 10759 939 7427 6593 4105 2665 3478
cat_boundaries=0 1 2 3 4 5 6 7 8 9 10
cat_threshold=72949760 83894288 16779300 2890 42222150 5638656 5712 184342 4618 14225408
is_linear=0
shrinkage=0.05


Tree=82
num_leaves=31
num_cat=6
split_feature=34 28 27 16 32 35 16 34 10 32 26 33 16 27 26 23 33 32 14 2 32 37 13 11 16 14 30 28 32 26
split_gain=88.0652 47.3193 39.6929 49.5216 34.3557 32.8725 32.4909 31.9627 31.0296 28.6236 28.5699 23.0436 42.7501 22.4747 24.8257 21.5894 22.5689 19.7607 19.1983 18.4621 21.8556 22.0482 18.3317 17.7228 44.1385 33.6 26.1168 23.9707 20.2666 26.575
threshold=3.8333333333333335 44.583333333333336 1.6500000000000015 0 1004.1166666666668 39.010680835549202 1 94.166666666666671 -0.78656609248549292 1020.2166666666668 29.81666666666667 0.33993463423949971 2 0.59999999999999998 7.1833333333333345 4.8296946116328767 1.1500000000000627 1014.3166666666668 3 0.45000000000000007 1026.2166666666669 -0.99240220488803887 -0.97322851985520697 -0.5 4 5 2.8166666666666669 64.166666666666671 1017.9166666666669 11.116666666666669
decision_type=2 2 2 1 2 2 1 2 2 2 2 2 1 2 2 2 2 2 1 8 2 2 2 2 1 1 2 2 2 2
left_child=-1 -2 5 -4 -5 6 8 10 -3 -9 11 23 -13 14 -14 -16 -17 18 -6 20 21 -10 -23 24 -8 -26 -27 -25 29 -28
right_child=1 2 3 4 17 -7 7 9 19 -11 -12 12 13 -15 15 16 -18 -19 -20 -21 -22 22 -24 27 25 26 28 -29 -30 -31
leaf_value=-0.031964677814900054 -0.019762606253179424 -0.0032636602439049625 -0.023840741112077735 0.0575028209070527 0.022329634095998072 -0.015673244147996594 -0.0096803299219146849 0.005097660844169365 -0.045559095524801252 -0.0095637600949393924 0.014109383884478913 0.0096897813466673526 0.01607942939645721 0.0018493964178549151 -0.016207793007457706 -0.0053751841619212939 0.037588354017729961 -0.015222731289072625 -0.0039604825826922456 0.012645776536634748 -0.03163696342935593 -0.016138178154452912 0.0079005120906930071 -0.023417242828644005 0.026013449429779279 -0.022560635884761589 0.049991283051351962 -0.006216362640858418 -0.01633881491854642 0.0067285122766315032
leaf_weight=215.09499917249195 289.80879797181115 722.05665985913947 352.91184130636975 25.034101547207683 98.760899099521339 280.74045101599768 611.32740020100027 3638.3216626103967 20.771072014700621 366.33339560544118 266.59524549311027 899.3631793865934 88.984664640389383 965.48262178059667 639.33050504699349 168.71022260002792 37.225968369748443 185.15025192592293 188.60248019732535 1307.7552464534529 41.004479537717998 85.022925934288651 1162.4979676557705 224.7313261879608 192.33597186021507 91.670866996981204 43.81874432368204 2045.3230125792325 66.372464470099658 185.32628224045038
leaf_count=38599 18786 9344 15109 237 1147 9458 10737 26969 384 5016 1476 16313 1751 12891 7261 2629 270 6169 1877 14272 1429 1352 17422 10471 3321 2122 512 40174 1680 3204
internal_value=-0.000201682 0.000245316 0.00063197 -0.00985861 0.000530158 0.0012625 0.0016054 0.000239584 0.00589455 0.00375627 -0.00191788 -0.00260065 0.000772562 -0.00348195 -0.00902839 -0.0116732 0.00240558 -0.0024886 0.00571852 0.00844389 0.00424631 0.00540884 0.00626103 -0.00532876 -0.000388645 0.00941746 0.00072166 -0.00792018 0.00797353 0.0150197
internal_weight=15506.5 15291.4 15001.6 850.46 497.548 14151.1 13870.4 10531.3 3339.11 4004.66 6526.6 6260 2799.1 1899.73 934.251 845.267 205.936 472.514 287.363 2617.05 1309.3 1268.29 1247.52 3460.91 1190.85 579.524 387.188 2270.05 295.517 229.145
internal_count=282382 243783 224997 24539 9430 200458 191000 146797 44203 31985 114812 113336 41115 24802 11911 10160 2899 9193 3024 34859 20587 19158 18774 72221 21576 10839 7518 50645 5396 3716
cat_boundaries=0 1 2 3 4 5 6
cat_threshold=90114048 84281360 28774 6670 34148388 340
is_linear=0
shrinkage=0.05


Tree=83
num_leaves=31
num_cat=8
split_feature=3 16 32 37 16 16 16 37 2 2 11 16 38 16 14 27 32 36 23 37 27 30 16 10 26 18 32 9 30 10
split_gain=62.378 59.1329 38.3611 30.8236 27.2154 27.0138 23.6884 23.3205 22.9875 22.0758 19.9078 59.3137 55.6322 28.4067 30.6744 33.5687 32.4965 25.4481 22.3285 20.4416 21.588 33.6248 29.8579 21.6795 21.0618 20.5265 20.6542 18.8854 18.8748 31.0663
threshold=1.0000000180025095e-35 0 1019.5166666666668 -0.052327985223313146 1 2 3 0.93445076796707227 1.0000000180025095e-35 0.65000000000000002 -0.78656609248549325 4 -1.1666666666665717 5 6 2.0505080041943451 1013.7166666666668 0.70671972722573528 1.6831379087029192 -0.67364487289021679 0.74087035902976262 14.21666666666667 7 -0.78656609248549292 29.216666666666672 79.545300000000012 1014.3166666666668 2.5000000000000004 23.983333333333338 0.60355339059327384
decision_type=2 1 2 2 1 1 1 2 10 10 2 1 10 1 1 2 2 2 2 2 2 2 1 2 2 2 2 2 2 2
left_child=1 8 7 4 -4 -2 -5 10 -1 28 11 -3 -13 19 15 -15 -16 -14 -19 20 22 -22 27 25 -21 26 -23 -12 -7 -30
right_child=5 2 3 6 -6 9 -8 -9 -10 -11 13 12 17 14 16 -17 -18 18 -20 24 21 23 -24 -25 -26 -27 -28 -29 29 -31
leaf_value=-0.023488908196620806 0.011432197892180413 -0.008252838735505065 0.0058301604661007388 -0.0076344207068227803 -0.018196601245118914 0.0010712723973564913 -0.031428858080413714 -0.015002871265263042 0.0043687858895927146 0.008181403397609633 0.067290723571697422 -0.015610932611526192 0.036484032394500342 0.034445450203109199 -0.0022276859233626481 0.25834199443708733 -0.019571144751713926 0.079620765661529383 -0.01267764763622776 -0.0030694999601770783 -0.0046162128678903539 0.10391900930660775 -0.011678028496394162 0.02463662048248047 0.019206303232680067 -0.035610950064128059 0.025453808572291643 0.013191676093670482 -0.018021596337426112 0.013354185090900993
leaf_weight=516.84251481015235 712.06087463349104 316.19770465465263 317.59339179540984 218.43227244820446 174.66847585327923 7954.3267534468323 240.5508406443987 255.15437323250808 86.401221752166748 1062.6770782694221 19.142461302690208 83.565206992905587 269.86241494398564 29.069970487151298 737.99237615335733 1.6810677628964175 425.91807437012903 7.4586525494232765 49.128229446010664 990.76317089889199 72.387978645972908 25.953171181492507 159.57504126988351 103.73737050546333 118.73970674024895 4.3270681672729543 12.486881669610737 100.3271071431227 305.04850771650672 106.32091349363327
leaf_count=60304 4027 7514 10468 15046 9737 49014 20859 7181 879 6978 331 3352 7399 838 18864 62 21468 118 1325 24481 2233 307 2206 1172 1367 68 215 1721 2367 481
internal_value=-0.000193168 -0.00456797 -0.00265966 -0.0116404 -0.00294835 0.00210977 -0.02096 -0.000408492 -0.0191809 0.00139199 0.000647314 0.0080242 0.0202825 -0.00126475 -0.00706945 0.0358595 -0.00850239 0.0300936 -0.000392903 0.00307437 0.011509 0.0232599 0.00228617 0.0370272 -0.000684013 0.0669546 0.0785625 0.020218 0.000531122 -0.00991106
internal_weight=15478.4 5337.96 4734.71 951.245 492.262 10140.4 458.983 3783.47 603.244 9428.37 3528.31 726.212 410.015 2802.1 1194.66 30.751 1163.91 326.449 56.5869 1607.44 497.937 218.892 279.045 146.504 1109.5 42.7671 38.4401 119.47 8365.7 411.369
internal_count=282382 219515 158332 56110 20205 62867 35905 102222 61183 58840 95041 19708 12194 75333 41232 900 40332 8842 1443 34101 8253 3995 4258 1762 25848 590 522 2052 51862 2848
cat_boundaries=0 1 2 3 4 5 6 7 8
cat_threshold=72949760 16914468 83894288 53270 50335796 58726436 4 16783392
is_linear=0
shrinkage=0.05


Tree=84
num_leaves=31
num_cat=7
split_feature=34 28 27 16 32 35 16 10 34 23 26 30 11 37 10 20 26 4 23 16 37 36 38 30 16 37 16 16 32 16
split_gain=80.6273 41.6499 36.8052 44.4728 30.582 29.3354 28.6641 26.4176 24.3228 21.917 21.4488 34.5316 34.1513 28.5445 26.5254 63.6121 38.9933 29.9436 29.5123 52.2494 29.9772 26.9188 21.652 21.0174 19.3729 18.7189 18.6615 18.5257 18.423 18.9276
threshold=2.4166666666666674 44.583333333333336 1.6500000000000015 0 1004.1166666666668 39.010680835549202 1 -0.78656609248549292 33.416666666666679 5.8762159586282268 27.983333333333338 23.983333333333338 -0.37940952255126015 0.45704774909427076 0.60355339059327384 12.451300000000002 19.741666666666671 0.058333333333333341 1.6222804535513233 2 0.93445076796707227 0.9649693254214825 0.15000000000003413 -2.4833333333333325 3 0.095842103007655638 4 5 1021.3166666666668 6
decision_type=2 2 2 1 2 2 1 2 2 2 2 2 2 2 2 2 2 2 2 1 2 2 10 2 1 2 1 1 2 1
left_child=-1 26 5 -4 -5 6 7 -3 9 -8 11 14 13 -12 18 -16 17 -17 21 20 22 -10 25 -21 -11 -20 -2 -6 -9 -30
right_child=1 2 3 4 27 -7 8 28 10 24 12 -13 -14 -15 15 16 -18 -19 19 23 -22 -23 -24 -25 -26 -27 -28 -29 29 -31
leaf_value=-0.034690570604328806 0.0037430591310758962 -0.002487162275567422 -0.022918709724901346 0.053521616937622966 0.018695713828642522 -0.014954326510065992 -0.023985033483408622 0.0076050277855096715 0.0075962949288907195 0.0153153922551278 -0.012628018248789183 -0.015783849133284948 0.014782881287615891 0.021682262068957594 0.029676114921403759 -0.015309086749682383 -0.023679031930793865 0.0003047909062312298 -0.0175184322881245 -0.019628363112702784 -0.02756782763715402 0.048526609165531261 0.0010123354667049874 0.0048704819927497221 -0.01925713942007733 0.0026232156188456066 -0.025348974395622545 -0.0069601398263199783 -0.028334728463106751 0.0011387558599976737
leaf_weight=167.3893424088601 76.633156123338267 1039.8004005062394 349.14807913568802 25.463231167756021 75.238182444591075 276.74752131290734 199.2571641090326 3473.6618330087513 1122.9615535764024 89.574404240353033 270.65085446508601 354.28920318372548 590.95678550424054 78.010955205187201 125.54072553478181 420.76914793718606 297.2284266599454 1135.4946305975318 429.17212555557489 90.388878860510886 167.73176165809855 41.565776667091995 677.58893566438928 2692.7600986673497 58.261111181695014 157.70851800916716 216.33046792191453 397.50196858309209 56.824548034463078 295.30357819236815
leaf_count=32088 3659 14031 15828 237 860 9458 12947 42544 10528 4977 1560 2834 3050 442 636 16649 3551 6678 6941 2447 2432 406 8616 34335 6910 2435 16775 8577 2494 7457
internal_value=-0.000188067 0.000190062 0.000555034 -0.00956612 0.000249215 0.00116152 0.00148329 0.00457025 -0.000190506 -0.013167 0.000329948 -0.00053895 0.00746191 -0.00494729 0.000195209 -0.00475406 -0.00708756 -0.00391747 0.00201589 6.93783e-05 -0.00765923 0.00906127 -0.00507695 0.00405957 0.0014203 -0.0121064 -0.0184777 -0.00262564 0.00650033 -0.00439632
internal_weight=15450 15282.6 14989.6 847.351 498.203 14142.2 13865.5 4865.59 8999.91 347.093 8652.82 7713.2 939.619 348.662 7358.91 1979.03 1853.49 1556.26 5379.88 4215.35 1432.2 1164.53 1264.47 2783.15 147.836 586.881 292.964 472.74 3825.79 352.128
internal_count=282382 250294 229860 25502 9674 204358 194900 66526 128374 24834 103540 98488 5052 2002 95654 27514 26878 23327 68140 57206 20424 10934 17992 36782 11887 9376 20434 9437 52495 9951
cat_boundaries=0 1 2 3 4 5 6 7
cat_threshold=90114048 84290128 35192832 33603620 1313348 33554436 8256
is_linear=0
shrinkage=0.05


Tree=85
num_leaves=31
num_cat=8
split_feature=34 35 16 2 27 16 16 14 10 30 28 16 9 34 30 37 37 16 14 31 10 36 16 11 3 36 28 32 29 32
split_gain=75.5313 34.6465 32.5052 25.5929 24.3738 23.8128 23.2261 26.8338 23.8273 53.2576 29.0654 32.5916 29.984 25.4597 22.6443 21.3658 20.865 20.6784 20.2745 22.4676 20.0263 20.8956 19.6749 30.8348 20.1648 19.6159 19.37 19.3101 19.2332 19.0828
threshold=12.833333333333334 20.986767650460006 0 0.95000000000000007 1.7500000000000009 1 2 3 0.78656609248549325 22.041666666666671 91.416666666666671 4 10.500000000000002 89.416666666666671 24.31666666666667 -0.16522346206326485 -0.55478988317601041 5 6 0.20548046676563259 0.37940952255126054 0.31380777794062464 7 0.37940952255126048 0.15000000000000005 -0.86080908040217552 74.583333333333357 1002.1166666666668 1.4571067811865477 1025.0416666666672
decision_type=2 2 1 10 2 1 1 1 2 2 2 1 2 2 2 2 2 1 1 2 2 2 1 2 2 2 2 2 2 2
left_child=2 3 20 6 22 -5 7 27 10 13 11 12 14 -10 -8 -13 -11 28 -17 -20 21 -1 -3 24 25 -24 -14 -2 -15 -9
right_child=1 4 -4 5 -6 -7 8 29 9 16 -12 15 26 17 -16 18 -18 -19 19 -21 -22 -23 23 -25 -26 -27 -28 -29 -30 -31
leaf_value=0.03063400568598423 0.023501852514516943 0.00053425004309435252 -0.030854119960666639 0.0217993436174478 -0.019503446407307067 0.002969345375576206 0.0012409245052692928 0.0012885988412727105 -0.017112689083738444 0.0074200630857927472 0.0063173219001284395 -0.0051794941094392187 -0.041264399449521837 0.037914053679627573 -0.036801068881924269 -0.0045260415097006191 0.02827022899426461 -0.0081061721473134184 -0.017989301034619921 0.015991973572708543 -0.038015234523170752 -0.03374760805510077 0.0094601407260561515 -0.01772064015164684 0.010296063728199146 -0.01121024176798926 -0.014025167507951667 0.0061806400820642628 0.0053770265246001732 -0.015782204772224397
leaf_weight=57.21082267165184 175.85311080841348 1673.1385374963284 274.03970504715107 276.2038216330111 245.58709823153913 434.39655024558306 529.82010023714975 3425.7402310087346 239.14677662635222 245.58025006391108 653.53042501630262 1138.5924165588804 70.333645738195628 55.485524143557996 42.13549236394465 305.33783456962556 234.70522503647953 250.52989823604003 54.881159096490592 422.78826298657805 21.776481576729566 16.066345085389912 147.64036316564307 485.48745559761301 240.67789667472243 514.50535247661173 895.7367979134433 1883.8972599608824 248.58806842472404 171.8252820642665
leaf_count=3528 1165 29914 51921 2408 10267 2807 5438 36738 6815 1149 6056 17008 2717 481 261 6167 1153 2766 815 7504 2987 1445 4815 15904 1366 20717 9625 21705 2779 4021
internal_value=-0.000377633 0.000170032 -0.022721 0.00144196 -0.00435106 0.0106389 0.000850143 0.00308442 -0.00149912 0.00447265 -0.00335257 -0.00517936 -0.0105724 -0.00347949 -0.00156754 -0.000803329 0.0176129 0.00240122 0.00554976 0.011837 0.00359897 0.0164913 -0.00313495 -0.00750642 -0.00209557 -0.00660058 -0.0160124 0.00762351 0.0109642 0.000471544
internal_weight=15431.2 15062.1 369.093 11755.1 3307.04 710.6 11044.5 5657.32 5387.19 1274.04 4113.16 3459.63 1538.03 793.75 571.956 1921.6 480.285 554.603 783.007 477.669 95.0536 73.2772 3061.45 1388.31 902.824 662.146 966.07 2059.75 304.074 3597.57
internal_count=282442 222561 59881 139578 82983 5215 134363 63629 70734 15143 55591 49535 18041 12841 5699 31494 2302 6026 14486 8319 7960 4973 72716 42802 26898 25532 12342 22870 3260 40759
cat_boundaries=0 1 2 3 4 5 6 7 8
cat_threshold=516 17930768 25356912 668 35127296 5509122 4500 34932788
is_linear=0
shrinkage=0.05


Tree=86
num_leaves=31
num_cat=5
split_feature=34 32 23 16 27 16 4 32 16 2 26 13 16 26 32 16 34 37 24 11 37 35 12 13 9 26 13 34 37 17
split_gain=70.0331 32.0352 31.9582 30.7862 27.2523 45.7568 23.1325 22.3713 19.8666 26.4986 22.6724 23.1953 21.1469 24.3196 20.1297 20.3932 19.7795 19.2378 18.6094 18.4393 22.1554 17.6923 17.5521 18.9644 17.6197 18.1514 18.0752 18.0739 19.4951 19.1952
threshold=12.833333333333334 1032.8833333333337 13.308729993825123 0 1.6500000000000015 1 2.6166666666666671 1002.5166666666668 2 1.0000000180025095e-35 28.141666666666673 -0.99815866078541837 3 -1.658333333333333 994.11666666666679 4 84.166666666666671 0.10761269612619594 10.925947536527152 -0.37940952255126015 -0.28396684011324103 34.517503197239229 -0.99863729997741457 0.025747913654988647 12.500000000000002 3.3833333333333342 0.99168614031016866 43.416666666666679 0.83370589566014175 34.870850000000011
decision_type=2 2 2 1 2 1 2 2 1 10 2 2 1 2 2 1 2 2 2 2 2 2 2 2 2 2 2 2 2 2
left_child=3 2 4 -1 6 -6 8 -7 21 10 14 -12 -11 -14 -10 16 -16 -9 -5 20 -13 22 23 -2 27 -26 -27 29 -29 -24
right_child=1 -3 -4 18 5 7 -8 17 9 12 11 19 13 -15 15 -17 -18 -19 -20 -21 -22 -23 24 -25 25 26 -28 28 -30 -31
leaf_value=0.0033836571616304221 0.021190808904327327 -0.034075264169753698 -0.019798650714787081 -0.039019322272842119 -0.025331741317452285 0.050531195734845651 0.023694634413169952 0.0059689096107995799 0.014088604481288777 -0.00011226220197480745 -0.058560421777079263 -0.014830358304068071 0.041409237420428124 0.0067302426218300362 -0.042345235785537949 -0.0027161800453523021 -0.0089905362568829649 -0.013363994182388497 -0.0085056361864344308 0.016080094711278834 0.017062043697325939 -0.009737500648851866 0.11664197263152098 0.10820719712646421 -0.023908109200697237 0.00089188781963798818 0.029927928619566887 0.005149191211288537 0.026121855318082327 0.02231577876685488
leaf_weight=95.394327041693032 34.170100553892553 67.917109057772905 194.78173904493451 199.32924604532309 255.87632691906765 20.960932396817952 112.2528209798038 311.57368855178356 171.42541020084172 1844.8446766603738 12.928968843072651 137.29284522123635 52.31768237426877 1426.6926159001887 63.662119947373867 6017.7695478061214 146.98234511818737 219.06222959794104 66.759893214795738 351.42947274865583 90.112894109450281 215.25103840464726 5.5658756461925796 7.5886006737127891 70.858052857220173 1437.9730096249841 55.57346345577389 1479.2711559217423 119.68808359373361 115.65866116713732
leaf_count=7960 341 3611 11510 42558 10659 329 1171 5304 2202 9723 81 1002 304 7801 4941 107435 3396 4822 9363 2058 627 5529 678 102 1096 16521 693 14953 1462 4210
internal_value=-0.000361484 0.000161313 0.000316851 -0.0221064 0.000582138 -0.0083484 0.00109841 -7.6493e-06 0.000915192 -0.000195856 -0.00194335 0.0074194 0.00347929 0.00790622 -0.00280918 -0.00327448 -0.0182218 -0.0020133 -0.0302339 0.008903 -0.00219058 0.00414007 0.00505081 0.0372246 0.00464065 0.000800457 0.00197422 0.00813283 0.00672061 0.0267392
internal_weight=15401 15039.5 14971.6 361.483 14776.8 807.473 13969.3 551.597 13857.1 10315.5 6991.6 591.764 3323.85 1479.01 6399.84 6228.41 210.644 530.636 266.089 578.835 227.406 3541.6 3326.35 41.7587 3284.59 1564.4 1493.55 1720.18 1598.96 121.225
internal_count=282442 222561 218950 59881 207440 21114 186326 10455 185155 139570 121742 3768 17828 8105 117974 115772 8337 10126 51921 3687 1629 45585 40056 443 39613 18310 17214 21303 16415 4888
cat_boundaries=0 1 2 3 4 5
cat_threshold=516 6162432 84289552 34701346 524288
is_linear=0
shrinkage=0.05


Tree=87
num_leaves=31
num_cat=7
split_feature=23 27 16 2 26 16 37 16 16 30 26 11 11 37 13 16 26 23 16 23 14 28 30 23 1 36 11 9 13 4
split_gain=44.9051 32.2991 51.4816 23.1129 26.4489 22.8017 42.0047 43.0305 35.1096 22.0231 25.5783 44.5766 35.4169 33.5166 29.5507 30.2658 35.1309 35.0291 26.2853 34.8491 34.5556 27.0714 24.9951 22.7511 21.8159 21.5221 21.5204 21.1562 21.9055 24.6907
threshold=13.308729993825123 1.611072796479277 0 0.65000000000000002 19.941666666666674 1 -0.37449844513311498 2 3 24.141666666666669 26.866666666666671 -0.5 -0.5 -0.54611618416427221 -0.66012780149078443 4 9.2416666666666689 1.2551170008650974 5 1.9324650203211082 6 53.583333333333336 19.658333333333335 0.74903988048743397 1.0000000180025095e-35 0.67557164605036701 0.25881904510252057 10.500000000000002 -0.77335067770972976 1.0000000180025095e-35
decision_type=2 2 1 10 2 1 2 1 1 2 2 2 2 2 2 1 2 2 1 2 1 2 2 2 2 2 2 2 2 2
left_child=1 3 -3 5 -5 6 8 -8 25 10 12 13 18 -12 15 -14 17 -17 19 23 -20 -22 27 -7 -16 -1 -19 -23 29 -29
right_child=-2 2 -4 4 -6 9 7 -9 -10 -11 11 -13 14 -15 24 16 -18 26 20 -21 21 22 -24 -25 -26 -27 -28 28 -30 -31
leaf_value=-0.004818338539423133 -0.020854660380651924 -0.023091597936079747 0.00074249399970095038 0.012986808666968287 -0.0019268449187274672 -0.027137759539468183 0.0097837695658623339 -0.0062208952942381136 0.012879365062795013 -0.013933671112634612 -0.024707342547733019 0.013282531156780606 -0.025427083011560721 0.0058572271533369252 -0.0061611793111292596 0.20477949928283531 -0.0076811666096198361 0.24252405280881476 -0.0022965088392767237 -0.0094495328901633875 -0.014367371773195213 0.0030905528834166127 -0.059037044652106074 0.021162241831628952 0.0013794948381859169 0.02870382187867809 -0.027458313831717832 0.090403098119337541 0.014584916989680556 0.028914810854688597
leaf_weight=536.1516897554975 262.25971219385974 372.43298222823068 562.73582079680637 754.31979202851653 490.59117148816586 28.343957449775189 570.9278714407701 1508.3437368457671 1333.8188806537073 338.68186773802154 165.74132999242283 733.43369348859414 283.30962161719799 195.27901809592731 1889.772874963237 3.7630562209524197 840.35863375966437 0.75961602991446842 658.9644550839439 688.70625473326072 84.869588278699666 230.92198449047282 11.111632462590931 171.0048404422123 1947.5841008778661 52.475394890876487 5.1296959149185568 17.855262011289597 452.75644422485493 183.73648375831544
leaf_count=7098 25560 20403 12469 5717 2396 260 10376 28577 13856 3770 1568 6418 8382 2142 59921 56 18389 50 9837 15987 4078 3500 75 1620 11024 584 392 869 5983 1085
internal_value=-0.000346237 9.76543e-06 -0.0089899 0.000603405 0.00710999 -2.29207e-05 0.00310898 -0.00180893 0.00844406 -0.00142796 -0.000936596 0.0062035 -0.00197874 -0.00817766 -0.00442935 -0.0115229 -0.0065105 0.0877688 0.00283923 -0.00407484 0.00656751 0.0124829 0.0151657 0.0142847 -0.0023341 -0.00179502 0.0108325 0.0161036 0.0206948 0.034403
internal_weight=15376.1 15113.9 935.169 14178.7 1244.91 12933.8 4001.72 2079.27 1922.45 8932.08 8593.4 1094.45 7498.95 361.02 4970.68 1133.32 850.011 9.65237 2528.27 888.055 1640.22 981.251 896.382 199.349 3837.36 588.627 5.88931 885.27 654.348 201.592
internal_count=282442 256882 32872 224010 8113 215897 60491 38953 21538 155406 151636 10128 141508 3710 98214 27269 18887 498 43294 17867 25427 15590 11512 1880 70945 7682 442 11437 7937 1954
cat_boundaries=0 1 2 3 4 5 6 7
cat_threshold=90048512 17180720 262160 262160 12583488 105447428 6154
is_linear=0
shrinkage=0.05


Tree=88
num_leaves=31
num_cat=9
split_feature=34 32 16 34 16 11 14 16 14 16 38 24 4 12 24 12 36 36 23 18 14 11 27 36 16 16 28 37 38 34
split_gain=65.3087 32.3459 41.6664 27.4466 30.8418 55.9236 34.6242 40.6495 27.0356 26.8366 37.1794 33.906 33.7299 43.0055 42.2776 40.4629 54.0328 61.1896 27.5563 26.0533 24.704 29.1573 27.2635 24.2659 37.878 35.9149 26.7247 23.7307 23.5827 29.5904
threshold=2.4166666666666674 1022.9166666666669 0 94.583333333333357 1 -0.70710678118654757 2 3 4 5 -0.96666666666664003 3.7311530520692462 0.041666666666666678 0.26295251545706949 8.0290141911761719 0.67924831531502439 -0.89270226015484544 0.84882630516394275 10.87277801376676 8.7002500000000023 6 -0.5 1.2270100694512835 -0.63279701375108388 7 8 96.583333333333357 0.0096588532849415584 -0.09999999999996588 88.166666666666671
decision_type=2 2 1 2 1 2 1 1 1 1 10 2 2 2 2 2 2 2 2 2 1 2 2 2 1 1 2 2 10 2
left_child=-1 3 8 4 5 9 -7 -8 -3 -2 -11 -12 13 14 -13 16 18 -18 -15 -16 21 -9 -22 24 -5 26 -25 -10 -21 -30
right_child=1 2 -4 23 -6 6 7 20 27 10 11 12 -14 15 19 -17 17 -19 -20 28 22 -23 -24 25 -26 -27 -28 -29 29 -31
leaf_value=-0.032696922107897874 0.0017560095819446457 -0.01055598633153834 -0.02088563041116533 -0.020598716147419961 -0.0038101561863980215 0.020395738123870064 0.0032261021248842781 0.0098438107709043991 0.020442619333582494 -0.0024878530436866081 -0.015483394634812346 -0.005027868638469264 0.018516783321209599 0.4459910766593469 0.22724034230822548 0.047348379173576642 0.068722271854018011 0.4191479807196391 0.14488059916190618 0.030971229149379689 0.00045574757046611385 -0.019456741993463061 -0.021425531397562352 0.018253255378045626 0.0022802780235217659 0.0033027503694672182 -0.048015059641966985 -0.014439323239378594 0.13102877628651888 -0.026684782019131
leaf_weight=154.20415558852255 537.07406084937975 271.67389782029204 402.63012867420912 228.4910877184011 4729.8926796421874 163.05151505209506 1605.2144677811302 98.977946925908327 199.70229154452682 193.75081998575479 52.934290188131854 49.190945646027103 390.00500684604049 1.914586885832253 2.0644260616973034 24.797311521833763 13.062083427328615 1.2864034925587464 1.4400065951049326 45.146843411726877 912.94150122720748 594.78928849799559 168.55377515824512 616.00395132880658 745.11061109602451 3047.6179615757428 15.505726151168345 64.418328092899173 14.317470778711142 3.7089481279253951
leaf_count=32163 8437 7527 23308 1968 90966 2535 24484 1796 2386 4974 1039 2035 2080 61 86 880 498 61 64 1441 16406 13883 6084 4776 5456 23394 109 3069 409 67
internal_value=-0.000332144 -3.48807e-06 -0.0089946 0.00058839 -0.000938572 0.00185202 -0.00142621 -0.00253217 0.000326949 0.0105951 0.0163477 0.0227033 0.0264013 0.0459719 0.0299735 0.0888745 0.146449 0.102823 0.324671 0.0563328 -0.00772766 -0.0150587 -0.00292909 0.00374028 -0.00327881 0.00559777 0.0163598 0.0114976 0.0503975 0.0986109
internal_weight=15349.5 15195.3 938.425 14256.8 9604.11 4874.22 3543.53 3380.48 535.795 1330.69 793.619 599.868 546.934 156.929 114.429 42.5004 17.7031 14.3485 3.35459 65.2377 1775.26 693.767 1081.5 4652.73 973.602 3679.13 631.51 264.121 63.1733 18.0264
internal_count=282442 250279 36290 213989 178286 87320 65188 62653 12982 22132 13695 8721 7682 5602 4038 1564 684 559 125 2003 38169 15679 22490 35703 7424 28279 4885 5455 1917 476
cat_boundaries=0 1 2 3 4 5 6 7 8 9
cat_threshold=71309876 17229910 4 16779284 3086 16779284 368 22153730 21115392
is_linear=0
shrinkage=0.05


Tree=89
num_leaves=31
num_cat=7
split_feature=34 23 32 16 13 16 16 14 36 14 33 31 32 26 30 9 11 16 13 4 34 37 23 13 16 23 32 28 2 26
split_gain=60.9715 31.433 28.1513 40.1986 26.0591 37.7793 26.3207 46.4294 35.975 22.2436 21.7911 20.8384 33.2 19.5553 23.4058 34.183 30.2559 49.9935 46.6875 51.8239 54.248 38.6694 47.2727 37.4187 38.0659 36.5105 35.0282 32.5664 29.6595 37.8484
threshold=2.4166666666666674 13.308729993825123 1022.7166666666668 0 -0.97322851985520697 1 2 3 0.28271341863419969 4 0.28284271247465659 2.9500000000000011 1012.9166666666669 29.81666666666667 23.616666666666671 8.5000000000000018 -0.70710678118654757 5 -0.20454453068330639 0.058333333333333341 70.166666666666671 0.76271199167136217 9.2484645632027807 -0.66012780149078443 6 2.606678509148217 995.31666666666683 68.583333333333357 0.45000000000000007 25.558333333333337
decision_type=2 2 2 1 2 1 1 1 2 1 2 2 2 2 2 2 2 1 2 2 2 2 2 2 1 2 2 2 10 2
left_child=-1 2 4 -4 5 -2 7 11 -9 -5 -11 -6 -13 14 16 -16 17 18 19 20 21 22 -8 24 26 -19 -18 -22 29 -25
right_child=1 -3 3 9 6 -7 13 8 -10 10 -12 12 -14 -15 15 -17 23 25 -20 -21 27 -23 -24 28 -26 -27 -28 -29 -30 -31
leaf_value=-0.03210003889085547 -0.021414816512200431 -0.018965254760573771 -0.022864761196382206 -0.010935551167902078 0.021924443361214931 -0.00041655233888009742 0.21373329317038944 -0.0060718068035514588 0.013317411474856565 -0.0043124545942053519 0.020058565354172761 0.24127864402167276 0.017152106036656664 0.012964024430479434 0.0056466435950507377 -0.016089733780214541 0.15933243797960978 0.010668357699435766 0.0069233561276789814 0.020749326045654631 0.01264846998709619 0.35017443304974566 0.068456090366600136 -0.0017072407608498567 -0.015332771802700127 -0.0030844522866723674 0.00052280831716794267 0.14858696445778982 0.0097320797278090728 0.012249876323865004
leaf_weight=149.34419050021097 300.62229814892635 215.42001436487772 298.92516050557606 296.78249395964667 361.55211390578188 702.23642359883524 7.539022244513041 557.25774480425753 419.04192916117609 190.98026909260079 176.32650240324438 2.7284147304017088 4.0139177506789565 314.44891606783494 286.88577995635569 489.18602520786226 3.3925303206779054 739.62960191583261 388.06562407012098 184.77441314980388 32.45759451854974 1.6527099648956198 21.646876935847104 5048.408926425036 776.82875333353877 1388.1765382073354 596.40200855419971 5.0023117847740641 836.18690491095185 537.33989001833834
leaf_count=32163 6785 16154 16172 10365 6505 9669 145 9119 5919 5018 4883 59 172 1820 1655 3955 37 6858 4788 925 575 69 747 79282 15848 22772 10297 56 5496 4134
internal_value=-0.000319081 -6.28371e-06 0.00026669 -0.00800204 0.0008353 -0.00693028 0.00143429 0.00803114 0.00222802 -0.000950908 0.0071934 0.0229444 0.11005 0.000665909 0.000325475 -0.00805489 0.000940995 0.00543082 0.0175489 0.0345263 0.0717138 0.120729 0.106584 -0.000653203 -0.00813342 0.00168839 0.00142374 0.0311487 0.000950378 -0.000364394
internal_weight=15333.3 15183.9 14968.5 963.014 14005.5 1002.86 13002.6 1344.59 976.3 664.089 367.307 368.294 6.74233 11658 11343.6 776.072 10567.5 2768.94 641.139 253.073 68.2985 30.8386 29.1859 7798.56 1376.62 2127.81 599.795 37.4599 6421.94 5585.75
internal_count=282442 250279 234125 36438 197687 16454 181233 21774 15038 20266 9901 6736 231 159459 157639 5610 152029 36935 7305 2517 1592 961 892 115094 26182 29630 10334 631 88912 83416
cat_boundaries=0 1 2 3 4 5 6 7
cat_threshold=26910786 77464144 83894288 3204 3078 426048 34658336
is_linear=0
shrinkage=0.05


Tree=90
num_leaves=31
num_cat=7
split_feature=34 34 16 36 16 16 28 11 37 13 24 10 26 4 16 16 10 24 27 23 26 36 23 16 16 13 13 11 11 30
split_gain=58.6539 30.4821 49.2593 28.6175 58.4561 30.8135 36.223 34.3193 29.151 28.19 30.0236 58.0718 25.8701 39.7539 31.9436 31.5157 31.0774 30.9199 29.8508 27.9243 26.4621 24.4025 24.3014 24.0511 22.8475 21.3764 21.3753 21.3359 20.8504 20.2918
threshold=2.4166666666666674 82.833333333333357 0 0.44372842605951368 1 2 73.833333333333357 -0.5 -0.32510895355109021 -0.48505984619519632 13.195851316608183 0.78656609248549325 19.741666666666671 1.216666666666667 3 4 0.78656609248549325 16.750191327080461 1.2000000000000022 5.2621499190368128 24.683333333333341 -0.60760934895851482 1.4956593189275604 5 6 0.31228055688579465 0.41610936647687696 0.1294095225512602 -0.78656609248549325 9.1166666666666689
decision_type=2 2 1 2 1 1 2 2 2 2 2 2 2 2 1 1 2 2 2 2 2 2 2 1 1 2 2 2 2 2
left_child=-1 2 9 5 23 6 29 -7 27 -2 -11 -12 13 14 21 16 18 -18 20 28 -14 22 -3 -5 -24 -19 -13 -8 -16 -4
right_child=1 12 3 4 -6 7 8 -9 -10 10 11 26 15 -15 19 -17 17 25 -20 -21 -22 -23 24 -25 -26 -27 -28 -29 -30 -31
leaf_value=-0.031784916376166643 -0.042107604991408532 -0.028040002796885396 -0.00099858221112205823 0.01119532907533841 -0.022125238378916747 0.0049818174714784166 -0.0039856117198922604 -0.011801814960436807 -0.010865665668862823 -0.016056184227161183 0.0086163701908942708 0.085996219426172305 0.0034767500041251553 0.020829148709417367 0.0087708352294702027 -0.012830248322303287 -0.0093982158670880053 0.0082594153161993974 0.014413521523714799 -0.011659425884210003 -0.0097803043823966491 0.011899776132697109 0.0082797867679189393 -0.0057398946726294441 -0.021572567227655673 0.031199621459988794 0.39188788185123546 0.015712856504753289 1.7955997229783363e-05 0.013770483852315524
leaf_weight=144.24259968777187 116.58844313700683 71.112669175490737 310.5485610938631 293.47321037854999 456.42713848501444 490.35666065267287 283.08254422340542 803.66761049744673 528.19293499691412 170.96399990888312 9.6423718042206001 1.0063483251724386 587.01588984346017 318.26166432723403 848.81890730280429 538.70996071072295 142.73312311945483 251.79815004207194 224.56155263632536 426.51543187675998 1048.912317880895 1332.9734940524213 374.50328685808927 667.69522312446497 67.178762675728649 170.20437503606081 1.4722415180876849 267.06846127542667 3427.0768828778528 925.95802894700319
leaf_count=32075 10606 584 13114 5713 20949 15068 3346 30022 11710 13814 993 104 4573 3603 7587 4743 1293 1201 1886 7372 7429 12423 3401 14499 823 843 66 3322 33950 15193
internal_value=-6.27385e-05 0.000239365 -0.00280689 -0.00160532 -0.0076278 0.000756053 0.00420273 -0.00540021 -0.00247665 -0.022161 -0.0106527 0.0650708 0.00188985 0.00357504 0.00273614 -0.00201415 0.000439919 0.0107139 -0.0026767 0.000537543 -0.00502339 0.00828928 -0.000934834 -0.000506421 0.00343457 0.017517 0.275842 0.00557804 0.00175568 0.0100615
internal_weight=15300.8 15156.5 5326.14 5026.47 1417.6 3608.87 2314.85 1294.02 1078.34 299.673 183.085 12.121 9830.38 6866.44 6548.18 2963.94 2425.23 564.736 1860.49 4702.41 1635.93 1845.77 512.795 961.168 441.682 422.003 2.47859 550.151 4275.9 1236.51
internal_count=282305 250230 158519 132936 41161 91775 46685 45090 18378 25583 14977 1163 91711 69743 66140 21968 17225 3337 13888 48909 12002 17231 4808 20212 4224 2044 170 6668 41537 28307
cat_boundaries=0 1 2 3 4 5 6 7
cat_threshold=71835648 50628724 59048548 88236592 130453572 2068 155680
is_linear=0
shrinkage=0.05


Tree=91
num_leaves=31
num_cat=8
split_feature=34 28 32 33 27 16 16 38 23 17 16 16 12 27 16 15 27 26 10 14 32 14 16 32 34 19 30 33 12 37
split_gain=54.683 29.876 28.3904 24.6811 33.6761 30.6098 27.6286 32.4763 22.5785 40.0496 31.0656 24.2271 40.4923 54.4736 22.2066 19.3956 30.5154 36.4525 19.2698 21.3143 19.0224 18.347 28.1349 25.7162 18.327 18.699 18.0771 17.2508 17.188 19.8055
threshold=2.4166666666666674 44.583333333333336 1032.8833333333337 0.37416573867740327 1.611072796479277 0 1 -1.7499999999999429 2.5726651315838214 55.924650000000007 2 3 -0.99760647975412031 0.59999999999999887 4 2022.5000000000002 0.94633797110522677 21.366666666666671 0.37940952255126054 5 1017.8166666666668 6 7 1021.4166666666669 98.583333333333357 48.500000000000007 18.058333333333337 0.57154760664940907 -0.94723957588908092 -0.9519826911898398
decision_type=2 2 2 2 2 1 1 8 2 2 1 1 2 2 1 2 2 2 2 1 2 1 1 2 2 2 2 2 2 2
left_child=-1 14 3 4 8 -6 18 -8 10 11 28 12 13 -10 15 16 -2 -18 19 -5 -21 22 23 -9 25 -22 -20 -27 29 -3
right_child=1 2 -4 6 5 -7 7 21 9 -11 -12 -13 -14 -15 -16 -17 17 -19 26 20 24 -23 -24 -25 -26 27 -28 -29 -30 -31
leaf_value=-0.031177128900480224 0.014031614697802919 -0.057358373911712682 -0.032259522030094898 0.00529337573929267 -0.030305185519086925 -0.0021918963482756436 0.013658182519700657 0.015367555893164325 0.25280309047620192 -0.024696940162594133 0.0052564209960346345 -0.0031832170896518748 0.0048306948576840583 0.035900913818448184 -0.021253039401529981 -0.017192619539711972 0.32348421498756225 0.063202468180917334 0.0055603985741069957 0.017343132174594305 -0.0053670598869052857 0.0028259491940724538 -0.0067329097753581748 -0.043794357401489986 -0.02287740759117288 0.046047917883763861 -0.027595760417201021 0.10222240671955203 -0.0078963662259964214 0.018782356021617305
leaf_weight=139.81715034018271 13.391775577561932 9.1874648556113225 65.639439458725974 318.65382592263632 171.86921201925725 224.21819215710275 495.94905827776529 250.36621416267008 3.5823701671324697 195.60007358132862 2791.1851317919791 3953.7919527790509 742.3458645644132 13.747743672691284 236.79850645805709 16.081957057816908 1.9136000457219768 4.254787138197571 332.53106396878138 277.93350624409504 12.868405150948091 2520.1761973951943 1412.9963541126344 19.725730470614508 9.4422084046527726 56.257276770658791 46.806545272003859 18.140464514493942 811.51813112082891 106.5435344055295
leaf_count=32075 646 61 4187 4519 9460 5129 4907 3948 66 9028 31842 71431 16074 224 18545 894 91 146 5446 2873 561 31204 17073 1469 101 1036 407 346 7706 810
internal_value=-6.26706e-05 0.000224997 0.000525844 0.000671512 -0.000961751 -0.0152156 0.0032249 0.00155538 -0.000307192 -0.00253333 0.00263174 -0.00161307 0.00651435 0.0819307 -0.0161798 0.0183136 0.0567601 0.147821 0.0104265 0.0154803 0.0233762 0.000130765 -0.00389843 0.0106384 0.0430936 0.0502496 0.00146306 0.0598638 -0.00526861 0.0126935
internal_weight=15273.3 15133.5 14861.1 14795.4 9023.59 396.087 5771.85 4699.21 8627.5 4909.07 3718.43 4713.47 759.676 17.3301 272.441 35.6421 19.5602 6.16839 1072.63 693.296 374.642 4203.26 1683.09 270.092 96.7084 87.2661 379.338 74.3977 927.249 115.731
internal_count=282305 250230 229908 225721 151831 14589 73890 58601 137242 96823 40419 87795 16364 290 20322 1777 883 237 15289 9436 4917 53694 22490 5417 2044 1943 5853 1382 8577 871
cat_boundaries=0 1 2 3 4 5 6 7 8
cat_threshold=73291776 61476 42352644 92667904 2116 7432 1698 4325442
is_linear=0
shrinkage=0.05


Tree=92
num_leaves=31
num_cat=8
split_feature=34 32 16 13 6 3 13 16 16 14 27 16 11 16 23 14 30 24 32 9 11 34 28 30 34 23 12 33 14 34
split_gain=50.9489 28.3783 48.2948 28.4022 26.7725 25.396 24.3158 32.2055 23.4501 43.6015 34.1643 26.2946 25.5584 27.2367 23.9281 23.3652 27.3597 30.0759 23.2579 22.4667 21.9523 21.4866 20.9893 26.1998 25.9875 23.8822 19.6342 19.6014 18.1465 17.9368
threshold=2.4166666666666674 1020.8166666666668 0 -0.66012780149078443 1.8500000000000003 1.0000000180025095e-35 -0.97322851985520697 1 2 3 0.65000000000000135 4 0.60355339059327384 5 6.5398830369444205 6 -0.13333333333333322 14.63924623858219 1014.4166666666669 11.500000000000002 1.0000000180025095e-35 73.166666666666671 82.833333333333357 2.683333333333334 82.416666666666671 1.3610480141185743 0.99275167208230009 1.1897712198382895 7 71.583333333333357
decision_type=2 2 1 2 2 2 2 1 1 1 2 1 2 1 2 1 2 2 2 2 2 2 2 2 2 2 2 2 1 2
left_child=-1 4 3 5 6 -3 7 -2 10 11 18 -10 22 -14 -15 27 -17 19 -8 -18 -19 -4 -11 25 -25 -24 -22 -12 -20 -7
right_child=1 2 21 -5 -6 29 8 -9 9 12 15 -13 13 14 -16 16 17 20 28 -21 26 -23 23 24 -26 -27 -28 -29 -30 -31
leaf_value=-0.03056282609221397 -0.020993264300118615 0.0058277541371250779 -0.031300135953154715 -0.0027464271981951162 0.035920284677433557 0.094376295238122132 -0.0068089150922523564 -0.0010057231366762847 0.026486768525295797 0.0009038434204484266 0.0087206807785345283 0.007088543596357879 0.018802326871548414 -0.0030992995915559447 -0.025007639070045624 0.052070995183471538 -0.022696863079180504 -0.0051507599387317308 0.01526004988195292 -0.0014100148354071209 0.016199292939171803 -0.011023549884851673 0.0070918585190174049 -0.0021897282349479887 0.013515000683978026 -0.015870786047269089 -0.055814691374463182 0.067261854737409407 -0.0034272244186437772 0.030672869957078037
leaf_weight=135.60599950118922 273.80040723341517 101.88738928106613 179.34022258035839 648.53346461313777 54.322430722415447 14.940020341426132 2419.9383765640669 712.25845368066803 277.7952581376303 2862.5427849031985 899.76341954735108 510.83539559948258 122.15816546208225 1622.4127430811059 134.90776443295181 23.492438777117059 234.28847651416436 276.71786807663739 222.6200349626597 263.10770156490617 313.7176778211724 481.3411170351319 254.90561880124733 328.56829652423039 1327.8329239026643 203.57473961566575 9.6633675806224328 14.4326517987065 290.88248045230284 42.347699202597141
leaf_count=32075 7062 3015 19974 18128 709 83 27655 10472 3792 46766 14898 7580 1669 21326 3702 1003 6869 2435 4216 6672 2491 12221 2323 5325 9527 2626 47 108 7327 209
internal_value=-6.2959e-05 0.000210731 -0.00639388 0.00187617 0.000921023 0.0208179 0.000780965 -0.00678034 0.00137209 0.0031076 -0.0013021 0.0141701 0.0018163 -0.00314864 -0.00475545 0.00367283 -0.00119325 -0.00234891 -0.00475809 -0.0114393 0.00518639 -0.016285 0.00369475 0.00747208 0.0103998 -0.00310527 0.0140308 0.00954771 0.0049061 0.0474215
internal_weight=15258.5 15122.9 1468.39 807.709 13654.5 159.175 13600.2 986.059 12614.2 7645.53 4968.62 788.631 6856.9 1879.48 1757.32 2035.18 1120.99 1097.5 2933.44 497.396 600.099 660.681 4977.42 2114.88 1656.4 458.48 323.381 914.196 513.503 57.2877
internal_count=282305 250230 53630 21435 196600 3307 195891 17534 178357 104636 73721 11372 93264 26697 25028 34523 19517 18514 39198 13541 4973 32195 66567 19801 14852 4949 2538 15006 11543 292
cat_boundaries=0 1 2 3 4 5 6 7 8
cat_threshold=71440436 69079568 105578532 132 10832 16777216 6674 1546
is_linear=0
shrinkage=0.05


Tree=93
num_leaves=31
num_cat=7
split_feature=34 28 32 6 33 27 16 16 10 38 13 5 16 15 16 10 4 14 24 36 16 12 13 12 33 10 2 2 16 36
split_gain=47.4524 27.1412 25.6017 24.7436 21.2392 30.6484 28.1564 24.675 26.0803 25.4817 25.0618 22.407 21.098 20.7308 19.539 20.997 20.9977 23.6543 18.5964 17.7918 26.6771 17.7366 24.8099 20.1161 18.8564 17.7125 15.5338 15.0921 28.3421 26.4151
threshold=2.4166666666666674 44.583333333333336 1032.8833333333337 1.8500000000000003 0.37416573867740327 1.611072796479277 0 1 0.37940952255126054 -1.633333333333155 -0.91968655568559032 0.047140452079103209 2 2022.5000000000002 3 0.25881904510252091 1.0000000180025095e-35 4 9.2301907513814303 0.82852901445967997 5 0.77332218843568057 -0.32041146939831472 0.97881962527324695 0.54999999999998306 -0.98296291314453399 1.0000000180025095e-35 0.24000000000000005 6 0.10984243762833651
decision_type=2 2 2 2 2 2 1 1 2 8 2 2 1 2 1 2 2 1 2 2 1 2 2 2 2 2 10 8 1 2
left_child=-1 12 3 4 5 14 -7 8 10 25 11 -6 13 21 15 -3 -17 -18 -10 -11 26 24 -23 -24 -2 -9 -21 -16 -29 -30
right_child=1 2 -4 -5 7 6 -8 9 18 19 -12 -13 -14 -15 27 16 17 -19 -20 20 -22 22 23 -25 -26 -27 -28 28 29 -31
leaf_value=-0.029942621329172799 -0.011232304297198306 -0.001053980367275573 -0.031128498128085109 0.034470885420314949 0.077851306014297128 -0.029416312209944159 -0.0022476400392497527 0.047402948990516884 0.0087453963423442371 0.0012014785829153707 0.012202294657367746 0.024825857620160544 -0.023971043337337149 -0.021938688027445172 -0.002027125780552991 -0.041489565212510127 -0.024602631174170497 0.0049931327648467553 -0.016375817582248719 -0.006781930053285902 -0.019918844998364847 0.21170455584608683 -0.030856033683044695 0.122576988937106 0.071718110129270027 0.0089211666222634833 0.020751574780464629 0.0077021079167428098 0.003159605490961441 -0.0070859890343169963
leaf_weight=131.5989073717501 24.975792593555525 466.27549049630761 63.663276351755485 53.694371320307255 27.852082641329616 167.67107509379275 223.57968957466073 31.383814486442134 188.59378927550279 3770.1903795874678 475.07977820746601 69.953251630067825 188.2553635481745 34.528098803246394 3560.3707307893783 71.506356787635013 133.08016945794225 127.03818158060312 120.7529585682787 128.9892409320455 247.57337037613615 2.7429763786494723 4.5586173629853857 3.8685884652659297 9.3302534061949682 598.48465591110289 84.834985259920359 1565.8745322085451 1643.706375754904 1019.024416902801
leaf_count=32075 1169 9153 4187 723 564 9458 5126 277 3107 48752 6349 369 16409 1969 67302 5338 1093 939 1201 2217 4394 103 223 137 312 5768 499 17965 21441 13686
internal_value=-5.96768e-05 0.000200826 0.000485821 0.000622247 0.000498559 -0.00102045 -0.0147044 0.00287294 0.010517 0.00146091 0.0169525 0.03999 -0.0155584 0.00643197 -0.000396793 -0.00779743 -0.0175108 -0.0109057 -0.00106275 6.72138e-05 -0.00919939 0.0293847 0.0838125 0.0401903 0.0114707 0.0108458 0.00396143 0.000370952 0.00239094 -0.000758643
internal_weight=15239 15107.4 14839.2 14775.5 14721.8 8978.13 391.251 5743.69 882.232 4861.46 572.885 97.8053 268.26 80.0043 8586.88 797.9 331.625 260.118 309.347 4231.59 461.398 45.4762 11.1702 8.42721 34.306 629.868 213.824 7788.98 4228.61 2662.73
internal_count=282305 250230 229908 225721 224998 151501 14584 73497 11590 61907 7282 933 20322 3913 136917 16523 7370 2032 4308 55862 7110 1944 463 360 1481 6045 2716 120394 53092 35127
cat_boundaries=0 1 2 3 4 5 6 7
cat_threshold=73291776 57380 1312868 524292 3520 5114448 17991696
is_linear=0
shrinkage=0.05


Tree=94
num_leaves=31
num_cat=7
split_feature=34 35 6 26 28 33 27 16 16 14 10 28 34 16 16 34 11 13 14 23 28 37 34 36 16 34 5 37 28 10
split_gain=44.1551 26.4399 24.8186 22.6035 21.6374 21 29.3195 27.4515 21.8472 30.7576 21.9242 18.9141 29.604 22.4879 18.7028 18.6957 18.7987 23.4222 18.5688 17.5289 17.7126 17.6502 17.5091 17.1442 17.7982 16.6272 30.3739 16.4884 18.8107 16.477
threshold=2.4166666666666674 39.524956054352096 0.75000000000000011 14.34166666666667 30.583333333333339 0.37416573867740327 1.611072796479277 0 1 2 0.60355339059327384 64.833333333333357 28.416666666666668 3 4 65.583333333333357 -0.70710678118654757 -0.22968774213179594 5 5.5335047077006871 51.583333333333336 0.48655030275448613 81.833333333333357 0.75943479880603404 6 93.583333333333357 8.3266726846886753e-17 -0.96762570623201882 68.416666666666671 -0.9159756150367534
decision_type=2 2 2 2 2 2 2 1 1 1 2 2 2 1 1 2 2 2 1 2 2 2 2 2 1 2 2 2 2 2
left_child=-1 2 4 -4 -2 6 11 -8 10 -10 18 13 14 15 -13 16 17 -6 -7 22 -21 29 23 24 -11 -23 -27 28 -20 -22
right_child=1 -3 3 -5 5 8 7 -9 9 19 -12 12 -14 -15 -16 -17 -18 -19 27 20 21 25 -24 -25 -26 26 -28 -29 -30 -31
leaf_value=-0.029317159450455224 -0.037367127287911993 -0.014498531275192404 0.03000075563973343 0.0044185499417873581 0.056724364641405151 0.0035896493720563825 -0.030908168248370671 -0.0032754732602569255 -0.0056093228238827779 -0.0223708876572043 -0.0026454586063651576 0.0096901647842718864 0.00074513027211466705 -0.013687976406760597 -0.026749847871558027 -0.0069895433802291025 0.0011060045624655898 -0.0017240822650646974 0.094784458415396344 -0.011468603349341766 0.033318873407636201 0.018421946079317814 0.0038515853120887449 -0.028803279118869519 0.0022133372457758781 0.14901782281907691 0.03302515912197148 0.015933831511440399 0.018378134631600086 0.0037502868539737392
leaf_weight=127.78611241211183 38.231672915397212 300.30010741064325 129.51885059848428 258.76682906970382 42.986501545645297 416.91868979041465 146.86840928834863 233.12390811601654 1271.0342566673644 82.569811956491321 343.44022020581178 44.101257429923862 7167.5981610850431 556.9445240595378 146.53339635161683 286.43754304340109 120.26673783315346 28.454093193868175 14.482836209237574 83.340350424870849 53.390427383128554 184.05297974892892 1719.4310845760629 74.695895339595154 354.45992656634189 6.9088211115449658 29.491185143589973 546.09607190988027 18.132920984178782 395.61583315674216
leaf_count=32075 4338 13016 2179 1778 1456 6568 7861 6584 17925 2457 6160 3286 83747 24113 12291 5601 6636 1478 221 3818 710 2760 13431 2013 5339 105 145 8775 146 5293
internal_value=-6.10446e-05 0.000186828 0.000485021 0.0129574 0.000148754 0.000248844 -0.00127757 -0.0148603 0.00264273 0.000876778 0.00818602 -0.000662464 0.000227792 -0.00699052 -0.0192136 0.00107566 0.0131796 0.033475 0.0120044 0.00364917 0.0102583 0.0129644 0.00143522 -0.00668309 -0.00289665 0.0245481 0.0553888 0.0176972 0.0524919 0.00727286
internal_weight=15222 15094.2 14793.9 388.286 14405.6 14367.4 8773.31 379.992 5594.06 4254.99 1339.07 8393.32 7358.23 1035.09 190.635 478.145 191.707 71.4406 995.631 2983.96 752.8 669.459 2231.16 511.726 437.03 220.453 36.4 578.712 32.6158 449.006
internal_count=282305 250230 237214 3957 233257 228919 153053 14445 75866 53996 21870 138608 99324 39284 15577 15171 9570 2934 15710 36071 12831 9013 23240 9809 7796 3010 250 9142 367 6003
cat_boundaries=0 1 2 3 4 5 6 7
cat_threshold=69093376 188516 1696 25559636 83890688 6218 6029328
is_linear=0
shrinkage=0.05


Tree=95
num_leaves=31
num_cat=8
split_feature=34 26 28 16 16 16 23 15 13 37 9 30 34 31 32 32 17 23 14 35 26 14 31 38 14 16 16 32 32 13
split_gain=40.1043 32.0764 30.6608 27.6255 25.5953 23.6654 22.2248 22.7804 21.4183 72.859 20.5783 24.7218 21.7555 21.1996 20.1918 19.6649 24.8392 30.5133 22.4959 19.8915 25.2955 19.2907 18.9368 17.9153 30.2122 44.9779 22.9521 17.0613 20.0637 18.6148
threshold=19.166666666666668 23.258333333333336 51.583333333333336 0 1 2 5.9742029927610698 2022.5000000000002 0.34470738398793405 -0.26319459234940729 16.500000000000004 17.683333333333341 4.8333333333333348 1.2499444419750894 1032.8833333333337 994.11666666666679 55.924650000000007 3.1495340084991943 3 39.855293709521995 22.866666666666671 4 0.12472191289246437 -1.2333333333334051 5 6 7 1011.4416666666668 1025.916666666667 -0.43939950965914149
decision_type=2 2 2 1 1 1 2 2 2 2 2 2 2 2 2 2 2 2 1 2 2 1 2 8 1 1 1 2 2 2
left_child=1 4 5 -3 -1 21 -5 8 10 -10 11 -8 13 -13 15 -4 19 18 22 23 -21 -2 -18 24 25 -17 -26 -20 -29 -30
right_child=2 3 14 6 -6 -7 7 -9 9 -11 -12 12 -14 -15 -16 16 17 -19 27 20 -22 -23 -24 -25 26 -27 -28 28 29 -31
leaf_value=-0.0071724914651850671 -0.016814528435229237 -0.023423730980479493 0.011141850723210195 -0.032551942784801488 -0.038398507937781885 -0.022022649609866479 0.025510098688989721 -0.0044746473062363245 0.64143734905623662 0.0089148517849732874 -0.010748670187301169 0.30137215860450223 0.071960563492291268 0.073127345851270134 -0.028983645832904345 0.02315406876765852 0.076180947943932112 -0.027325248780173131 -0.0020654863885746699 -0.025654042781112447 0.010136077644975181 0.0094932796538946262 0.0098727185145500388 0.00048332896003699884 -0.010777726757943093 0.0018333231705612704 0.0047023342298821774 -0.027525483757028263 0.18362104376639263 0.0114866100693735
leaf_weight=140.98417596751824 104.28879144880921 55.433086813194677 448.87896261643618 17.57675612042658 148.91109579103068 256.59212782466784 23.38061631610617 32.707982654217631 0.55746262799948487 1.4897937928326417 13.938418655889107 2.3039864287711707 13.527581629110498 1.9074776179622857 56.863946657627821 459.29229575255886 11.725079138297586 161.36168434843421 395.36141736875288 148.5022097164765 73.86398468259722 168.31585532147437 120.99552706163377 10591.83874622453 343.93842086428776 540.94040557323024 729.80648029968143 145.17836001841351 1.6321419333107794 17.035292912041768
leaf_count=18600 3883 11850 4117 1046 32057 13850 2364 3834 61 104 1014 83 322 116 3169 3750 141 8228 4991 6557 1512 6155 2109 132686 4010 5573 5745 3970 39 583
internal_value=-0.00016282 -0.01482 0.000286341 0.00293814 -0.0247916 -0.0115302 0.0171395 0.0287959 0.0478266 0.203 0.0416991 0.0594604 0.103814 0.202088 0.000725332 0.000844586 0.000508137 -0.00775307 -0.00318543 0.00105514 -0.0137663 -0.000812304 0.0146785 0.00131546 0.00556495 0.0117571 -0.000310415 -0.00755443 -0.0212508 0.027435
internal_weight=15229.1 452.718 14776.4 162.823 289.895 529.197 107.39 89.8133 57.1053 2.04726 55.0581 41.1197 17.739 4.21146 14247.2 14190.4 13741.5 853.29 691.928 12888.2 222.366 272.605 132.721 12665.8 2073.98 1000.23 1073.74 559.207 163.846 18.6674
internal_count=282519 71451 211068 20794 50657 23888 8944 7898 4064 165 3899 2885 521 199 187180 184011 179894 20061 11833 159833 8069 10038 2250 151764 19078 9323 9755 9583 4592 622
cat_boundaries=0 1 2 3 4 5 6 7 8
cat_threshold=105060352 67115620 33990756 184 590 6228 62922834 4278882
is_linear=0
shrinkage=0.05


Tree=96
num_leaves=31
num_cat=8
split_feature=34 26 31 16 16 23 23 32 35 15 16 14 27 26 26 6 12 33 16 29 9 26 14 34 37 32 26 16 14 36
split_gain=37.2038 29.8464 28.4405 25.1775 24.8466 20.2938 20.0106 19.8399 19.4324 19.2285 18.6726 18.7691 18.1615 17.9891 18.7655 17.7936 17.2151 16.3765 18.0093 22.0497 19.9043 22.6504 18.8542 17.7311 21.8176 18.1905 17.7934 17.6088 24.5891 24.5321
threshold=19.166666666666668 23.258333333333336 1.4828646686814986 0 1 5.9742029927610698 11.950533906864615 1002.8833333333336 41.903327708776409 2022.5000000000002 2 3 2.3500000000000014 2.3416666666666672 26.758333333333336 2.0500000000000003 0.99863729997741479 0.33993463423951459 4 0.97140452079103179 15.500000000000002 21.366666666666671 5 94.166666666666671 -0.83289936169525036 1007.3416666666668 18.141666666666669 6 7 0.25022462091955072
decision_type=2 2 2 1 1 2 2 2 2 2 1 1 2 2 2 2 2 2 1 2 2 2 1 2 2 2 2 1 1 2
left_child=1 4 8 5 -1 -3 7 -4 12 -7 -9 -12 15 -13 16 17 -15 18 -2 -20 -21 22 -22 24 -24 26 -26 28 29 -19
right_child=2 3 6 -5 -6 9 -8 10 -10 -11 11 13 -14 14 -16 -17 -18 27 19 20 21 -23 23 -25 25 -27 -28 -29 -30 -31
leaf_value=-0.0068814112574787775 -0.0043968527606696875 -0.031646428818181298 0.016330918540673312 -0.021970530846106007 -0.037901602914277681 0.0447518175443051 -0.022044441053368991 -0.02090962533604622 -0.019011696037638134 -0.0039014187374131052 -0.011114737140395584 -0.04480799708399661 -0.022725185546028197 0.0079182554918124266 -0.012625583512111205 0.03516604305863729 0.10763549354935215 -0.0079206650649828823 0.011414177527582801 0.0023742498813418621 0.0075501199221610195 -0.01672172381309317 -0.03595099549312513 0.0029894817444225241 0.0051026585498059789 -0.012947957538910017 0.082479369942019209 0.0015507407320786636 0.013278740377593828 0.011715657507620124
leaf_weight=140.05188954155892 1981.182182704797 17.142306922003627 108.39309240924194 57.300413765246049 143.5882380453404 57.61824331106618 177.22269710968249 169.31559848459437 120.03632840816863 31.308299712836742 434.76130649726838 19.375295267440379 78.815300219459459 445.87857301486656 130.71394011145458 38.647863399237394 4.2714426829479626 374.95371005870402 478.766646402888 3273.5861036886927 386.31545435427688 304.67326209926978 78.030130950734019 349.23271593311802 93.7522047245875 328.44362666527741 7.9710755273699752 4231.8882608145941 872.98229516530409 276.08629226218909
leaf_count=18600 32147 1038 1416 12315 32057 3817 8632 5568 5635 3624 8735 907 2772 10530 1319 559 89 5073 5403 41883 5605 4059 1284 2983 1008 6706 75 45346 10052 3282
internal_value=-0.00015904 -0.0143685 0.000271238 0.00265481 -0.024171 0.0164829 -0.00627877 -0.00414881 0.00100641 0.0276374 -0.00599327 -0.00331726 0.00118921 0.00242102 0.0040455 0.00133352 0.00888816 0.00123296 -0.000342515 0.00117893 0.000164926 -0.00450576 -0.00151218 -0.00561815 -0.0116433 -0.00722662 0.011241 0.0032261 0.00781636 0.000400867
internal_weight=15212.3 447.009 14765.3 163.369 283.64 106.069 1489.93 1312.71 13275.4 88.9265 1204.32 1035 13155.3 600.239 580.864 13076.5 450.15 13037.9 7281.95 5300.77 4822 1548.42 1243.75 857.43 508.197 430.167 101.723 5755.91 1524.02 651.04
internal_count=282519 71451 211068 20794 50657 8479 37196 28564 173872 7441 27148 21580 168237 12845 11938 165465 10619 164906 101153 69006 63603 21720 17661 12056 9073 7789 1083 63753 18407 8355
cat_boundaries=0 1 2 3 4 5 6 7 8
cat_threshold=25461366 67115620 1574976 4328 13246502 1672 141366 6440
is_linear=0
shrinkage=0.05


Tree=97
num_leaves=31
num_cat=6
split_feature=34 26 28 16 16 23 16 32 6 14 32 17 23 14 16 2 31 10 30 5 36 4 2 24 23 13 36 13 9 5
split_gain=34.4447 27.9163 26.1026 24.8568 24.2386 22.4107 22.0592 18.5946 17.8075 17.6211 16.6531 21.6297 28.0297 20.32 17.9644 16.9989 16.8549 16.4427 16.7662 16.059 15.856 16.7593 15.7049 16.9906 36.8873 14.7343 14.6599 29.5552 14.3578 19.4065
threshold=19.166666666666668 22.866666666666671 51.583333333333336 0 1 5.9742029927610698 2 1032.8833333333337 1.8500000000000003 3 994.11666666666679 55.924650000000007 3.1495340084991943 4 5 0.35000000000000003 0.12472191289246437 -0.9159756150367534 12.616666666666669 0.46784206501525127 0.89912787751317524 0.2166666666666667 0.15000000000000005 9.9009306496834188 12.414613490861527 -0.8905837001257676 0.8869791222254616 0.91968655568559055 16.500000000000004 0.049999999999999968
decision_type=2 2 2 1 1 2 1 2 2 1 2 2 2 1 1 8 2 2 2 2 2 2 8 2 2 2 2 2 2 2
left_child=1 3 6 -1 5 -3 9 8 10 -2 14 -12 13 16 -4 19 -13 -7 -19 26 -18 28 -20 24 -24 -17 -15 -28 29 -22
right_child=2 4 7 -5 -6 17 -8 -9 -10 -11 11 12 -14 15 -16 25 20 18 22 -21 21 -23 23 -25 -26 -27 27 -29 -30 -31
leaf_value=-0.0050550978208196993 -0.015947809636677756 -0.033463512531116742 0.016893236760053203 -0.036876633920916141 -0.021990224627396578 -0.022003737940548385 -0.021049986309917681 -0.028143188547169729 0.030376525435582721 0.0093318901243356085 0.00086651651248212532 0.07161242972744862 -0.026405895217505533 -0.018348999790176703 -0.0043139073859491334 -0.05184503248403604 0.0033760498261759296 -0.022623915603061134 0.0095009237626323025 -0.077138367467712493 0.052445910895544602 0.00035075932597183863 0.35358990004158602 0.052627929433764535 0.0093745573011995657 0.0042364134548192036 0.037773810352880695 -0.061039467967077543 -0.00061677987472841147 0.2610065956977079
leaf_weight=122.78296713158488 102.11378214741126 18.737297037383541 298.77591917198151 146.8728865776211 59.278688005637378 14.771023142384363 249.76315054995939 55.718137982767075 50.514985103160143 168.66395123116672 12836.012394608464 11.849671325180678 157.53521713544615 235.01775070908479 147.33899570442736 12.171446003485469 109.3980315933004 10.719623682089148 21.90939181484282 10.198668800294397 2.1379300598055107 5.5536327511072159 1.3923219316638999 43.418170726159588 1.6384553280659018 256.85703317238949 31.281346699222922 9.8754754704423231 1.8046010117977855 2.3833402507007122
leaf_count=16171 3883 1162 2829 33447 12976 1289 13850 3169 733 6155 159168 141 8228 5481 1235 201 1888 1824 2191 49 96 29 108 2101 182 3289 437 111 73 23
internal_value=-0.000155228 -0.0139147 0.000256596 -0.0239489 0.0018337 0.0150056 -0.0107396 0.000658791 0.000772172 -0.000432069 0.000666108 0.0003561 -0.00738684 -0.00303208 0.0101716 -0.00721437 0.0139063 0.0263052 0.0353453 -0.0158203 0.00935937 0.0639715 0.0444555 0.0608873 0.173748 0.00168084 -0.0135289 0.0139733 0.118951 0.165655
internal_weight=15196.5 441.521 14755 269.656 171.865 112.586 520.541 14234.4 14178.7 270.778 14128.2 13682.1 846.064 688.529 446.115 555.402 133.127 93.849 79.078 286.373 121.278 11.8795 68.3583 46.4489 3.03078 269.028 276.175 41.1568 6.32587 4.52127
internal_count=282519 71451 211068 49618 21833 8857 23888 187180 184011 10038 183278 179214 20046 11818 4064 9568 2250 7695 6406 6078 2109 221 4582 2391 290 3490 6029 548 192 119
cat_boundaries=0 1 2 3 4 5 6
cat_threshold=67115556 25477718 33990756 590 184 1630784
is_linear=0
shrinkage=0.05


Tree=98
num_leaves=31
num_cat=4
split_feature=34 16 23 31 13 9 32 37 33 37 35 27 28 6 26 17 14 16 16 32 26 30 10 27 37 37 33 28 30 9
split_gain=32.0667 24.6614 35.0552 24.4541 26.9888 22.69 21.2113 20.4126 25.2122 48.5761 17.5687 17.2806 15.5818 15.5742 15.56 15.7145 14.9447 21.8183 14.8886 18.5852 19.879 19.9971 18.1127 17.3049 17.9299 23.2848 17.8744 16.8249 16.5728 27.4741
threshold=16.416666666666668 0 6.3239203624351044 1.4828646686814986 -0.97322851985520697 10.500000000000002 1020.8166666666668 -0.90036510850816864 0.59999999999999443 -0.98103834499896825 41.903327708776409 2.3500000000000014 67.416666666666671 2.0500000000000003 29.416666666666675 40.565535000000004 1 2 3 994.11666666666679 9.2416666666666689 6.8166666666666673 1.0000000180025095e-35 0.26246692913372766 -0.042865692734894316 0.83981728625725605 1.0402991022884902 93.583333333333357 23.81666666666667 12.500000000000002
decision_type=2 1 2 2 2 2 2 2 2 2 2 2 2 2 2 2 1 1 1 2 2 2 2 2 2 2 2 2 2 2
left_child=1 2 -1 10 -5 12 16 8 -3 -10 11 13 -4 14 18 -16 -6 -18 22 20 21 -20 -2 -24 -25 26 -26 -23 -21 -30
right_child=3 7 5 4 6 -7 -8 -9 9 -11 -12 -13 -14 -15 15 -17 17 -19 19 28 -22 27 23 24 25 -27 -28 -29 29 -31
leaf_value=-0.033085886219707414 0.00022776414742636288 0.0045550716847109684 -0.031602029710969093 -0.027552518342742055 -0.0072626833092654082 0.029887728464948846 -0.020800187301358013 -0.030794423476038779 0.66961722836847981 0.05303362220903466 -0.018289552937317953 -0.022289014390032787 0.2484066874807859 0.033703340483836969 0.0081525302400275307 0.059319744317222339 0.014005905836820577 -0.0044502498341087967 0.016048715068434926 -9.2706950646172313e-05 -0.0035183347098577747 0.13842533907404286 0.019819367690219455 0.010703661825587419 -0.0074299994405945249 0.024207252781116552 0.098938898500396638 0.016433650288343406 0.001420531705089844 -0.019689138935513183
leaf_weight=50.123675947776064 1628.1762327558827 18.041636681649837 23.084187612403188 130.58956612972543 573.02926085656509 82.836759770521894 161.12875708309002 198.92813605675474 0.32350492873229075 1.3834265379700799 118.17171657504514 78.620557868154719 0.40859407186508079 36.668460913002491 489.30830175685696 15.384213733021168 279.3808379592374 352.57325192703865 233.46517018624581 8511.5685051137116 158.03597398428246 6.215247347019611 252.67721507209353 669.44465190824121 414.38916630763561 72.778403190663084 3.8878609207458785 5.170903698541224 325.63243576511741 292.54308679513633
leaf_count=6003 18796 3122 3769 3418 12367 6484 8836 46960 43 222 5635 2899 23 559 4334 343 6640 7353 2239 119543 1225 57 2608 7055 6186 1024 41 55 1931 2749
internal_value=-0.000151568 -0.0145865 0.00126547 0.000214186 -0.00584516 0.0175934 -0.00376824 -0.0248455 0.0224144 0.200482 0.000895486 0.00106745 -0.0256998 0.00120763 0.00111627 0.00972367 -0.00148922 0.00380101 0.000770712 -0.000202815 0.0103052 0.0192252 0.00381012 0.00796415 0.00538141 -0.00187499 -0.00641789 0.0836495 -0.000666853 -0.0085709
internal_weight=15184 375.13 156.453 14808.8 1496.7 106.33 1366.11 218.677 19.7486 1.70693 13312.1 13194 23.4928 13115.3 13078.7 504.693 1204.98 631.954 12574 9532.63 402.887 244.851 3041.35 1413.18 1160.5 491.055 418.277 11.3862 9129.74 618.176
internal_count=282519 66626 16279 215893 38614 10276 35196 50347 3387 265 177279 171644 3792 168745 168186 4677 26360 13993 163509 127799 3576 2351 35710 16914 14306 7251 6227 112 124223 4680
cat_boundaries=0 1 2 3 4
cat_threshold=262724 4456 21041270 84019728
is_linear=0
shrinkage=0.05


Tree=99
num_leaves=31
num_cat=9
split_feature=34 26 16 28 16 16 23 2 16 35 14 16 11 23 12 35 33 19 37 26 14 16 28 23 13 34 6 9 16 13
split_gain=29.4266 25.3251 24.0808 23.2841 21.2818 21.0914 19.6005 16.9342 20.8137 17.8505 16.9273 22.7015 20.481 16.5667 16.0032 14.8623 16.2257 25.1842 31.8639 14.8316 14.7833 23.3596 23.5698 20.9595 25.9923 31.8322 22.3955 20.1561 16.8857 19.6144
threshold=19.166666666666668 22.866666666666671 0 51.583333333333336 1 2 5.9742029927610698 1.0000000180025095e-35 3 41.503848371379767 4 5 -0.9159756150367534 5.394383908890326 0.70403958523943977 0.97140452079103179 0.14142135623731489 392.00000000000006 -0.24144507379331268 3.7833333333333345 6 7 97.583333333333357 1.4625032186822575 -0.79980977965991029 88.833333333333357 0.35000000000000003 9.5000000000000018 8 -0.77335067770972976
decision_type=2 2 1 2 1 1 2 8 1 2 1 1 2 2 2 2 2 2 2 2 1 1 2 2 2 2 2 2 1 2
left_child=1 2 -1 5 6 -2 -3 8 13 10 11 12 -10 -5 -14 -8 17 -17 -19 -12 21 27 -23 24 25 -22 -26 -9 29 -25
right_child=3 4 -4 7 -6 -7 15 20 9 -11 19 -13 14 -15 -16 16 -18 18 -20 -21 23 22 -24 28 26 -27 -28 -29 -30 -31
leaf_value=-0.0043647086221426717 -0.0015000933653697875 -0.032383830844689515 -0.036042334937404975 -0.01042209784180354 -0.021257297292719551 -0.022112561681983691 -0.011739303421579764 -0.016513522285648657 0.059851216869184425 -0.029733304456054446 -0.010158954522712343 -0.02634917540900903 -0.030847410927691721 0.003035613942505096 0.011831268279447331 0.059056081049904591 0.023489084798035964 0.47641816084771549 0.017444781181536289 0.0026694875607473599 0.14487627853574922 0.0018916310117993542 -0.056486200499695355 -0.019050088651740314 0.0048745113938809875 0.025677636469291411 0.023279670393873769 -0.0014669193141149189 -6.6170827809963479e-05 0.0083323704432020484
leaf_weight=120.93029106361791 308.79043840710074 18.260545689379796 138.84956859983504 987.55012545664795 56.04311565705575 206.11854155454785 22.375881764572114 368.93644757103175 14.603584941476582 48.939096773043275 244.63509166939184 121.25428389571607 34.244602891150862 297.53715642797761 60.839766093529761 12.341640982311217 60.838943554554135 0.76242277352139354 0.6874607556965191 2838.6953274598345 7.4139019274152842 3265.675210519461 17.282320237718523 69.067492870148271 845.70515663828701 22.242126673460007 205.35507773980498 560.85209421766922 3010.1047888014 1202.2920089974068
leaf_count=16171 11528 1180 33447 23580 12821 12360 3011 5122 196 2841 8084 3023 819 7472 920 897 3799 52 73 50598 81 31979 131 749 5661 145 2292 6402 25202 11883
internal_value=-0.000145096 -0.01302 -0.0228583 0.000231581 0.00190366 -0.0102125 0.0138181 0.000609745 -0.00186636 0.000211746 0.000655442 -0.012112 0.00452116 -0.00724982 -0.0035557 0.0239625 0.0346681 0.0834585 0.273963 0.00164603 0.00181182 -0.000407588 0.0015778 0.00354959 0.00977788 0.0558636 0.00847237 -0.00735934 0.00198555 0.00679001
internal_weight=15169.2 431.09 259.78 14738.1 171.31 514.909 115.267 14223.2 4648.3 3363.21 3314.27 230.942 109.688 1285.09 95.0844 97.0063 74.6305 13.7915 1.44988 3083.33 9574.93 4212.75 3282.96 5362.18 1080.72 29.656 1051.06 929.789 4281.46 1271.36
internal_count=282519 71451 49618 211068 21833 23888 9012 187180 97533 66481 63640 4958 1935 31052 1739 7832 4821 1022 125 58682 89647 43634 32110 46013 8179 226 7953 11524 37834 12632
cat_boundaries=0 1 2 3 4 5 6 7 8 9
cat_threshold=67115556 25461366 33990772 35295232 32 4457056 1474 4743748 76165204
is_linear=0
shrinkage=0.05


Tree=100
num_leaves=31
num_cat=7
split_feature=34 16 33 32 16 37 14 33 13 16 16 14 32 10 35 18 36 33 26 9 28 38 15 25 38 38 33 30 36 14
split_gain=29.2207 27.2664 23.6929 23.3718 41.6155 22.7109 23.1663 26.7732 22.6972 26.6814 18.8128 36.4917 29.5543 26.987 24.1716 22.9559 19.9509 15.9394 16.6306 16.7867 15.4556 14.9035 16.0646 22.7267 18.1061 14.8364 17.9032 18.4195 24.7761 21.2584
threshold=2.4166666666666674 0 0.79999999999998306 1021.0166666666668 1 -0.36538972414534471 2 0.2943920288775782 -0.97322851985520697 3 4 5 1000.7166666666668 0.78656609248549325 22.16353233746651 115.39890000000001 0.84182270862611441 0.28284271247460296 30.516666666666669 9.5000000000000018 29.583333333333339 -0.4999999999999431 2022.5000000000002 1421.7437995776727 -1.2999999999997838 -1.633333333333155 1.2526056794587517 6.8166666666666673 0.80779448786466046 6
decision_type=2 1 2 2 1 2 1 2 2 1 1 1 2 2 2 2 2 2 2 2 2 10 2 2 10 8 2 2 2 1
left_child=1 2 21 8 5 6 7 -5 9 -2 11 12 -10 16 25 -15 17 -14 -19 -20 -12 22 23 -1 -25 -13 27 28 -27 -29
right_child=3 -3 -4 4 -6 -7 -8 -9 10 -11 20 14 13 15 -16 -17 -18 18 19 -21 -22 -23 -24 24 -26 26 -28 29 -30 -31
leaf_value=-0.025694852880693259 -0.022152947311834523 -0.038157393986264103 0.22955579425242154 0.0021652477482911876 -0.017183363952291621 -0.0067543191168716642 0.00065596934824292262 0.047716400873463599 0.060339675262864462 -0.0020708325343734286 -0.040772392656764023 0.014413087035772473 0.0080992487727240114 -0.028642919775197329 -0.0050737436985965976 0.02728955757723521 -0.026748520195713166 0.029175058316706248 0.045213798617787411 0.23921552514836716 0.00014315988356190725 -0.0117029450887492 -0.032587578174420616 0.39211484753613984 0.12025538252325596 0.00083892114828253259 -0.018258552205680966 0.015000392806898469 -0.026749765415336052 0.0032906389639556833
leaf_weight=2.0921165479812753 202.02615957916714 81.000970855122432 1.1625797208398569 57.49435184057802 506.33134823315777 470.10854179086164 276.83462316100486 73.422037338605151 36.99297143984586 784.25372570496984 23.04566582874395 337.20832666102797 114.10514405276626 59.0604674348142 833.5656438251026 26.497877839952707 21.28057484026067 204.59644740750082 2.8398570753633967 1.8025774192064998 8219.9752284782007 24.240526746492833 2.9462896217592061 0.70157249993644644 3.4178293370641768 684.65422045998275 92.903568221256137 540.27950822468847 92.255297131603584 1377.5312700180802
leaf_count=236 5232 27304 80 1042 25661 17834 6170 913 274 12597 3017 3573 1793 870 16410 340 376 2378 67 59 119217 3812 351 61 292 9026 710 5428 1449 15749
internal_value=5.36511e-05 -0.0249819 0.0131373 0.000246192 -0.00594444 0.000726604 0.00936894 0.0257623 0.000873773 -0.00643179 0.00144258 0.00406758 0.0171445 0.0138153 0.00248452 -0.0113087 0.0200541 0.0231417 0.0313371 0.123997 2.82415e-05 0.00886293 0.0628387 0.107901 0.174751 0.00450878 0.00331021 0.00405447 -0.00244016 0.00668545
internal_weight=15154.6 115.562 34.5609 15039.1 1384.19 877.86 407.751 130.916 13654.9 986.28 12668.6 4425.57 467.176 430.183 3958.4 85.5583 344.625 323.344 209.239 4.64243 8243.02 33.3983 9.15781 6.21152 4.1194 3124.83 2787.62 2694.72 776.91 1917.81
internal_count=282321 32136 4832 250185 51620 25959 8125 1955 198565 17829 180736 58502 6157 5883 52345 1210 4673 4297 2504 126 122234 4752 940 589 353 35935 32362 31652 10475 21177
cat_boundaries=0 1 2 3 4 5 6 7
cat_threshold=262148 71981108 240 76939280 25190994 132 7168
is_linear=0
shrinkage=0.05


Tree=101
num_leaves=31
num_cat=1
split_feature=34 23 32 18 1 26 26 38 33 13 31 14 15 12 17 33 33 6 17 27 23 33 37 23 38 27 13 37 34 9
split_gain=27.4042 21.991 20.2016 25.6884 23.7596 21.0406 19.9589 17.2057 20.6393 17.1587 21.4832 16.116 15.9227 15.867 21.7889 24.5877 14.8666 14.5317 14.0561 17.0896 18.4031 21.2702 13.7408 12.9044 22.6414 18.5929 20.3069 19.4796 43.9437 37.5969
threshold=2.4166666666666674 13.720557302533313 1021.0166666666668 133.33485500000003 0.24000000000000005 4.1833333333333345 11.358333333333336 -0.64999999999992031 0.40000000000006258 -0.97322851985520697 1.5577761927397242 0 2022.5000000000002 -0.31226905285971468 40.565535000000004 0.79999999999998306 0.44999999999996027 2.0500000000000003 42.987840000000006 0.67986926847903884 11.373950396621382 0.15000000000006256 0.92500360354672229 1.9324650203211082 0.099999999999965908 0.98092926463747809 0.99963164097526624 0.82035362126519618 94.583333333333357 3.5000000000000004
decision_type=2 2 2 2 2 2 2 10 2 2 2 1 2 2 2 2 2 2 2 2 2 2 2 2 10 2 2 2 2 2
left_child=12 2 9 4 5 -4 -6 8 -5 10 -2 -7 13 14 -1 18 -3 -11 19 20 21 -16 23 -13 -25 26 27 -26 29 -29
right_child=1 16 3 7 6 11 -8 -9 -10 17 -12 22 -14 -15 15 -17 -18 -19 -20 -21 -22 -23 -24 24 25 -27 -28 28 -30 -31
leaf_value=-0.040533297762615633 -0.0028758093361793678 -0.029753672029745323 -0.025614638148457158 -0.036615751896914933 0.021513377083591044 -0.018336630800899607 -0.01496913390862669 0.013762831737255033 0.017293211442538647 0.0014337429862992712 -0.027424661573132926 -0.013304525038091606 -0.043822191274717766 -0.035044383038183996 0.23191733822803587 0.28063619838398907 0.00016510196975748118 0.036041475804753212 -0.018710850508476345 0.021921701260781339 0.26074808853671744 -0.047901014496755767 -0.037984225832655788 -0.0071357698559856228 0.021074663630258672 -0.012829187720820159 0.1852332255711685 0.25736398758907397 0.33353801185059107 -0.016099659902139681
leaf_weight=10.769782584393395 859.73437869688496 101.67785664997064 222.31103982450441 42.21461900183931 104.70982815697789 227.3075187895447 58.279065433889627 238.33063101675361 30.509715172229335 12505.527034650557 99.3315397745464 125.29415357136168 54.691234739730135 26.285800742683932 0.97871261276305377 0.96633035037666459 70.129168910440058 30.306521257385612 7.7956949416548005 8.0631018632557225 1.8378326133824883 1.7625983336474744 24.99842900596559 155.72893438278697 93.663973187562078 31.528049576561898 1.9932019582483906 1.516185553278772 1.5300454031676052 5.6075850767083466
leaf_count=4124 12899 9711 13074 747 597 11417 315 3639 395 169411 3001 2858 17267 7728 107 64 4890 478 1769 756 101 220 1811 7912 3864 2516 51 79 32 488
internal_value=4.78115e-05 0.000232416 0.000438102 -0.00535706 -0.0090816 -0.0122907 0.00846734 0.00726789 -0.0140069 0.00102454 -0.00542096 -0.007861 -0.0244557 -0.00629372 0.017231 0.0463491 -0.0175483 0.0015177 0.0339592 0.0663295 0.142385 0.056647 -0.00200872 0.000109083 0.00587584 0.0207869 0.0309499 0.0277665 0.099127 0.0448599
internal_weight=15145.4 15032.2 14860.4 1365.52 1054.47 891.479 162.989 311.055 72.7243 13494.9 959.066 669.168 113.151 58.4599 32.1741 21.4043 171.807 12535.8 20.4379 12.6422 4.57914 2.74131 441.861 416.862 291.568 135.839 104.311 102.318 8.65382 7.12377
internal_count=282321 250185 235584 49795 45014 44102 912 4781 1142 185789 15900 31028 32136 14869 7141 3017 14601 169889 2953 1184 428 327 19611 17800 14942 7030 4514 4463 599 567
cat_boundaries=0 1
cat_threshold=3216
is_linear=0
shrinkage=0.05


Tree=102
num_leaves=31
num_cat=13
split_feature=34 16 23 32 16 37 14 33 23 11 16 37 38 16 14 30 14 11 16 14 35 16 14 12 38 16 14 2 24 12
split_gain=25.4594 24.7984 20.1829 18.3868 36.8105 19.1692 20.6035 23.3764 16.255 35.308 30.0272 21.0947 18.7428 36.9028 27.438 24.2956 27.2198 24.2201 26.2245 30.1996 21.0263 20.9516 21.9457 18.446 17.9661 26.5403 18.8948 17.6645 17.1802 16.9229
threshold=2.4166666666666674 0 13.720557302533313 1021.0166666666668 1 -0.36538972414534471 2 0.2943920288775782 1.9324650203211082 -0.12940952255126037 3 0.17271401524685967 -0.2666666666667083 4 5 15.016666666666667 6 -0.70710678118654757 7 8 24.002314591592558 9 10 -0.99760647975412031 1.1583333333333032 11 12 1.0000000180025095e-35 19.233233715193254 -0.7678804460366
decision_type=2 1 2 2 1 2 1 2 2 2 1 2 8 1 1 2 1 2 1 1 2 1 1 2 10 1 1 8 2 2
left_child=1 -1 3 8 5 6 7 -5 9 -2 11 29 13 -12 28 17 -17 21 19 -19 -20 -14 -23 -21 -18 -26 -27 -24 -15 -10
right_child=2 -3 -4 4 -6 -7 -8 -9 10 -11 12 -13 15 14 -16 16 24 18 20 23 -22 22 27 -25 25 26 -28 -29 -30 -31
leaf_value=0.011866232322450735 0.010350640377110564 -0.037299489283030278 -0.016953134483845878 0.002238424116837509 -0.015893428018792514 -0.0058369583717855405 0.00077076103849838071 0.04472352725497783 -0.0019078234498163755 2.851623742642562e-05 -0.0052840949137158422 0.0033034662861163898 -0.00087789027518401456 0.0097182563089652889 0.0010981452340046024 -0.017489132123367255 -0.00015794902464685696 0.007321796385148828 0.0047931153749365841 0.066683046370244303 -0.009747784489855308 0.0024474912513287646 0.045337372827231749 -0.024361793567335047 0.039125635360991416 0.001047200291227648 -0.021517117210726616 0.017595094762446233 0.039348958066261645 -0.020056254313031055
leaf_weight=35.379663208499551 1322.0435319833923 75.107872411375865 169.07422569510527 57.19917582673952 491.22054411913268 460.3829235364683 275.25841517117806 74.544490303611383 188.5019132855814 2218.7591297409963 941.42582445475273 239.7192912872415 295.24928665300831 1516.3231706314255 1481.7422089858446 355.17970581445843 1592.145317590097 131.03673869604245 1298.1214959060308 5.5900950457435092 307.39984983648174 182.94968231581151 84.355196738615632 262.38263868191279 15.728084419621153 143.50575797911733 281.13997188024223 179.76700094644912 50.4644475877285 403.26125589106232
leaf_count=4832 11383 27304 14601 966 24956 16992 6021 860 4214 22695 17085 7026 5939 16067 16067 3511 20053 2638 22279 93 9305 2505 1466 5994 962 1614 2729 1539 287 10338
internal_value=4.35141e-05 -0.0238593 0.000219449 0.000415009 -0.00512911 0.00113819 0.00905564 0.0244398 0.000973121 0.00388271 -6.16902e-05 -0.00909893 0.000771058 0.00334255 0.00600429 -0.00122572 -0.00491464 0.00198093 -0.0008763 -0.012177 0.00199619 0.00969555 0.0163314 -0.0216314 -0.00261759 -0.0115677 -0.0140445 0.025504 0.0106074 -0.0142765
internal_weight=15135 110.488 15024.5 14855.4 1358.61 867.385 407.002 131.744 13496.8 3540.8 9955.99 831.482 9124.51 3989.96 3048.53 5134.55 2387.7 2746.85 2004.53 399.009 1605.52 742.321 447.072 267.973 2032.52 440.374 424.646 264.122 1566.79 591.763
internal_count=282321 32136 250185 235584 49795 24839 7847 1826 185789 34078 151711 21578 130133 49506 32421 80627 28869 51758 40309 8725 31584 11449 5510 6087 25358 5305 4343 3005 16354 14552
cat_boundaries=0 1 2 3 4 5 6 7 8 9 10 11 12 13
cat_threshold=262148 71981108 240 1638400 71325728 6476 38 75800576 582 29378596 7176 71303168 648
is_linear=0
shrinkage=0.05


Tree=103
num_leaves=31
num_cat=7
split_feature=34 16 12 15 38 36 35 3 13 9 34 34 16 14 14 33 38 28 16 27 24 38 10 12 34 12 36 16 16 32
split_gain=23.9696 23.7238 22.3279 20.7277 30.7867 24.9298 17.5852 19.2633 16.1452 18.0451 22.0842 15.7903 23.8142 22.5641 16.5871 16.3782 15.2947 15.2753 18.8378 15.2107 22.6955 17.4185 17.1257 17.8484 14.8781 14.6274 15.1 24.3875 20.0958 19.569
threshold=12.833333333333334 0 -0.40828930082137055 2022.5000000000002 -2.3499999999999654 0.16393450173837901 5.4682510717166828 0.55000000000000016 -0.78938882915716746 14.500000000000002 6.166666666666667 99.833333333333357 1 2 3 0.21602468994695151 0.40000000000003416 85.416666666666671 4 1.7500000000000009 10.262183183024305 0.16666666666657196 -0.70710678118654735 -0.40045390565126626 4.5833333333333348 -0.99760647975412031 -0.4965547389710554 5 6 985.78333333333353
decision_type=2 1 2 2 10 2 2 2 2 2 2 2 1 1 1 2 8 2 1 2 2 10 2 2 2 2 2 1 1 2
left_child=1 2 3 4 -1 24 7 11 9 10 16 25 13 -13 -14 -16 -5 18 -9 -8 -21 22 23 -22 -6 -2 27 -27 29 -28
right_child=6 -3 -4 8 5 -7 19 17 -10 -11 -12 12 14 -15 15 -17 -18 -19 -20 20 21 -23 -24 -25 -26 26 28 -29 -30 -31
leaf_value=0.35824031911412546 0.026176327390102467 -0.02719525325534157 -0.0194284758961237 0.13422255775577138 0.085736203791314705 -0.020540846251248066 -0.00039114407634997339 0.009473756430758512 -0.034327794315287555 -0.047955725808038432 -0.045565454889299695 -0.014543801696452733 -0.027551516712924121 0.014789396841329997 -0.023082818964841652 0.0075824437772600414 0.51272523438878259 0.012186961786155675 -0.010608563769014439 -0.019377348706812049 0.0095769788904439095 -0.020686302009929977 -0.0011543798165497003 0.065153812346169016 0.018675015641334655 -0.023401789115787476 0.080571676008819273 9.851988035130307e-05 0.0088101331174109433 -0.0022268287128321741
leaf_weight=0.6454953143838783 63.559999177698046 148.71739012945909 66.269445253536105 0.72936207894236149 19.628377079498023 14.540227031335233 9700.0981264384463 258.14160055667162 20.392878144048154 1.4202462863177059 0.65298654767684627 91.942372238263488 146.49962871475145 177.20741402124986 72.329375048633665 109.09038444096223 0.44118926534429181 819.52122283913195 196.78388789668679 266.1145369457081 37.741259120870382 66.105327783850953 130.87029262585565 23.347174245165661 14.360094956122337 123.73549203318544 7.0976847293786696 639.4478391869925 1067.4880900222342 835.17617997317575
leaf_count=73 648 42954 9870 90 1409 1603 163044 1350 2835 171 64 657 1630 1472 684 1016 61 6266 1086 13704 445 1458 2110 261 700 1808 49 6393 10385 8025
internal_value=3.89423e-05 -0.0142502 0.0014511 0.0206544 0.0391244 0.0341518 0.000316295 0.00288074 -0.0177738 0.0842117 0.184291 0.000881782 -0.00648463 0.00460548 -0.015261 -0.00440656 0.306009 0.00810893 0.000761528 -0.0008395 -0.00913481 0.00143066 0.00905394 0.0308895 0.0575408 0.00248921 0.001925 -0.00401947 0.00430063 -0.00150179
internal_weight=15120.1 287.798 139.08 72.8109 49.1742 48.5287 14832.3 4608.02 23.6367 3.24378 1.82354 3333.57 597.069 269.15 327.919 181.42 1.17055 1274.45 454.925 10224.3 524.179 258.064 191.959 61.0884 33.9885 2736.51 2672.95 763.183 1909.76 842.274
internal_count=282321 59830 16876 7006 3785 3712 222491 41469 3221 386 215 32767 5459 2129 3330 1700 151 8702 2436 181022 17978 4274 2816 706 2109 27308 26660 8201 18459 8074
cat_boundaries=0 1 2 3 4 5 6 7
cat_threshold=8655364 38181394 1700 4210 54792720 5376512 34140198
is_linear=0
shrinkage=0.05


Tree=104
num_leaves=31
num_cat=13
split_feature=34 16 28 32 16 37 16 13 16 14 12 16 11 14 16 5 38 30 27 34 16 14 16 14 17 3 26 16 13 13
split_gain=23.0315 22.6797 18.6842 17.2148 33.7891 17.7307 19.3657 17.6842 22.6952 17.4556 16.4961 15.5658 34.4664 44.1852 51.6076 36.7922 28.4624 27.2938 26.3201 25.4436 25.4362 24.6248 25.2881 24.444 24.4905 21.1852 20.9645 29.6349 19.3493 24.5947
threshold=2.4166666666666674 0 29.583333333333339 1021.0166666666668 1 -0.086460536438706728 2 -0.97322851985520697 3 4 -0.71013501571253557 5 -0.70710678118654757 6 7 0.047140452079103209 -1.033333333333246 12.21666666666667 0.81785627642568726 94.416666666666671 8 9 10 11 36.628000000000007 1.8500000000000003 25.183333333333341 12 0.66012780149078465 0.57240397273781474
decision_type=2 1 2 2 1 2 1 2 1 1 2 1 2 1 1 2 8 2 2 2 1 1 1 1 2 2 2 1 2 2
left_child=1 -1 -2 7 5 6 -5 8 -4 -8 -11 18 13 14 -13 17 23 -16 19 25 -20 -18 -23 24 28 -9 27 -15 29 -14
right_child=2 -3 3 4 -6 -7 9 11 -10 10 -12 12 16 26 15 -17 21 -19 20 -21 -22 22 -24 -25 -26 -27 -28 -29 -30 -31
leaf_value=0.010601758337259315 -0.037599376022661918 -0.036611448376480428 -0.020462024937577518 -0.027194836204798303 -0.015426264905775776 -0.0072632226141661101 -0.0016893472797081964 -0.006107206506357701 -0.0016873408884890792 -0.011610912836265162 0.023640215669683468 0.0026486041261879938 0.03784625338148237 0.01541569894335258 0.030087827327296909 0.018655121849815159 0.003267250577389802 0.072852677774356167 0.0095144811098576559 0.0020080628107229043 -0.005168882076481595 -0.010157450861539697 -7.8567241780250777e-05 0.0010168695783096223 0.0096034645988163116 -0.070768289594671199 -0.021795253461486065 -0.002263354304468273 0.0076927465815228276 0.11620314861323394
leaf_weight=36.253415250219405 32.523107514716685 70.840042020427063 194.92350854701363 29.267287397058681 489.48965352540836 376.98622423340566 198.71719356020913 2169.806976628257 779.50040399678983 38.761693366803229 228.50193798821419 391.70018023601733 75.146192605840042 345.54829488554969 89.437770669814199 350.68707832507789 1849.2209421368316 64.235455179587007 954.39128364808857 1479.629528563004 419.6737592453137 1062.2644385318272 1493.7618785714731 638.01611207379028 383.60286751901731 12.642749283462761 87.516862547723576 708.33350212895311 44.160363582661375 11.502562488196416
leaf_count=4832 4306 27304 4868 1678 25490 15305 4253 34891 12512 702 3702 5435 1069 4300 3165 1997 28552 1692 8949 11107 12530 17243 23210 7485 4232 72 1807 9014 476 143
internal_value=3.38505e-05 -0.0230602 0.000198885 0.000281269 -0.00507851 0.000896221 0.00712555 0.000817734 -0.00567202 0.00966268 0.0178573 0.00131842 0.00274557 0.00831193 0.0165414 0.0270672 0.000709758 0.0479993 -0.000837708 -0.0030535 0.00506139 -0.00112041 -0.00429076 0.00770519 0.0156744 -0.00648501 0.00169072 0.00365898 0.034654 0.04837
internal_weight=15107 107.093 14999.9 14967.4 1361.72 872.234 495.248 13605.7 974.424 465.981 267.264 12631.3 7595.13 2037.46 896.06 504.36 5557.68 153.673 5036.14 3662.08 1374.07 4405.25 2556.03 1152.43 514.412 2182.45 1141.4 1053.88 130.809 86.6488
internal_count=282321 32136 250185 245879 51130 25640 10335 194749 17380 8657 4404 177369 109820 27410 12289 6854 82410 4857 67549 46070 21479 69005 40453 13405 5920 34963 15121 13314 1688 1212
cat_boundaries=0 1 2 3 4 5 6 7 8 9 10 11 12 13
cat_threshold=262148 71981108 16400 76939280 1550 38342692 500 92293136 33619972 5764 450624 2268 75636816
is_linear=0
shrinkage=0.05


Tree=105
num_leaves=31
num_cat=6
split_feature=3 26 1 27 16 5 32 16 38 16 38 38 34 16 9 26 38 38 31 9 30 24 34 37 16 28 30 29 36 16
split_gain=21.8708 34.063 27.8321 21.8721 21.7745 20.1426 19.5793 21.3698 19.9865 19.4678 18.6869 17.0547 16.6846 20.7643 37.3839 33.2939 24.165 22.7186 21.4997 30.6852 25.7055 20.8607 46.273 27.105 20.3066 19.3064 19.0254 22.5411 18.4267 25.7254
threshold=0.15000000000000005 4.5583333333333345 0.24000000000000005 2.5000000000000018 0 0.27265482080417303 1006.2583333333333 1 -3.4333333333331093 2 -1.4499999999999884 1.9500000000001594 90.416666666666671 3 11.500000000000002 22.866666666666671 0.66666666666668573 -1.9333333333333369 2.4506517540566839 16.500000000000004 12.516666666666667 12.554396375004339 17.166666666666668 0.50649238471630376 4 52.166666666666679 10.116666666666669 8.1988907174410866 -0.44682584501757167 5
decision_type=2 2 2 2 1 2 2 1 8 1 8 10 2 1 2 2 10 8 2 2 2 2 2 2 1 2 2 2 2 1
left_child=1 2 -1 4 11 6 7 -6 -9 -2 -7 -3 13 14 24 -16 18 26 19 20 -17 23 -23 -22 -8 -19 -15 -28 29 -27
right_child=9 3 -4 -5 5 10 12 8 -10 -11 -12 -13 -14 17 15 16 -18 25 -20 -21 21 22 -24 -25 -26 28 27 -29 -30 -31
leaf_value=-0.014687156119679638 0.0094901938240350963 -0.021619764916303397 0.01308693191906907 -0.02533230000830744 -0.0050206711244718295 0.014098041846825572 -0.026990873957682113 0.087559031270654814 0.012409282737469328 0.0011964390737628711 -0.010159968222931212 0.06654429873379894 0.0041956715257686628 -0.014116237950612731 0.0049014363167653452 -0.008975382034564966 -0.0322694971507669 -0.020538117566620922 -0.012346641569877021 0.018933891752955456 0.092584106671256425 0.17137703606039784 0.0060600320129043754 0.25319893475174143 -0.0023739090469132732 -0.014125393333368031 0.051422977579614275 -0.0036935691642574413 -0.0079444002532475418 0.0088733228205953776
leaf_weight=729.36449169542175 788.91493474692106 161.29383969155606 102.84851257503033 87.971684686490335 214.47736921813339 89.58872351795435 89.281525421887636 8.8906912358943355 568.62677219638135 6273.6235677972436 692.01437933370471 5.5830949370283625 1674.2044141232036 34.37783471995499 674.45749972388148 9.1984003111720067 14.012641302542759 209.25385762692895 19.615433976519853 62.534686711616814 28.33896268368699 5.4486860798206207 17.882521989755332 2.8488835790194562 576.32043361291289 157.13408502365928 48.621153241605498 29.935383765492588 1261.3869421973359 439.05815014010295
leaf_count=33182 4550 18879 496 7701 3152 429 3972 119 8804 35986 3290 423 21623 2952 20097 557 642 22359 841 1481 761 149 259 79 19675 8904 839 672 45234 14230
internal_value=0.000109526 -0.00167812 -0.0112536 -0.000568479 -0.000261051 0.000181489 0.00114327 0.00848027 0.01335 0.00213814 -0.00737802 -0.0175792 5.7778e-05 -0.00182496 0.00269859 0.00976643 0.0302736 -0.00492745 0.0362997 0.0438616 0.0682585 0.0812819 0.0452342 0.108018 -0.00612061 -0.0061435 0.0168776 0.0304418 -0.00452095 0.00272229
internal_weight=15077.1 8014.57 832.213 7182.36 7094.39 6927.51 6145.91 791.995 577.517 7062.54 781.603 166.877 5353.91 3679.71 1499.94 834.338 159.88 2179.77 145.868 126.252 63.7175 54.5191 23.3312 31.1878 665.602 2066.83 112.934 78.5565 1857.58 596.192
internal_count=282337 241801 33678 208123 200422 181120 177401 12075 8923 40536 3719 19302 165326 143703 48513 24866 4769 95190 4127 3286 1805 1248 408 840 23647 90727 4463 1511 68368 23134
cat_boundaries=0 1 2 3 4 5 6
cat_threshold=67633152 296966 16801808 297060 4 22028304
is_linear=0
shrinkage=0.05


Tree=106
num_leaves=31
num_cat=4
split_feature=2 34 16 15 24 17 24 14 16 32 11 32 30 36 32 4 16 12 13 36 30 1 9 24 36 32 30 23 32 24
split_gain=20.6795 29.9015 30.955 19.6696 29.244 58.9057 19.4396 22.0366 25.6072 31.469 30.5843 28.5197 23.6394 25.7399 19.9724 18.1428 17.7939 32.728 19.8594 30.6363 23.3313 20.8879 22.4924 21.955 18.0165 20.425 21.7293 17.3153 23.6753 38.9159
threshold=1.0000000180025095e-35 33.416666666666679 0 2022.5000000000002 3.1503688072870992 49.053130000000003 3.4190478996905456 1 2 1021.4166666666669 -0.5 1011.8166666666668 13.016666666666667 0.91146720494819899 1002.8833333333336 0.11666666666666668 3 -0.65365639399891895 0.99550911953113241 0.21844433548998918 5.1833333333333345 0.4250000000000001 13.500000000000002 7.0482033892964919 0.10984243762833651 1020.7166666666668 7.4166666666666687 11.373950396621382 1014.8166666666668 8.2921069127565463
decision_type=8 2 1 2 2 2 2 1 1 2 2 2 2 2 2 2 1 2 2 2 2 2 2 2 2 2 2 2 2 2
left_child=1 2 3 4 5 -1 15 8 9 10 11 -8 13 -13 -12 -3 17 -9 -18 -20 -21 22 -22 -24 25 -19 -27 -6 -29 -30
right_child=-2 6 -4 -5 27 -7 7 16 -10 -11 14 12 -14 -15 -16 -17 18 24 19 20 21 -23 23 -25 -26 26 -28 28 29 -31
leaf_value=0.086774751766635905 0.0014164318473509133 -0.020545127700546839 -0.035466367226696674 -0.0092930151547294931 -0.016802162760486863 0.65861439718105474 0.013010234408365226 0.016934307721227268 -0.00035493418444103634 -0.036648010624311764 0.040927315790767471 0.021353471220731755 0.082157615441227766 0.18171399402413579 0.002046083881558572 0.016716781635242355 -0.0069239883923839785 -0.0020180277233438591 -0.016971875792119541 -0.035950236489514752 0.099249527058887746 -0.021394249676002355 0.094325892246832188 -0.03022553362262342 -0.016861261871304691 -0.014453858313921049 0.060735289943952712 -0.0089161365292452551 0.035602999456435518 0.68833422862309379
leaf_weight=5.025255324784669 10017.049589035683 214.90405471180566 123.57481731160078 229.91563599766232 12.729323799489064 0.40083487657830108 89.045070461928844 276.89331785403192 1072.6471115618479 29.464534281287342 37.608080445788801 46.713219895027578 39.027046534232795 2.5475863898172966 266.25550469243899 38.442296348512173 1923.1292665535584 317.05216933600605 39.252539525739849 8.284737086389212 24.030931684188545 7.4763446524739257 5.8454616046510628 8.6544372406788153 184.77978104352951 14.600528707262127 27.822910552378744 1.22271814814303 0.53690963541157533 0.31294827652163804
leaf_count=653 130824 13140 22625 28218 1623 96 959 5936 20372 1404 344 955 466 35 4636 219 36629 5833 856 259 293 36 74 125 4250 693 384 237 95 68
internal_value=0.000101362 -0.00250809 -0.0161157 -0.00493142 0.0420193 0.140171 -0.00141986 -0.00064784 0.00406399 0.0131728 0.0165041 0.032999 0.0531217 0.0299981 0.00687015 -0.0148867 -0.00327953 0.00290742 -0.00580067 0.0166564 0.0409558 0.0548526 0.0696642 0.020288 -0.00417724 0.00234556 0.0348849 0.00533948 0.135843 0.323124
internal_weight=15065.2 5048.2 373.718 250.144 20.228 5.42609 4674.48 4421.13 1583.31 510.661 481.197 177.333 88.2879 49.2608 303.864 253.346 2837.82 821.149 2016.67 93.5445 54.2919 46.0072 38.5308 14.4999 544.255 359.476 42.4234 14.8019 2.07258 0.849858
internal_count=282337 151513 53615 30990 2772 749 97898 84539 29171 8799 7395 2415 1456 990 4980 13359 55368 17096 38272 1643 787 528 492 199 11160 6910 1077 2023 400 163
cat_boundaries=0 1 2 3 4
cat_threshold=67394164 334 295494 21053536
is_linear=0
shrinkage=0.05


Tree=107
num_leaves=31
num_cat=3
split_feature=23 32 34 12 16 9 11 33 38 38 30 32 30 6 16 15 38 12 33 27 30 16 38 10 10 13 34 27 5 31
split_gain=20.1546 19.4785 16.5714 21.0539 17.8078 16.0619 15.6635 18.4146 31.8838 35.6638 19.5527 16.0811 14.8727 14.7762 14.4995 14.0033 20.907 18.92 13.8084 23.1172 20.3689 18.0535 27.0406 20.5868 19.2632 22.3748 23.9731 26.3805 20.0449 31.9935
threshold=13.720557302533313 1032.8833333333337 6.5833333333333348 -0.40828930082137055 0 11.500000000000002 -0.12940952255126037 0.16996731711975357 0.34999999999996595 0.65000000000003422 17.683333333333341 1014.6166666666668 19.158333333333335 1.9500000000000002 1 2022.5000000000002 -1.2999999999997838 0.83440738405450643 0.37416573867740327 1.7500000000000009 20.941666666666674 2 -1.7999999999997838 -0.98296291314453399 0.37940952255126054 -0.91968655568559032 9.5833333333333339 1.2270100694512835 0.047140452079103209 0.60000000000000042
decision_type=2 2 2 2 1 2 2 2 10 8 2 2 2 2 1 2 8 2 2 2 2 1 8 2 2 2 2 2 2 2
left_child=1 2 3 4 6 -2 7 8 -1 -10 -9 -11 -12 18 15 16 17 -7 19 -4 -21 24 23 -23 25 28 27 -27 29 -20
right_child=5 -3 13 -5 -6 14 -8 10 9 11 12 -13 -14 -15 -16 -17 -18 -19 21 20 -22 22 -24 -25 -26 26 -28 -29 -30 -31
leaf_value=0.022077985835329092 -0.035416784723242882 -0.028143932673028782 -0.00029610252010624444 -0.035964193869287557 -0.025943474040204237 0.057191222257063058 -0.006069631152457732 -0.0087840016130271148 0.45140291858972725 0.29879731091330525 0.18755824803973759 0.012492875736342075 -0.015877034223102351 0.030874345189128762 -0.017493934991065246 -0.015758191173143074 0.024076683414465484 0.29313131152385485 0.14612183210014562 -0.020525885727718084 0.023732056360392675 0.058155658434411089 -0.00057423229690715971 0.010017332165221608 -0.0006425531792952049 0.01361172113885549 0.0077428159177025599 0.26847748136998156 0.018502391784698122 0.035758622731958158
leaf_weight=4.0234575783833888 68.594077497255057 59.846487760543823 8641.4007989438251 70.416619603172876 24.975300848018378 2.2032615751959388 22.48282215744257 12.330023751594128 1.0992669186089186 0.62544798408635038 2.5383462714962657 1.5429368698969481 1.3400766123086212 40.039647111669183 74.806329602142796 17.800990670453757 24.476779926102612 1.3513396789785472 8.5562813288997841 228.35249769338407 29.250996062532067 23.401912061031908 3835.4939871917013 406.20020088530146 506.95974916615523 2.2678071579430243 818.77112013357691 1.7551405874546615 95.728516172617674 27.656073527177796
leaf_count=369 10168 5375 135999 19225 9005 92 3360 1406 77 42 80 149 64 632 10477 1318 1323 45 182 10142 351 224 46004 3853 8615 191 12175 110 533 751
internal_value=9.35301e-05 0.00029997 0.000415121 -0.0166154 0.00260952 -0.016117 0.019532 0.0522243 0.117665 0.231211 0.0222458 0.104606 0.118635 0.000579402 -0.00512302 0.0154973 0.04084 0.152454 0.000496256 -0.000736187 -0.0154931 0.00241136 0.000756525 0.0126525 0.00718531 0.0114167 0.00834939 0.12862 0.0305242 0.0621659
internal_weight=15056.3 14867.1 14807.2 141.374 70.9577 189.233 45.9824 23.4996 7.29111 3.26765 16.2084 2.16838 3.87842 14665.8 120.639 45.8324 28.0314 3.5546 14625.8 8899 257.603 5726.79 4265.1 429.602 1461.69 954.735 822.794 4.02295 131.941 36.2124
internal_count=282337 258914 253539 33777 14552 23423 5547 2187 637 268 1550 191 144 219762 13255 2778 1460 137 219130 146492 10493 72638 50081 4077 22557 13942 12476 301 1466 933
cat_boundaries=0 1 2 3
cat_threshold=8657412 264820 192550
is_linear=0
shrinkage=0.05


Tree=108
num_leaves=31
num_cat=5
split_feature=27 16 14 32 36 12 32 31 34 16 26 16 15 14 32 31 34 29 36 12 36 34 13 24 33 27 26 26 34 12
split_gain=18.8086 31.098 17.5492 18.9615 21.6854 19.4301 14.5661 14.6061 19.4324 26.6776 20.3329 16.4432 18.5636 26.6614 15.3776 29.0775 14.4727 18.9483 20.3187 33.8853 19.9979 32.2631 20.6281 16.818 16.0481 14.4436 16.6498 14.6254 22.1695 15.4793
threshold=1.611072796479277 0 1 1014.2166666666668 -0.97176860197492976 0.17927415433127158 1032.8833333333337 1.4828646686814986 28.416666666666668 2 29.81666666666667 3 2022.5000000000002 4 1014.9166666666669 0.9741092797468307 28.416666666666668 7.0553192529232183 -0.90284877398578034 -0.95260028690456633 -0.45779801550907478 4.8333333333333348 -0.17082345007074987 8.932163231549417 0.95000000000001716 1.8999999999999992 26.866666666666671 24.683333333333341 78.583333333333357 -0.77332218843568024
decision_type=2 1 1 2 2 2 2 2 2 1 2 1 2 1 2 2 2 2 2 2 2 2 2 2 2 2 2 2 2 2
left_child=6 2 -2 5 -5 25 7 8 9 -1 -11 12 13 -9 -12 -16 17 -15 23 20 -20 22 -22 -19 -21 -4 27 -27 29 -29
right_child=1 -3 3 4 -6 -7 -8 11 -10 10 14 -13 -14 16 15 -17 -18 18 19 24 21 -23 -24 -25 -26 26 -28 28 -30 -31
leaf_value=0.0062454548952818358 -0.012696027678917169 -0.016665929818363935 -0.003960162154519632 0.14966577065414946 -0.0095374518845782689 0.054146822094564132 -0.025566679324612027 -0.010611975384075118 0.0014776606430074431 -0.024838286797177547 0.017816064047803459 -0.010778872044179764 -0.0066628475971018527 -0.016673599630052133 0.4424339597732847 -0.043205722394829754 0.014830333474835153 0.043318100416603229 0.039407284987043295 0.0020005507406571565 0.69335551763520542 0.1203365470387114 0.16204754588337827 0.19331009274623603 0.252015113060297 0.023579011019237397 0.0033234138036856431 0.19643360524043144 0.018552226247505414 0.071365422864973591
leaf_weight=159.21990880998783 143.55790190189146 419.86464717448689 91.025276683503762 2.0731639559380701 136.62725608842447 29.528614301700145 53.126026635523885 96.092050110688433 12470.865606295411 220.78778028592933 17.037896163878035 561.11267496366054 354.11380217270926 8.5689516505226475 0.51795220561325439 0.58278056769631803 144.83589084306732 3.1264326453674611 2.0986642123898491 17.535673703183424 0.44398892088793218 1.925766210304573 0.39361639996059539 4.8265487304888666 0.56630519730970164 36.24290378508158 54.353578037698753 4.4691201394889504 8.6692087687551957 5.8070161610376108
leaf_count=15850 3006 25994 1142 72 5601 320 4560 4002 149689 27795 918 20402 14279 1342 80 84 3194 331 175 1727 35 118 82 115 18 548 621 67 73 97
internal_value=8.62977e-05 -0.00679198 0.0015953 0.0073485 -0.00705172 0.0163474 0.000540526 0.000639321 0.00113047 -0.00974211 -0.0198262 -0.00464666 0.000932048 0.0105553 0.0301137 0.203128 0.0210254 0.0489658 0.0671535 0.042958 0.158722 0.244796 0.48759 0.135616 0.0111636 0.0107581 0.022981 0.0423002 0.0778024 0.127127
internal_weight=15050 932.219 512.354 368.796 138.7 230.096 14117.8 14064.7 12869 398.146 238.926 1195.64 634.528 280.414 18.1386 1.10073 184.322 39.4859 30.917 22.964 4.86204 2.76337 0.837605 7.95298 18.102 200.567 109.542 55.1882 18.9453 10.2761
internal_count=282337 37541 11547 8541 5673 2868 244796 240236 194416 44727 28877 45820 25418 11139 1082 164 7137 3943 2601 2155 410 235 117 446 1745 2548 1406 785 237 164
cat_boundaries=0 1 2 3 4 5
cat_threshold=42066038 1112 83892740 22487092 118
is_linear=0
shrinkage=0.05


Tree=109
num_leaves=31
num_cat=7
split_feature=3 26 7 16 34 5 38 16 16 14 31 16 12 24 28 36 13 16 32 16 38 13 36 36 13 38 32 12 9 28
split_gain=18.1583 29.4569 25.5881 22.2764 19.6651 20.2454 19.4035 18.062 17.8835 19.1836 21.967 17.3035 15.7801 32.8963 18.0767 15.6025 15.4642 15.0402 16.9243 19.5292 16.1516 15.0136 23.5991 36.3698 71.7738 15.4773 14.818 68.7061 14.4057 14.3388
threshold=0.15000000000000005 4.5583333333333345 0.24000000000000005 0 9.1666666666666696 0.27265482080417303 -1.4499999999999884 1 2 3 0.59533408577782287 4 0.77332218843568057 3.952864738351745 95.833333333333357 -0.14120338432687682 0.62058661934845294 5 1006.4583333333335 6 -3.4333333333331093 0.91968655568559055 -0.90750927358995603 -0.95600336576042244 0.96011450294824419 2.7000000000001028 1026.5583333333336 -0.7678804460366 11.500000000000002 73.833333333333357
decision_type=2 2 2 1 2 2 10 1 1 1 2 1 2 2 2 2 2 1 2 1 8 2 2 2 2 10 2 2 2 2
left_child=1 2 12 6 7 17 -4 28 9 10 -7 29 -1 -14 16 -8 -15 21 19 -19 -21 25 23 -23 -25 26 -6 -28 -3 -2
right_child=11 4 3 -5 5 8 15 -9 -10 -11 -12 -13 13 14 -16 -17 -18 18 -20 20 -22 22 -24 24 -26 -27 27 -29 -30 -31
leaf_value=-0.019102671891021796 -0.004674189830468474 -0.032543065644229617 0.046392960177008842 0.020344391220597152 -0.025646385368367261 0.026939898952348634 -0.0038238528146732642 -0.026551453433846989 -0.014754230583710152 -0.011461268361546408 -0.0050914303327016883 0.0010406640772046298 -0.012267115351730891 0.023714920778782671 0.1848637838958723 -0.052339132771300527 0.15604121748427369 -0.00706637529311511 0.00019334195212835799 0.076257688102728163 0.010898330546237928 0.014334382737449143 0.0017395637512606756 0.8062027442205516 -0.041580637831910461 0.11776534986150333 0.68270452013039584 -0.047178765527262002 0.02154624492889088 0.012316241749343022
leaf_weight=513.92155534122139 154.45473070070148 16.704343238379806 10.915918394923208 102.20384996756911 119.56877529923804 104.64554053544998 37.620001010596752 122.54287350922823 406.57831238210201 180.97650580853224 109.40601218491793 6269.5675171352923 99.546981640043668 20.833409726852558 2.2128539411351076 29.544286593794823 2.3784057295415542 170.86827736068517 5215.8878519856371 9.495020315051077 650.76127218012698 1.4113204851746561 9.1257876523304713 0.43090988346375425 0.45366325764916837 1.872107813367619 0.31613758206367482 1.3828078340739001 45.948809832567349 632.41903633438051
leaf_count=24886 779 3070 51 501 10800 506 170 39869 1937 872 534 35986 7147 700 65 131 27 2464 133691 116 9215 104 943 47 59 54 61 252 3529 3771
internal_value=7.95496e-05 -0.00155316 -0.0105347 0.00609822 -0.000526653 -0.000100061 -0.0134353 -0.0166034 -0.00757566 0.000183431 0.0101016 0.0019277 -0.0152284 0.000706391 0.0513515 -0.0252109 0.037885 0.000869458 0.00124724 0.00787538 0.0116729 -0.0150695 0.0384243 0.178081 0.411345 -0.0212811 -0.023523 0.119038 0.00612089 0.00886835
internal_weight=15044 7987.55 819.177 180.284 7168.38 6983.18 78.0802 185.196 801.606 395.028 214.052 7056.44 638.893 124.972 25.4247 67.1643 23.2118 6181.57 6047.01 831.125 660.256 134.562 11.4217 2.29589 0.884573 123.14 121.268 1.69895 62.6532 786.874
internal_count=282337 241801 33678 853 208123 161655 352 46468 3849 1912 1040 40536 32825 7939 792 301 727 157806 145486 11795 9331 12320 1153 210 106 11167 11113 313 6599 4550
cat_boundaries=0 1 2 3 4 5 6 7
cat_threshold=16891972 262148 105089120 6744 16801808 67633152 34822
is_linear=0
shrinkage=0.05


Tree=110
num_leaves=31
num_cat=5
split_feature=34 32 16 23 13 24 14 11 9 24 34 36 4 10 2 12 24 24 27 16 24 32 37 16 26 12 26 35 11 16
split_gain=21.3264 18.293 17.9578 29.6592 23.6948 24.8762 20.4794 19.9044 19.3341 28.1108 64.3102 16.8095 15.8351 48.3868 15.7806 15.1601 14.9159 16.2112 15.4676 14.4569 14.0604 13.9788 13.9478 66.1912 29.0575 19.6419 18.5554 18.8276 26.8103 42.0027
threshold=0.58333333333333337 994.11666666666679 0 3.6637973291411341 0.31228055688579465 3.6915196893960922 1 -0.5 17.500000000000004 13.824686487465524 25.166666666666668 -0.99050511539267816 1.0000000180025095e-35 0.12940952255126045 0.24000000000000005 0.72800098152115778 2.5079069282280284 4.3387672111546429 0.69999999999999962 2 10.076293574663646 1013.5166666666668 -0.87408459470699784 3 16.641666666666669 0.99628166032228249 29.81666666666667 22.634780297479228 -0.5 4
decision_type=2 2 1 2 2 2 1 2 2 2 2 2 2 2 8 2 2 2 2 1 2 2 2 1 2 2 2 2 2 1
left_child=-1 19 3 6 -5 -6 7 21 9 -7 12 -9 13 -11 -8 -10 -13 -18 -19 20 -2 -3 23 24 -4 -25 27 -24 29 -29
right_child=1 2 22 4 5 8 14 11 15 10 -12 16 -14 -15 -16 -17 17 18 -20 -21 -22 -23 26 25 -26 -27 -28 28 -30 -31
leaf_value=-0.026161150791651596 0.018912227822472899 0.030212619710304936 0.006476490316170487 -0.029963865625392036 -0.043258853600682289 0.020897114776699546 -0.014185677117288603 -0.1109477778877023 -0.057001711544036208 0.094000157504413318 0.032952919268983027 0.075246446179539905 0.2227304684663429 0.99257606183660507 0.0011304900781869149 0.057467405607915578 -0.03165969063242538 0.036896842335289073 -0.022778509983454237 -0.0031628951004834677 -0.028300901418631903 0.1007006026049891 0.00024208358370145759 -0.0013153467841537569 0.026580497165335743 -0.044227380172828748 0.011403099917587737 0.014377888546450078 -0.0095359698125999804 -0.0089795735219431235
leaf_weight=77.496282467269339 291.70351744827349 26.544629575917497 360.18198360875249 195.54727725707926 22.68176202068571 42.778438926441595 278.07637820136733 2.9263143148273221 12.123745629796757 0.2814924461999897 3.347559513989836 7.6096462192945173 0.64314302243292332 0.28837618697434664 425.26144969253801 3.7007885242346665 23.896423195837997 34.636480052839033 15.716277400497345 147.20868155371863 16.583596842829138 9.5458141743438301 8858.6108616625424 1471.7117182167713 358.83124318381306 27.058807583060116 323.2357595016947 363.07211601990275 1269.6208612846676 388.24722042353824
leaf_count=25118 2919 251 3744 15463 1379 2682 7787 63 773 68 68 311 14 54 5845 126 1099 416 333 1454 101 204 130529 19426 3854 433 4492 8697 35484 9117
internal_value=-1.62565e-05 0.000119158 -0.000190258 -0.00628532 -0.0203547 0.00154343 -0.00155629 0.0166625 0.0176747 0.0336541 0.150299 0.00478336 0.446968 0.629009 -0.00485712 -0.0300387 0.00905088 0.00217455 0.0182625 0.0099846 0.0158502 0.0490832 0.000316352 0.00393926 0.0162854 -0.00207911 -0.000400611 -0.000751406 -0.00510607 0.00238008
internal_weight=15059.2 14981.7 14526.2 1105.61 281.393 85.8453 824.213 120.876 63.1635 47.339 4.56057 84.7851 1.21301 0.569869 703.338 15.8245 81.8588 74.2492 50.3528 455.496 308.287 36.0904 13420.6 2217.78 719.013 1498.77 11202.8 10879.6 2020.94 751.319
internal_count=282304 257186 252712 36936 20627 5164 16309 2677 3785 2886 204 2222 136 122 13632 899 2159 1848 749 4474 3020 455 215776 27457 7598 19859 188319 183827 53298 17814
cat_boundaries=0 1 2 3 4 5
cat_threshold=68689920 56 1630816 25303072 508498
is_linear=0
shrinkage=0.05


Tree=111
num_leaves=31
num_cat=7
split_feature=34 28 33 27 16 37 36 16 26 13 16 34 2 17 36 16 37 29 10 36 23 14 13 29 37 36 16 16 28 24
split_gain=19.7687 16.4457 16.2441 19.8525 18.6517 17.2066 16.3771 42.4188 18.1999 15.945 15.9411 23.3034 23.1579 21.011 18.5435 19.1962 21.5661 18.5493 18.1896 20.9602 16.6275 15.0795 17.1461 16.0522 14.9518 14.8221 28.5546 23.9266 22.704 18.6516
threshold=0.58333333333333337 29.583333333333339 0.37416573867740327 1.6739839372652967 0 0.20529928080850704 0.78005583884562013 1 29.416666666666675 0.94445443497892156 2 86.416666666666671 1.1500000000000001 52.44380000000001 0.098104255567069434 3 -0.17643089399828699 7.5212361663282543 -0.37940952255126059 0.76653286103403107 0.90374150796064245 4 0.99963164097526624 8.0069384267237709 0.99018806877943577 -0.14120338432687682 5 6 73.833333333333357 10.646994088878552
decision_type=2 2 2 2 1 2 2 1 2 2 1 2 8 2 2 1 2 2 2 2 2 1 2 2 2 2 1 1 2 2
left_child=-1 -2 3 10 -5 -6 -4 8 9 -8 12 13 18 14 15 -12 -17 -18 19 -3 -13 22 -20 -23 -19 27 -27 29 -29 -22
right_child=1 2 6 4 5 -7 7 -9 -10 -11 11 20 -14 -15 -16 16 17 24 21 -21 25 23 -24 -25 -26 26 -28 28 -30 -31
leaf_value=-0.025512793381772793 -0.036492016366040894 -0.011606396541109247 0.0032735959145413968 -0.026072740735921043 0.0095518823198687888 -0.020953480593437726 -0.02788089640411312 0.0052045539511395384 0.01384270797758355 0.0064541713219217704 0.0059720441042231918 -0.0098285628369345623 0.0068648236983308158 -0.025738384541884665 -0.011864825830227309 -0.016581354949375137 -0.005021369199268491 0.018592926455211704 0.0059965746412546182 0.0078037514028253445 0.00043516533068971579 6.8494151356695987e-05 0.080598033622648557 -0.021469777459574759 0.16400985904101903 -0.0094941563213917224 0.0049756938376937822 -0.0051217898273315243 0.013487218360889494 -0.024745059220254079
leaf_weight=75.545179985114373 30.522687093005516 627.60990765097085 5086.5950122789945 141.48802036116831 119.33426306967158 75.314655177295208 242.83444759156555 465.2855862963479 37.730101638706401 39.24196172261145 491.49145490000956 367.42589692212641 1415.4210951774148 135.14084111398552 681.72594530845527 313.94823949027341 270.55738569563255 83.74360297806561 766.45819875935558 178.59654488053638 435.78497888799757 435.93948308913969 7.6811212850734583 107.82359559286851 1.7080744088161726 677.27867872035131 668.44102846551687 208.04563013277948 771.65404313942418 88.372058014385402
leaf_count=25118 4760 10111 71891 8731 3523 2910 4739 6794 295 604 9804 3021 21629 7984 21431 13734 10365 3222 11935 2211 4494 7202 96 2694 95 5788 7546 2542 6423 612
internal_value=-1.66665e-05 0.00011214 0.000187153 -0.00113919 -0.0130613 -0.00214593 0.00223617 -0.00448485 -0.0181738 -0.0231037 -0.000680259 -0.00244073 0.00190527 -0.00671551 -0.00531944 -0.00147686 -0.00692732 0.00139387 -0.00139078 -0.00730609 0.000180614 0.0022281 0.00666106 -0.00412959 0.0216879 0.0014715 -0.00234048 0.00488257 0.00943902 -0.0037427
internal_weight=15048.7 14973.2 14942.7 9070.98 336.137 194.649 5871.69 785.092 319.807 282.076 8734.85 5195.32 3539.53 1978.32 1843.17 1161.45 669.957 356.009 2124.11 806.206 3217 1317.9 774.139 543.763 85.4517 2849.58 1345.72 1503.86 979.7 524.157
internal_count=282304 257186 252426 168103 15164 6433 84323 12432 5638 5343 152939 97061 55878 66635 58651 37220 27416 13682 34249 12322 30426 21927 12031 9896 3317 27405 13334 14071 8965 5106
cat_boundaries=0 1 2 3 4 5 6 7
cat_threshold=68569090 110202882 18156048 42074208 7436 33583200 4358150
is_linear=0
shrinkage=0.05


Tree=112
num_leaves=31
num_cat=6
split_feature=23 32 5 16 13 19 11 16 13 23 4 23 16 13 10 16 32 28 26 24 26 29 13 16 16 9 2 12 30 24
split_gain=18.0749 16.9036 23.5006 26.518 22.251 19.5756 16.5047 62.9421 43.1088 42.7517 31.4296 41.0353 27.9689 56.8007 31.2195 57.2273 29.1485 27.6596 27.2336 27.1191 25.169 25.9159 21.7725 21.3496 20.364 28.8587 21.057 20.136 26.0195 22.082
threshold=18.363821519087438 1022.9166666666669 0.049999999999999968 0 0.99815866078541859 36.500000000000007 -0.70710678118654757 1 -0.4083043422438935 2.606678509148217 1.0000000180025095e-35 4.0336399693170701 2 -0.58639553337069572 -0.78656609248549292 3 1010.6416666666668 49.583333333333336 9.4833333333333361 6.1374066762944484 24.81666666666667 9.0154057280480249 0.74541039586774327 4 5 20.500000000000004 3.5500000000000003 -0.22132528438243254 18.858333333333338 4.8333821296837725
decision_type=2 2 2 1 2 2 2 1 2 2 2 2 1 2 2 1 2 2 2 2 2 2 2 1 1 2 8 2 2 2
left_child=1 6 3 -3 -5 -6 7 8 10 23 11 -1 14 16 15 -8 18 -13 19 -14 21 -17 -11 -9 25 -16 -26 28 -28 -29
right_child=-2 2 -4 4 5 -7 12 9 -10 22 -12 17 13 -15 24 20 -18 -19 -20 -21 -22 -23 -24 -25 26 -27 27 29 -30 -31
leaf_value=0.36941297426723757 -0.031158716427270507 -0.028387499020426862 0.0024889829824453354 -0.0070555937065573783 0.12323332815299928 -0.0071090744250550675 0.021206142709717456 0.020119760103608109 0.0046050083236920556 -0.011746521234278676 0.015376520895561144 0.018538370709887918 -0.02663821137183044 5.7952064758369623e-05 -0.015200406811538066 0.0006609708703275419 -0.016136367849028565 0.065115251872500488 -0.0028172146653275827 0.15287866283869719 -0.020084575853359533 -0.029127439950520629 0.0046642070148703585 0.0014289233909242809 0.0026227727790935156 0.015853923464604684 0.002475139809933503 0.040254858126231641 0.024652296191570392 0.0027968816274263095
leaf_weight=0.8590499977581193 46.351904806448147 182.82755701290444 394.98592478502542 300.36787272512447 6.1867091822205094 5.2976598934037611 171.70325764175504 203.67830466676969 1057.4078785548918 977.78557050286327 462.92328868433833 66.758005665848032 3.3360024167923239 4426.4926494467072 262.61564074945636 536.46146775374655 997.74588618834969 61.097674497286789 476.66353486524895 5.4775305595248938 354.92564302776009 84.417641677893698 254.71030809322838 557.74489754508249 1744.9967709521297 104.50635904725641 193.57514771504793 41.841055144672282 417.61187093798071 636.05883753672242
leaf_count=39 8860 20870 2319 19326 198 329 2445 2234 16279 18994 2828 4932 89 78178 4963 6140 33164 2825 9214 52 3529 2580 4005 4594 19772 1484 3771 585 2701 5005
internal_value=-1.76063e-05 7.88883e-05 -0.0066051 -0.0138655 -0.00429759 0.0635649 0.000500629 0.00339891 0.0105887 -0.00258765 0.0214594 0.0433074 -0.000508947 -0.00277493 0.00243577 -0.00469004 -0.0112474 0.0408293 -0.00119855 0.0853934 -0.00936974 -0.00339324 -0.00835494 0.00671362 0.00484712 -0.00618989 0.00618278 0.0110492 0.0176299 0.00511444
internal_weight=15037.4 14991.1 889.666 494.68 311.852 11.4844 14101.4 3642.96 1649.05 1993.92 591.638 128.715 10458.4 5909.72 4548.71 1147.51 1483.22 127.856 485.477 8.81353 975.805 620.879 1232.5 761.423 3401.21 367.122 3034.08 1289.09 611.187 677.9
internal_count=282304 273444 43042 40723 19853 527 230402 56730 26903 29827 10624 7796 173672 120697 52975 14694 42519 7757 9355 141 12249 8720 22999 6828 38281 6447 31834 12062 6472 5590
cat_boundaries=0 1 2 3 4 5 6
cat_threshold=26951746 68612674 50333748 4 13172736 4
is_linear=0
shrinkage=0.05


Tree=113
num_leaves=31
num_cat=3
split_feature=34 32 16 23 13 30 34 9 12 12 29 32 11 13 16 37 37 26 13 16 35 26 1 24 2 5 37 38 29 28
split_gain=17.991 16.1753 15.7942 26.2226 21.975 24.1124 33.1706 21.1535 20.2393 18.2657 20.4867 17.047 15.5334 16.5696 13.9626 13.2791 20.0294 13.0821 16.0011 14.672 13.0597 19.0831 13.0269 12.9224 12.6956 22.5911 12.6465 20.6618 17.7522 12.5764
threshold=0.58333333333333337 994.11666666666679 0 3.6637973291411341 0.40043915342903263 17.941666666666674 34.166666666666679 11.500000000000002 -0.67924831531502416 0.90927406153630363 0.48570226039551589 1011.5416666666669 -0.5 -0.17928075881073577 1 0.92971696589317931 0.73328952748060283 9.2416666666666689 -0.10281720934011651 2 39.010680835549202 23.658333333333335 0.15000000000000005 3.6915196893960922 0.55000000000000016 0.32659863237109055 -0.89002657790460027 0.23333333333351905 4.9440812476641245 65.166666666666671
decision_type=2 2 1 2 2 2 2 2 2 2 2 2 2 2 1 2 2 2 2 1 2 2 2 2 8 2 2 10 2 2
left_child=14 17 3 9 -5 23 7 8 -7 11 -11 24 13 -12 -1 16 -14 18 -2 -19 -4 26 -21 -6 25 -3 27 -22 -29 -20
right_child=1 2 20 4 5 6 -8 -9 -10 10 12 -13 15 -15 -16 -17 -18 19 29 22 21 -23 -24 -25 -26 -27 -28 28 -30 -31
leaf_value=0.015172822237884307 0.079033088607457197 -0.00142006351644334 0.00051951912857705089 -0.02849072950135478 -0.041540807717174798 0.38847153709170801 0.0039371724817674177 -0.0028514505232827506 0.11145809685162472 -0.10785405145702538 0.13702243871258343 -0.014793318036461046 0.0057388956872371812 0.036381437726491959 -0.033191138587075279 -0.071854641434695818 0.09735162223954924 -0.010855401448566301 -0.061202990384200052 0.045895980622670696 -0.024551484399805881 0.0073766009131759173 0.00086949314744238615 0.0056466002156983532 0.0092223444462413273 -0.049857000419621447 -0.023556693090402033 0.15442645368836294 0.0028310398464782768 0.015674208094108435
leaf_weight=16.539592844899744 9.7445992110297066 227.43049147992861 13106.301328291534 193.76927869906649 20.266244305181317 1.3853287608362737 6.4686641828157008 1.0567862814059479 1.3887849951861411 2.7849059336585915 5.6205771793611374 239.86754065926652 36.42961026809644 14.765096204937434 56.706229870440438 4.1497203112812704 7.0381358365993938 120.86869961535558 5.33743294305168 27.008559008594602 10.823853561654689 101.79307764302939 39.436167793348432 50.380403193528764 256.05128666211385 26.823202151805162 174.07024140865542 3.957188803702592 3.6926034786738455 253.32979682052974
leaf_count=1568 81 3922 204152 15852 1184 85 156 233 53 76 41 7609 1060 244 23550 185 138 1220 100 254 455 2145 253 3064 2897 137 8764 109 151 2566
internal_value=-1.8049e-05 0.000103128 -0.00018849 -0.00593183 -0.0193546 0.00252351 0.0736097 0.188162 0.258495 -0.00151063 0.0227499 -0.00380264 0.028249 0.0646628 -0.0247209 0.012557 0.0207619 0.00937729 0.0164521 -0.000763913 0.000285357 -0.0101284 0.0167033 -0.00792953 0.00136538 -0.00654765 -0.0193819 0.019871 0.0822311 0.0140649
internal_weight=15025.3 14952 14496.3 1095.68 274.715 80.9462 10.2996 3.8309 2.77411 820.961 70.788 750.173 68.0031 20.3857 73.2458 47.6175 43.4677 455.725 268.412 187.313 13400.6 294.337 66.4447 70.6466 510.305 254.254 192.544 18.4736 7.64979 258.667
internal_count=282304 257186 252712 36936 20627 4775 527 371 138 16309 1744 14565 1668 285 25118 1383 1198 4474 2747 1727 215776 11624 507 4248 6956 4059 9479 715 260 2666
cat_boundaries=0 1 2 3
cat_threshold=68689920 4 84512790
is_linear=0
shrinkage=0.05


Tree=114
num_leaves=31
num_cat=5
split_feature=34 32 33 23 16 36 10 23 36 16 27 16 13 13 31 17 36 18 32 38 11 34 14 16 31 32 26 26 28 38
split_gain=16.7962 14.5396 14.5807 19.7576 20.0795 22.9937 17.8623 19.1196 16.4223 54.7739 22.0901 21.1542 17.7404 25.2049 22.1128 18.8976 18.3281 17.779 20.076 18.681 16.4579 19.072 14.8669 22.7577 15.2742 14.7328 14.671 19.444 14.6385 14.5402
threshold=0.58333333333333337 994.11666666666679 0.37416573867740327 11.950533906864615 0 0.87435448486020839 0.78656609248549325 3.6637973291411341 0.098104255567069434 1 1.4165686240583859 2 -0.9770278626699701 -0.95517546204608139 1.3000000000000007 41.308535000000006 0.46358082491641922 40.104600000000012 1015.6583333333334 0.9000000000001479 -0.60355339059327384 42.166666666666679 3 4 1.104536101718727 1011.4416666666668 19.541666666666671 19.141666666666669 99.583333333333357 -2.8666666666665033
decision_type=2 2 2 2 1 2 2 2 2 1 2 1 2 2 2 2 2 2 2 10 2 2 1 1 2 2 2 2 2 10
left_child=-1 -2 3 4 5 25 7 -7 11 10 12 28 -10 14 -14 16 -15 18 -18 -20 -13 -22 23 -4 -25 -3 27 -17 -6 -12
right_child=1 2 22 -5 8 6 -8 -9 9 -11 29 20 13 15 -16 26 17 -19 19 -21 21 -23 -24 24 -26 -27 -28 -29 -30 -31
leaf_value=-0.024149236322128117 0.0088843164984776929 -0.0041684094886186001 0.007620214085897456 -0.018990241724859969 0.0055635595591493397 0.033073545336818048 -0.025472612425930588 -0.024451851110444164 -0.016257247141997326 -0.010559055096322184 0.10887573336387933 0.0051145880295866827 0.053394968989470853 -0.0022806926244377194 -0.054188781922698985 0.0022391721625179446 0.018913182271632467 0.014807314901501551 0.053414400816393662 0.15699838877985073 -0.026763776740156515 -0.0034321468191496974 0.0039735920093226353 -0.0014125335970447863 -0.012237554608488322 -0.015748966213516079 -0.014351928793796556 0.058424094134668203 -0.095387688851257091 -0.015689483835752832
leaf_weight=71.671375957783312 456.24170777923428 615.55614959518425 556.69328172912356 157.7553477906622 2154.7764733548975 81.12488915247377 23.623972179135308 17.491998011013493 102.69890130625572 1332.8402094889898 2.274323154706507 558.26998619595543 41.754986715386622 131.92037090065423 5.3101704781875005 1192.8270434640581 26.137970995157957 251.95577676943503 14.760049260687085 6.1894276323728254 94.899519280530512 1123.4473968357779 3282.3821074592415 1462.7436612056335 419.18301148654427 495.94347915623803 135.98852897074539 15.50039317877963 3.4972600229084483 183.33008323702961
leaf_count=25118 4474 10145 11966 14183 31731 1109 576 889 1740 22159 19 9242 494 2337 173 15678 278 3979 149 79 9697 16253 48690 16197 8096 17706 2086 239 19 6803
internal_value=-1.90948e-05 9.67699e-05 -0.000179963 -0.00146096 -0.00113965 -0.00701581 0.0135027 0.0228556 -0.000147301 -0.00266904 0.00235251 0.00205916 0.00395218 0.00509192 0.0411676 0.00413323 0.013243 0.0200897 0.0482631 0.0846183 -0.00198291 -0.00525154 0.0017837 -0.0011754 -0.00380402 -0.00933653 0.00121203 0.00296469 0.00537068 -0.0141053
internal_weight=15018.8 14947.1 14490.9 8769.87 8612.12 1233.74 122.241 98.6169 7378.38 3443.49 2110.65 3934.89 1925.04 1822.34 47.0652 1775.28 430.964 299.043 47.0874 20.9495 1776.62 1218.35 5721 2438.62 1881.93 1111.5 1344.32 1208.33 2158.27 185.604
internal_count=282304 257186 252712 167763 153580 30425 2574 1998 123155 56213 34054 66942 27232 25492 667 24825 6822 4485 506 228 35192 25950 84949 36259 24293 27851 18003 15917 31750 6822
cat_boundaries=0 1 2 3 4 5
cat_threshold=1581060 88377874 58790496 3618 71512100
is_linear=0
shrinkage=0.05


Tree=115
num_leaves=31
num_cat=7
split_feature=6 27 2 34 16 37 15 24 24 26 32 14 16 33 16 34 13 36 32 32 12 25 37 13 14 16 38 28 18 16
split_gain=16.6638 15.4999 13.5252 21.6808 33.9671 22.1887 19.9349 28.1048 30.0478 14.6455 19.3326 14.7671 23.4763 15.7335 15.5072 23.2798 15.4768 19.3925 14.7436 13.9146 18.9778 13.8778 13.8034 13.7423 13.702 23.5249 26.8727 22.6822 23.6545 21.5788
threshold=2.0500000000000003 2.9505413319260918 1.0000000180025095e-35 33.416666666666679 0 0.46679021324860093 2022.5000000000002 3.0509623747293326 2.5769103065516314 4.1833333333333345 1008.6833333333335 1 2 0.45460605656618192 3 99.833333333333357 0.9969807975668411 0.9555616524368552 1026.5583333333336 1009.9416666666668 -0.33663728424691025 275.87879880544659 0.18344655009624591 -0.8982586596074329 4 5 0.80000000000012517 39.833333333333336 -120.68151999999999 6
decision_type=2 2 8 2 1 2 2 2 2 2 2 1 1 2 1 2 2 2 2 2 2 2 2 2 1 1 10 2 2 1
left_child=1 2 3 4 5 6 7 8 -1 10 -5 12 13 22 15 -13 18 -18 -16 20 -15 -14 -11 -21 25 -4 27 28 -27 -26
right_child=-2 -3 24 9 -6 -7 -8 -9 -10 11 -12 14 21 19 16 -17 17 -19 -20 23 -22 -23 -24 -25 29 26 -28 -29 -30 -31
leaf_value=0.077699509739229566 0.035946370882999755 -0.027782778778457581 0.0099992845673810091 0.0037183202430251272 -0.034225905089550659 -0.025692246183996334 0.0024835967465322737 0.021389924676215304 0.37488403529924086 0.0069458909621277131 -0.017974864687177669 -0.0046033970015704846 0.0011693619698383857 0.031305545078126294 0.0036138004657558578 0.027777364541884775 0.019519410576750152 0.12848337808663918 -0.034500447439722408 -0.029217224584338411 0.13101077108835277 -0.015225541492578374 -0.020308885981952997 0.027601453980879355 -0.011932106886197722 0.39006879895764146 -0.008161656147381265 0.003250636667204015 0.058666008003431185 0.00024015307465547763
leaf_weight=2.6616793109569694 31.788978571072221 50.792369191069156 963.97711217054166 162.23638226487674 122.41379030083772 69.665897894185036 147.39669821423013 10.78222849103622 1.2029533038148654 165.79586373292841 279.64138597901911 1206.0179939861409 173.07947484822944 21.00257968809456 1835.8892489525024 58.085451692342758 77.781983373686671 4.2151814745739093 25.629121359204873 15.503488906659184 6.1165968053974202 507.42672511376441 64.424875709461048 33.394867814145982 378.46758776484057 0.47608655039220948 625.60530281753745 2153.6870107318973 9.6413294555386511 5782.347061663284
leaf_count=291 551 4508 10318 4024 23401 11802 15582 1201 101 2872 13390 25285 2574 226 30389 596 1371 52 1070 300 78 12330 1659 730 13544 28 6605 20334 1071 76220
internal_value=-0.000159214 -0.0002362 -0.00014214 -0.00226509 -0.014188 -0.00202768 0.00803072 0.0634581 0.177327 -0.00135411 -0.0100111 -0.000441877 -0.00575748 0.00564444 0.00120765 -0.00308899 0.00400379 0.0252705 0.00308722 0.0255353 0.0541923 -0.010896 -0.000686581 0.00956392 0.00092647 0.00330296 0.000961092 0.00360338 0.0779256 -0.000525912
internal_weight=14987.1 14955.4 14904.6 4990.36 354.123 231.709 162.044 14.6469 3.86463 4636.24 441.878 4194.36 986.744 306.238 3207.62 1264.1 1943.52 81.9972 1861.52 76.0175 27.1192 680.506 230.221 48.8984 9914.2 3753.39 2789.41 2163.8 10.1174 6160.81
internal_count=282503 281952 277444 149324 52378 28977 17175 1593 392 96946 17414 79532 20769 5865 58763 25881 32882 1423 31459 1334 304 14904 4531 1030 128120 38356 28038 21433 1099 89764
cat_boundaries=0 1 2 3 4 5 6 7
cat_threshold=67377780 1184 1196640 102469664 6172 92828176 71835648
is_linear=0
shrinkage=0.05


Tree=116
num_leaves=31
num_cat=1
split_feature=6 27 37 34 35 26 12 17 27 31 36 31 32 26 2 14 26 13 33 24 12 1 26 10 24 31 12 13 24 37
split_gain=15.5199 14.2635 13.6937 12.7639 12.6531 17.5841 12.0535 13.6812 12.6236 16.9773 16.1369 20.1742 11.782 11.6508 11.4202 10.3427 23.2796 20.9984 25.1171 17.7181 22.3492 20.16 20.7054 17.1777 16.6802 20.6973 19.0677 17.3521 21.4582 16.6073
threshold=2.0500000000000003 2.9505413319260918 -0.87408459470699784 1.1666666666666667 39.855293709521995 23.658333333333335 -0.31226905285971468 40.565535000000004 0.5499999999999996 2.9500000000000011 -0.57272795389815268 0.55000000000000027 1032.8833333333337 31.716666666666672 1.0000000180025095e-35 0 27.258333333333336 0.91968655568559055 1.2101409307696482 10.575715273354403 -0.86167001593038517 0.24000000000000005 6.8416666666666677 -0.70710678118654735 5.3677976643983039 3.8504148182202775 -0.61383352812826175 0.99904236206516794 8.2479026724435833 -0.68879216016249023
decision_type=2 2 2 2 2 2 2 2 2 2 2 2 2 2 10 1 2 2 2 2 2 2 2 2 2 2 2 2 2 2
left_child=1 3 -3 6 12 -6 7 -1 9 10 11 -9 15 14 -7 16 19 -18 -19 21 -21 24 -23 -24 26 27 -5 -26 -29 -22
right_child=-2 2 -4 4 5 13 -8 8 -10 -11 -12 -13 -14 -15 -16 -17 17 18 -20 20 29 22 23 -25 25 -27 -28 28 -30 -31
leaf_value=-0.045711050913217512 0.035214379276091327 0.047279121129731191 -0.036084686978317002 -0.017586505640653085 -0.020238662966944949 0.0027848762552167491 -0.042766954966318195 0.30187924528879745 -0.0048250145249061739 0.3006191013463812 -0.048933700220679374 0.048352027608930745 -0.02377234779589087 -0.04927162786893427 0.047970575317942361 -0.0011077755317655395 0.007198625314583644 0.047103913367564414 -0.052155283679165144 0.070350089603091664 0.0044201066366406699 0.015892422342155734 -0.0095001862439258802 0.0070923746786215299 0.0025100785162651944 0.12431145494084049 -0.0013813780708729524 0.015388230382961363 0.0980025095359809 -0.0069468720006818337
leaf_weight=12.357384099741465 30.853330723941326 5.4521601962624109 44.420698713161983 206.40898320998531 171.6495814609807 58.339720756513998 33.858427698607557 0.89695317414589215 19.253249241388403 0.62471444148104627 2.7742394354427251 3.9506684924708679 51.146963872248307 8.0469433574471605 18.297299353405833 7159.8790635197656 721.91106165142264 59.527593711507507 7.0530686359852544 10.023046248825265 425.64406362560112 469.74620010703802 212.82076153531671 583.24053368158638 1795.4104540859116 3.4394059263868249 1500.5027538553113 35.511976662324741 10.013563736923969 1310.2927188717294
leaf_count=6811 551 261 4247 5845 9417 1854 14081 86 3563 58 618 415 4107 656 95 121296 7934 429 82 89 4309 3155 1310 3680 33613 128 38799 428 94 14492
internal_value=-0.000153699 -0.000226962 -0.0268949 -0.000137476 -3.41662e-05 -0.0110443 -0.0208775 -0.00222204 0.0174151 0.0687747 0.0461249 0.100415 0.00015971 0.00759416 0.0136215 0.000244225 0.00156036 0.00967942 0.0365267 0.00058717 -0.0037279 0.00215122 0.00756886 0.00265585 0.000220013 0.00351646 -0.00334191 0.00328404 0.0337346 -0.00415964
internal_weight=14973.3 14942.5 49.8729 14892.6 14818.9 256.334 73.7156 39.8572 27.4998 8.24658 7.62186 4.84762 14562.6 84.684 76.637 14511.4 7351.55 788.492 66.5807 6563.05 1745.96 4817.09 1265.81 796.061 3551.29 1844.38 1706.91 1840.94 45.5255 1735.94
internal_count=282503 281952 4508 277444 251812 12022 25632 11551 4740 1177 1119 501 239790 2605 1949 235683 114387 8445 511 105942 18890 87052 8145 4990 78907 34263 44644 34135 522 18801
cat_boundaries=0 1
cat_threshold=6428
is_linear=0
shrinkage=0.05


Tree=117
num_leaves=31
num_cat=3
split_feature=6 27 37 23 2 16 31 14 5 16 32 36 27 9 27 26 26 4 30 37 38 27 29 32 28 23 32 32 30 35
split_gain=14.4467 13.1398 13.0086 12.0761 11.4487 16.502 17.9052 15.4104 14.1861 13.8216 24.0041 14.8325 15.0331 13.99 20.3782 17.7656 18.8949 18.5692 25.805 19.9578 17.852 17.9674 26.6971 29.1258 34.1106 25.2106 21.6987 18.396 22.7431 17.3079
threshold=2.0500000000000003 2.9505413319260918 -0.13109884883346257 19.037195478081728 1.0000000180025095e-35 0 1.6506310717667223 1 0.65159863237109061 2 1022.2166666666668 0.93959324006261891 0.90000000000000135 11.500000000000002 1.067707825203132 21.516666666666669 26.866666666666671 1.0000000180025095e-35 16.916666666666671 -0.86816923326635242 0.75000000000005695 0.30456030825826103 6.515986323710905 1017.5166666666668 54.583333333333336 10.098099071437739 1007.4833333333335 1020.1166666666668 7.8166666666666673 28.511447643520942
decision_type=2 2 2 2 8 1 2 1 2 1 2 2 2 2 2 2 2 2 2 2 10 2 2 2 2 2 2 2 2 2
left_child=1 3 -3 4 5 7 8 9 -7 10 13 -11 -13 14 -1 17 29 18 19 -15 21 -21 23 24 25 -23 -26 28 -25 -17
right_child=-2 2 -4 -5 -6 6 -8 -9 -10 11 -12 12 -14 15 -16 16 -18 -19 -20 20 -22 22 -24 27 26 -27 -28 -29 -30 -31
leaf_value=0.014359741427862373 0.034481807922036464 0.00028915722599167021 -0.051221499343040461 -0.029125755876583333 0.00092199268230013518 -0.0028824862059331287 -0.019461185498293222 -0.0022475017528363799 -0.023130396754547304 -0.0015784722797164798 -0.036075267741270983 0.055582811082800977 -0.021748428465906904 -0.044302675256412072 -0.026347242667004191 0.041311954567984921 0.0016288727477220312 7.0228436930136459e-05 0.28356706045494645 -0.035944125970441512 -0.0026420555309242186 0.39293361668843652 0.016816344978769146 0.14716224862665536 0.14540266941833277 0.08994582146267556 -0.040750868463924735 0.1134027052084121 0.46503438367043737 0.10337488143863001
leaf_weight=142.41251546563581 29.958437044173479 23.966190373175777 24.984160481020808 35.725134199019521 9886.7858469550265 2155.1874997108243 195.7044166456908 1556.1193487467244 90.026317656040192 512.46893072989769 23.571967127849348 22.348740637302402 8.6652398164151219 6.9464601856889194 39.104746916564181 41.559892796329223 19.837175510008819 88.374070357531309 0.95610522874630888 3.4191446152981397 12.276550546637734 1.1474660451058318 8.762729377136564 1.1866026526549824 2.1886234525591135 1.7069138183724133 4.8634121075738221 2.0541027273284271 1.2636720206355674 15.446640109177677
leaf_count=3292 551 1359 3149 7583 124406 62459 13751 42909 459 13928 1700 441 186 237 1554 971 569 602 37 160 730 39 537 77 55 92 200 126 51 293
internal_value=-0.000146702 -0.000216423 -0.0260526 -0.000131256 -6.1281e-05 -0.00202217 -0.00493992 0.000824174 -0.00369536 0.00577193 0.0125346 0.000448096 0.0339762 0.0157734 0.00558045 0.0244944 0.0436768 0.013563 0.0390027 0.0332925 0.0472379 0.0701888 0.0859353 0.127559 0.0782702 0.220925 0.0182478 0.231904 0.322904 0.0582803
internal_weight=14959 14929.1 48.9504 14880.1 14844.4 4957.6 2440.92 2516.68 2245.21 960.562 417.079 543.483 31.014 393.507 181.517 211.99 76.8437 135.146 46.7718 45.8157 38.8692 26.5927 23.1735 14.4108 9.90642 2.85438 7.05204 4.50438 2.45027 57.0065
internal_count=282503 281952 4508 277444 269861 145455 76669 68786 62918 25877 11322 14555 627 9622 4846 4776 1833 2943 2341 2304 2067 1337 1177 640 386 131 255 254 128 1264
cat_boundaries=0 1 2 3
cat_threshold=4473462 842 262214
is_linear=0
shrinkage=0.05


Tree=118
num_leaves=31
num_cat=3
split_feature=6 34 16 15 35 16 13 10 32 12 38 35 10 35 38 9 38 34 4 27 37 29 32 9 38 37 38 23 11 16
split_gain=13.4421 12.5107 12.715 12.5995 12.1001 16.4687 12.144 11.3567 11.2822 10.9701 11.9776 10.5537 12.4958 13.7445 16.0771 17.0494 14.3224 13.3947 9.84507 9.81272 13.4734 9.75621 9.33386 17.7114 11.9528 12.9915 9.83381 9.10792 8.79272 50.2068
threshold=2.0500000000000003 1.1666666666666667 0 2022.5000000000002 39.855293709521995 1 -0.19614254142819695 0.12940952255126045 1032.8833333333337 -0.31226905285971468 -1.0999999999999657 41.00609665440988 0.60355339059327384 44.524798914169061 -0.50000000000005673 16.500000000000004 -0.83333333333320059 56.833333333333336 0.18000000000000002 2.9505413319260918 -0.87408459470699784 3.529513042005219 1018.2166666666668 14.500000000000002 0.73333333333351913 -0.020724494691377621 -0.54999999999989757 19.037195478081728 -0.70710678118654757 2
decision_type=2 2 1 2 2 1 2 2 2 2 8 2 2 2 10 2 10 2 2 2 2 2 2 2 10 2 8 2 2 1
left_child=1 2 3 7 8 6 11 9 19 22 -11 -6 13 14 15 16 -13 -16 -10 27 -21 -19 23 26 25 -24 -1 28 29 -3
right_child=-2 4 -4 -5 5 -7 -8 -9 18 10 -12 12 -14 -15 17 -17 -18 21 -20 20 -22 -23 24 -25 -26 -27 -28 -29 -30 -31
leaf_value=0.20230826096337928 0.033748825470219075 0.0093703568121222321 -0.033602381979831945 -0.043593376739683019 -0.01307521931026878 -0.020536768181824643 -0.016795686328400995 -0.038803996851764812 -0.034067706205513144 0.13598823090125209 -0.049463949223169323 0.094514226700977033 -0.017924065443543549 0.0040554662288910066 0.011703290395480362 0.03461117695768464 0.32984946649318447 0.19301968538661254 0.021664565519906073 0.050381485501775396 -0.034830633681293043 0.062098109331682805 0.079450501571286136 -0.037747570616394957 -0.0076062809783716129 0.27792508434239366 0.031841655958562129 -0.029063872157787097 -0.00043751328776779559 -0.0024024629595240867
leaf_weight=1.6678124577738342 29.102756962180138 1513.1092947811121 44.189927417435683 7.8689525640802449 18.974573018262163 153.07259349571541 39.070641668979079 4.6112406043102956 41.173042175243609 0.996471899561584 4.1365355496527654 1.2860828551929442 10.155069324653594 13.373590833740307 11.291091924300423 1.9891500221565364 1.472128341905772 1.9104223260655988 9.7337744981050474 5.2245129015063858 36.410541500081308 5.4854646266903728 1.8389630527235568 3.622886763419956 1.1633432388771323 1.5848091447260231 1.7076934699434843 26.373817042214796 10731.196624620701 2228.416691108956
leaf_count=57 551 24688 22503 1571 559 8216 1781 1087 4138 77 721 73 568 671 384 52 50 41 43 192 2841 129 85 186 73 87 84 4143 174264 32588
internal_value=-0.000140804 -0.00020712 -0.0207864 0.0075501 -0.000105277 -0.0108351 0.00480953 0.0300565 8.45741e-05 0.0491671 -0.0115514 0.0183458 0.0310418 0.0445631 0.0675646 0.148922 0.227265 0.0462135 -0.0233897 0.000166917 -0.0240428 0.0980401 0.0759373 0.0386951 0.130719 0.176601 0.119465 0.000236602 0.000290197 0.00237733
internal_weight=14952.2 14923.1 73.3886 29.1987 14849.7 258.081 105.008 21.3298 14591.6 16.7185 5.13301 65.9376 46.963 36.8079 23.4343 4.74736 2.75821 18.687 50.9068 14540.7 41.6351 7.39589 11.5855 6.99839 4.58712 3.42377 3.37551 14499.1 14472.7 3741.53
internal_count=282503 281952 26531 4028 255421 12524 4308 2457 242897 1370 798 2527 1968 1400 729 175 123 554 4181 238716 3033 170 572 327 245 172 141 235683 231540 57276
cat_boundaries=0 1 2 3
cat_threshold=262148 43041286 68612672
is_linear=0
shrinkage=0.05


Tree=119
num_leaves=31
num_cat=3
split_feature=6 34 35 16 26 12 16 32 38 34 24 23 9 38 4 13 16 36 12 26 29 29 34 2 9 12 12 23 35 4
split_gain=12.5022 11.824 11.1148 15.303 13.274 11.1043 13.5978 10.4329 10.2507 15.5371 19.1958 26.2617 11.4071 10.0589 9.16059 9.04289 22.8284 17.6378 16.6921 19.7781 18.2065 19.253 15.6401 13.8641 15.8207 11.9413 11.3395 15.3587 22.3354 12.3899
threshold=2.0500000000000003 1.1666666666666667 39.855293709521995 0 23.658333333333335 -0.31226905285971468 1 1032.8833333333337 -0.1999999999999886 57.416666666666679 13.649366346650348 9.8002320856562282 3.5000000000000004 3.4000000000001482 0.18000000000000002 -0.97322851985520697 2 0.85531826000483335 0.0085831648773537477 17.241666666666671 2.7265482080417307 6.5743120962686392 65.583333333333357 1.0000000180025095e-35 10.500000000000002 -0.017166329754707305 0.025746965133975435 3.18517614988188 16.756424642070403 0.55833333333333346
decision_type=2 2 2 1 2 2 1 2 10 2 2 2 2 10 2 2 1 2 2 2 2 2 2 8 2 2 2 2 2 2
left_child=1 5 7 4 13 6 -1 15 9 10 11 -6 -10 -4 -9 16 26 18 19 20 25 -22 -21 -23 -25 -18 27 28 -3 -30
right_child=-2 2 3 -5 8 -7 -8 14 12 -11 -12 -13 -14 -15 -16 -17 17 -19 -20 22 21 23 -24 24 -26 -27 -28 -29 29 -31
leaf_value=0.018940649543296835 0.033015657815383896 -0.011501631750007195 -0.012333415740193733 -0.022354846507366424 0.22038507719670108 -0.042311812755034074 -0.028974982945183671 -0.033316095361303498 0.076996464483368748 -0.013643993863004023 0.013287978029934013 0.051240753672759869 -0.015974043172830545 0.12335750804711197 0.02059738149231654 0.00049763934816429202 0.050789745655157127 -0.030591303537679471 0.0088504610689669177 0.0075085074086310953 -0.022310502168945104 -0.040005509811496719 -0.019203572489972131 0.17973710394914144 0.032414643934259468 -0.035397933314485784 -0.035615148549284048 -0.026466022487608949 0.077896374566921375 -0.02508104554949292
leaf_weight=24.032130751875229 28.28478623367846 43.525283646420576 83.421359698986635 121.211916226428 3.6882779644802266 31.978740802034736 16.200803360086866 40.028449777397327 3.8290222515352097 8.034298647195099 8.2298730993643385 6.035643182694912 20.486239025369287 1.2890881048515428 9.7314280420541746 13540.016515027266 33.740443398011848 45.654097034595907 374.42588590539526 73.550870265578851 37.671787106664851 2.8353496955241981 214.30382290342823 2.8417889901902535 4.9389977324754 4.4889807080617166 72.568955251597799 73.213355931802653 13.433812180534007 3.6724420785903922
leaf_count=2838 551 416 4695 6872 56 14543 9150 4138 56 122 75 204 409 35 43 219898 464 899 5888 2731 680 203 2108 90 55 73 2421 2500 273 17
internal_value=-0.000136157 -0.00019923 -0.000100994 -0.0104225 0.0018186 -0.0203686 -0.00286566 8.03314e-05 0.0222734 0.0440422 0.0697893 0.116987 -0.0010782 -0.0101255 -0.0227522 0.000158622 -0.0044273 -0.000448705 0.00138693 -0.00607804 0.0148729 -0.00553964 -0.012378 0.0536253 0.0878194 0.0406035 -0.0188005 -0.0110677 0.00753902 0.0557715
internal_weight=14947.4 14919.1 14846.9 256.226 135.014 72.2117 40.2329 14590.6 50.3034 25.9881 17.9538 9.72392 24.3153 84.7104 49.7599 14540.9 1000.87 794.452 748.798 374.372 86.5173 48.2879 287.855 10.6161 7.78079 38.2294 206.414 133.845 60.6315 17.1063
internal_count=282503 281952 255421 12524 5652 26531 11988 242897 922 457 335 260 465 4730 4181 238716 18818 13191 12292 6404 1565 1028 4839 348 145 537 5627 3206 706 290
cat_boundaries=0 1 2 3
cat_threshold=43377158 262660 77332496
is_linear=0
shrinkage=0.05


Tree=120
num_leaves=31
num_cat=5
split_feature=27 37 16 16 4 38 14 38 9 28 28 33 37 9 23 33 23 3 6 19 36 24 34 36 16 16 37 7 36 27
split_gain=14.2226 26.4538 25.2316 19.8081 13.9581 13.8994 11.9884 11.7979 12.9351 12.1684 11.5119 10.393 15.4735 10.5924 12.5637 11.3694 10.0344 9.5565 9.34784 13.892 9.06592 9.3279 9.0241 14.8091 45.7449 20.1087 24.0809 21.1322 18.5428 17.8935
threshold=1.611072796479277 0.11963467896245912 0 1 3.0416666666666674 0.050000000000011376 2 -3.4333333333331093 9.5000000000000018 75.416666666666671 85.833333333333357 0.64807406984080196 0.43662688217004181 6.5000000000000009 3.3909088200283231 0.16329931618555915 20.759980848126471 0.95000000000000007 1.0000000180025095e-35 35.000000000000007 -0.64057928501179306 17.905782010287815 94.583333333333357 -0.67138327286058253 3 4 0.82035362126519618 0.15000000000000005 0.39357489478459967 1.3593298388336883
decision_type=2 2 1 1 2 10 1 10 2 2 2 2 2 2 2 2 2 2 2 2 2 2 2 2 1 1 2 2 2 2
left_child=4 2 17 6 16 7 10 -4 9 -9 -3 13 -13 14 -8 -16 22 18 -2 -20 -7 -22 -1 24 -24 26 -25 28 -28 -27
right_child=1 3 5 -5 -6 20 11 8 -10 -11 -12 12 -14 -15 15 -17 -18 -19 19 -21 21 -23 23 25 -26 29 27 -29 -30 -31
leaf_value=-0.00043262449310272179 -0.022907672233377772 -0.034876552523515902 0.090076110492964268 -0.024997920225591747 0.023447035811462479 0.020766704926615441 0.10018439768162468 -0.013575586213875907 0.021969145976453927 0.027617882106758043 0.055135332806882112 -0.023720816786196232 0.061580070004403756 -0.0098481503619296546 0.097719634036017522 -0.013902189700952992 -0.035343776986892908 0.03080794530295531 -0.029690888059887968 0.039646505001711213 -0.021929766258668847 0.026518227026951391 -0.024373856307456494 0.0060263778802504917 0.0026224707320451329 0.0001002161627706379 0.042345184755092982 0.016112250947411335 0.13317460457229455 0.026238243691235643
leaf_weight=9339.4095769088017 137.97677419078536 37.301191582926549 5.0597154188435516 224.68054387997836 65.970085458829999 23.197647514869459 4.9497121199965504 62.730142075917684 163.61097065580543 24.985374335199594 3.835341259604319 7.487380976672287 17.866772324312478 64.176112713757902 2.7453566987533113 11.421380347688681 19.49525502754841 10.821462096646426 13.093405216932299 15.872700739651917 66.858440140495077 11.578859707340596 193.27793870959431 1197.2407861077227 683.4776251106523 2308.2718022051267 34.430290670599788 126.4166483450681 6.6679904153570524 67.288779590744525
leaf_count=201901 9863 1398 58 14256 843 777 212 1090 2950 448 57 128 371 2815 86 243 4861 73 78 81 2395 94 1777 9963 5458 18012 630 738 118 565
internal_value=0.000126871 -0.00592954 0.00119677 -0.0161235 0.000519509 0.00876435 -0.00106488 0.0152102 0.0136678 -0.00182372 -0.0212241 0.00772394 0.0363955 -0.000110605 0.0324606 0.00826221 0.000411118 -0.01376 -0.0174894 0.00830995 -0.00663356 -0.0147532 0.000461316 0.00226955 -0.00357894 0.00364053 0.00845006 0.0262625 0.0573693 0.000838132
internal_weight=14952.2 910.249 535.785 374.464 14041.9 358.021 149.783 256.386 251.326 87.7155 41.1365 108.647 25.3542 83.2926 19.1164 14.1667 13976 177.764 166.943 28.9661 101.635 78.4373 13956.5 4617.07 876.756 3740.32 1364.76 167.515 41.0983 2375.56
internal_count=282339 37473 17907 19566 244866 7812 5310 4546 4488 1538 1455 3855 499 3356 541 329 244023 10095 10022 159 3266 2489 239162 37261 7235 30026 11449 1486 748 18577
cat_boundaries=0 1 2 3 4 5
cat_threshold=72898562 101314582 592 22153730 21467666
is_linear=0
shrinkage=0.05


Tree=121
num_leaves=31
num_cat=6
split_feature=29 38 37 2 34 16 16 14 24 2 35 23 4 14 27 37 34 23 16 26 13 17 33 32 34 24 36 16 32 10
split_gain=13.3345 17.8539 12.5844 12.2856 16.7918 26.6993 15.8838 18.5372 27.4793 26.9674 17.1181 18.4031 22.7559 16.986 20.672 18.7989 23.2943 16.3209 32.3591 18.5248 22.5826 29.5806 16.913 16.5014 21.5684 17.3326 15.7108 16.724 17.2697 16.5328
threshold=17.410057233125475 -0.33333333333342802 0.3831038284725336 0.15000000000000005 33.416666666666679 0 1 2 17.010450900328905 2.8500000000000001 22.002524962732675 0.85501549519485009 1.3166666666666669 3 0.94999999999999962 -0.93003702792910625 92.833333333333357 1.8992391033484732 4 30.041666666666671 -0.94445443497892134 40.565535000000004 1.0000000000000286 1011.6416666666668 99.583333333333357 19.410192743641346 0.9555616524368552 5 1004.3833333333336 0.60355339059327384
decision_type=2 8 2 8 2 1 1 1 2 8 2 2 2 1 2 2 2 2 1 2 2 2 2 2 2 2 2 1 2 2
left_child=3 2 -2 4 5 -1 7 8 10 -10 11 -5 -13 -8 15 16 -15 18 23 -19 -21 22 -22 25 -25 -17 27 28 -6 -30
right_child=1 -3 -4 6 26 -7 13 -9 9 -11 -12 12 -14 14 -16 17 -18 19 -20 20 21 -23 -24 24 -26 -27 -28 -29 29 -31
leaf_value=-0.0019076442032814958 0.016784146918743924 -0.03661687173968866 -0.048998523878681421 -0.025864802966188961 0.011311067350758888 -0.030943412770866777 0.0031880682350463349 0.0083675699306325051 -0.026514331513596709 0.056319927381827652 -0.016287696114723846 0.0010244461632503367 0.040925616935978355 -0.0040753108860708308 0.0045128539443171 0.020930176607725785 0.021329473019643493 -0.009727871011487782 -0.01067359556237004 -0.045121977775214102 0.0029987952465635112 0.11409150205666002 0.1021891303108883 0.002946917958245534 -0.06770515001164859 -0.04967353044112581 0.012753239428155635 -0.0043558787497754532 0.0020717430018917823 -0.006811372921688293
leaf_weight=242.64384298236109 39.501685948809609 56.746300727012567 8.8058898606104758 59.82942800631281 367.78102063480765 112.23266558791511 2522.8671164899133 1483.9502553413622 13.093222737312315 38.674271886935458 173.20766379265115 790.75930820056237 37.323784817010164 226.90068831271492 874.09797897434328 236.47796156886034 149.67585437744856 1590.5395688361023 320.98393811075948 11.438095735618843 36.969772124662995 8.9972104352200386 4.7638531457632771 87.443490606732666 12.223473929800091 8.9314167201518995 205.55242675286718 2493.620977377519 2021.9424929369707 706.80497665633447
leaf_count=30673 1241 4415 634 487 3332 21156 28407 20872 68 285 3465 10628 536 2780 18287 1611 966 26332 2984 740 1020 288 24 1023 110 49 4114 50020 32565 13227
internal_value=0.000118467 -0.017624 0.00471631 0.000244187 -0.00146576 -0.012022 0.00145457 0.00471989 -0.00017552 0.0353585 -0.00191389 0.000891566 0.00282762 5.484e-05 -0.00216246 -0.00433537 0.00602517 -0.00601814 0.000589589 -0.00868101 0.0180747 0.0323841 0.0145385 0.0110554 -0.00577725 0.0183414 -0.000819194 -0.00131848 0.00113798 -0.000229343
internal_weight=14944.8 105.054 48.3076 14839.7 6150.58 354.877 8689.15 2596.84 1112.89 51.7675 1061.12 887.913 828.083 6092.31 3569.44 2695.35 376.577 2318.77 666.06 1652.71 62.1689 50.7308 41.7336 345.076 99.667 245.409 5795.7 5590.15 3096.53 2728.75
internal_count=282339 6290 1875 276049 155087 51829 120962 36341 15469 353 15116 11651 11164 84621 56214 37927 3746 34181 5777 28404 2072 1332 1044 2793 1133 1660 103258 99144 49124 45792
cat_boundaries=0 1 2 3 4 5 6
cat_threshold=67394102 16947216 2634 6668 35152386 12862070
is_linear=0
shrinkage=0.05


Tree=122
num_leaves=31
num_cat=4
split_feature=27 37 16 16 13 34 9 4 14 36 16 7 25 32 34 34 13 31 38 26 36 25 37 36 38 32 33 13 12 33
split_gain=13.0091 23.9229 22.736 18.2532 13.3401 15.4493 13.6677 12.493 12.3348 13.9733 18.9673 18.0553 10.784 10.7248 10.2837 12.5959 9.82591 9.66647 10.1843 9.65055 10.8745 9.40604 9.39464 9.06266 9.56866 13.1791 8.94401 24.3129 10.6148 10.1522
threshold=1.611072796479277 0.11963467896245912 0 1 0.094279221775424304 79.416666666666671 9.5000000000000018 3.0416666666666674 2 0.70671972722573528 3 0.4250000000000001 1638.6498601853943 1002.5166666666668 72.166666666666671 69.583333333333357 0.93867560834981001 0.15664965809277251 0.20000000000010235 6.6833333333333345 0.087014148121737675 2594.9976060158092 0.92500360354672229 -0.97479097886232757 0.050000000000011376 1006.2583333333333 0.2027402333828163 0.40043915342903263 -0.4925480679538643 0.39293061504651011
decision_type=2 2 1 1 2 2 2 2 1 2 1 2 2 2 2 2 2 2 8 2 2 2 2 2 10 2 2 2 2 2
left_child=7 2 -2 16 14 6 -6 21 23 10 11 12 -10 -12 15 17 -3 18 -5 -7 22 -1 -21 -4 26 -26 27 -25 -28 -30
right_child=1 3 8 4 5 19 -8 -9 9 -11 13 -13 -14 -15 -16 -17 -18 -19 -20 20 -22 -23 -24 24 25 -27 28 -29 29 -31
leaf_value=0.0004317543239414453 -0.013277569071408075 -0.031382118171423737 0.11684581718236656 -0.0074668282972015707 0.029362329041451009 -0.0020728110193709618 -0.049231401299073413 0.022416001384421489 0.046747153495824929 -0.036821816815251165 0.063177707674097694 -0.016448680833309647 -0.051145809044765837 -0.016212300035952358 -0.025994023851582778 0.091804243512670039 -0.0034001950307266399 -0.0082388467529671671 0.23022113021799653 0.049947106461500905 0.0071950001450612686 -0.034815507363733698 0.12938086024965773 0.030434033589265372 0.061170939561033415 -0.011242443880050496 0.0084886515887579988 0.17811975900321475 0.00078808530141983137 0.064281409138507731
leaf_weight=13944.345234104083 174.95931888197083 166.51159732555971 2.2024960108101359 0.89687734353355952 9.423702679807322 11.716399740427731 13.12163885287009 64.540216822177172 47.038222447154112 23.829810174996965 4.3833216251805416 18.801190592348576 2.9116223790915674 83.97588233940769 62.071178756188601 3.7848423770628861 38.683366412878968 36.476617093314417 0.79366840678267181 12.165498375426983 8.8959510554559511 18.853354765684344 5.4289778191596261 17.153470103163276 7.2079252675175658 44.716197609552182 74.689062150660902 3.242995432810857 9.2278196171391773 19.73075209534727
leaf_count=239162 10095 11438 78 41 389 198 1280 843 822 668 40 87 108 2194 812 83 2141 2854 63 121 83 4861 63 378 87 1505 1206 93 214 332
internal_value=0.000110763 -0.00570241 0.0010676 -0.0154729 -0.00209043 0.0163827 -0.0163955 0.00048544 0.00819971 -0.00116368 0.00419075 0.0220498 0.0409501 -0.0109672 -0.0130853 0.00603048 -0.0248984 -0.00269294 0.110747 0.0357169 0.0523758 0.000383914 0.07505 0.0172609 0.0169292 -0.00109201 0.0244676 0.0546702 0.0184771 0.0441212
internal_weight=14931.8 904.04 534.07 369.97 164.775 60.7522 22.5453 14027.7 359.111 180.94 157.11 68.751 49.9498 88.3592 104.023 41.952 205.195 38.1672 1.69055 38.2068 26.4904 13963.2 17.5945 178.171 175.968 51.9241 124.044 20.3965 103.648 28.9586
internal_count=282339 37473 17907 19566 5987 2134 1669 244866 7812 3919 3251 1017 930 2234 3853 3041 13579 2958 104 465 267 244023 184 3893 3815 1592 2223 471 1752 546
cat_boundaries=0 1 2 3 4
cat_threshold=72898562 30804544 2860 8421476
is_linear=0
shrinkage=0.05


Tree=123
num_leaves=31
num_cat=4
split_feature=31 32 13 16 36 19 29 32 34 16 37 14 11 32 27 27 23 29 19 5 34 14 13 13 33 24 37 36 24 35
split_gain=11.9284 18.0099 17.7862 18.8816 20.1326 15.9654 13.5851 16.1448 13.5636 35.2859 12.7628 12.2998 13.834 12.2742 13.4978 12.2517 13.9075 11.6869 11.4725 16.4745 29.8039 11.0755 16.8514 18.175 28.6082 13.8683 13.408 13.8534 13.0415 10.7313
threshold=1.4828646686814986 1003.2166666666668 -0.96011450294824408 0 -0.4068127587938048 392.00000000000006 12.823586447220416 998.98333333333346 28.416666666666668 1 -0.15450849718747378 2 -0.37940952255126015 1020.5166666666668 1.2083045973594584 1.9500000000000008 11.51414991966819 15.506717518813398 43.000000000000007 0.049999999999999968 66.583333333333357 3 -0.94995492655104952 -0.93262014971044682 0.45460605656618192 14.63924623858219 -0.87408459470699784 0.15302664466745045 15.860707565482135 23.006037062728808
decision_type=2 2 2 1 2 2 2 2 2 1 2 1 2 2 2 2 2 2 2 2 2 1 2 2 2 2 2 2 2 2
left_child=8 5 -3 4 15 6 -2 -8 9 21 11 12 -5 14 18 -4 -17 -10 19 20 -14 22 26 24 25 -24 27 -1 -27 -9
right_child=1 2 3 10 -6 -7 7 29 17 -11 -12 -13 13 -15 -16 16 -18 -19 -20 -21 -22 -23 23 -25 -26 28 -28 -29 -30 -31
leaf_value=-0.011369630010040356 0.0022243615615294278 -0.021805850238494542 0.0090489857698158784 -0.010678378083617223 -0.0045034051982909204 0.089647560879414639 -0.030368796680963261 0.043363296251730868 0.00094598470298013252 -0.019601731003307615 -0.016666369985158264 -0.0091051183074702634 0.34630261102857546 -0.033528551877537838 0.0062903113858011244 0.05831639876622205 -0.028079195934343378 -0.033527350352197019 0.032625051978215892 0.054434711747734822 0.074070894740052143 -0.0026550442476157908 -0.021774408039172508 0.032726878783309342 0.39111139076190887 0.35773052036638775 -0.026273101977794519 0.14133919725693031 0.023944892085470071 0.13305315607429466
leaf_weight=3.2154827704653171 101.80130768986419 151.72513505432289 223.03021500795148 31.300740406964906 442.66450298589189 6.4964082166552535 5.1138919560471576 10.985395984491332 12900.715748032089 254.53851028671488 340.17032026709057 174.48120187106542 1.5447603650391117 6.162681220797821 16.501180959283374 25.354184311698194 5.6376995939062899 24.532156521454453 13.64803763059899 7.5974373370409012 2.7787191146053374 97.097963914391585 1.7610748524311928 49.255420823930763 0.81368160143028934 0.51800078363157787 21.055101733305492 2.6382243491243571 0.58515612327028066 4.7997175860218695
leaf_count=219 2958 7216 10540 778 21361 50 107 154 162213 35565 14070 5176 84 326 303 671 376 1161 219 34 60 10312 219 5532 74 30 2279 95 79 78
internal_value=0.0001043 -0.00401563 -0.00561757 -0.00371331 0.00190785 0.0138619 0.00977968 0.0463966 0.000589153 -0.00813042 -0.0101644 -0.00185405 0.0134937 0.0319617 0.0416119 0.0131527 0.0425605 0.000880295 0.0642937 0.0999776 0.176968 0.00897378 0.0218259 0.0409094 0.146724 0.0664455 -0.00764519 0.0586731 0.197384 0.0713009
internal_weight=14928.5 1571.79 1442.6 1290.87 696.687 129.197 122.7 20.899 13356.7 431.479 594.185 254.015 79.5336 48.2328 42.0701 254.022 30.9919 12925.2 25.569 11.9209 4.32348 176.94 79.8421 52.9333 3.67791 2.86423 26.9088 5.85371 1.10316 15.7851
internal_count=282339 64561 61214 53998 32948 3347 3297 339 217778 54404 21050 6980 1804 1026 700 11587 1047 163374 397 178 144 18839 8527 5934 402 328 2593 314 109 232
cat_boundaries=0 1 2 3 4
cat_threshold=71790614 83892740 3138 2262
is_linear=0
shrinkage=0.05


Tree=124
num_leaves=31
num_cat=3
split_feature=29 38 37 23 33 16 36 13 10 13 18 27 38 28 36 16 24 36 27 11 34 1 29 34 11 16 10 36 13 15
split_gain=11.5274 16.3976 11.5153 11.238 10.9937 18.6812 23.0079 19.1232 27.7497 18.331 18.2998 16.5086 16.2072 15.5796 24.24 15.4804 20.1763 15.4201 15.1523 14.9972 23.2256 14.9858 14.8725 17.2167 14.3659 13.8483 28.0468 20.8477 19.8663 20.1433
threshold=17.410057233125475 -0.33333333333342802 0.3831038284725336 19.037195478081728 0.37416573867740327 0 0.78005583884562013 -0.91281223188962002 0.37940952255126054 0.97702786266997033 14.860880000000002 2.2093236629971629 -1.7499999999999429 61.416666666666679 -0.19560491697993096 1 6.2974686039324741 0.72209325857707096 2.3500000000000014 -0.9159756150367534 24.416666666666668 0.15000000000000005 2.0274023338281633 78.833333333333357 -0.70710678118654757 2 0.25881904510252091 -0.79315516492741944 0.96477059369951434 2022.5000000000002
decision_type=2 8 2 2 2 1 2 2 2 2 2 2 8 2 2 1 2 2 2 2 2 2 2 2 2 1 2 2 2 2
left_child=3 2 -2 4 13 7 12 8 11 10 -8 -6 17 14 15 16 21 -7 25 20 -18 -1 -11 -24 -12 26 27 -15 -28 -30
right_child=1 -3 -4 -5 5 6 9 -9 -10 22 24 -13 -14 18 -16 -17 19 -19 -20 -21 -22 -23 23 -25 -26 -27 28 -29 29 -31
leaf_value=-0.015305370082969859 0.015918078304535007 -0.035380524658258257 -0.048266489580757937 -0.028838182152437913 0.032223496128658206 0.0096681729110297421 -0.031680568311490402 0.0038564300278510263 -0.0065159772658368881 -0.032494356765898326 0.011656547507920315 -0.025042101703024823 3.2358020503118711e-05 -0.025115362717071727 -0.01629913768439752 -0.01128412065972203 0.10039723837771636 0.070955163925311523 -0.030690677075082513 0.0090884506663114935 0.021319648182444022 0.056182070715956024 -0.051304638840882627 0.057389924001149908 -0.013458485142430629 -0.0011722686934044922 0.0087548043026554386 0.00073967584912749149 0.06606246120912182 0.0098244309638863478
leaf_weight=95.823324084049091 39.725298117380589 54.408951250603423 8.3758836634224263 33.114835789194331 180.36257790087257 330.66644127061591 105.22484999906737 1918.5249001141638 81.570369353867136 9.0476587079465371 73.995095533085987 13.456847034743985 2798.63191812695 83.545016305171885 395.79763333150186 162.58421941974666 12.344654626096597 10.49582985951565 40.299396108253859 135.1235787657788 36.902467987500131 7.8397931680083266 4.2163652493618455 23.850984203163534 245.97437429125421 6116.9188051825622 693.23800047300756 1148.4087999942712 31.742769897333346 31.929317633388564
leaf_count=7404 1241 4415 634 7781 2971 3554 2782 35963 1807 109 775 365 35939 1866 23939 9780 689 108 2679 6913 692 44 173 234 3543 100011 9263 15875 345 445
internal_value=9.72069e-05 -0.0166038 0.00466464 0.000212826 0.000278073 0.00197612 -0.000246027 0.00560002 0.0179443 -0.0106594 -0.013602 0.0282367 0.00128676 -0.000816395 -0.00727238 0.00065807 0.00753082 0.0115739 -0.000145507 0.0177115 0.0413051 -0.00985001 0.0229974 0.0409373 -0.00764864 6.73055e-06 0.00362041 -0.00101558 0.011213 0.0379207
internal_weight=14924.1 102.51 48.1012 14821.6 14788.5 5796.02 3602.1 2193.91 275.39 462.309 425.194 193.819 3139.79 8992.5 846.416 450.618 288.034 341.162 8146.08 184.371 49.2471 103.663 37.115 28.0673 319.969 8105.78 1988.86 1231.95 756.91 63.6721
internal_count=282339 6290 1875 276049 268268 88323 47217 41106 5143 7616 7100 3336 39601 179945 49461 25522 15742 3662 130484 8294 1381 7448 516 407 4318 127805 27794 17741 10053 790
cat_boundaries=0 1 2 3
cat_threshold=981030 29753958 83888656
is_linear=0
shrinkage=0.05


Tree=125
num_leaves=31
num_cat=5
split_feature=34 37 16 16 1 24 12 37 26 38 10 26 14 12 37 6 13 18 12 32 36 16 34 23 24 17 14 13 37 2
split_gain=11.9355 23.9563 35.0522 22.4235 29.5383 30.8204 21.3641 21.0163 16.1126 16.0566 18.5575 16.3556 16.0497 15.9478 17.4178 15.8267 15.6286 15.4958 17.1644 15.4137 15.3319 18.1998 15.2176 14.8028 14.7142 33.7981 14.6416 14.634 14.5663 14.0876
threshold=94.583333333333357 0.78482869589832049 0 1 0.65000000000000002 9.1309025625233993 0.89445413044074684 -0.85665986910178116 19.841666666666672 0.10000000000007959 -0.78656609248549292 24.81666666666667 2 -0.46995942967050158 0.95570397517454631 1.0000000180025095e-35 0.96914236212857585 3.6281500000000002 -0.91628314851554105 1009.1416666666668 0.40404932282295541 3 98.416666666666671 5.2621499190368128 12.319734766250749 13.278450000000001 4 0.98669422938859319 0.92971696589317931 1.0000000180025095e-35
decision_type=2 2 1 1 2 2 2 2 2 8 2 2 1 2 2 2 2 2 2 2 2 1 2 2 2 2 1 2 2 10
left_child=-1 3 6 19 7 -6 9 12 -4 10 11 13 24 -3 -15 -10 -7 18 -12 26 21 22 -21 -23 -5 -26 -2 29 -8 -22
right_child=1 2 8 4 5 16 28 -9 15 -11 17 -13 -14 14 -16 -17 -18 -19 -20 20 27 23 -24 -25 25 -27 -28 -29 -30 -31
leaf_value=-0.0010921516920587844 0.0093456362429669409 -0.047386330821597773 0.026735959945877283 0.0090384971779856865 0.021610571585711759 -0.0088249246342144757 -0.012494423185543108 -0.00738088502735792 0.010632203263388811 -0.0074776149549066516 0.045497433349798812 -0.043810605265215616 -0.0043252798054227099 0.063845168124902638 -0.015208823540883685 -0.067658541533067537 0.055040089263173803 0.034348707333793603 -0.034864388950730914 0.0034019540902814091 0.0055913727396016454 -0.014958214900307016 0.023158913218996248 0.026805276828802384 0.094475774253747494 -0.00044068445141564 -0.0051482139663277561 0.055633015001050314 -0.083350935226429182 0.030620149759802179
leaf_weight=10078.978671054181 258.22648948524147 8.8605486582964641 288.94306534668431 168.78696231730282 236.379738047719 179.98910151422024 18.678147705271844 1686.3705505938269 24.275451678782701 173.44961407361552 10.035290414467456 21.696116756647825 225.53313366137445 15.775755890645089 12.360750150866805 8.6835678368806821 10.018310628831385 95.672199648804963 19.199608786031604 249.74340996006504 135.56910780910403 143.88478270033374 159.78989495988935 24.790307167451829 17.395095217972994 20.214702172670513 486.86843081377447 25.793015390634537 11.802975676953791 96.024352930486202
leaf_count=242360 1659 56 2537 1329 2608 1085 153 14882 218 1334 71 162 1775 108 94 48 61 620 184 2101 1461 1267 1215 346 106 147 3262 188 105 609
internal_value=-0.000112487 0.00192977 0.0104163 0.000470139 -0.00243399 0.00956208 -5.03788e-06 -0.00486047 0.0222671 0.00342921 0.0137315 -0.00944721 0.00497932 0.0107682 0.0291848 -0.010137 -0.0054304 0.0246219 -0.007218 0.00512819 0.0098226 0.00530213 0.0108495 -0.00831527 0.0146441 0.0435937 -6.81943e-05 0.0199716 -0.0401145 0.0159777
internal_weight=14913.8 4834.81 709.433 4125.38 2544.69 426.387 387.531 2118.3 321.902 357.05 183.6 58.6932 431.93 36.9971 28.1365 32.959 190.007 124.907 29.2349 1580.69 835.595 578.208 409.533 168.675 206.397 37.6098 745.095 257.386 30.4811 231.593
internal_count=282151 39791 5690 34101 21993 3754 2887 18239 2803 2629 1295 420 3357 258 202 266 1146 875 255 12108 7187 4929 3316 1613 1582 253 4921 2258 258 2070
cat_boundaries=0 1 2 3 4 5
cat_threshold=59975684 54735360 3476 33624064 2324
is_linear=0
shrinkage=0.05


Tree=126
num_leaves=31
num_cat=5
split_feature=32 34 37 16 14 16 32 3 31 33 36 16 14 4 23 33 23 32 10 35 37 4 9 32 37 29 33 10 29 33
split_gain=11.5781 11.1154 21.3356 32.2098 20.694 20.08 19.7279 21.1089 20.7237 17.3061 16.3164 28.8057 18.0508 18.7853 18.5918 20.1157 14.9794 15.7341 29.5973 18.6638 15.479 14.3977 13.8963 13.8852 13.4499 13.3653 13.3629 15.7994 15.5045 13.1175
threshold=1033.3833333333337 94.583333333333357 0.78482869589832049 0 1 2 1008.8166666666668 0.65000000000000002 0.43204937989385755 0.26246692913374342 -0.67908040192267582 3 4 0.058333333333333341 3.0538400392212353 0.299999999999983 2.2977969708862775 1018.3166666666668 0.37940952255126054 0.97140452079103179 -0.93003702792910625 2.6166666666666671 18.500000000000004 1009.1416666666668 0.97740812227983442 2.4972191289246477 0.69999999999996032 0.78656609248549325 2.107525783562807 0.70197853469903415
decision_type=2 2 2 1 1 1 2 2 2 2 2 1 1 2 2 2 2 2 2 2 2 2 2 2 2 2 2 2 2 2
left_child=1 -1 5 4 -4 10 8 24 -6 -5 11 12 -3 14 15 25 17 20 19 -19 29 23 -10 -12 26 -14 27 -8 -28 -7
right_child=-2 2 3 9 6 16 7 -9 22 -11 21 -13 13 -15 -16 -17 -18 18 -20 -21 -22 -23 -24 -25 -26 -27 28 -29 -30 -31
leaf_value=-0.00097657255757067798 -0.025521164115392583 -0.007056161982186001 -0.015951786639423367 0.010810427246974031 -0.001147019333169062 0.012911348792805248 -0.021386381220394778 0.028627250535731581 0.037150948076015863 0.03459197512239269 0.00035788124929132369 -0.027261433467262459 0.096050110618646198 0.008897572142037926 0.015956895378048046 0.029754234943249913 -0.0080364693087202638 -0.019185910125704454 -0.032369106794274301 0.018754111073565543 0.00064912357799652004 0.04428330684417723 0.10542417188441883 0.010267851916036533 -0.035948739008500361 0.25846738703909922 0.086507700507446342 0.028622116382217427 0.0047401850282046973 0.061705091807280781
leaf_weight=10049.109855392831 44.580665346584283 207.2448127171956 123.13795195426792 155.25834934180602 31.194546415470541 136.63443183759227 70.26745877135545 48.86297469958663 34.44219931261614 150.95919375820085 602.9611374004744 93.007984198164195 2.8993633296340722 140.61212899535894 11.579710002057253 4.4444567612372339 829.49765803595074 53.405887566972524 96.919060257729143 82.14022666006349 944.1169462678954 25.107105817645788 9.4984371680766326 854.15797815006226 35.626927911769599 2.453161871060729 8.2468738579191285 20.271794146858156 19.022375533822924 15.233543428592382
leaf_count=238114 4833 1554 984 1317 204 1030 635 252 228 1209 4103 805 68 735 172 72 7412 609 1215 934 7365 430 69 6980 316 57 55 175 133 86
internal_value=-0.000106934 -3.05104e-05 0.00194632 0.00996911 0.000346097 0.000563895 0.00788609 4.06543e-05 0.0300297 0.0218291 0.00423652 -0.00394277 0.00260447 0.0146528 0.0591146 0.109449 -0.00275233 0.000526785 -0.0112856 0.00380242 0.00303307 0.00681596 0.0521151 0.00616738 -0.00907574 0.173864 -0.00092537 -0.0101702 0.0296944 0.0178431
internal_weight=14902.9 14858.3 4809.2 706.789 400.572 4102.42 277.434 202.298 75.1352 306.218 1944.47 462.242 369.234 161.989 21.3767 9.79698 2157.95 1328.45 232.465 135.546 1095.98 1482.23 43.9406 1457.12 153.435 5.35253 117.809 90.5393 27.2692 151.868
internal_count=282151 277318 39204 5577 3051 33627 2067 1566 501 2526 14976 3463 2658 1104 369 197 18651 11239 2758 1543 8481 11513 297 11083 1314 125 998 810 188 1116
cat_boundaries=0 1 2 3 4 5
cat_threshold=59979780 3856 54737408 33632256 5682
is_linear=0
shrinkage=0.05


Tree=127
num_leaves=31
num_cat=4
split_feature=23 32 35 13 16 13 10 13 34 31 34 16 12 13 13 28 37 26 32 4 16 38 23 7 5 4 23 13 16 26
split_gain=11.0165 10.6846 10.0507 12.1878 13.5652 10.5873 10.2355 13.3303 19.0669 12.5827 9.69598 14.6342 12.9424 12.3146 19.3168 24.2774 12.7012 9.52157 15.2178 9.19897 16.377 13.904 13.8407 15.3609 13.6073 18.8849 15.775 11.1543 11.3836 13.6763
threshold=19.037195478081728 1033.3833333333337 41.903327708776409 0.63395513778623458 0 -0.99992632385251334 0.37940952255126054 -0.98376170968447474 52.583333333333336 1.8500000000000012 5.5833333333333348 1 -0.36876293119226017 -0.21294651993841582 -0.30410362911654215 49.833333333333336 0.54499973991489592 14.241666666666669 1017.4166666666669 1.8583333333333336 2 -0.83333333333320059 1.1068345457300628 2.8500000000000001 0.67410026183557614 0.65833333333333344 7.6907132245193335 0.99815866078541859 3 25.81666666666667
decision_type=2 2 2 2 1 2 2 2 2 2 2 1 2 2 2 2 2 2 2 2 1 10 2 2 2 2 2 2 1 2
left_child=1 2 5 4 6 -1 7 -4 -9 -10 11 12 13 14 16 -16 -7 18 -2 24 21 -21 -23 -24 -12 -26 27 28 29 -27
right_child=17 -3 3 -5 -6 10 -8 8 9 -11 19 -13 -14 -15 15 -17 -18 -19 -20 20 -22 22 23 -25 25 26 -28 -29 -30 -31
leaf_value=-0.026610422890172444 0.38630858811715008 -0.024679667623439618 0.13829626989512459 -0.047616015943619507 -0.015883982219763754 0.047360867919682088 -0.023894450101852021 -0.025669311850667453 0.044286360898841325 0.18082372898569199 0.00056708078219270142 -0.028278188042723792 -0.022342916161754756 -0.012345376672998407 0.37525282185305642 0.045788334636686016 -0.040534254053477811 -0.033792718088016684 -0.041342118110213662 0.022667522516182741 0.019235568986036927 0.041000045645293852 0.026937555198010554 -0.044365133314322305 -0.027982094727275027 -0.0079556103589422614 -0.053233682259008014 -0.053321340475124025 0.0031300016334488098 -0.063500318086266869
leaf_weight=36.732488235807978 0.25494787679054098 43.770127111754846 2.9397952577564856 21.548647345043719 93.490174776175991 19.368945261230699 8.2858147986698878 9.6078351945616358 9.3241865406744164 1.993861901341005 13474.166207240545 63.215335025917739 27.740172128775157 16.710985975689255 0.84617408784106318 1.4473480784799901 5.1273177135735741 31.070077555370517 0.46167748514562845 24.742932204157114 151.19181191921234 7.4963276982307425 9.1620474644005281 41.422559719532728 88.141928695142269 216.78057698905468 15.455871433019636 10.454527508467434 448.99654479697347 11.58312953263521
leaf_count=835 73 4816 93 1582 4361 1200 546 618 288 69 216249 28892 5087 1950 31 96 878 7474 187 278 1893 74 61 256 417 1259 72 66 2398 52
internal_value=-0.000103624 -4.06354e-05 3.23108e-05 -0.0129638 -0.00698748 0.000162787 0.0181486 0.040357 0.0260055 0.0697127 0.000230171 -0.0131299 0.0037683 0.0212966 0.0422497 0.177941 0.0288735 -0.0294613 0.139475 0.000354149 0.010185 -0.00772761 -0.0220211 -0.0314229 0.000192812 -0.00617855 -0.00344229 -0.00231585 -0.00152087 -0.0103466
internal_weight=14893.5 14861.7 14818 147.19 125.642 14670.8 32.1515 23.8657 20.9259 11.318 14634.1 134.456 71.2409 43.5008 26.7898 2.29352 24.4963 31.7867 0.716625 14499.6 234.016 82.8239 58.0809 50.5846 14265.6 791.413 703.271 687.815 677.36 228.364
internal_count=282151 274417 269601 7557 5975 262044 1614 1068 975 357 261209 38134 9242 4155 2205 127 2078 7734 260 223075 2562 669 391 317 220513 4264 3847 3775 3709 1311
cat_boundaries=0 1 2 3 4
cat_threshold=38903812 33825284 105300000 26351650
is_linear=0
shrinkage=0.05


Tree=128
num_leaves=31
num_cat=3
split_feature=33 25 27 16 36 18 14 36 25 12 11 28 38 5 24 38 10 13 16 33 27 32 25 4 38 31 33 38 17 13
split_gain=10.7148 18.8956 18.1614 15.0979 19.3402 21.3774 20.6032 16.3329 21.0039 18.9615 15.2262 14.3069 13.6447 13.6716 13.8445 13.2153 14.6767 17.8451 25.0861 16.2443 17.4908 13.8632 12.8842 14.6379 22.5343 27.7447 23.5726 16.3551 15.082 12.41
threshold=0.37416573867740327 1475.172970907835 2.3500000000000014 0 0.79416308917862544 8.7002500000000023 1 0.21844433548998918 603.71182645410954 -0.26295251545706949 -0.60355339059327384 92.166666666666671 1.1333333333332691 8.3266726846886753e-17 10.854789312096019 1.6666666666666858 0.37940952255126054 -0.91968655568559032 2 1.0656244908763883 1.1343133018115721 1021.8166666666668 1167.1163940813919 1.0000000180025095e-35 3.7000000000001028 0.74087035902976295 0.54365021434335559 2.2666666666668225 48.652590000000011 0.9969807975668411
decision_type=2 2 2 1 2 2 1 2 2 2 2 2 8 2 2 10 2 2 1 2 2 2 2 2 8 2 2 10 2 2
left_child=1 2 -1 4 6 -6 -2 -8 12 10 -10 -7 13 14 -9 16 17 18 21 20 -18 -5 23 24 26 -26 -17 28 -28 -3
right_child=3 29 -4 15 5 11 7 8 9 -11 -12 -13 -14 -15 -16 22 19 -19 -20 -21 -22 -23 -24 -25 25 -27 27 -29 -30 -31
leaf_value=-0.00067844584288147822 -0.0069584641056123168 -0.018223774355697164 -0.029076433786768635 0.028786336977249222 -0.030386368615339526 -0.0070197026466802806 -4.0333314094297333e-05 -0.046025537633870156 -0.024070631386674358 0.029474266492147513 0.015635098254368072 0.035597865292314054 -0.011385959273029995 0.010680584015735396 0.0036766246466927027 -0.0040290327764770746 0.00019211580159295019 0.0041440861691636284 -0.0033245743167048649 0.049472182955222405 -0.020654452899634943 0.079029732733786454 -0.036763387742103082 0.014728661623307297 0.34955969262638309 0.024477262047228054 0.091580780728098166 0.020264665812352006 0.27794651452481206 0.21098899762950998
leaf_weight=8782.6959437214537 657.91310375393368 174.3048043656745 56.564113049360458 111.52906184038147 103.1587365831947 289.24679167929571 1586.6461812505731 22.427335992106237 34.925777140306309 179.76670968963299 77.630309853353538 21.032014936907217 129.04639289458282 373.24391286168247 37.026150632067584 12.565270860330207 576.55164952599443 1243.2463337780791 80.766269505023956 14.70984578039497 121.79072887200164 15.617724199662915 10.46988889435306 165.15552006289363 1.2817759702447795 1.2810320223215965 3.0710659979376924 3.4481850658776239 1.7306064454605801 0.49310964997857709
leaf_count=161705 9120 20841 4790 1654 2695 4056 19346 1405 545 2291 1125 228 1387 2312 929 896 9588 25785 2190 467 5837 214 1028 1034 57 66 169 212 84 95
internal_value=-9.96471e-05 -0.00118252 -0.000860497 0.00156173 -0.000521971 -0.0106799 0.000831976 0.00294858 0.00853511 0.0194023 0.00330411 -0.00412036 0.00287756 0.00713312 -0.0151181 0.00464085 0.00352624 0.00641236 0.0199673 -0.0023475 -0.00344596 0.0324639 0.0169878 0.0199906 0.0569433 0.194087 0.0392105 0.104328 0.16305 -0.0174569
internal_weight=14889.3 9014.06 8839.26 5875.28 3512.06 413.438 3098.63 2440.71 854.067 292.323 112.556 310.279 561.744 432.697 59.4535 2363.21 2164.21 1451.16 207.913 713.052 698.342 127.147 199.003 188.533 23.3779 2.56281 20.8151 8.24986 4.80167 174.798
internal_count=282151 187431 166495 94720 45439 6979 38460 29340 9994 3961 1670 4284 6033 4646 2334 49281 45735 29843 4058 15892 15425 1868 3546 2518 1484 123 1361 465 253 20936
cat_boundaries=0 1 2 3
cat_threshold=127205904 672 34854
is_linear=0
shrinkage=0.05


Tree=129
num_leaves=31
num_cat=7
split_feature=23 32 23 16 37 13 36 37 32 16 14 32 14 34 37 16 29 38 37 13 26 16 5 29 36 14 33 23 1 13
split_gain=9.98403 9.79367 9.47638 20.1692 24.0029 20.5257 20.7349 24.257 21.6211 19.8561 20.0071 20.0049 19.8493 19.6135 19.1856 21.1044 19.013 18.6561 17.9225 17.0799 29.2298 21.2051 21.6744 18.4612 17.9437 16.8882 16.7771 16.3148 16.4194 17.0901
threshold=19.037195478081728 1033.3833333333337 1.9324650203211082 0 0.17271401524685967 -0.27122391875406221 -0.076291264667358277 0.43662688217004181 997.65833333333342 1 2 1020.5166666666668 3 90.583333333333357 0.93912069608202342 4 4.2815672430289302 0.099999999999852221 0.83370589566014175 0.9969807975668411 23.258333333333336 5 0.1247219128924648 2.9719601443879751 0.92829842949646946 6 0.29439202887761684 0.74903988048743397 0.24000000000000005 0.11135519690480852
decision_type=2 2 2 1 2 2 2 2 2 1 1 2 1 2 2 1 2 8 2 2 2 1 2 2 2 1 2 2 2 2
left_child=1 2 9 4 -4 13 8 26 16 10 18 12 -11 -6 19 25 -7 -17 -1 -5 21 -21 23 -23 -25 -16 -8 -12 -29 -30
right_child=-2 -3 3 14 5 6 7 -9 -10 11 27 -13 -14 -15 15 17 -18 -19 -20 20 -22 22 -24 24 -26 -27 -28 28 29 -31
leaf_value=0.0104481043088561 -0.028572864596066918 -0.023841972073440292 -0.013525529390621432 0.00012160869118103726 -0.03078158361140132 -0.039109507774681564 0.14301667065565851 -0.032968040474420743 0.037745984027919496 0.008596009721385663 -0.015029047200394186 -0.016506593499227395 -0.0023063216546977236 0.01379658401906401 0.022477898562943438 -0.004376501862876748 0.045966623625742525 -0.026969909264554594 0.037124255704261859 -0.013808317176437105 0.062598659057800529 0.0036779975698808158 -0.016377239378821559 0.043305060578492566 0.13207643113721554 -0.0099507046203080665 -0.001998816753176817 -0.0016273808347033705 -0.0002089649764233244 0.023978506380526402
leaf_weight=585.69760655332357 30.615796482714359 42.981402305304073 608.45037694880739 9400.1596050367225 61.958146615477744 19.963616952532906 3.5343789921607813 34.349858916713856 92.493513287277892 559.14359860715922 126.54564063251019 185.70945457811467 1556.8017686838284 40.884478719439358 71.952859776327386 176.35609966597985 9.6664180918596667 189.60022907011444 70.47808947309386 66.82748825266026 27.721853347611614 25.867360740783624 25.471471942961216 38.243479299475439 6.6412132196128359 71.867821461637504 4.4141417297068983 452.17656438762788 128.86449681594968 168.44889831729233
leaf_count=6263 7734 4816 18812 180768 5213 292 181 2022 2635 5245 1420 4740 15030 627 2179 3595 142 5389 911 1410 277 415 131 1139 79 1921 194 6429 797 1345
internal_value=-9.59222e-05 -3.70331e-05 3.22124e-05 -0.000715266 -0.00794915 0.00444895 0.015404 -0.0147409 0.0258484 0.00217222 0.00655889 -0.000773281 0.000604639 -0.0130636 -8.00782e-05 -0.00953116 -0.0112933 -0.0156584 0.0131186 0.000422276 0.0152296 0.00714247 0.0209506 0.0373501 0.0567042 0.00668356 0.0634593 0.00155192 0.00437383 0.0134984
internal_weight=14883.9 14853.3 14810.3 10976.4 875.715 267.265 164.422 42.2984 122.124 3833.87 1532.21 2301.65 2115.95 102.843 10100.7 509.777 29.63 365.956 656.176 9590.93 190.773 163.051 96.2235 70.7521 44.8847 143.821 7.94852 876.036 749.49 297.313
internal_count=282151 274417 269601 227421 30118 11306 5466 2397 3069 42180 17165 25015 20275 5840 197303 13084 434 8984 7174 184219 3451 3174 1764 1633 1218 4100 375 9991 8571 2142
cat_boundaries=0 1 2 3 4 5 6 7
cat_threshold=1638400 67762704 4276 804 279056 8554582 3732
is_linear=0
shrinkage=0.05


Tree=130
num_leaves=31
num_cat=7
split_feature=32 16 14 23 16 37 5 11 12 16 30 14 3 14 16 30 32 13 2 23 32 29 30 33 13 37 12 32 38 33
split_gain=11.9456 27.2111 16.3357 14.3848 17.3253 29.1513 16.9874 16.8011 21.8422 22.8056 23.0513 18.48 16.7878 15.9698 40.2202 16.461 15.3522 15.3044 18.435 15.2348 16.4016 14.9739 18.8499 14.0064 13.9482 21.9199 17.3636 28.4531 16.2562 16.2616
threshold=1020.3166666666668 0 1 1.6513293848599677 2 -0.3052124823898888 0.1247219128924648 -0.37940952255126015 -0.95260028690456633 3 12.31666666666667 4 0.75000000000000011 5 6 19.841666666666672 1017.3166666666668 -0.91281223188962002 0.35000000000000003 2.7990076178579781 1017.6166666666668 4.5230302828309767 2.1166666666666671 1.0000000180025095e-35 -0.62731709687429382 -0.43543984630661753 -0.63397849276288676 1022.3166666666668 -0.54999999999989757 0.18856180831637517
decision_type=2 1 1 2 1 2 2 2 2 1 2 1 2 1 1 2 2 2 10 2 2 2 2 2 2 2 2 2 10 2
left_child=3 2 -2 7 5 12 13 8 16 10 -10 23 19 14 15 -6 -1 18 -7 -5 -21 22 -19 -11 25 -3 27 -27 -26 -30
right_child=1 24 -4 4 6 17 -8 -9 9 11 -12 -13 -14 -15 -16 -17 -18 21 -20 20 -22 -23 -24 -25 28 26 -28 -29 29 -31
leaf_value=0.051693821559411039 -0.0056791177132148518 0.024446724308941299 -0.025218426126838264 0.00016902022596569573 0.029086072669941274 -0.033110449986643357 -0.0021010610513101796 0.0011763558911884419 0.013033399299872692 0.089574952532723934 -0.041470775135934168 0.0032400739698198221 -0.033583669184981096 0.0010264062818429291 0.0010209043292174853 -0.03857292139448304 -0.010539581116847552 -0.026373224244143331 0.042916805199587481 -0.019101450250687203 0.01925991295549009 0.015134283830482365 0.0049952064788015595 0.019739106783694813 -0.013903658246490392 0.0022837237059478155 -0.010754117777862053 0.28229655135988424 -0.01078812978777427 0.0070391109036266053
leaf_weight=47.804988860152662 267.57309870846802 131.57582380750682 194.12342773348792 233.86022421880625 230.46032973029651 50.555551989760716 4113.0760111436248 1907.4951560685877 33.33626058511436 7.3079345612786701 46.173310435144231 366.52465624874458 84.919413601979613 4500.3436834980967 540.21207244903781 9.2709782607853395 12.456234656274317 62.731728213897441 9.3738062605261785 349.87915492872708 30.194583004107699 222.77761037898017 201.32968394272029 243.74919691658579 237.51210917864228 2.772394230705685 97.124804831109941 1.2496954075759275 184.75718441419303 415.21522800897947
leaf_count=359 15046 1880 12739 3872 4796 3857 21571 19140 318 55 380 3241 532 102413 8993 98 92 2810 53 18592 2142 11214 6845 2000 8794 225 5784 92 6739 17563
internal_value=-8.83219e-05 -0.00426929 -0.0142585 0.000393135 -0.000429721 -0.00594543 0.000307755 0.00367815 0.00997828 0.00747861 -0.0165518 0.0106698 -0.0127582 0.00218469 0.00874185 0.0253957 0.0388338 0.00265431 -0.021167 -0.00987257 -0.0160496 0.00559043 -0.00246399 0.0209718 0.00017269 0.011 -0.00649889 0.0940237 -0.00283493 0.00154846
internal_weight=14835.7 1531.9 461.697 13303.8 10639 1245.62 9393.36 2664.85 757.353 697.091 79.5096 617.582 698.853 5280.29 779.943 239.731 60.2612 546.768 59.9294 613.934 380.074 486.839 264.061 251.057 1070.21 232.723 101.147 4.02209 837.485 599.972
internal_count=282235 68862 27785 213373 187788 49917 137871 25585 6445 5994 698 5296 25138 116300 13887 4894 451 24779 3910 24606 20734 20869 9655 2055 41077 7981 6101 317 33096 24302
cat_boundaries=0 1 2 3 4 5 6 7
cat_threshold=27009602 6732 72941568 36 2484 1028 25296978
is_linear=0
shrinkage=0.05


Tree=131
num_leaves=31
num_cat=5
split_feature=32 16 34 30 33 11 26 38 19 4 12 12 25 25 11 5 16 38 9 18 28 34 35 37 16 16 33 9 26 14
split_gain=10.8727 24.9688 21.2546 17.0247 15.4597 14.5875 19.3235 13.9634 13.4175 16.0691 13.2777 62.555 20.2041 13.0336 19.3034 16.2165 22.423 24.1761 31.1687 23.7837 32.4893 23.4772 22.2239 20.6269 24.5449 22.4834 21.2725 20.6992 37.6646 21.0703
threshold=1020.3166666666668 0 69.583333333333357 12.916666666666668 0.75000000000002853 0.25881904510252057 -0.5166666666666665 -1.4999999999999429 392.00000000000006 0.2166666666666667 -0.85283291294431784 -0.89445413044074662 709.65723881361669 241.55812754013854 -0.37940952255126015 0.1247219128924648 1 0.30000000000012511 10.500000000000002 115.39890000000001 78.166666666666671 79.583333333333357 22.16353233746651 -0.31551581101368925 2 3 0.70000000000001716 7.5000000000000009 26.441666666666674 4
decision_type=2 1 2 2 2 2 2 10 2 2 2 2 2 2 2 2 1 10 2 2 2 2 2 2 1 1 2 2 2 1
left_child=13 2 -2 5 -5 -4 -7 -8 10 -10 11 12 -9 14 -1 16 17 18 19 -15 21 -21 -19 24 27 -25 -27 -18 29 -29
right_child=1 -3 3 4 -6 6 7 8 9 -11 -12 -13 -14 15 -16 -17 23 22 -20 20 -22 -23 -24 25 -26 26 -28 28 -30 -31
leaf_value=0.0089810091538140065 -0.034039507757488832 0.00016146361477849258 -0.012426705012056286 -0.041155970678650289 0.043889487333311744 -0.047666724073010008 -0.047563846735275951 -0.030065118284586058 -0.025955206506991641 0.063131924231141959 0.027730223840012835 0.4758306269096923 0.21007521014329653 -0.0073795543638836385 0.000658907996299431 -0.0028860082095822719 0.0085537206354286462 0.0036993155340376647 0.015755253066850616 0.023375641881845429 0.079553929478432053 -0.024366969157341281 -0.017318763217002691 0.0097173950015542829 -0.011949838683921243 -0.0037745311363827014 0.017201536378916006 0.013923352542706586 -0.023883885248602747 -0.0063562561746188509
leaf_weight=975.41969065903686 102.5877783591859 1070.2136365521001 176.55230464250781 53.277143655577675 5.856341869570314 12.776634862413628 7.6328449714928857 3.4313788055442274 22.747400921769444 6.4031592160463324 64.307107503293082 0.85903586097992857 1.067538922652602 344.78520989522804 2438.8429872142151 4234.9336407482624 426.10252752702218 423.3635971803451 785.93714520439971 78.237342028063722 18.085872689262033 38.264211665838957 178.80626742215827 695.64380962308496 715.89161854301346 1102.0501380553469 135.65622737817466 202.40574971667957 198.29749664315023 313.22411995381117
leaf_count=8414 18588 41077 4744 869 92 646 169 257 609 34 1652 63 62 11176 24815 22512 5420 13866 18056 1809 137 466 6212 18272 29683 39009 1690 4380 2452 5004
internal_value=-8.55877e-05 -0.00408045 -0.0137053 -0.00820582 -0.0326735 -0.0033047 0.0102025 0.0171866 0.0222312 -0.00623756 0.0341355 0.109096 0.0302462 0.000373107 0.00303664 -0.000546273 0.00120539 0.00567237 0.00962711 -0.000421245 0.0173968 0.00768743 -0.00254356 -0.00100848 -0.00477619 0.00260317 -0.00146247 -0.000164524 -0.00537072 0.0017522
internal_weight=14833.7 1527.71 457.499 354.911 59.1335 295.777 119.225 106.448 98.8156 29.1506 69.6651 5.35795 4.49892 13305.9 3414.26 9891.68 5656.75 1867.48 1265.31 479.373 134.587 116.502 602.17 3789.27 1855.92 1933.35 1237.71 1140.03 713.927 515.63
internal_count=282235 68862 27785 9197 961 8236 3492 2846 2677 643 2034 382 319 213373 33229 180144 157632 51722 31644 13588 2412 2275 20078 105910 46939 58971 40699 17256 11836 9384
cat_boundaries=0 1 2 3 4 5
cat_threshold=27009602 25559110 34617888 4309008 1474
is_linear=0
shrinkage=0.05


Tree=132
num_leaves=31
num_cat=3
split_feature=3 32 16 12 25 35 6 12 14 26 24 35 38 1 26 32 26 13 28 6 16 25 27 25 37 34 13 28 17 25
split_gain=10.6522 9.84744 21.8733 20.8093 13.388 13.4078 12.304 10.5131 9.79838 9.75339 9.25522 11.0787 10.9688 8.94896 10.8789 8.4779 16.436 19.5534 12.7201 10.5708 12.0477 11.7706 10.3991 9.64351 15.8213 15.2094 11.3681 11.2189 9.14299 20.2309
threshold=5.6500000000000012 1028.241666666667 0 -0.99275167208229986 165.70640895030786 2.2586347517122234 1.0000000180025095e-35 0.55822315702467162 1 35.058333333333344 7.3973773062775994 25.946525412110304 1.2000000000001025 0.65000000000000002 15.533333333333337 994.11666666666679 9.2416666666666689 -0.10281720934011651 96.416666666666671 0.55000000000000016 2 741.01451430924442 0.12472191289246477 112.96768849508031 -0.71097427632320598 92.583333333333357 0.94445443497892156 91.166666666666671 55.924650000000007 509.24061584121813
decision_type=2 2 1 2 2 2 2 2 1 2 2 2 8 2 2 2 2 2 2 2 1 2 2 2 2 2 2 2 2 2
left_child=1 9 3 -3 5 -5 -4 -8 10 15 12 13 -6 14 -12 16 17 -1 19 20 23 -22 -18 -19 -25 26 -26 -28 -17 -30
right_child=-2 2 6 4 8 -7 7 -9 -10 -11 11 -13 -14 -15 -16 28 22 18 -20 -21 21 -23 -24 24 25 -27 27 -29 29 -31
leaf_value=0.085732865621961349 0.035826601916577737 0.16625844565047415 -0.032442419280299492 -0.030552677143553877 -0.023189716717008087 0.08653693666490378 -0.024450302528058139 0.039262993457444023 -0.016830740208846257 -0.038234686915154047 0.092670594566298156 0.090611063075578688 0.084315150758986879 -0.03584753465275152 9.2129023957113743e-05 0.000169873191969332 -0.048585890513556163 0.015030080674385214 0.043563413947340007 0.053243151335813282 0.020996018850546895 -0.054883736141370633 -0.0014773226335229516 -0.066388255395154264 -0.00027584252371541814 -0.032956108686988728 0.025461542435929976 0.15007249643134479 -0.0024928018149906186 -0.027632404098729663
leaf_weight=9.2662750752642733 20.523465819656849 1.9289970048703242 103.84029481688049 3.3340231176698572 17.923056450672451 8.6475906406994891 13.394586913287641 12.34941268712282 44.302433582080994 16.53368409909308 5.3604632561327943 6.7078097295016041 2.6333453017286947 5.6956457346677771 7.5763004153268412 13318.492978322669 12.485263885813763 32.446052198531106 28.569351129699498 12.235239693894981 108.48438855202403 5.2690296901855609 169.48960742750205 13.471408800687639 21.15273940097541 27.327394240070134 5.1762247070437288 2.7185702505521476 702.54357772064395 90.219210593728349
leaf_count=77 257 78 11466 110 1634 384 67 56 1430 3914 63 62 145 25 89 234164 109 256 220 225 1053 96 1452 145 299 221 116 36 14829 9157
internal_value=-8.26294e-05 -0.000132635 -0.0103129 0.00702325 0.00454422 0.0539722 -0.0230034 0.00614667 -0.00207406 3.06544e-05 0.013007 0.0359995 -0.00907647 0.0159601 0.0388694 7.43711e-05 0.00684443 0.014761 0.0121682 0.00822174 0.00564861 0.0160284 -0.00473434 -0.00679979 -0.0179197 -0.0062405 0.0189199 0.0697117 -0.000140654 -0.0053569
internal_weight=14830.1 14809.6 233.694 104.11 102.181 11.9816 129.584 25.744 90.1991 14575.9 45.8966 25.3402 20.5564 18.6324 12.9368 14559.3 448.092 266.117 256.85 228.281 216.046 113.753 181.975 102.292 69.8463 56.3749 29.0475 7.89479 14111.3 792.763
internal_count=282235 281978 15609 4020 3942 494 11589 123 3448 266369 2018 239 1779 177 152 262455 4305 2744 2667 2447 2222 1149 1561 1073 817 672 451 152 258150 23986
cat_boundaries=0 1 2 3
cat_threshold=9441824 6324 1050630
is_linear=0
shrinkage=0.05


Tree=133
num_leaves=31
num_cat=5
split_feature=33 10 16 13 4 31 33 14 4 12 34 32 36 16 37 10 34 26 29 12 10 16 26 34 16 9 13 38 32 34
split_gain=9.5183 23.47 21.7508 20.9298 14.2535 15.554 13.8039 12.6763 20.9116 15.1562 14.6412 24.0169 14.8027 14.596 26.9629 20.9197 18.5886 13.0893 17.5927 13.0536 12.2337 47.786 23.2351 16.713 14.9625 25.0162 33.5421 35.6932 31.9266 29.7369
threshold=0.66833125519214986 -0.98296291314453399 0 -0.21294651993841582 0.041666666666666678 0.77888809636986212 1.1012611802847052 1 0.65833333333333344 -0.84374447618434878 98.416666666666671 1009.8416666666668 0.84882630516394275 2 -0.96359284419854352 -0.60355339059327362 88.583333333333357 21.516666666666669 1.9428090415820636 -0.65365639399891895 -0.9159756150367534 3 26.183333333333341 85.166666666666671 4 10.500000000000002 -0.61385614182261172 -0.23333333333340531 1011.2333333333335 89.416666666666671
decision_type=2 2 1 2 2 2 2 1 2 2 2 2 2 1 2 2 2 2 2 2 2 1 2 2 1 2 2 10 2 2
left_child=20 3 -3 -2 5 -5 -7 9 10 -4 -9 19 -13 14 -11 -16 -17 18 -18 -12 21 23 -23 -1 -22 26 28 -28 29 -26
right_child=1 2 7 4 -6 6 -8 8 -10 13 11 12 -14 -15 15 16 17 -19 -20 -21 24 22 -24 -25 25 -27 27 -29 -30 -31
leaf_value=0.022929798190789302 -0.014364361907499113 0.016767683520581236 -0.066145006910357407 0.027651908727167596 0.036212317991928103 0.060769952911533143 0.21481974512543786 -0.002812971256538177 -0.019418739185499845 0.07423716692338371 -0.040804745564734263 0.048866350630301487 -0.028531830424138011 0.012024489109686374 0.011691855132359595 -0.028646448903972273 -0.023516274196011891 -0.026909315190245489 0.029538230370859828 0.013978433499473506 0.0015269728787128268 -0.0075689162197387057 -0.032317501109017772 0.0023045357488047811 -0.021432360794639241 0.0015836790377724511 -0.010124566722550521 0.0040320751354150667 -0.025727335603068602 0.017686340839809665
leaf_weight=157.3694781450904 15.721573636750689 216.20086544379592 7.296155067975632 4.1124471940565837 31.152552647516131 2.5474367548013106 3.6501684822142124 662.51061622193083 171.82582031190395 11.135249480139462 19.236045006662607 49.410304620862007 6.9917972618713966 407.48534311214462 124.60951125103747 107.59084714163328 22.82053534174338 29.305441062897444 49.048512252978981 24.7631692038849 6647.4041500564199 1109.7934202286997 103.61750118585769 261.10551089420915 90.589874503144529 2242.0079690851271 827.32059480668977 963.91226817067945 349.23219622764736 104.52907714270987
leaf_count=7227 323 3154 97 54 154 87 48 10231 953 95 109 359 57 3741 1498 2847 184 179 428 136 107575 19985 2749 2612 4530 54772 16025 27274 13900 852
internal_value=-7.94885e-05 0.00315921 0.00221341 0.0346944 0.053286 0.104032 0.15347 0.000254563 -0.00362697 0.00501787 -0.000115743 0.0176673 0.0392383 0.00578374 -0.00189314 -0.00451429 -0.0141885 0.00119946 0.0126826 -0.0100105 -0.000575108 -0.00462006 -0.00960562 0.00982955 1.29819e-05 -0.00218413 -0.00581024 -0.00250668 -0.0166784 -0.000477375
internal_weight=14824.3 1967.41 1910.23 57.1842 41.4626 10.3101 6.19761 1694.03 934.738 759.292 762.912 100.401 56.4021 751.995 344.51 333.375 208.765 101.174 71.869 43.9992 12856.9 1631.89 1213.41 418.475 11225 4577.59 2335.58 1791.23 544.351 195.119
internal_count=282235 24734 24068 666 343 189 135 20914 11845 9069 10892 661 416 8972 5231 5136 3638 791 612 245 257501 32573 22734 9839 224928 117353 62581 43299 19282 5382
cat_boundaries=0 1 2 3 4 5
cat_threshold=1634310 4380 12779520 12791812 50643570
is_linear=0
shrinkage=0.05


Tree=134
num_leaves=31
num_cat=7
split_feature=3 32 14 38 16 11 3 36 13 36 28 35 2 32 13 34 10 29 31 31 11 3 16 11 30 14 16 16 14 36
split_gain=9.87756 9.31612 18.3579 17.4639 16.8003 14.9421 18.4034 13.6816 12.4508 15.2312 17.4501 19.2929 11.9175 11.7831 15.0736 48.4565 14.5041 24.1757 14.3783 17.3594 16.5454 13.3258 11.6718 11.075 43.6034 24.2936 44.9365 24.493 21.1595 25.6621
threshold=5.6500000000000012 1022.9166666666669 0 -0.14999999999992039 1 0.25881904510252057 0.25000000000000006 0.34356451647685332 0.99550911953113241 0.92829842949646946 74.166666666666671 16.97383575973647 0.75000000000000011 1025.7583333333334 0.38465092912467852 82.833333333333357 -0.9159756150367534 6.8958842066956336 0.40000000000000013 0.32998316455372256 0.37940952255126048 0.15000000000000005 2 -0.70710678118654757 19.483333333333338 3 4 5 6 0.36406351829834588
decision_type=2 2 1 10 1 2 2 2 2 2 2 2 10 2 2 2 2 2 2 2 2 2 1 2 2 1 1 1 1 2
left_child=1 23 3 -3 -4 12 8 -8 -7 10 11 -10 -6 14 22 -16 17 -15 19 -18 -21 -20 -5 24 25 26 -1 -27 29 -26
right_child=-2 2 4 13 5 6 7 -9 9 -11 -12 -13 -14 16 15 -17 18 -19 21 20 -22 -23 -24 -25 28 27 -28 -29 -30 -31
leaf_value=0.021011038861731304 0.034892440363309601 -0.010828145894530643 -0.023879408687789143 0.017866274125032514 -0.01362414971687452 -0.0054476418775923395 0.092389395061893004 0.020293851204441705 0.32765632064834366 0.18593045716223661 0.0018021550785466607 0.0030591796155543909 0.049968123620535432 0.04981268385719189 -0.011688252703732058 0.57424705207762405 0.043038316384343939 0.26546092428549761 -0.011742467323552047 0.036331160061037877 0.31849069687994513 0.063204148340508873 -0.017211846904507343 -0.00064440670744728189 -0.009631050745229788 0.011603170037976434 0.0019828002709351479 -0.0023784003179445493 -0.0160552327551782 0.018746936579338652
leaf_weight=558.5075478515937 20.067867601290345 80.856890619674232 145.39645603159443 41.694351210840978 286.55838082690025 153.04546898818808 8.7815742343664152 25.736051697283983 0.82993233646266051 1.5450867866165925 11.645865397294981 0.90533985011279583 7.4655098654329768 5.5946031549246973 1.2651600139215577 0.38727372512221325 17.083909419365231 1.6206512735225258 25.256712063739542 0.96943087293766383 1.0963983903639016 7.6429191976785651 33.859648089972325 10333.617994095664 212.19747362576891 412.32100265397457 703.22481550381053 1204.1142416989896 390.74863997718785 127.41669420828111
leaf_count=9086 257 4110 11605 728 12383 8216 55 139 59 44 343 64 48 184 226 21 514 95 2123 58 64 36 2438 178667 2199 8603 16322 18110 4326 1112
internal_value=-7.5428e-05 -0.000123073 -0.00517571 0.00724413 -0.00934832 -0.00470188 0.00565384 0.0388495 -0.00118681 0.042247 0.0244001 0.167699 -0.011993 0.0184822 0.00559597 0.150567 0.0352318 0.101217 0.0259082 0.0602326 0.193873 0.00580716 0.00223049 0.000188349 0.00257304 0.00534174 0.0105056 0.00123793 -0.00833693 0.000989092
internal_weight=14821.5 14801.4 859.238 217.328 641.91 496.513 202.489 34.5176 167.972 14.9262 13.3811 1.73527 294.024 136.471 77.2064 1.65243 59.2646 7.21525 52.0494 19.1497 2.06583 32.8996 75.554 13942.1 3608.53 2878.17 1261.73 1616.44 730.363 339.614
internal_count=282235 281978 43553 10597 32956 21351 8920 194 8726 510 466 123 12431 6487 3413 247 3074 279 2795 636 122 2159 3166 238425 59758 52121 25408 26713 7637 3311
cat_boundaries=0 1 2 3 4 5 6 7
cat_threshold=680 25862208 4212768 500 1352258 79826960 6328
is_linear=0
shrinkage=0.05


Tree=135
num_leaves=31
num_cat=1
split_feature=23 9 12 35 27 17 10 38 37 11 24 13 26 14 13 37 35 37 18 31 26 31 12 26 24 38 12 27 2 18
split_gain=9.80279 16.5524 10.0941 18.092 27.4388 29.2847 25.914 18.512 10.3244 9.28717 38.6916 25.8098 22.2791 20.4553 17.8221 17.594 16.9856 17.9691 16.6752 14.1382 13.5573 13.3166 13.9658 15.6279 13.0575 12.9993 12.5549 12.8425 15.7155 18.2383
threshold=13.720557302533313 11.500000000000002 0.7396616116502498 3.529513042005219 1.2675435561221018 40.565535000000004 -0.70710678118654735 -1.3000000000000111 0.12992527552318309 -0.70710678118654757 13.649366346650348 -0.41610936647687707 26.866666666666671 0 0.9969807975668411 0.89007672968576756 20.986767650460006 -0.66634236648732081 8.7002500000000023 1.6000000000000005 4.3833333333333346 0.14999999999999999 -0.95768026224311653 25.31666666666667 18.544515099715493 2.2666666666668225 0.843744476184349 0.74087035902976262 0.55000000000000016 -60.319634999999998
decision_type=2 2 2 2 2 2 2 10 2 2 2 2 2 1 2 2 2 2 2 2 2 2 2 2 2 8 2 2 8 2
left_child=9 -2 -3 4 7 6 -6 8 -4 10 11 18 16 26 21 -16 -11 20 -1 -15 -18 24 23 -23 -12 -20 27 -14 29 -29
right_child=1 2 3 -5 5 -7 -8 -9 -10 12 14 -13 13 19 15 -17 17 -19 25 -21 -22 22 -24 -25 -26 -27 -28 28 -30 -31
leaf_value=0.0024143066356673466 -0.033710231230871933 -0.0080429779877829264 0.084212257484638509 0.0043454393011096463 0.87578645986249681 0.083761469065472716 0.11758040419147978 -0.048675324078928779 0.36127016541201407 -0.00039388898326052601 0.0057107705626658891 0.0018316676576120021 -0.011604761231990588 0.012997934941760138 0.092468098155522371 -0.0087306080303027091 -0.039693143902180927 -0.0089022698757331483 0.017549335169685692 -0.0086756768425197174 0.0037702659361190968 0.014077697715374477 -0.0078706437467797995 -0.044777036292098574 0.076324687974279354 -0.036950119699365444 0.04030848905837002 0.043532838910431179 0.011319770004695784 -0.013581365467436097
leaf_weight=311.39876105485018 57.332271397288423 92.432462604891043 1.3364429005887357 16.774855511728674 0.22893520479556173 0.67990925209596753 0.22588489367626585 2.2405127669917451 0.39738599909469474 7639.691522379464 42.060228615533561 2031.4756880748319 240.65686713240575 708.9510867522331 8.7096877880394477 8.3499050848185998 18.523277416592464 1299.2555397520773 613.41903031145921 84.107225178508088 490.39985156734474 14.377934105694292 690.72825739544351 51.559509588871151 7.6579625232843673 11.049699802300891 17.540261856862344 15.241574293468146 236.49263191479258 157.40882883325685
leaf_count=7657 10122 10399 170 1700 44 58 94 659 72 129142 358 36296 2713 5581 45 65 1234 41779 9327 1765 10760 123 6629 606 67 160 105 242 2167 2362
internal_value=6.52277e-05 -0.0118109 -0.00080806 0.0296481 0.111047 0.317253 0.588289 0.0458311 0.16395 0.000203991 0.00233592 0.00499693 -0.000536902 0.00521029 -0.00725265 0.0431737 -0.00142532 -0.00578291 0.0118668 0.0105653 0.00218084 -0.00832467 -0.00997218 -0.0319416 0.0167186 0.0165792 -0.00129314 -0.00244203 0.00294898 -0.00851704
internal_weight=14870.7 171.649 114.316 21.8839 5.10907 1.13473 0.45482 3.97434 1.73383 14699.1 3790.79 2967.34 10908.3 1460.4 823.443 17.0596 9447.87 1808.18 935.867 793.058 508.923 806.384 756.666 65.9374 49.7182 624.469 667.34 649.8 409.143 172.65
internal_count=282501 23318 13196 2797 1097 196 138 901 242 259183 61333 53440 197850 14935 7893 110 182915 53773 17144 7346 11994 7783 7358 729 425 9487 7589 7484 4771 2604
cat_boundaries=0 1
cat_threshold=1698
is_linear=0
shrinkage=0.05


Tree=136
num_leaves=31
num_cat=1
split_feature=27 37 4 13 26 29 4 16 12 38 36 12 36 3 38 10 24 24 11 35 36 18 9 31 38 38 31 29 38 9
split_gain=9.56261 10.6939 9.60655 8.1176 18.7474 20.1206 14.9445 14.7224 17.045 16.3816 17.4679 18.8026 12.9356 12.7929 12.1675 11.9911 11.7698 16.0523 16.5468 14.2641 11.7247 17.4171 15.7915 13.3599 10.4696 10.4568 18.1873 10.3725 10.3549 10.2958
threshold=3.2500000000000018 -0.9519826911898398 3.9166666666666674 -0.97322851985520697 17.141666666666669 2.7265482080417307 0.058333333333333341 0 0.0085831648773537477 0.83333333333354187 0.40404932282295541 0.19613531578169985 -0.67138327286058253 0.65000000000000002 -0.96666666666664003 -0.70710678118654735 8.3824313240542541 13.053928812032362 1.0000000180025095e-35 36.001543143729535 -0.21701237923353861 -25.168549999999996 8.5000000000000018 1.2500000000000009 -1.4499999999999884 1.6666666666666858 0.5099019513592794 6.8958842066956336 2.0000000000000573 14.500000000000002
decision_type=2 2 2 2 2 2 2 1 2 10 2 2 2 2 10 2 2 2 2 2 2 2 2 2 10 8 2 2 10 2
left_child=2 -2 3 4 5 12 25 14 20 10 11 16 -1 -8 -6 -14 -10 19 -19 -18 29 22 -22 -24 -13 -7 -27 -20 -11 -9
right_child=1 -3 -4 -5 7 6 13 8 9 28 -12 24 15 -15 -16 -17 17 18 27 -21 21 -23 23 -25 -26 26 -28 -29 -30 -31
leaf_value=-0.0016934728176558524 0.12857517278037131 -0.039313383618417852 0.025828868579491678 0.00036584396118426865 -0.047943471060616423 -0.028383449791845046 0.020639672791619247 -0.011529472143873697 -0.038980001602096553 -0.028653917040565042 -0.013550496772697446 0.065744134862885023 0.089706370408875274 -0.031635894193977339 -0.014472548218919221 0.029636042464742881 0.047039461692093276 -0.0019869676691751693 0.022933445250810702 0.16624881133874994 -0.059695730942700337 -0.031886332467883215 0.050591144357315189 -0.047135919012743673 -0.041286251489161784 0.23442551312476573 -0.030399274318118848 0.069914971619397998 0.039803844004682384 0.016312999945271248
leaf_weight=28.11385013058316 0.89514696970582264 21.939031113754027 36.12296786904335 13790.171296495944 31.459529291663785 53.266527540457901 60.547555571421981 100.36335640435573 6.8536540967179453 44.632479145773686 54.584876210312359 2.5435538591118556 9.787995945545843 14.408167373389004 196.01452952204272 53.57617598422803 35.136955205118284 53.466321169398725 40.283532711677253 2.6270619402639559 5.9017191958846551 106.51411446882412 17.913939298246991 4.2557480330578974 17.092014067224227 0.95773272158112321 1.6246267403475938 16.589756487635896 6.2134082075208417 49.496215826948173
leaf_count=715 66 2669 491 256376 1013 3043 360 1755 584 700 1049 54 138 84 6929 844 931 412 248 73 126 1622 242 134 344 39 84 145 115 1116
internal_value=6.13825e-05 -0.0321999 0.000111238 4.8312e-05 -0.0042687 0.00855984 -0.00402146 -0.00787004 -0.00327561 0.0054224 0.0111193 0.0188354 0.0265346 0.0105624 -0.0183158 0.039042 0.0246774 0.0276475 0.0179878 0.0557495 -0.0119524 -0.0226585 0.0123443 0.0317038 -0.0271589 -0.0235786 0.0728956 0.0367365 -0.0202266 -0.0023288
internal_weight=14863.4 22.8342 14840.5 14804.4 1014.23 222.283 130.805 791.943 564.469 280.024 229.178 174.593 91.478 74.9557 227.474 63.3642 154.957 148.104 110.34 37.764 284.445 134.586 28.0714 22.1697 19.6356 55.8489 2.58236 56.8733 50.8459 149.86
internal_count=282501 2735 279766 279275 22899 5307 3610 17592 9650 4655 3840 2791 1697 444 7942 982 2393 1809 805 1004 4995 2124 502 376 398 3166 123 393 815 2871
cat_boundaries=0 1
cat_threshold=69016080
is_linear=0
shrinkage=0.05


Tree=137
num_leaves=31
num_cat=6
split_feature=34 16 23 11 27 12 35 32 16 16 14 27 31 29 13 9 35 33 13 24 9 12 16 31 32 11 32 14 34 3
split_gain=9.49252 11.6996 10.8835 9.37199 10.7174 13.5377 9.27309 14.5018 24.5403 23.3492 18.8992 16.0527 14.0362 16.4736 14.7882 19.5284 22.3835 14.9859 14.3726 12.8866 12.7104 13.6316 12.5813 12.7101 12.5374 12.1881 14.7623 13.4343 14.2371 11.6932
threshold=1.1666666666666667 0 17.784980258322744 -0.78656609248549325 0.65489609014628392 -0.32853027881941038 20.986767650460006 1011.1416666666668 1 2 3 1.7969109295924748 0.95000000000000007 6.8958842066956336 -0.93867560834980956 16.500000000000004 31.004479639410317 0.21602468994695151 -0.75113193087051977 19.410192743641346 19.500000000000004 -0.36876293119226017 4 2.1507426375403291 1002.8833333333336 1.0000000180025095e-35 1016.2166666666668 5 83.166666666666671 0.35000000000000003
decision_type=2 1 2 2 2 2 2 2 1 1 1 2 2 2 2 2 2 2 2 2 2 2 1 2 2 2 2 1 2 2
left_child=1 2 -1 4 5 -3 -2 9 11 10 29 19 13 20 15 16 -14 -16 -19 -9 21 -12 23 -11 -20 26 27 28 -10 -8
right_child=6 3 -4 -5 -6 -7 7 8 25 22 12 -13 14 -15 17 -17 -18 18 24 -21 -22 -23 -24 -25 -26 -27 -28 -29 -30 -31
leaf_value=0.013901017736888947 0.00079443235320465983 0.10235413454312813 0.20212010190678728 -0.047377064880088207 -0.038371676988153212 -0.048089137852696334 0.0079189650004007628 0.00036759419881188444 0.013379816424806776 -0.026408536567030839 0.064801891552729543 -0.021733289360362881 0.066647156597740773 -0.039331946335750906 -0.01256715665066103 0.0043553205052991517 0.29647303890807442 -0.014737791273043636 0.16728465424176789 0.041173744885441635 -0.015008418666102467 0.017891456915695686 -0.00025308429917619873 0.037312429852516864 0.05844491827325507 -0.021196760445799157 -0.01970922804344721 -0.0091899960008017482 0.12764722788469521 -0.026686097566833062
leaf_weight=17.586649037431929 11643.132298465294 4.0654395394958556 0.70441547548398276 35.415555594663601 7.7483847598196007 2.2580055801081453 109.52501821646001 913.55430364445783 83.673072785371915 84.335095486138016 23.152020722161978 82.748465193319134 2.2358898236416271 11.492995410459114 10.79410887788981 2.4451502999290824 2.0515925283543766 5.9279563040472523 2.9370499437209281 19.666270864196122 16.668028702260926 46.729084404651076 1124.9811774836853 8.5377067886292917 23.328134055715054 278.44952720450237 140.25157887954265 122.41021445882507 2.7200154070742419 31.304664168506861
leaf_count=1646 172929 728 31 19723 3260 1093 2454 27063 2046 4048 413 4399 83 199 348 68 87 133 64 153 306 911 12699 495 400 14332 9390 2765 58 177
internal_value=5.77003e-05 -0.0185975 0.0143866 -0.0280399 0.000832625 0.0487208 0.0001433 -0.00226345 -0.00551138 0.00128005 0.0138043 -0.000634328 0.0259289 0.0166797 0.0493019 0.117766 0.180871 0.0383306 0.0553823 0.00123184 0.0241544 0.0335036 -0.00178735 -0.0185244 0.071204 -0.0131861 -0.00716918 0.00125928 0.0153465 0.000199091
internal_weight=14860.8 67.7784 18.2911 49.4874 14.0718 6.32345 14793.1 3149.92 1643.47 1506.45 288.592 1015.97 147.762 98.0421 49.7199 6.73263 4.28748 42.9872 32.1931 933.221 86.5491 69.8811 1217.85 92.8728 26.2652 627.504 349.055 208.803 86.3931 140.83
internal_count=282501 26481 1677 24804 5081 1821 256020 83091 60206 22885 5643 31615 3012 1829 1183 238 170 945 597 27216 1630 1324 17242 4543 464 28591 14259 4869 2104 2631
cat_boundaries=0 1 2 3 4 5 6
cat_threshold=4 105170998 9642050 7248 71827488 5274
is_linear=0
shrinkage=0.05


Tree=138
num_leaves=31
num_cat=7
split_feature=34 16 12 13 35 32 16 16 14 35 27 26 27 16 14 29 24 32 26 34 33 28 33 12 11 32 14 31 33 27
split_gain=9.04795 17.7071 14.0292 10.0475 8.87137 13.1583 22.5101 20.9748 19.7898 15.7469 24.512 56.4303 14.7417 12.6914 12.2952 14.2802 12.3002 14.1508 26.6126 45.109 15.3333 20.0648 12.77 11.6825 11.3087 13.5739 12.1759 10.9823 12.8627 11.4981
threshold=9.1666666666666696 0 -0.40828930082137055 0.99550911953113241 20.986767650460006 1011.1416666666668 1 2 3 37.504258775601407 1.0640581604551667 19.241666666666671 1.7969109295924748 4 5 12.719186352324803 19.233233715193254 1021.3166666666668 16.941666666666674 53.166666666666679 0.37712361663283073 54.166666666666679 0.54365021434328464 -0.78409092058138996 1.0000000180025095e-35 1016.2166666666668 6 2.1333323160795175 0.16996731711972757 1.2
decision_type=2 1 2 2 2 2 1 1 1 2 2 2 2 1 1 2 2 2 2 2 2 2 2 2 2 2 1 2 2 2
left_child=1 2 -1 -4 -2 7 12 8 9 -6 -11 -12 14 27 15 16 17 20 23 -20 -7 22 -22 -19 25 26 -8 -9 29 -29
right_child=4 -3 3 -5 5 6 24 13 -10 10 11 -13 -14 -15 -16 -17 -18 18 19 -21 21 -23 -24 -25 -26 -27 -28 28 -30 -31
leaf_value=0.019018869949350561 0.00083703951349870702 -0.026678760143781767 -0.019739136273212235 0.17159440764410538 0.028273124490226911 -0.0084733036665104022 -0.0097121742569360875 -0.02092955207743271 -0.00059861240822585871 0.034316414371800268 0.34755917720399404 -0.026251242854661808 -0.021009017009049124 0.00065242231981974485 -0.0011004204159565231 -0.056773726775113789 0.072572838037987364 -0.025883674611955832 0.44103565923654547 0.048051211062046087 0.20885463574892071 0.016434879866374739 0.045503426300089675 0.057959295228112585 -0.020454397018368316 -0.019025841302735328 0.013399649429948502 0.014095374715003378 0.0010630939679877659 0.2195893896461652
leaf_weight=62.592747656628489 11520.593730704742 81.435099685797468 46.928850330761634 0.59711531479842861 78.714076647069305 56.067237852606922 112.16388620948419 119.38387182040606 90.839215212734416 6.949527603806926 2.2723199266474694 1.7346569080837069 81.360537273576483 1196.1949249950703 814.91994998999871 6.1540613812394431 10.348858502693473 6.4363208925351545 1.018140873871743 2.1883756350725889 2.3900698991492417 20.430162853561342 2.4403401263989508 11.384727163705975 274.24059888580814 138.08463364175986 96.801654110429808 1.2960576547775411 9.3945516502717492 1.3687093090265987
leaf_count=6104 147029 37163 9036 78 1680 1352 2618 4780 2062 210 88 42 4399 13465 24782 186 79 73 71 76 68 319 59 151 14332 9390 2251 99 400 59
internal_value=5.34927e-05 -0.0107401 0.00319133 -0.01698 0.000194549 -0.00215925 -0.00526412 0.00120983 0.0167157 0.0325406 0.0920973 0.189034 -0.000604084 -0.00101772 0.0011694 0.0155085 0.020877 0.0155844 0.0520439 0.182397 0.00610535 0.0383693 0.128926 0.0277028 -0.0126634 -0.00686758 0.00117186 -0.0151788 0.0289724 0.123768
internal_weight=14856.7 191.554 110.119 47.526 14665.2 3144.58 1636.43 1508.15 180.51 89.6706 10.9565 4.00698 1015.14 1327.64 933.778 118.858 112.704 102.355 21.0276 3.20652 81.3278 25.2606 4.83041 17.821 621.291 347.05 208.966 131.443 12.0593 2.66477
internal_count=282501 52381 15218 9114 230120 83091 60206 22885 4082 2020 340 130 31615 18803 27216 2434 2248 2169 371 147 1798 446 127 224 28591 14259 4869 5338 558 158
cat_boundaries=0 1 2 3 4 5 6 7
cat_threshold=8663556 105170998 1253440 946 71860256 256 2912
is_linear=0
shrinkage=0.05


Tree=139
num_leaves=31
num_cat=6
split_feature=2 16 27 16 9 36 14 27 37 29 11 26 10 16 26 13 16 37 5 34 34 4 35 38 14 24 26 38 32 31
split_gain=8.89854 22.2139 23.7012 17.2498 19.0496 18.536 19.0944 17.9318 16.1589 15.7154 15.5524 15.4573 16.3776 28.3973 35.1905 35.1507 19.0864 30.506 21.051 16.5809 16.5003 15.427 30.8031 21.3888 15.1569 25.4024 23.2989 20.1701 18.3365 21.1158
threshold=0.45000000000000007 0 1.1130528499277847 1 16.500000000000004 -0.89270226015484544 2 1.611072796479277 -0.18752353640774741 15.28979152795428 -0.12940952255126037 6.0166666666666666 0.37940952255126054 3 19.741666666666671 0.97322851985520709 4 -0.37449844513311498 0.52173941556879455 92.166666666666671 66.583333333333357 1.0000000180025095e-35 19.007307131301111 -0.10000000000007957 5 17.010450900328905 17.541666666666671 2.2000000000001028 1002.5166666666668 0.75
decision_type=8 1 2 1 2 2 1 2 2 2 2 2 2 1 2 2 1 2 2 2 2 2 2 8 1 2 2 8 2 2
left_child=3 24 -3 5 -5 6 -1 -6 -8 11 -4 -7 16 19 15 -15 17 -13 -18 -14 -17 22 23 -22 25 26 27 28 -2 -30
right_child=1 2 10 4 7 9 8 -9 -10 -11 -12 12 13 14 -16 20 18 -19 -20 -21 21 -23 -24 -25 -26 -27 -28 -29 29 -31
leaf_value=-0.0095022096203264562 0.02480491874868394 -0.0026426147267826793 -6.6024786685832745e-05 -0.0012721885613588176 -0.0075686100045266663 -0.0084119704664668195 -0.0022575385245598625 -0.037412096236123231 0.025231232563125584 -0.031933203127527308 0.015501127908398686 -0.013707902183161196 -0.024264092301165482 0.0067465685388060142 -0.011379200139838052 -0.034047543318930278 0.010433916482438139 0.0072245187725946507 -0.012977570583065357 -0.0035108767844766217 0.042032205137555012 0.046614697932335108 -0.048664472026115645 0.24021802360546612 0.0071837343189768785 0.055522801140803928 -0.015406596532117907 -0.033042231807016605 0.0069612239933453616 -0.01385982716149489
leaf_weight=78.610398988239467 96.963014776702039 3530.2343264689553 317.417137997807 2861.4643506298889 1055.8097902899608 423.02698860608507 71.339473460102454 52.763910803769249 213.04468507843558 37.626131735858507 324.3263383313315 312.32719160080887 197.69934302195907 325.44714095891686 245.91880358272465 5.1379729764303184 1099.5401770143653 392.8985273737926 105.12041016668081 187.53441776148975 2.0765806930139661 39.798106402158737 1.9672765941359101 4.1449745115824026 1956.6189882946201 19.825477794278413 230.78697828768054 37.362209171522409 459.62289825163316 165.54803303565132
leaf_count=2431 882 49880 7079 57409 20502 11206 1638 3594 5422 2320 6346 5107 6305 7242 7149 509 21355 11036 493 1679 68 202 125 105 34528 144 5235 530 7320 4660
internal_value=4.88395e-05 0.00132101 -0.00103329 -0.00112856 -0.00341947 0.00130681 0.0120456 -0.00899229 0.0177145 0.000157158 0.00780254 0.000519325 0.00181364 -0.00333647 0.00329177 0.0129094 0.00453645 -0.00201796 0.00832102 -0.0138065 0.0505797 0.0596927 0.121923 0.17578 0.00461959 -0.000369217 -0.0014974 0.00273064 0.0045858 0.00144638
internal_weight=14852 7138.71 4171.98 7713.3 3970.04 3743.26 362.995 1108.57 284.384 3380.26 641.743 3342.64 2919.61 1009.72 624.491 378.572 1909.89 705.226 1204.66 385.234 53.1249 47.9869 8.18883 6.22156 2966.73 1010.11 990.283 759.496 722.134 625.171
internal_count=282501 116604 63305 165897 81505 84392 9491 24096 7060 74901 13425 72581 61375 23384 15400 8251 37991 16143 21848 7984 1009 500 298 173 53299 18771 18627 13392 12862 11980
cat_boundaries=0 1 2 3 4 5 6
cat_threshold=18266128 79708790 1584 8388678 67125776 106
is_linear=0
shrinkage=0.05


Tree=140
num_leaves=31
num_cat=2
split_feature=28 16 12 38 10 32 13 37 36 34 13 38 36 9 29 35 26 12 37 32 37 34 16 25 25 35 10 31 31 37
split_gain=12.4756 33.7585 16.8573 15.336 14.7473 17.8522 15.136 21.8773 26.5643 21.5988 13.579 12.4908 12.256 21.1923 35.8782 70.428 87.993 14.1718 10.4368 11.5145 14.9169 10.1265 33.3296 23.5594 15.8145 13.9872 12.9064 13.7545 16.072 13.9733
threshold=54.166666666666679 0 0.76232555469153152 0.69999999999987506 0.25881904510252091 998.31666666666683 -0.034326335927271065 0.92971696589317931 0.02283571757967609 73.166666666666671 0.63395513778623458 -0.099999999999852193 -0.57272795389815268 17.500000000000004 8.8191620377048938 21.692291177366929 17.141666666666669 0.99466323211226848 0.89538246188389259 1010.9416666666668 0.90576383925614101 32.416666666666679 1 727.93403888729642 1033.2773237591443 16.499579113843058 -0.9159756150367534 1.0143416036468635 1.0499338582674542 0.12992527552318309
decision_type=2 1 2 10 2 2 2 2 2 2 2 8 2 2 2 2 2 2 2 2 2 2 1 2 2 2 2 2 2 2
left_child=1 3 -3 4 6 -6 7 -1 9 11 12 -9 13 -4 17 16 -16 -15 -14 -20 -21 22 23 -2 -24 -26 -25 -28 29 -29
right_child=21 2 10 -5 5 -7 -8 8 -10 -11 -12 -13 18 14 15 -17 -18 -19 19 20 -22 -23 24 26 25 -27 27 28 -30 -31
leaf_value=0.01790409784675526 -0.0087265253625835506 -0.021913122231154897 0.0021674661008925854 -0.018647291626823975 0.17563099493441303 -0.011869444259397755 -0.0072034858637868536 0.36404885049622049 -0.0021730036532529909 -0.0041240242011522906 0.18287400272830781 0.13489640859331856 -0.021893579336040851 0.0011266189413847282 1.1337231984802374 0.055627155363461411 -0.035887189010588232 0.21234714117778566 0.12334129108918079 0.26382486256469867 -0.024641098917885532 0.00078768395593164793 -0.030379567126549809 -0.02079305109951329 0.041704407203834948 -0.037497341163097435 0.0054102039348762551 0.055884624590141069 0.032437745714845916 0.31184528527369748
leaf_weight=193.42944960395107 199.41187883517705 309.74304568610387 22.610562413698066 61.789107902441174 1.1882430071709666 88.238664185162634 62.261336539988406 1.4701853153528643 2.9944587606005371 0.98677269555628289 0.93571274948771943 1.2504571328172458 48.324359585996717 4.8768601795891291 0.32629313756478939 1.2179248821921644 0.24863088701386005 0.84884799720020954 2.604981415672226 0.38746647397056211 5.4575452533899806 13493.873099640594 154.06724722555373 19.885905613715295 15.373716916597916 8.6202770482050237 66.354828568524681 1.3053840720094734 74.9078549699625 0.87097000656649459
leaf_count=7434 14674 28914 1998 5561 31 6367 3980 101 178 28 70 60 3829 302 66 61 77 58 56 43 765 166628 24736 2001 2515 600 5159 71 6235 89
internal_value=0.000170311 -0.00585818 -0.0160289 0.00420572 0.008343 -0.00918467 0.0143179 0.0210135 0.109174 0.196804 0.002899 0.267243 0.000753201 0.0264783 0.0986003 0.28745 0.697541 0.035548 -0.0129212 0.0380465 -0.00140256 0.000518792 -0.00618945 0.00272864 -0.0231992 0.0132122 0.0168786 0.0221121 0.0364636 0.167519
internal_weight=14845.9 811.191 397.582 413.609 351.82 89.4269 262.393 200.131 6.70187 3.70742 87.8392 2.72064 86.9035 30.1291 7.51856 1.79285 0.574924 5.72571 56.7744 8.44999 5.84501 14034.7 540.798 362.737 178.061 23.994 163.325 143.439 77.0842 2.17635
internal_count=282687 59979 36239 23740 18179 6398 11781 7801 367 189 7325 161 7255 2562 564 204 143 360 4693 864 808 222708 56080 28229 27851 3115 13555 11554 6395 160
cat_boundaries=0 1 2
cat_threshold=434276 117709348
is_linear=0
shrinkage=0.05


Tree=141
num_leaves=31
num_cat=1
split_feature=31 34 38 27 34 16 29 11 31 36 12 26 13 1 37 30 36 25 26 9 12 33 7 31 2 24 2 31 4 13
split_gain=11.8145 10.2296 8.96466 14.4589 8.91309 15.328 18.8719 11.1816 15.6049 16.073 12.2531 11.2382 12.5194 10.9165 16.7909 17.0196 17.5148 23.3147 15.4407 15.9211 16.8716 14.4244 15.5665 12.4321 13.1083 12.8518 13.7301 11.5237 10.5474 15.5068
threshold=3.4001633908408802 0.58333333333333337 -2.3499999999999654 2.0869961678291742 96.166666666666671 0 4.9777156621411853 -0.5 0.81785627642568715 0.46358082491641922 0.90927406153630363 21.016666666666673 0.55824372202686467 0.55000000000000016 0.74106308459518488 -2.4833333333333325 0.86177806795038769 221.82609932520006 13.383333333333335 6.5000000000000009 -0.85283291294431784 0.18856180831637517 1.0250000000000001 0.60184900284226039 0.15000000000000005 8.0764128586571378 1.0000000180025095e-35 0.065824829046386521 1.0000000180025095e-35 0.99815866078541859
decision_type=2 2 10 2 2 1 2 2 2 2 2 2 2 2 2 2 2 2 2 2 2 2 2 2 8 2 8 2 2 2
left_child=1 -1 3 -2 -3 6 13 -8 10 11 -9 12 -10 14 15 -6 -17 23 27 20 -20 -16 -23 25 -25 26 -18 -15 -7 -30
right_child=2 4 -4 -5 5 28 7 8 9 -11 -12 -13 -14 18 21 16 17 -19 19 -21 -22 22 -24 24 -26 -27 -28 -29 29 -31
leaf_value=-0.020767502308749148 -0.018200659937312721 -0.00037324838111554577 -0.025783404590221631 0.1510249293968407 -0.042958796889515899 0.01541802004850198 -0.027811904236039138 -0.016297088853029173 0.048974627435560275 -0.018463857174705112 -0.078482004776084635 -0.022867435550602305 -0.0070293387818493426 -0.05813358492458507 -0.010640479907818934 -0.0074591358399286782 -0.019181465858231786 -0.021224803657372102 0.016520134388906982 0.011673183966879389 -0.061680631772617935 0.034394705909932113 -0.039446188243174647 0.10030281849161278 0.022498004669681184 -0.033333855510265686 0.058348227942537557 0.028642733666514781 0.0029569783884971774 0.027293853614676053
leaf_weight=57.531958240200765 3.5875701010809271 11022.610157925519 63.390882650855929 1.8323492200579492 28.624503636034206 206.98049015831202 95.135411383351311 61.563966450979933 34.84707766212523 39.107159753330052 9.0094469450414163 10.960690318606792 13.935259793419389 3.8930901624262324 36.631415914278477 436.50483773997985 8.173428968992086 26.683012592140585 10.788417935371401 58.412620406597853 18.85105699300766 72.691871305927634 7.8298931941390029 11.831506432266908 10.043663806281982 9.2971424311399442 18.543464759364724 96.31746332347393 2299.1878503728658 67.273704662919044
leaf_count=23011 261 222485 6254 52 460 5702 920 588 286 400 71 80 167 38 335 3968 120 314 61 407 118 598 44 106 57 59 116 1060 14158 391
internal_value=0.00016035 0.000256695 -0.0204945 0.0407101 0.00033903 0.00246488 -0.002414 -0.0141032 -0.00639353 0.00642764 -0.0243355 0.022725 0.0329948 0.00117543 -0.00182661 -0.00548976 -0.00342361 0.0173892 0.0118045 -0.00347135 -0.0332566 0.0153515 0.0271744 0.0351936 0.0648448 0.0170536 0.0346467 0.025217 0.00457922 0.00364995
internal_weight=14842.1 14773.3 68.8108 5.41992 14715.7 3693.12 1119.68 264.559 169.424 98.8502 70.5734 59.743 48.7823 855.117 666.855 549.702 521.077 84.5722 188.263 88.0521 29.6395 117.153 80.5218 57.8892 21.8752 36.014 26.7169 100.211 2573.44 2366.46
internal_count=282687 276120 6567 313 253109 30624 10373 2512 1592 933 659 533 453 7861 6177 5200 4740 772 1684 586 179 977 642 458 163 295 236 1098 20251 14549
cat_boundaries=0 1
cat_threshold=1720358
is_linear=0
shrinkage=0.05


Tree=142
num_leaves=31
num_cat=4
split_feature=31 16 32 13 15 34 36 34 37 29 23 18 33 14 16 28 29 36 12 5 34 37 31 26 34 16 37 13 35 17
split_gain=11.2509 13.7077 19.8343 16.6222 12.2295 11.6196 13.3601 13.6866 13.1024 16.133 12.6241 11.9447 18.1607 11.57 11.5547 14.1875 25.6129 18.6506 13.4631 11.9382 17.98 25.7976 17.1635 11.4276 14.732 32.2298 14.1569 15.3209 14.1681 13.5322
threshold=1.6000000000000005 0 1003.2166666666668 -0.96477059369951401 2022.5000000000002 28.416666666666668 0.35360916885867105 22.416666666666668 0.042766601105837666 12.499444419750892 10.416438085880694 133.33485500000003 0.299999999999983 1 2 61.583333333333336 14.869797838974435 -0.83908220676576473 -0.99054754357789199 0.049999999999999968 89.583333333333357 0.02078535652815924 2.0537228355043413 29.81666666666667 28.416666666666668 3 -0.87408459470699784 -0.99168614031016833 11.509050847723666 41.308535000000006
decision_type=2 1 2 2 2 2 2 2 2 2 2 2 2 1 1 2 2 2 2 2 2 2 2 2 2 1 2 2 2 2
left_child=23 13 -3 -4 5 6 7 -5 -9 -10 14 -8 -13 -2 15 18 17 -17 -7 20 21 22 -19 24 25 26 27 28 -1 -25
right_child=1 2 3 4 -6 10 11 8 9 -11 -12 12 -14 -15 -16 16 -18 19 -20 -21 -22 -23 -24 29 -26 -27 -28 -29 -30 -31
leaf_value=0.24353191063117763 -0.0029385415864627571 0.024112857746050098 -0.022693323551306845 0.023520538372308709 -0.0071172411489692985 0.093540299032656982 -0.029951258552091839 0.056899328262666839 0.07510437442223325 0.37451145927005269 -0.018433130533320963 -0.046437828669377373 0.29685528815209755 -0.030927322972013435 -0.0026237656711114218 -0.02340681979712644 -0.012031728721568723 0.089077722823991567 -0.013566895467649562 0.05058804176881726 0.2092218049458873 -0.030937802985174852 0.31293972506213552 0.0066823704624630401 0.00061458979917471807 -0.021611977117900968 0.0013804586512429291 0.026228750999488643 0.034905509580473226 0.047764323416897965
leaf_weight=1.6012348224176123 81.71631904237438 66.693301261868328 106.53641025751131 51.29346765606897 499.93025338003645 3.1110953511670223 15.48897995852167 6.3469972617458534 1.1209166815970091 0.73313936055637885 69.776063581928611 0.76638107304461189 0.63047815463505685 77.818315408658236 175.11141650355421 6.0340593792498103 19.586842664517462 3.5276358844712359 33.910439180210233 23.369879566133022 3.3561731376685193 3.4883711237926036 1.0948209315538404 386.47149657347472 12768.522935422487 217.78528581839055 169.45249263726873 19.692973309895024 1.6350284772925077 21.046454661234748
leaf_count=85 3899 798 5147 5756 22224 50 2797 182 86 70 2875 92 67 6514 3334 57 421 153 872 131 83 183 59 7271 164870 34033 18388 1183 59 948
internal_value=0.00015209 -0.00438425 -0.00226694 -0.00400732 -0.00183813 0.00446465 0.0220848 0.0332136 0.0928251 0.206604 0.000528382 -0.0170905 0.117989 -0.0176195 0.00538701 0.0181721 0.0349416 0.0574274 -0.00433843 0.0714556 0.113179 0.0713731 0.147603 0.000569967 0.000314937 -0.00901115 0.0060651 0.043163 0.142335 0.00881526
internal_weight=14837.6 1251.44 1091.91 1025.21 918.677 418.747 76.3804 59.4945 8.20105 1.85406 342.367 16.8858 1.39686 159.535 272.591 97.4793 60.4578 40.8709 37.0215 34.8369 11.467 8.11083 4.62246 13586.2 13178.7 410.167 192.382 22.9292 3.23626 407.518
internal_count=282687 55850 45437 44639 39492 17268 9050 6094 338 156 8218 2956 159 10413 5343 2009 1087 666 922 609 478 395 212 226837 218618 53748 19715 1327 144 8219
cat_boundaries=0 1 2 3 4
cat_threshold=102238208 5258 12791824 83892804
is_linear=0
shrinkage=0.05


Tree=143
num_leaves=31
num_cat=1
split_feature=28 19 36 32 14 35 34 12 9 13 12 27 24 37 26 33 38 33 36 32 11 26 2 34 24 23 23 27 33 13
split_gain=10.5057 22.8315 10.739 13.7021 11.4433 14.0966 56.7208 20.5417 10.4387 15.7137 14.4241 10.9148 11.6391 15.1592 21.9627 15.0729 11.3586 16.3218 26.5916 14.5074 11.1134 11.217 10.1478 11.4105 13.4055 19.1288 9.50867 11.7598 14.6026 17.8569
threshold=54.166666666666679 36.500000000000007 0.052915844089072232 1003.2166666666668 0 29.004788481356389 38.166666666666679 -0.5074150932938456 9.5000000000000018 -0.11987677602567985 0.24635219865135727 0.57927157323276079 3.952864738351745 0.7771459614569709 13.483333333333336 0.2160246899469164 0.89999999999992053 0.50990195135926453 -0.82827468938610904 1022.1166666666668 -0.98296291314453399 23.016666666666669 1.0000000180025095e-35 51.416666666666679 4.9166088984236094 11.51414991966819 9.6152106744861623 1.0338708279513904 0.57154760664938908 -0.46236593929171266
decision_type=2 2 2 2 1 2 2 2 2 2 2 2 2 2 2 2 10 2 2 2 2 2 8 2 2 2 2 2 2 2
left_child=1 -1 8 -4 5 -5 7 -7 9 -3 -10 -12 13 16 -15 -14 19 18 -18 -13 21 -17 23 -8 -25 -26 -2 28 29 -28
right_child=26 2 3 4 -6 6 22 -9 10 -11 11 12 15 14 -16 20 17 -19 -20 -21 -22 -23 -24 24 25 -27 27 -29 -30 -31
leaf_value=-0.022095463532967933 0.00036999119804100164 -0.033964208524719076 0.060930742760546365 -0.0077862313893654611 -0.021912550938111997 0.15126479408040991 -0.020431867387916157 0.53914346287944814 -0.0014013602612820103 0.013133517055563163 0.0018599599655049219 0.10035107126238836 -0.033086122947175375 -0.025489824512457255 0.24254299324420125 0.014889639076838554 0.52205311696658663 0.03219640638661378 0.076519340590355436 -0.048218300278333848 0.023714089984877063 0.17232428174507897 -0.027807720342727982 -0.017321667207123422 0.29789372274323811 0.041322758111938335 0.051425178572971832 0.00046899331129713999 0.095124471859477214 -0.046812747607421337
leaf_weight=163.36411134997616 13963.192423753208 41.890729510225356 6.362225472694262 61.321089376695454 117.63323376519838 0.90825740806758404 2.9604853247292313 0.58681783336214965 221.15904380235588 30.554325196659192 57.350615519855637 8.6009855424636061 11.121856383630073 6.5312390757608219 0.76388930296525348 2.016655510175041 0.60501742199994635 0.95751899410970498 0.71550559339811948 1.9616993847885158 52.576225207478274 2.5385651789838448 7.315123572712765 1.4600155821535734 1.3388491151854398 1.5435557474847881 13.996654461952859 37.272632448119111 9.0711688033770752 6.7936453245347392
leaf_count=19768 221133 3682 123 4453 9117 71 195 70 11873 2805 3035 520 624 507 44 63 51 45 80 300 1902 65 311 129 60 86 461 795 89 230
internal_value=0.000141751 -0.00541584 -0.00116062 -0.0107173 -0.0130842 0.00280299 0.0446303 0.327763 0.00322236 -0.0141096 0.00664751 0.0188542 0.0298662 0.0631923 0.00547674 0.0199564 0.0956862 0.195332 0.303028 0.0725654 0.030322 0.104443 0.0136424 0.0549766 0.10569 0.16649 0.000460317 0.0192186 0.0425418 0.0192536
internal_weight=14834.5 804.138 640.774 201.43 195.067 77.4342 16.1131 1.49508 439.344 72.4451 366.899 145.74 88.3892 20.1359 7.29513 68.2533 12.8407 2.27804 1.32052 10.5627 57.1314 4.55522 14.618 7.30291 4.34242 2.8824 14030.3 67.1341 29.8615 20.7903
internal_count=282687 59979 40211 14615 14492 5375 922 141 25596 6487 19109 7236 4201 1547 551 2654 996 176 131 820 2030 128 781 470 275 146 222708 1575 780 691
cat_boundaries=0 1
cat_threshold=1320
is_linear=0
shrinkage=0.05


Tree=144
num_leaves=31
num_cat=7
split_feature=31 34 15 36 11 12 38 27 38 2 14 16 27 16 10 16 13 37 36 26 14 16 36 12 31 37 36 9 26 14
split_gain=10.3781 9.46626 9.63017 9.54775 9.0114 12.1108 8.10256 11.5468 8.0379 8.01902 21.5508 20.7487 29.1626 17.575 22.8968 28.8962 48.7788 27.8826 19.5839 19.4419 18.3932 25.1875 25.8334 18.5846 18.1155 17.9657 26.1853 19.5011 24.2711 22.0736
threshold=3.4001633908408802 1.1666666666666667 2022.5000000000002 -0.97754216035764274 -0.70710678118654757 -0.80493205379724719 -2.3499999999999654 2.0869961678291742 -0.4999999999999431 0.35000000000000003 0 1 0.87305339024725381 2 0.60355339059327384 3 0.96914236212857585 0.72558861975631972 0.31380777794062464 21.258333333333336 4 5 -0.84987773545075507 0.07717261907891422 0.26246692913372766 -0.89002657790460027 -0.76312161695918401 15.500000000000002 23.783333333333339 6
decision_type=2 2 2 2 2 2 10 2 8 8 1 1 2 1 2 1 2 2 2 2 1 1 2 2 2 2 2 2 2 1
left_child=1 2 3 4 5 -1 7 -2 -5 13 -11 -12 -13 25 20 16 17 -16 19 -17 21 22 23 -15 -25 -3 -27 29 -29 -28
right_child=6 9 -4 8 -6 -7 -8 -9 -10 10 11 12 -14 14 15 18 -18 -19 -20 -21 -22 -23 -24 24 -26 26 27 28 -30 -31
leaf_value=0.33119179567513757 -0.017239699122775998 -0.01197984876780047 -0.045563974527222724 0.019241489175054107 -0.0076756317188272638 0.019054123708692486 -0.024712084822385069 0.12952549486581985 -0.028961568643887409 0.0085439723206478975 0.0036778896374522331 -0.0048651686799059523 0.0049076015894769813 0.014023756925501294 -0.0064013437820963914 0.0021480908416995651 0.053941629173468487 0.045234755172579154 -0.01977808287215007 -0.029179807357448101 0.0004555118749844366 -0.00011598580173564555 0.011107740567092834 -0.039321546013067296 0.066525970727805236 -0.010774010002084994 -0.0041868797466349137 -2.3661325114307481e-05 -0.019400335849200055 0.0083209270877629173
leaf_weight=0.56418679899070412 3.5351463761762707 525.00789118272951 22.234465043642558 13.825140671979169 1.1813822786789376 0.60838284826604672 61.525416796037462 2.039113637409173 22.757070654304698 927.9277917733416 2796.6596850153874 2626.1531372063328 1076.0741974989651 42.166091793449596 236.42964035976911 307.5676016874495 48.173304353957064 29.292426462459844 323.27947438141564 58.926242841640487 1693.8830527502578 475.62305068399291 550.44374822394457 4.3269309420138589 50.756148604559712 651.84723003144609 544.29324915964389 529.54080197546864 232.49736815085635 974.09423839964438
leaf_count=67 261 8096 12032 3507 395 99 6254 52 8355 9751 44982 31942 17332 825 6649 7420 941 635 7172 1182 32739 13266 10020 60 732 14310 11080 11799 3433 17299
internal_value=0.000132994 0.000222212 -0.0193902 -0.0043652 0.0911328 0.183464 -0.0194717 0.0377848 -0.0107419 0.000303928 0.00145979 0.000434357 -0.00201915 -0.000875543 0.00146155 -0.005019 0.00746737 -0.000694255 -0.0106552 -0.00289551 0.00377562 0.00870013 0.0150765 0.0390544 0.0581552 -0.00345263 -0.00193729 0.000589001 -0.00593724 0.00386452
internal_weight=14833.2 14766.1 61.1706 38.9362 2.35395 1.17257 67.0997 5.57426 36.5822 14705 7426.81 6498.89 3702.23 7278.15 3820.87 1003.67 313.895 265.722 689.773 366.494 2817.2 1123.32 647.693 97.2492 55.0831 3457.28 2932.27 2280.43 762.038 1518.39
internal_count=282687 276120 24455 12423 561 166 6567 313 11862 251665 104007 94256 49274 147658 81641 23999 8225 7284 15774 8602 57642 24903 11637 1617 792 66017 57921 43611 15232 28379
cat_boundaries=0 1 2 3 4 5 6 7
cat_threshold=6144 18069520 51615760 71320064 966 8650822 1634
is_linear=0
shrinkage=0.05


Tree=145
num_leaves=31
num_cat=4
split_feature=33 23 30 16 27 14 10 16 16 12 12 11 26 3 27 26 23 5 11 12 36 5 32 33 23 15 36 5 37 13
split_gain=10.7957 18.4533 14.1881 21.5601 22.5978 19.203 17.535 25.2792 22.4943 15.8464 26.2434 15.0432 14.6507 14.6088 13.7367 24.4108 12.6388 12.8688 12.5145 15.4884 17.4533 13.6537 13.4085 13.135 21.3527 14.3323 16.2454 14.8001 18.3175 14.6408
threshold=0.37416573867740327 13.720557302533313 19.841666666666672 0 1.2270100694512835 1 0.60355339059327384 2 3 0.95768026224311686 0.48504197719567638 0.91597561503675351 23.141666666666669 1.2500000000000002 1.611072796479277 24.183333333333341 4.8296946116328767 0.097140452079103032 0.78656609248549303 -0.9998158143810113 0.3236224434933262 0.49944382578492957 1007.3416666666668 0.59066817155563078 9.9981499594637011 2022.5000000000002 0.77344303868862452 0.081649658092772678 0.76271199167136217 0.97322851985520709
decision_type=2 2 2 1 2 1 2 1 1 2 2 2 2 2 2 2 2 2 2 2 2 2 2 2 2 2 2 2 2 2
left_child=1 14 6 4 5 9 7 -2 13 10 11 -4 -7 -8 -1 -16 17 -12 23 -20 21 -21 -22 -9 25 -25 27 28 -27 -30
right_child=2 -3 3 -5 -6 12 8 18 -10 -11 16 -13 -14 -15 15 -17 -18 -19 19 20 22 -23 -24 24 -26 26 -28 -29 29 -31
leaf_value=-0.0003294477820430221 -0.00052443578024927065 -0.024902728175946087 0.001815079985777652 -0.015225091178757725 0.018772853788648264 0.046370778596562995 -0.017850423263795549 0.0064904740780652517 0.0023414201888795737 -0.018641292910707381 -0.024253325884700278 0.041651131097218491 -0.0065217862393860924 0.028446371030089675 -0.018234350987594711 0.011048115159435561 0.067698053187671511 0.038376947922338929 0.11856884602815028 0.0046275814369657487 0.035112513635249636 0.038885220874880777 -0.015567922225541226 0.03072208764247665 -0.0037810762701426665 0.037792161746362019 -0.020801867526307641 0.0091559502069387053 -0.02625694738820002 0.078964952138241853
leaf_weight=8511.0155744560761 1128.7665266636177 79.589082974591292 353.63891918538138 247.79882480896777 150.79227619478479 13.179502871353177 253.238499533094 715.91630843596067 750.32521663169609 55.962173940613866 10.999178932048379 25.302052620798349 933.63912000949495 18.179703768342733 262.48314085480524 97.558427362295333 23.778377057984471 31.502954125404358 2.7107098388951263 224.14079458406195 14.118617354426531 33.329518415033817 159.56019279680913 201.33482685132185 113.66237006004667 119.61097340472043 30.293410029553343 222.55849239043891 20.720393403782513 3.8310979423113158
leaf_count=155736 24354 13686 2328 3105 851 95 6001 13631 15846 414 177 194 6533 175 15691 2525 139 167 63 4831 140 206 3706 2372 4937 2063 600 1144 646 70
internal_value=0.000142839 -0.000949366 0.00181139 -0.00181543 0.000356756 -0.00155976 0.00348058 0.0054126 -0.00217424 0.00628843 0.00956666 0.00448524 -0.0057203 -0.0142165 -0.000734184 -0.010299 0.0385678 0.0221499 0.0089666 0.00157743 0.000814566 0.00907561 -0.0114302 0.0112742 0.0160826 0.019856 0.0143392 0.0172469 0.0297227 -0.00958405
internal_weight=14809.5 8950.65 5858.89 1846.59 1598.79 1448 4012.3 2990.55 1021.74 501.184 445.221 378.941 946.819 271.418 8871.06 360.042 66.2805 42.5021 1861.79 433.86 431.149 257.47 173.679 1427.93 712.012 598.349 397.014 366.721 144.162 24.5515
internal_count=282426 187638 94788 14003 10898 10047 80785 58763 22022 3419 3005 2522 6628 6176 173952 18216 483 344 34409 8946 8883 5037 3846 25463 11832 6895 4523 3923 2779 716
cat_boundaries=0 1 2 3 4
cat_threshold=54525956 4424 89459202 13139972
is_linear=0
shrinkage=0.05


Tree=146
num_leaves=31
num_cat=7
split_feature=33 23 30 16 10 16 16 37 10 18 36 3 14 10 33 32 10 12 27 16 37 5 14 5 31 14 4 19 32 8
split_gain=9.73087 17.0952 12.8153 19.9851 15.7842 22.9261 20.4865 17.8985 14.4534 14.9555 15.7116 13.3278 13.0184 12.7476 15.5091 17.9399 12.7142 13.1999 12.4941 16.5212 14.7695 13.2701 12.3708 12.1945 14.7325 12.1195 16.0158 21.6585 22.4128 16.6163
threshold=0.37416573867740327 13.720557302533313 19.841666666666672 0 0.60355339059327384 1 2 -0.88482934426616233 0.78656609248549325 40.104600000000012 0.36406351829834588 1.2500000000000002 3 -0.78656609248549292 0.69442222186666325 1017.5166666666668 -0.60355339059327362 -0.55822315702467107 1.611072796479277 4 0.16191832491948441 0.24972191289246473 5 0.17926456271808619 0.70000000000000073 6 1.0000000180025095e-35 599.50000000000011 1013.8166666666668 2.5000000000000004
decision_type=2 2 2 1 2 1 1 2 2 2 2 2 1 2 2 2 2 2 2 1 2 2 1 2 2 1 2 2 2 2
left_child=1 18 4 8 5 7 11 25 9 10 -4 -6 23 14 15 -9 17 -5 -1 21 22 -20 -21 -10 -25 -2 27 -27 29 -29
right_child=2 -3 3 16 6 -7 -8 13 12 -11 -12 -13 -14 -15 -16 -17 -18 -19 19 20 -22 -23 -24 24 -26 26 -28 28 -30 -31
leaf_value=-0.00031301214120888393 0.0024396121305528874 -0.024229058903901302 0.01255791799910524 -0.037391215122119986 -0.017110614520580256 0.00062450060299017185 0.002224498955253089 -0.0028093028237977922 0.028621104959918972 -0.0042570749518111781 0.094661461863157395 0.027383642917145942 -0.00070823712938726448 0.0036471465901152553 0.024664526946480303 0.028707205557748219 -0.036819054563405694 0.016123809624887072 -0.03941434714270952 0.020159363030977311 -0.017219368046733855 0.020172168955369798 -0.0062960193890024031 0.024192822589675048 -0.012219590978734277 0.036391951199057207 0.022478068398217567 0.30830721864423105 0.044531545523179471 0.11558930662503138
leaf_weight=8510.0463650538586 72.962712573469616 77.761797001410741 42.658689207397401 18.054664704715833 251.04006184451282 1465.4431833583512 750.79327972803731 171.19090588833205 105.78461135516409 1199.5315404572757 6.6574856662191442 17.950804265215993 261.63174750679173 866.5192460748367 193.49570436420618 61.221317529096268 67.217724464833736 31.447024720720947 71.13094705704134 71.95926232036436 113.49636465957155 10.691681193187831 90.510629077325575 52.357334557920694 58.956908941268921 25.534945785067976 129.24020788259804 1.9796165124280358 4.6190737350843847 2.8686001564492472
leaf_count=155736 907 13686 325 93 6001 31429 15846 2642 532 10135 52 175 1544 17177 2630 2066 533 192 6974 2124 6059 70 2989 294 303 782 715 47 284 84
internal_value=0.000134716 -0.00090271 0.00171862 -0.00173146 0.00330348 0.00513278 -0.00206912 0.00938611 -0.000313501 -0.00314688 0.0238107 -0.0136259 0.0070704 0.00712928 0.0142112 0.00550146 -0.0208859 -0.00343066 -0.000697891 -0.00984962 -0.00326932 -0.028174 0.00627924 0.0157482 0.00491355 0.0220699 0.0288781 0.0606045 0.124847 0.19892
internal_weight=14804.8 8945.6 5859.16 1844.3 4014.86 2995.08 1019.78 1529.63 1727.58 1248.85 49.3162 268.991 478.731 1292.43 425.908 232.412 116.719 49.5017 8867.84 357.789 275.966 81.8226 162.47 217.099 111.314 237.205 164.242 35.0022 9.46729 4.84822
internal_count=282426 187638 94788 14003 80785 58763 22022 27334 13185 10512 377 6176 2673 24515 7338 4708 818 285 173952 18216 11172 7044 5113 1129 597 2819 1912 1197 415 131
cat_boundaries=0 1 2 3 4 5 6 7
cat_threshold=121634836 9101364 13139972 6236 5392384 2828 4264
is_linear=0
shrinkage=0.05


Tree=147
num_leaves=31
num_cat=5
split_feature=33 23 30 38 37 16 33 13 27 14 9 16 38 26 13 16 26 37 36 3 31 5 13 34 23 17 5 10 9 16
split_gain=8.7746 15.8266 11.5545 18.9479 14.4399 24.2879 21.4177 14.6752 13.647 13.0034 19.95 14.6402 19.596 14.7262 13.3483 12.7905 12.7126 12.348 16.4055 13.5792 12.0537 12.5941 12.8696 11.8695 15.3059 16.5458 12.3237 11.8274 11.5893 26.0474
threshold=0.37416573867740327 13.720557302533313 19.841666666666672 0.93333333333345092 -0.90036510850816864 0 0.5500000000000399 -0.36874934642598389 1.1500000000000001 1 7.5000000000000009 2 0.2500000000000569 26.183333333333341 -0.9770278626699701 3 14.741666666666669 0.95920113824345388 -0.033663406002074008 0.8500000000000002 0.20548046676563272 0.70553192529232189 0.1961425414281969 54.166666666666679 4.8296946116328767 40.565535000000004 0.41497721826524153 -0.60355339059327362 9.5000000000000018 4
decision_type=2 2 2 8 2 1 2 2 2 1 2 1 10 2 2 1 2 2 2 2 2 2 2 2 2 2 2 2 2 1
left_child=1 -1 4 9 5 -2 23 8 16 10 14 -12 -13 -14 -4 17 -8 20 -19 27 -11 -22 -23 24 -7 -26 -25 -20 29 -6
right_child=2 -3 3 -5 28 6 7 -9 -10 15 11 12 13 -15 -16 -17 -18 18 19 -21 21 22 -24 26 25 -27 -28 -29 -30 -31
leaf_value=-0.0006628047344973165 -0.011044059889263443 -0.023559153635121129 -0.024194371722212265 -0.014432737074797978 -0.010845650314270453 -0.035920067819514796 0.05059369024128782 0.040069614310370157 0.045590494050248578 0.03047052302312583 0.0081019750142608173 -0.020330686343726 0.034414495351092277 -0.012668536496356781 0.011681560134460612 -0.01592205218593034 -0.017574610548337453 -0.043529985364081952 -0.03752889047395673 0.053866965162328154 0.0088738080393438862 -0.036241437650046518 0.0056616568077169811 -0.0024245931000542692 0.1291518931039819 0.028930620592488576 0.034860979171779723 0.0086190611617245772 0.0041662867758521255 0.0037733416594702331
leaf_weight=8864.3555981909158 96.642371019581333 76.02204204571899 29.61157347378321 250.3063392455806 481.53037174226483 5.3239953156444271 8.3097160407341999 115.97808961517876 19.009455585910473 56.67383575765416 82.101541504380293 313.81757067795843 31.328931838274002 35.134165535389911 203.71295551001094 62.885926312417723 36.538176377653144 27.098630895838141 20.884800437837839 10.653615631163118 602.64864426851273 32.8764926828444 41.186311438679695 175.29536334541626 5.8154101205291253 13.837071563990319 25.267188936471939 40.954187108203769 2241.9669360237313 793.3396878472995
leaf_count=173952 1317 13686 249 2403 12248 219 63 1271 328 366 833 2293 220 347 1277 916 416 240 229 56 3853 185 226 1894 302 564 175 310 44744 17244
internal_value=0.000127915 -0.000857759 0.00163152 -0.00164778 0.00313446 0.0110662 0.0162114 0.0294772 0.0102066 0.00036369 -0.0047292 -0.010811 -0.0147213 0.00954351 0.00712008 0.00432333 -0.00485947 0.0060242 -0.010416 0.0020054 0.00833996 0.00648232 -0.0129629 0.00634388 0.038776 0.059091 0.00228773 -0.00700185 0.00200194 -0.00180428
internal_weight=14801.1 8940.38 5860.73 1841.88 4018.85 502.017 405.374 179.835 63.8573 1591.57 695.707 462.382 380.281 66.4631 233.325 895.862 44.8479 832.977 99.5912 72.4926 733.385 676.711 74.0628 225.539 24.9765 19.6525 200.563 61.839 3516.84 1274.87
internal_count=282426 187638 94788 14003 80785 6549 5232 2078 807 11600 5219 3693 2860 567 1526 6381 479 5465 835 595 4630 4264 411 3154 1085 866 2069 539 74236 29492
cat_boundaries=0 1 2 3 4 5
cat_threshold=37392 3744 17039380 58720772 43647044
is_linear=0
shrinkage=0.05


Tree=148
num_leaves=31
num_cat=1
split_feature=13 16 26 34 26 26 37 27 18 12 9 33 23 12 12 7 10 28 38 30 30 4 34 34 35 3 2 3 26 23
split_gain=8.2996 21.1465 11.7716 25.8113 14.6511 20.4818 17.9305 14.9969 13.782 11.6003 20.6612 11.4765 20.6635 19.6309 16.0611 11.2694 11.4604 14.2606 11.1525 11.0494 11.4125 11.0522 15.8184 10.6072 11.2579 11.8344 10.2549 12.8973 9.92915 9.78274
threshold=-0.97322851985520697 0 17.641666666666669 63.583333333333336 24.183333333333341 26.31666666666667 -0.91539742005908764 0.29439202887759491 -25.168549999999996 0.04290317764179518 8.5000000000000018 0.37416573867740327 2.514647830643201 0.17927415433127158 -0.034327600513243302 0.4250000000000001 -0.70710678118654735 78.416666666666671 1.1666666666667995 16.116666666666671 12.416666666666668 1.4583333333333337 94.833333333333357 40.166666666666679 36.001543143729535 1.0000000180025095e-35 1.0000000180025095e-35 0.45000000000000007 30.516666666666669 0.61957787621735472
decision_type=2 1 2 2 2 2 2 2 2 2 2 2 2 2 2 2 2 2 8 2 2 2 2 2 2 2 8 2 2 2
left_child=1 28 3 -3 19 6 15 -8 -7 -10 -11 12 14 18 -5 16 -6 -18 -13 20 -4 22 29 -22 -25 -26 27 -9 -1 -21
right_child=-2 2 4 11 5 8 7 26 9 10 -12 13 -14 -15 -16 -17 17 -19 -20 21 23 -23 -24 24 25 -27 -28 -29 -30 -31
leaf_value=-0.015624021515678342 0.00044182673865854436 -0.030248399771038367 -0.023401223643047187 0.076031488651164977 0.15750668601482828 0.037119411018413338 0.051838954964490695 0.0056870731933937298 -0.019713676222619315 0.031294848594964453 -0.021121897345107356 0.01223126572990723 -0.0091379785778657498 0.1128107050371628 0.015874439686759893 0.019619886460466099 -0.034636678455886784 0.11364758557878202 0.082217071251008952 0.05875387022665244 -0.045913109286597274 0.020131555830882483 -0.046951822126683487 0.011602853435410395 0.0076791265592462401 0.19219063322568108 -0.010852376849098982 0.081932854233803698 -0.053117817499865355 -0.016366334170251236
leaf_weight=179.85591127810767 13780.587981156597 33.453236877336167 37.079001598933246 15.016329199541358 4.4800434657372534 16.764954746700823 18.330646344460547 20.429712272365581 118.90301956742769 37.926618444325868 37.086629024997819 32.424315050709993 66.728478159522638 7.4325145645998409 42.009133261628449 8.4324634186923486 2.6888171890750545 3.8459841713774949 6.8180892560631028 4.4435710683464995 7.5319757195538832 15.07475286349654 52.122903168201447 68.466764372074977 1.6843141305726015 1.7146788071840999 53.806865580729209 7.5218972116708747 19.511397375201341 95.270941988332197
leaf_count=5316 259169 2766 2737 138 49 335 214 622 1680 254 734 300 1052 74 315 53 92 31 44 27 1092 123 320 1107 128 17 754 46 1679 1158
internal_value=0.000120152 -0.00423885 -0.000552654 0.00984652 -0.00401802 0.00313913 0.019662 0.0110955 -0.00624052 -0.0100064 0.00538633 0.0177298 0.00974615 0.0388316 0.0318208 0.0634691 0.0965595 0.0530319 0.0245689 -0.012356 -0.000535317 -0.0205996 -0.0246541 0.0101591 0.0160915 0.103592 0.00190842 0.0264241 -0.0183959 -0.0129632
internal_weight=14797.4 1016.86 817.489 203.882 613.607 330.218 119.536 100.089 210.681 193.916 75.0132 170.429 123.754 46.6749 57.0255 19.4473 11.0148 6.5348 39.2424 283.389 116.477 166.912 151.837 79.3977 71.8658 3.39899 81.7585 27.9516 199.367 99.7145
internal_count=282426 23257 16262 4689 11573 4864 1861 1636 3003 2668 988 1923 1505 418 453 225 172 123 344 6709 5081 1628 1505 2344 1252 145 1422 668 6995 1185
cat_boundaries=0 1
cat_threshold=76808720
is_linear=0
shrinkage=0.05


Tree=149
num_leaves=31
num_cat=1
split_feature=6 34 13 16 36 26 34 26 26 27 34 37 34 30 34 24 35 17 36 11 12 26 34 5 31 34 33 13 23 26
split_gain=7.84191 10.3493 7.72112 19.1309 12.0548 11.7421 22.9819 13.759 19.9429 15.8468 12.6861 12.6173 12.3435 10.6971 11.3899 10.739 10.7176 13.5017 10.5678 14.8439 15.3851 10.2731 11.5197 9.9047 9.82945 9.94572 10.4658 11.6692 9.75386 9.67595
threshold=1.8500000000000003 96.583333333333357 -0.97322851985520697 0 0.86817200100526648 17.641666666666669 63.583333333333336 24.183333333333341 26.31666666666667 0.29439202887759491 35.416666666666679 -0.91539742005908764 92.416666666666671 16.116666666666671 94.833333333333357 8.9820871542905447 36.001543143729535 48.652590000000011 0.12116543484674404 -0.60355339059327384 0.04290317764179518 28.283333333333339 81.833333333333357 0.75645050585752693 0.60000000000000042 65.166666666666671 0.21602468994695151 -0.99168614031016833 0.68761050721122097 30.516666666666669
decision_type=2 2 2 1 2 2 2 2 2 2 2 2 2 2 2 2 2 2 2 2 2 2 2 2 2 2 2 2 2 2
left_child=2 -2 3 29 5 6 -5 13 9 -9 -10 -11 -8 15 28 -7 24 -18 19 -12 21 -21 -23 -16 25 -17 -27 -28 -15 -1
right_child=1 -3 -4 4 -6 7 12 8 10 11 18 -13 -14 14 23 16 17 -19 -20 20 -22 22 -24 -25 -26 26 27 -29 -30 -31
leaf_value=-0.015006929584338769 -0.015428666873680039 0.041603988901148178 0.00036614439339018858 -0.027848394672281569 -0.026536377157884428 -0.023097410485548753 0.0088818770739460002 0.05849565399266729 0.036085655421028678 0.053944051910889218 -0.028123614319983361 0.0035167064271694561 0.03790053510557545 0.054782641404092725 -0.048374578083116959 -0.035530935886085253 0.14617457366655187 -0.048588738106578461 -0.028770955004420996 0.018250032866560455 0.034664535824298431 0.00088880817992872951 -0.056131119149286618 0.0083319193700395963 -0.0074274420668367066 0.0028629532124154634 0.039146416156843777 0.13997710698051552 -0.013604986928461777 -0.052762870073206285
leaf_weight=178.34726983954897 11.659870222210882 24.640328012406826 13750.879549516947 31.013014297059271 42.528703976946417 33.607385919371154 104.17729773139581 22.477053068811074 16.925267793645617 14.705998146673663 38.117377208778635 76.578037321742158 56.505205409601331 5.4299377333372822 44.014256677124649 4.6297292676172246 2.8693442018702617 1.2121934914030132 49.438620971282944 24.54566468577832 35.74488011142239 20.602910474175587 15.434209276922045 9.2964280731976014 47.280028858920559 8.9699774903710949 8.7494567520916444 4.2611645776778451 91.750112656853162 18.682191827392671
leaf_count=5315 166 561 258521 2628 991 2540 1352 237 1217 178 431 1321 432 36 277 477 97 79 516 193 211 160 83 54 1341 126 83 69 1055 1679
internal_value=0.000113682 0.0232927 5.6514e-05 -0.00416745 -0.000647791 0.000780024 0.0114971 -0.0027841 0.00426501 0.0209818 -0.00521101 0.0116908 0.0191037 -0.0112437 -0.0199374 0.000489097 0.0106719 0.0885523 -0.00902964 -0.0017543 0.00869853 -0.00665374 -0.0236198 -0.0384889 0.00625609 0.0305052 0.0445121 0.0729857 -0.00973144 -0.0177133
internal_weight=14795.1 36.3002 14758.8 1007.89 810.864 768.336 191.696 576.64 314.57 113.761 200.809 91.284 160.683 262.07 150.491 111.579 77.9719 4.08154 183.884 134.445 96.3277 60.5828 36.0371 53.3107 73.8904 26.6103 21.9806 13.0106 97.1801 197.029
internal_count=282426 727 281699 23178 16184 15193 4412 10781 4547 1736 2811 1499 1784 6234 1422 4812 2272 176 1594 1078 647 436 243 331 2096 755 278 152 1091 6994
cat_boundaries=0 1
cat_threshold=76808720
is_linear=0
shrinkage=0.05


Tree=150
num_leaves=31
num_cat=5
split_feature=27 37 16 16 14 28 30 26 29 31 11 29 36 29 33 33 34 37 33 34 28 19 30 12 13 33 4 16 36 14
split_gain=8.77639 23.589 22.9838 18.2524 14.3348 16.8207 16.6106 13.6196 13.7475 29.5778 17.729 12.955 26.0333 14.766 12.1711 13.1881 10.3015 11.0475 10.0451 9.93499 9.91933 8.73029 9.61645 8.55589 19.6598 10.388 8.46715 7.91853 22.9227 23.7621
threshold=1.7500000000000009 0.19481055817538423 0 1 2 75.166666666666671 4.2166666666666677 8.1166666666666689 12.499444419750892 0.75000000000000044 0.60355339059327384 14.869797838974435 -0.70799507313744758 15.28979152795428 0.15000000000006256 0.67986926847907003 78.833333333333357 0.73328952748060283 0.45000000000001711 64.166666666666671 73.583333333333357 392.00000000000006 13.71666666666667 -0.81997176292477703 -0.58639553337069572 0.094280904158200993 0.083333333333333356 3 0.46358082491641922 4
decision_type=2 2 1 1 1 2 2 2 2 2 2 2 2 2 2 2 2 2 2 2 2 2 2 2 2 2 2 1 2 1
left_child=27 3 11 26 -5 14 -7 -8 19 10 -10 -3 -13 -14 23 21 -4 -18 -19 -9 -20 -16 -23 -6 -25 -26 -2 28 -1 -30
right_child=1 2 16 4 5 6 7 8 9 -11 -12 12 13 -15 15 -17 17 18 20 -21 -22 22 -24 24 25 -27 -28 -29 29 -31
leaf_value=-0.000686561179260819 -0.027899997470238764 0.0030067630365912257 -0.040514072625961087 -0.0094694641663081169 -0.016188897190556429 -0.024441325646845966 0.16651075441497054 -0.046995462134465038 0.2200184010223703 0.0319771022698664 0.044071856695957326 0.2912434438547517 0.18084551575005189 0.0034576143641803607 -0.012318386392258065 0.025853656888138579 -0.029541128872949008 -0.020424643363912184 -0.017344298256035288 0.033504565169006822 0.051995280360218291 -0.035639610634519377 0.088489917010898089 0.041559052625684399 0.093980886503712752 0.34672083584054225 -0.0011290808704237773 -0.00028908068697968526 -0.00057459913597492345 0.020622170469368272
leaf_weight=1122.2391062200768 63.947499226254877 35.689491420867853 77.559500890609343 77.976610208686907 3.6031702343607312 9.0403186049079505 2.2589624263346186 4.4430343298008692 4.2894977084361043 13.334435642929746 2.2133425921201706 1.064136163331568 1.343659182661211 6.2829269946669228 89.097818417823873 40.483709977241233 68.614153200294822 23.578490460291505 8.1108224322088081 24.699497282505035 13.876323856879024 2.3058398617431513 4.4519866470945999 9.0440529025509004 0.94045403751078882 0.79015558346873149 54.82986312918365 12468.208941891382 234.45754574105376 307.96541536913719
leaf_count=23680 7777 1841 10717 2007 137 540 55 217 89 323 77 43 45 279 2140 550 1260 583 191 250 175 107 48 327 54 60 392 217998 4634 5741
internal_value=-0.000115702 -0.00582417 -0.018397 0.00145919 0.00817218 0.0148266 0.0378294 0.0488423 0.0430872 0.0751014 0.161707 0.0133958 0.0707787 0.0366461 0.00659084 0.00196077 -0.0251464 -0.0168816 0.00220444 0.0211129 0.0264539 -0.00814659 0.0462336 0.0501792 0.0723182 0.222013 -0.0143465 0.000144406 0.00337249 0.0118312
internal_weight=14776.7 643.87 236.12 407.75 288.973 210.996 60.2791 51.2388 48.9798 19.8373 6.50284 44.3802 8.69072 7.62659 150.717 136.339 191.739 114.18 45.5656 29.1425 21.9871 95.8556 6.75783 14.3778 10.7747 1.73061 118.777 14132.9 1664.66 542.423
internal_count=282337 30284 15134 15150 6981 4974 1551 1011 956 489 166 2208 367 324 3423 2845 12926 2209 949 467 366 2295 155 578 441 114 8169 252053 34055 10375
cat_boundaries=0 1 2 3 4 5
cat_threshold=101216262 72559106 1106 16908304 1250
is_linear=0
shrinkage=0.05


Tree=151
num_leaves=31
num_cat=7
split_feature=2 16 26 5 16 35 33 33 10 16 34 16 9 28 10 16 23 16 10 23 13 30 12 4 38 16 32 27 32 32
split_gain=8.62482 17.2533 16.9953 11.6877 24.5344 16.4929 15.8249 14.771 17.1832 22.9237 16.2868 27.2985 25.9104 14.5852 13.3627 47.4732 17.7449 17.4167 23.4311 25.7856 16.4582 39.2646 16.1494 17.5185 16.2196 15.3068 17.7101 14.6259 14.4691 14.3662
threshold=0.95000000000000007 0 11.983333333333336 0.49944382578492957 1 1.0000000180025095e-35 0.82596744622429974 0.66833125519214986 -0.9159756150367534 2 89.583333333333357 3 14.500000000000002 93.583333333333357 -0.9159756150367534 4 1.3610480141185743 5 0.37940952255126054 2.514647830643201 -0.0085834810820868326 18.183333333333341 0.27947533894953847 0.083333333333333356 0.60000000000007969 6 1018.9166666666669 2.5504084313139335 1012.0166666666668 1016.8166666666668
decision_type=10 1 2 2 1 2 2 2 2 1 2 1 2 2 2 1 2 1 2 2 2 2 2 2 10 1 2 2 2 2
left_child=3 2 -2 7 -5 6 -6 14 9 -9 11 12 -10 -12 15 -1 22 27 -19 25 -21 -22 -17 24 -24 -20 29 -16 -23 -27
right_child=1 -3 -4 4 5 -7 -8 8 10 -11 13 -13 -14 -15 17 16 -18 18 19 20 21 28 23 -25 -26 26 -28 -29 -30 -31
leaf_value=0.008066773673782196 0.019081096372881367 0.0095585040977313792 -0.014522002217444442 -0.019171289489898762 0.021155881695835797 -0.0039472118880221679 -0.048807666172876955 0.032016792566682453 -0.025552905780479907 -0.0049099545585531102 0.0068344674659101216 0.0058605874799470487 0.0033745754784788706 0.038136371978128664 0.0019528070415665731 -0.0063630608192702821 -0.014533419704717563 0.00072400626310460984 0.0071039796200421937 -0.020554566376464769 -0.0079912748404909403 -0.04873578617706887 0.12901453089205206 0.012899965202229384 -0.017099751444696186 -0.0053595133009451193 -0.026961024331422369 -0.033206781344477611 0.16451478334883493 0.025873853107170081
leaf_weight=457.62257392471656 48.203138157725334 560.66240750439465 170.24765632487833 237.11704076640308 109.72822180949152 816.21223966032267 8.6304698139429075 108.19841552083381 185.04897749394877 67.811406330089085 557.2758711501956 447.45519956928911 132.99080471694469 39.78619820671156 5911.0026091039763 115.42304822313599 800.04249909444479 2301.4644786400604 335.97386660572374 411.07597524381708 362.6375090975198 0.91816656204173241 6.8249505212297645 36.702181834727526 2.5874703881563619 378.74862053676043 88.21202031057328 29.627508797333576 4.4070477872737683 40.680386772262864
leaf_count=11053 518 4139 1153 1261 716 4402 54 1156 6260 1257 4130 6350 2980 285 100541 1164 18680 63946 5971 20864 14052 138 161 203 79 4483 2768 2718 222 633
internal_value=-0.000110204 0.00500957 -0.0067911 -0.000395276 -0.00517519 -0.00140235 0.0160174 4.15373e-05 0.00463716 0.0193345 0.00273734 -0.00209044 -0.0130492 0.00892636 -0.000585112 -0.00512129 -0.0113635 6.75359e-05 -0.0025138 -0.00712135 -0.0136798 -0.00599594 0.00363239 0.0286102 0.0890903 -0.00106408 -0.00648255 0.00177391 0.127526 -0.00232475
internal_weight=14773.3 779.113 218.451 13994.2 1171.69 934.571 118.359 12822.5 1538.57 176.01 1362.56 765.495 318.04 597.062 11284 1419.2 961.58 9864.75 3924.12 1622.65 779.039 367.963 161.538 46.1146 9.41242 843.615 507.641 5940.63 5.32521 419.429
internal_count=282337 5810 1671 276527 6433 5172 770 270094 22418 2413 20005 15590 9240 4415 247676 31340 20287 216336 113077 49131 35276 14412 1607 443 240 13855 7884 103259 360 5116
cat_boundaries=0 1 2 3 4 5 6 7
cat_threshold=17186854 80809984 8388662 25364992 12791844 50743920 72364034
is_linear=0
shrinkage=0.05


Tree=152
num_leaves=31
num_cat=1
split_feature=31 32 19 29 30 36 10 3 17 13 34 32 26 17 33 27 11 23 14 35 17 38 7 32 19 38 29 13 26 37
split_gain=8.46316 12.6326 16.949 12.8453 11.8815 17.0348 13.217 12.9265 12.3865 14.9494 19.9083 17.075 11.309 16.6084 13.2781 24.4166 20.3842 11.9324 11.1818 16.2616 19.1032 14.21 10.8438 10.7355 10.6333 10.1658 10.1162 11.8774 12.0742 10.205
threshold=1.4828646686814986 1003.8416666666668 392.00000000000006 12.431972409770273 18.316666666666674 0.12116543484674404 0.78656609248549325 0.45000000000000007 36.628000000000007 0.86599350048911183 59.416666666666679 1008.6833333333335 29.616666666666671 41.308535000000006 0.24944382578494059 0.49888765156985909 -0.9159756150367534 10.098099071437739 0 10.515189666310439 41.308535000000006 3.1999999999999891 2.7500000000000004 1005.6166666666668 102.00000000000001 0.20000000000010235 13.956280375942759 -0.62731709687429382 6.8416666666666677 0.66143255817287383
decision_type=2 2 2 2 2 2 2 2 2 2 2 2 2 2 2 2 2 2 1 2 2 8 2 2 2 8 2 2 2 2
left_child=12 2 3 -2 5 7 22 18 9 -7 -11 -12 -1 17 25 16 -16 -14 19 20 26 -20 -6 -22 -5 -15 27 -3 29 -29
right_child=1 4 -4 24 6 8 -8 -9 -10 10 11 -13 13 14 15 -17 -18 -19 21 -21 23 -23 -24 -25 -26 -27 -28 28 -30 -31
leaf_value=2.8137880492773698e-05 -0.0017785978249128293 -0.022664984515490424 0.080346349253809068 0.047041862379285107 -0.025723949728940616 -0.0042039376916363121 0.003271629012671948 0.018284848548711558 -0.013670739010996101 -0.043501685231465304 -0.066174276790263165 0.095829787895136798 0.0084936142403675627 -0.019923589761544003 0.33134501331172311 0.041580346459068246 0.078425349081709547 -0.021511844051670979 -0.0070657188376187872 -0.0017584005984176778 0.15121386448743562 0.078072806209761994 0.04890594720005137 -9.3920222824104703e-05 -0.039950334884889471 0.15366125534193298 -0.0095960714301280073 0.068301157691498152 0.10598852711261125 -0.058002179740195364
leaf_weight=12781.375838495616 108.50147352594649 3.0204379534698154 8.0660451343283039 25.729252630379055 154.43296843435382 61.51871465012664 65.623141830146778 104.29241253808141 409.40971881436417 4.5896383814979371 1.7940867096185673 12.580433072755111 395.30104654387105 6.9856819892302182 1.4736762052634733 9.3930155194830132 1.7817825456149865 36.068579578131903 372.10125482903095 121.34664175496437 1.1111891602631647 4.8668536182958624 4.9361395947635165 36.507149732089601 3.9876572098582974 0.85741216596215952 4.6916982006514436 4.7759186626062755 16.032870203081984 2.2899296064279042
leaf_count=209615 3245 496 63 429 2665 4132 962 554 19123 801 18 386 3436 399 70 326 68 3758 21467 5444 31 157 27 1933 34 30 406 426 1555 281
internal_value=-0.000104336 -0.00362214 0.0103475 0.00620738 -0.00509728 -0.00305854 -0.0156108 0.00211651 -0.0101461 0.00777802 0.046465 0.0752925 0.000302996 0.00807593 0.0519473 0.08344 0.199379 0.00598033 -0.000861493 0.00877425 0.0287077 -0.0057925 -0.0233832 0.00476454 0.0352737 0.000748441 0.0578309 0.069933 0.0820868 0.02713
internal_weight=14765.4 1532.21 146.284 138.218 1385.92 1160.93 224.992 671.036 489.893 80.4829 18.9642 14.3745 13233.2 451.861 20.4916 12.6485 3.25546 431.37 566.744 189.776 68.4292 376.968 159.369 37.6183 29.7169 7.84309 30.8109 26.1192 23.0987 7.06585
internal_count=282337 64635 3771 3708 60864 57210 3654 32750 24460 5337 1205 404 217702 8087 893 464 138 7194 32196 10572 5128 21624 2692 1964 463 429 3164 2758 2262 707
cat_boundaries=0 1
cat_threshold=4868
is_linear=0
shrinkage=0.05


Tree=153
num_leaves=31
num_cat=5
split_feature=27 37 16 16 5 14 35 38 16 3 37 30 33 32 34 27 5 36 29 29 3 37 38 11 32 36 4 16 3 29
split_gain=7.754 19.0099 22.7863 14.6746 12.7032 12.4742 12.2877 11.0294 10.7916 14.9519 10.7456 14.7912 10.8552 11.5234 12.7382 12.2221 10.5591 17.4933 20.5395 19.0711 16.0788 15.2236 10.5462 10.3794 10.1585 9.97837 9.25216 16.6255 17.846 16.192
threshold=1.611072796479277 0.12992527552318309 0 1 0.20000000000000007 2 25.776819545164816 -3.4333333333331093 3 1.6500000000000001 0.74106308459518488 20.683333333333341 0.45460605656618192 1019.8166666666668 79.416666666666671 1.7000000000000008 0.097140452079103032 -0.66410567899418316 12.499444419750892 7.3861388008778999 0.35000000000000003 0.43662688217004181 0.35000000000025017 0.37940952255126048 1002.5166666666668 0.69140619143955673 0.18000000000000002 4 1.0000000180025095e-35 11.566230392515019
decision_type=2 2 1 1 2 1 2 10 1 2 2 2 2 2 2 2 2 2 2 2 2 2 8 2 2 2 2 1 2 2
left_child=-1 3 16 5 -5 8 10 -7 9 25 -4 12 13 -12 -15 -16 17 18 19 22 -18 -20 -3 -17 -10 -2 27 28 29 -9
right_child=1 2 6 4 -6 7 -8 26 24 -11 11 -13 -14 14 15 23 20 -19 21 -21 -22 -23 -24 -25 -26 -27 -28 -29 -30 -31
leaf_value=0.0001874263799585503 0.021171668207714898 0.22705403825526546 -0.024172065565956507 -0.019321610315829251 0.011121319256107289 0.096366703090732198 -0.041837911741991286 0.080735230931382976 0.06304043163178516 -0.088751711546015383 -0.036033606695817108 0.082520125747240713 0.015537928339691641 -0.050867432481911792 0.16882503990696951 -0.050676595968084007 -0.041625480313154842 0.0095345973841869519 0.058567752358746575 -0.020972553135248793 0.025757241135207845 0.2925191839474538 0.025318739930292052 0.097321757806353881 -0.021568660085914213 -0.033499177148071727 0.029864871047056242 -0.010933645158596253 -0.0080750961655652719 0.01718600324523635
leaf_weight=13888.607151860953 68.854515997401904 1.51449785614386 133.06699683959596 125.18895132729085 47.092600429430604 4.0719059705734244 55.274792819982395 18.458838648686651 3.6271175141446284 3.5664892867207518 34.766852590546478 4.8624608520767643 32.277468571497593 3.5239743972197157 1.9092468183953313 2.3908058984670788 17.21451123431325 26.406349100463558 1.2564537809230389 4.6368269291706383 18.020808730274439 1.6477151960134504 1.1285948936128991 2.1658535798778757 75.46635819011135 9.4046888084267248 63.059519791975617 65.89608463156037 23.943524152040482 21.947226839838549
leaf_count=244703 1175 49 7566 10258 292 44 4156 590 33 18 2013 329 1709 1242 31 113 104 1655 54 209 115 70 65 74 1877 261 313 1641 170 1408
internal_value=-9.98379e-05 -0.00467131 -0.0138605 0.00125444 -0.0103955 0.00695349 -0.020084 0.0151365 -0.00338459 0.00887756 -0.0154073 -0.00115415 -0.00653587 -0.0224541 0.0246941 0.0660232 0.0108363 0.0311186 0.0864468 0.0404261 -0.00718779 0.196622 0.144977 0.0202487 -0.0156391 0.0145673 0.0141591 0.00653791 0.0226073 0.0463451
internal_weight=14761.2 872.642 342.064 530.578 172.282 358.296 270.238 197.377 160.919 81.8257 214.964 81.8967 77.0342 44.7567 9.98988 6.46591 71.8258 36.5904 10.1841 7.27992 35.2353 2.90417 2.64309 4.55666 79.0935 78.2592 193.305 130.246 64.3496 40.4061
internal_count=282337 37634 19554 18080 10550 7530 17233 4166 3364 1454 13077 5511 5182 3473 1460 218 2321 2102 447 323 219 124 114 187 1910 1436 4122 3809 2168 1998
cat_boundaries=0 1 2 3 4 5
cat_threshold=34172934 59146868 5314 8552516 50626656
is_linear=0
shrinkage=0.05


Tree=154
num_leaves=31
num_cat=8
split_feature=2 16 28 24 29 31 5 16 35 33 33 10 16 34 16 37 10 28 38 23 12 14 23 38 10 16 23 16 10 16
split_gain=7.71132 15.548 11.8686 13.2127 11.2431 14.022 10.7267 22.1869 14.9679 14.2474 13.2768 15.5899 20.5974 14.603 24.3858 24.1519 21.9818 13.0444 12.7424 12.8559 12.6959 12.6766 14.1061 17.19 12.0617 42.6604 16.1454 15.6759 21.315 23.6205
threshold=0.95000000000000007 0 83.166666666666671 7.9405904182245894 3.3495889939662065 0.95000000000000073 0.49944382578492957 1 1.0000000180025095e-35 0.82596744622429974 0.66833125519214986 -0.9159756150367534 2 89.583333333333357 3 -0.96762570623201882 -0.5 93.583333333333357 -0.45000000000015911 5.0448780907538371 -0.85283291294431784 4 3.3909088200283231 0.44999999999998869 -0.9159756150367534 5 1.3610480141185743 6 0.25881904510252091 7
decision_type=10 1 2 2 2 2 2 1 2 2 2 2 1 2 1 2 2 2 10 2 2 1 2 10 2 1 2 1 2 1
left_child=6 2 4 -4 -2 -6 10 21 9 -9 24 12 -12 14 15 -13 -17 -15 19 -16 -21 22 23 -8 25 -1 -27 -26 -29 -30
right_child=1 -3 3 -5 5 -7 7 8 -10 -11 11 13 -14 17 18 16 -18 -19 -20 20 -22 -23 -24 -25 27 26 -28 28 29 -31
leaf_value=0.0075979401508281738 -0.075739350452917006 0.0090851536150765213 0.026902588418440117 -0.0073929075099716697 0.0084104076243452699 -0.039000061024614167 -0.0086277654434441017 0.020227619419329657 -0.0037725829695986696 -0.045784714327109802 0.030295599573921486 0.099544691699271673 -0.0046888587672266786 0.0064620612225175277 -0.020478174610669461 0.0026382623711320632 -0.02484050817077979 0.035960407196724282 0.016577847485706683 -0.020547133467090056 0.010657298549739435 -0.026740905936523892 -0.02923759459644092 0.04935845756745038 0.0016959596866256536 0.0034568947737156764 -0.013866128478313514 0.0010425014612473991 -0.01581985436251817 -0.0028588327836240827
leaf_weight=459.46037358179456 8.902333986014126 558.53933918103576 37.607714828103781 109.94012924470007 30.360428836196661 31.904893167316914 33.10978939011693 108.98659075237811 816.1383861117065 8.7421622984111291 109.21350078575779 4.6124895317479959 67.587901116814464 558.1973857562989 64.349176088697277 116.52924290957162 193.67333839414641 40.083514696452767 166.50544363097288 39.809704082028475 177.86442488251487 154.04766385816038 29.499138459563255 20.692213602364063 5941.1482335677138 161.92020943126408 793.32133417198202 2104.0852192411548 474.29831124388147 1337.2474585034652
leaf_count=11053 49 4139 447 854 162 159 195 716 4402 54 1156 92 1257 4130 808 2543 6605 285 2962 511 2069 814 151 101 103259 1607 18680 58582 13159 41336
internal_value=-9.59673e-05 0.00475105 -0.00643715 0.0013608 -0.0234867 -0.0159064 -0.000365461 -0.00494548 -0.00135344 0.0152911 5.33281e-05 0.00441026 0.0183741 0.00259589 -0.0019882 -0.0124236 -0.0145204 0.00844407 0.00549191 -0.000862075 0.00494361 -0.0182467 -0.0013454 0.0137239 -0.000541376 -0.00485856 -0.0108165 7.82947e-05 -0.00237442 -0.00635607
internal_weight=14758.4 777.255 218.716 147.548 71.1677 62.2653 13981.1 1171.22 933.867 117.729 12809.9 1538.43 176.801 1361.62 763.344 314.815 310.203 598.281 448.529 282.023 217.674 237.349 83.3011 53.802 11271.5 1414.7 955.242 9856.78 3915.63 1811.55
internal_count=282337 5810 1671 1301 370 321 276527 6433 5172 770 270094 22418 2413 20005 15590 9240 9148 4415 6350 3388 2580 1261 447 296 247676 31340 20287 216336 113077 54495
cat_boundaries=0 1 2 3 4 5 6 7 8
cat_threshold=17186854 80809984 8388662 25364992 2452 12791844 50743920 8912900
is_linear=0
shrinkage=0.05


Tree=155
num_leaves=31
num_cat=2
split_feature=28 16 32 32 10 34 33 11 26 32 31 33 27 33 38 34 16 13 33 33 37 13 13 15 36 34 36 35 36 9
split_gain=8.97997 18.7489 10.2526 10.191 15.8297 8.85686 8.5201 8.08774 7.87151 12.2723 23.382 9.84429 16.0028 25.4087 9.8247 7.55137 9.65183 15.5285 11.0764 9.85267 21.2982 7.89668 9.29452 14.9261 7.49553 9.17863 9.26066 12.8101 17.9303 16.2996
threshold=47.583333333333336 0 1022.1166666666668 1021.9166666666669 -0.37940952255126059 2.4166666666666674 0.94457350634361881 -0.5 26.866666666666671 1013.6166666666668 1.4828646686814986 0.19999999999996024 0.50000000000000044 0.13307163456491086 0.73333333333351913 84.416666666666671 1 0.96011450294824419 0.5887840577552016 0.63770421565697777 -0.68156299531088371 -0.60021428054836823 -0.5 2022.5000000000002 -0.91679119865246739 73.166666666666671 0.098104255567069434 19.007307131301111 -0.39784847155511638 15.500000000000002
decision_type=2 1 2 2 2 2 2 2 2 2 2 2 2 2 10 2 1 2 2 2 2 2 2 2 2 2 2 2 2 2
left_child=1 2 3 15 -5 6 7 8 11 -10 -11 12 13 -2 -15 16 17 18 21 20 -20 -1 23 -23 -24 26 27 28 -26 -30
right_child=5 -3 -4 4 -6 -7 -8 -9 9 10 -12 -13 -14 14 -16 -17 -18 -19 19 -21 -22 22 24 -25 25 -27 -28 -29 29 -31
leaf_value=-0.018675160783772779 -0.0053360180432728615 -0.022391202070757957 -0.032234665782786692 0.30088931364221649 -0.043595076795918696 0.00014593514371352619 0.10941204687531388 -0.040462327233956125 -0.0035555419646770892 0.46353589879104223 0.012542765992964895 -0.044519418544572822 -0.031619692024480207 0.47820432497581261 0.087456244485677195 0.021171655823328511 -0.014564930770784225 0.1792143757175762 0.25934528205977864 0.018937210482149469 0.034413645709330101 0.15997987108261669 -0.038896521625892189 -0.02445166120957247 -0.035865594378910355 -0.044538505309803814 -0.037310919189101843 0.096788419928079156 -0.048018061788429198 0.23165676359869858
leaf_weight=38.1450591518078 1.1025706614600519 128.08055227127625 21.173421836225316 0.61938691860996187 0.58029066945891716 14325.168293550785 1.113569312437902 29.663656193064526 1.8993573566549451 0.39556285506114341 0.6979007322806865 8.6871569326031004 2.7699463372118771 0.47595533059211437 0.29706414963584393 46.306367828510702 70.508640781394206 1.2233171283733089 1.3544887237949295 19.037564676254988 3.9496158021502223 2.4693269572453564 7.5102273943484752 1.8735645444830877 6.2408815359231111 4.6442972505465141 3.7110543282469726 7.4637933119665822 0.77866900654044657 1.3121899369871242
leaf_count=2213 272 20245 3355 43 83 224035 262 14284 389 73 62 2912 919 95 50 1084 8681 92 39 747 223 52 593 101 528 128 354 311 130 59
internal_value=-0.000122549 -0.00784489 0.000860655 0.0041319 0.143727 7.4687e-05 -0.0215481 -0.0249497 0.00331177 0.0752097 0.20086 -0.0132671 0.0448814 0.153743 0.355261 0.00329249 -0.00158083 0.00823945 0.00677194 0.0359627 0.0955897 -0.00284635 0.013929 0.0816549 0.00441138 0.0179837 0.0330208 0.0496756 0.00682325 0.130064
internal_weight=14739.3 366.983 238.902 217.729 1.19968 14372.3 47.1027 45.9892 16.3255 2.99282 1.09346 13.3327 4.64554 1.87559 0.773019 216.529 170.223 99.714 98.4907 24.3417 5.3041 74.1491 36.004 4.34289 31.6611 24.1509 19.5066 15.7955 8.33174 2.09086
internal_count=282414 39061 18816 15461 126 243353 19318 19056 4772 524 135 4248 1336 417 145 15335 14251 5570 5478 1009 262 4469 2256 153 2103 1510 1382 1028 717 189
cat_boundaries=0 1 2
cat_threshold=35039348 262244
is_linear=0
shrinkage=0.05


Tree=156
num_leaves=31
num_cat=5
split_feature=23 26 11 34 16 26 38 32 14 32 16 30 23 9 2 3 3 16 14 2 38 6 29 31 24 32 2 9 19 38
split_gain=8.45425 9.00612 9.09928 7.50067 17.0946 13.5049 13.8452 13.3386 17.0651 14.9794 14.8127 14.1984 13.9896 14.8322 12.6357 14.5687 12.4206 13.5593 15.328 13.5687 12.9497 14.5037 12.1777 16.4281 13.2679 11.9678 12.7788 16.851 14.5452 13.0877
threshold=19.037195478081728 14.241666666666669 -0.12940952255126037 96.166666666666671 0 4.3833333333333346 -0.66666666666645813 1016.9416666666668 1 1004.1166666666668 2 24.216666666666672 1.4956593189275604 8.5000000000000018 2.8500000000000001 0.45000000000000007 1.1500000000000001 3 4 0.24000000000000005 -0.10000000000007957 0.75000000000000011 3.8149242336291649 0.60000000000000042 7.8982491578935266 1010.4416666666668 0.24000000000000005 1.5000000000000002 35.000000000000007 0.36666666666673114
decision_type=2 2 2 2 1 2 10 2 1 2 1 2 2 2 8 2 2 1 1 8 10 2 2 2 2 2 10 2 2 10
left_child=3 2 -2 16 14 6 -6 8 9 -7 12 25 -11 -14 -5 -16 -1 -18 20 -20 21 -19 24 -24 -17 -10 27 -27 29 -29
right_child=1 -3 -4 4 5 7 -8 -9 11 10 -12 -13 13 -15 15 22 17 18 19 -21 -22 -23 23 -25 -26 26 -28 28 -30 -31
leaf_value=-0.00036555324519731174 -0.039915034087912735 -0.032643631904689781 0.28204472520888779 0.00066854758037544434 0.0068186004506317448 0.027328461375919606 -0.021521852670490695 0.016988382810225477 -0.0026065004982387639 0.037680864017266648 -0.0030455614590270395 -0.024563653061489811 0.022101438415138813 -0.00051754866317891895 -0.016701684983950461 0.035919243311911229 2.8658756326284078e-05 -0.033331913389226774 -0.0058991046689979443 -0.042892751913220797 0.013156116337914657 0.033280581335753158 -0.0745410468606134 -0.0022135555964634072 -0.00025146816384241704 0.047298583408267515 0.023648594651647953 0.0093982156908979236 -0.0079030935720958862 0.071623121623152472
leaf_weight=10553.483565590112 0.37395025923615322 26.864615200203843 0.36577442253474401 1167.6611518820282 79.708356357412413 112.85253881616518 93.622337874956429 244.32762151258066 594.84003293327987 52.581612600013614 215.59454200230539 54.265803058631718 131.92327572591603 160.68105748482049 262.29965753247961 35.068123990669847 238.75778296589851 43.300605729222298 35.497068241238594 82.32643180154264 59.033798832446337 9.9818341545760614 10.697910854592918 28.789831498637795 90.834406487643719 19.484358293004334 104.79908447340131 40.69076956063509 175.14107895782217 10.578883449546991
leaf_count=241282 173 7543 89 10631 852 844 1094 2643 4074 318 1673 345 744 1049 2493 353 1426 214 175 475 313 92 76 157 579 176 726 368 1327 110
internal_value=-0.000118381 -0.027713 0.133915 -6.64054e-05 0.00188595 0.00484626 -0.00849271 0.00607751 0.00448357 0.0105586 0.00736773 0.000281377 0.0135659 0.00968449 -0.00201209 -0.00937612 -0.000719382 -0.00868124 -0.0169773 -0.0292791 -0.00272125 -0.0208139 0.0022449 -0.0219471 0.00984381 0.0017127 0.00903749 0.00280323 -0.00104512 0.022352
internal_weight=14736.4 27.6043 0.739725 14708.8 3686.44 2091.09 173.331 1917.76 1673.43 673.633 560.78 999.8 345.186 292.604 1595.35 427.69 11022.4 468.898 230.14 117.824 112.316 53.2824 165.39 39.4877 125.903 945.534 350.694 245.895 226.411 51.2697
internal_count=282414 7805 262 274609 30632 16343 1946 14397 11754 4628 3784 7126 2111 1793 14289 3658 243977 2695 1269 650 619 306 1165 233 932 6781 2707 1981 1805 478
cat_boundaries=0 1 2 3 4 5
cat_threshold=10141734 2374 33825296 84202004 4820
is_linear=0
shrinkage=0.05


Tree=157
num_leaves=31
num_cat=2
split_feature=28 16 14 32 32 38 34 11 26 26 33 12 12 38 11 35 35 27 29 38 37 26 35 12 33 18 27 31 28 34
split_gain=8.07864 17.4366 10.5297 8.87374 8.45633 8.27757 8.19285 8.03937 9.50328 10.676 9.10852 12.6499 16.4381 7.83057 9.55645 14.2018 17.6 19.7586 16.5422 10.0448 10.5654 31.6924 9.25615 8.50579 8.28244 11.44 9.63923 11.1795 13.4349 13.5754
threshold=47.583333333333336 0 1 1022.1166666666668 1021.9166666666669 -3.0999999999998518 2.4166666666666674 -0.5 26.866666666666671 28.81666666666667 0.19999999999996024 -0.95260028690456633 -0.97516411509186662 1.0000000000000571 0.78656609248549303 37.794767307151155 15.56705555675064 0.64807406984078675 10.619686926199963 -2.0500000000000109 0.97740812227983442 19.041666666666671 4.9777156621411853 0.99760647975412053 0.5887840577552016 145.44951500000005 0.55577773335110292 2.2000000000000011 41.166666666666679 46.833333333333336
decision_type=2 1 1 2 2 10 2 2 2 2 2 2 2 10 2 2 2 2 2 10 2 2 2 2 2 2 2 2 2 2
left_child=1 2 5 4 13 -1 7 8 10 -10 11 12 -2 14 19 16 17 22 -19 23 24 -22 -16 -4 -21 26 -26 28 -28 -30
right_child=6 -3 3 -5 -6 -7 -8 -9 9 -11 -12 -13 -14 -15 15 -17 -18 18 -20 20 21 -23 -24 -25 25 -27 27 -29 29 -31
leaf_value=0.10594156683815947 0.012483342367734254 -0.021696987410302924 -0.041191562612874925 -0.027406691882508574 0.15736133896442089 -0.022366841284165162 0.00014157601898545958 -0.036880239451574169 0.16380118143709999 -0.0046608115422934835 -0.044347347765944428 -0.0085847679906120421 0.36170405490196783 -0.021991947418599472 0.070889409484502536 0.20627068804197435 -0.022649890531885288 -0.022091788847202504 0.21862992349659655 0.0045849260789867933 -0.023039805665509241 0.32359701529856461 0.3117649653097111 0.11671766219918581 -0.033359899264291552 0.18352639866458192 0.018320140688571331 -0.0070808730443023826 0.05853691839354648 0.20035817592732508
leaf_weight=1.1891217980300997 0.76063219434581697 125.2235354668228 12.874125403468494 16.824039082101081 0.87620668526505952 54.301800895074848 14321.314861630672 29.075734719226602 1.7150822374387638 1.9406093246070666 8.4984961463487689 3.5679240273893837 0.51582506607519441 17.322505386720877 0.69535043067298641 1.2762281449977297 6.1593919994775206 3.0937078010756527 0.82202693569706742 91.388252424134407 1.6841658164630637 0.97102284536231298 1.1410959286149589 0.81716412759851742 4.9643630818463924 1.1577617743751023 6.6555765425437148 7.1455939325969657 4.2615421253140084 2.8358737917151302
leaf_count=69 127 20245 1017 2599 88 4228 224035 14468 148 382 2984 1172 37 2262 89 76 299 352 82 5561 126 76 53 47 540 63 511 429 169 80
internal_value=-0.000112535 -0.00747105 0.00087824 0.00672577 0.0106011 -0.0164691 7.37807e-05 -0.0209538 0.00634456 0.0766308 -0.0133393 0.0408548 0.169631 0.00972833 0.0134548 0.0539172 0.0360124 0.0981412 0.0326286 0.00945788 0.0140538 0.110872 0.228931 -0.0309888 0.0117911 0.0360566 0.0287737 0.0436218 0.0698261 0.1172
internal_weight=14731.1 363.68 238.457 182.966 166.142 55.4909 14367.4 46.0743 16.9986 3.65569 13.3429 4.84438 1.27646 165.266 147.943 13.1878 11.9116 5.75218 3.91573 134.755 121.064 2.65519 1.83645 13.6913 118.409 27.0207 25.8629 20.8986 13.753 7.09742
internal_count=282414 39061 18816 14519 11920 4297 243353 19318 4850 530 4320 1336 164 11832 9570 951 875 576 434 8619 7555 202 142 1064 7353 1792 1729 1189 760 249
cat_boundaries=0 1 2
cat_threshold=35039348 1090
is_linear=0
shrinkage=0.05


Tree=158
num_leaves=31
num_cat=4
split_feature=23 26 32 32 23 17 16 14 12 12 35 4 3 10 23 27 11 12 23 14 30 26 12 5 37 16 12 31 38 9
split_gain=7.5579 7.79256 7.65967 7.31246 7.88995 18.7304 16.7846 17.3149 27.0989 17.0482 19.0391 17.874 15.9865 14.1357 15.912 14.1299 13.991 13.375 13.0474 12.9966 17.0061 11.8424 11.4656 11.8 11.3569 29.2243 15.8113 18.2011 17.5378 14.9181
threshold=19.037195478081728 14.241666666666669 1017.3166666666668 1032.8833333333337 1.6513293848599677 55.924650000000007 0 1 -0.95260028690456633 -0.34469468539800246 3.3495889939662065 0.55833333333333346 0.75000000000000011 0.37940952255126054 1.0677659868039699 1.1035292311440708 0.37940952255126048 -0.87857987807829374 4.0739249267297462 2 -5.9166666666666652 19.341666666666672 0.95260028690456655 0.34496731711975953 0.93445076796707227 3 0.99981581438101164 1.0974713752227538 -0.80000000000001126 15.500000000000002
decision_type=2 2 2 2 2 2 1 1 2 2 2 2 2 2 2 2 2 2 2 1 2 2 2 2 2 1 2 2 8 2
left_child=3 2 -2 4 6 24 9 8 13 -1 11 -11 17 14 -8 22 -17 -10 19 20 -7 -14 -9 -24 -6 -26 28 -28 29 -27
right_child=1 -3 -4 -5 5 18 7 15 12 10 -12 -13 21 -15 -16 16 -18 -19 -20 -21 -22 -23 23 -25 25 26 27 -29 -30 -31
leaf_value=-0.00029659682253192808 0.24104240096434584 -0.031751315069249442 -0.040293144185321733 -0.019540103674271152 0.0001998637473575362 0.084262185196922704 0.085633659605629381 0.0039260742984634769 -0.046069686167053842 -0.004736854612122028 0.017160295520395333 0.022178970728615077 -0.0072145873308795821 -0.005909795915667003 0.013981113340517741 0.0018067111155516636 -0.037672303220960775 -0.017222922328046474 -0.027113070511497368 -0.012281164569392919 0.0034483777696320186 0.046705542280244844 -0.04530750040363301 0.027858187804009216 0.0094793568763201878 0.01386800163563681 -0.0082684491879572563 0.19623195540809502 -0.020999711945754375 -0.033519891851148932
leaf_weight=579.67172812414356 0.43040199519600975 25.70650443341583 0.39950331510044634 47.917364544002339 10630.430415919283 6.8456529920222229 12.195865322952157 1093.9619762188522 52.266308214515448 256.38819626759505 491.37035520875361 81.110306173563004 40.21176078543067 32.450971237383783 21.082905747112818 45.830209339270368 43.858450568048283 173.88625894614961 94.088532465859316 247.851952494937 103.93919120967621 13.527292147278784 22.490766588831324 7.2133652307093135 185.49596545856912 74.882516230456531 2.5152962820138773 1.8072283228393642 317.31650462397374 21.23409226158401
leaf_count=6944 77 7543 185 5487 201377 303 122 9917 623 2387 6098 1003 324 361 231 916 1208 1793 9977 7051 2784 113 294 62 5039 961 86 41 8735 372
internal_value=-0.000108172 -0.0267179 0.115843 -5.99608e-05 3.87088e-06 -0.000580769 0.00230619 -0.00127728 -0.0109824 0.00623698 0.010881 0.00173642 -0.0180842 0.0175716 0.0404179 0.00155506 -0.0175193 -0.0239071 -0.0105508 -0.00619933 0.00780927 0.00641983 0.00309279 -0.0275061 -0.00017888 -0.00685198 -0.013996 0.0797361 -0.0153335 0.00337511
internal_weight=14728.4 26.5364 0.829905 14701.8 14653.9 11686.4 2967.52 1558.98 345.621 1408.54 828.869 337.499 279.892 65.7297 33.2788 1213.35 89.6887 226.153 452.725 358.637 110.785 53.7391 1123.67 29.7041 11233.7 603.252 417.756 4.32252 413.433 96.1166
internal_count=282414 7805 262 274609 269122 236726 32396 15964 3567 16432 9488 3390 2853 714 353 12397 2124 2416 20115 10138 3087 437 10273 356 216611 15234 10195 127 10068 1333
cat_boundaries=0 1 2 3 4
cat_threshold=1677840 1104 568 313872
is_linear=0
shrinkage=0.05


Tree=159
num_leaves=31
num_cat=1
split_feature=13 27 16 36 24 4 34 29 38 36 11 32 11 2 11 19 12 34 38 28 37 2 29 36 31 27 32 34 7 7
split_gain=7.59514 13.6483 12.5463 10.8837 11.26 21.831 14.3525 12.2106 10.2005 9.78825 19.7761 15.7069 21.1795 14.4378 12.4172 12.0479 12.0031 10.8164 10.1962 9.68413 9.61544 9.37388 14.9396 16.1544 28.0155 15.0775 14.0402 9.32788 9.30213 13.921
threshold=-0.97322851985520697 2.5000000000000018 0 0.86817200100526648 10.854789312096019 0.058333333333333341 90.833333333333357 2.5623346456686353 -0.93333333333333701 0.10984243762833651 -0.60355339059327384 1012.0166666666668 -0.5 1.0000000180025095e-35 0.60355339059327384 138.00000000000003 0.025746965133975435 81.833333333333357 -0.64999999999992031 75.166666666666671 -0.93003702792910625 1.0000000180025095e-35 8.9969125210773502 -0.68683784640148027 1.3952299690970908 1.7378147196982772 1020.7166666666668 34.833333333333336 3.0500000000000003 0.65000000000000002
decision_type=2 2 1 2 2 2 2 2 10 2 2 2 2 8 2 2 2 2 10 2 2 8 2 2 2 2 2 2 2 2
left_child=1 2 -1 4 5 6 21 -8 -7 10 15 13 -13 18 16 20 17 -15 -12 -14 -6 -4 -23 24 -24 -25 -27 -22 29 -11
right_child=-2 -3 3 -5 9 8 7 -9 -10 28 11 12 19 14 -16 -17 -18 -19 -20 -21 27 22 23 25 -26 26 -28 -29 -30 -31
leaf_value=-0.012543000195439954 0.00020263184895072668 -0.049992160172610461 -0.032569707760721323 -0.025979224358605793 0.0081599351590095383 -0.0067230593958472785 0.11038913739602239 0.01072553784463425 0.033295941419036038 -0.0051682255585375507 0.093802725462815817 0.088998751841239135 0.0084120216940664818 0.0041388795098295603 0.02699427439761767 0.029122193159784079 0.015281725313357733 -0.044765227858285891 0.029752012632266758 -0.043393072620090532 0.03686322097210161 -0.0094025998564730602 0.34966543104815062 -0.050948006632043241 0.039040976155056133 -0.011644330994771242 0.22615261378394194 -0.04112477169535176 0.043644229246728519 -0.04048624625835788
leaf_weight=268.60279635404004 13722.799357932468 15.993258865899405 33.488811113929842 38.058930172759574 15.878217526478691 19.220870621502399 4.4478755341842762 9.5560308806598169 91.866608403623104 76.586929523269646 7.8077714131213716 4.1981412945315233 12.971728587930555 21.85688805533573 56.192382144159637 11.209124929038806 45.179169675684534 23.289354864507914 29.914800775470212 29.306206116918474 4.0486190592637277 62.338131246564444 1.0304744741879406 3.794091606163418 2.1115003129816614 1.2287274774862456 1.135564239695668 54.371584046632051 6.3438298143446437 43.821804754436016
leaf_count=8666 259213 826 3473 943 129 120 65 194 569 1242 66 58 342 154 349 100 305 121 335 340 288 3124 65 286 126 75 36 514 60 230
internal_value=-0.000103351 -0.00431939 -0.0035689 -2.21082e-06 0.00147 0.0104375 -0.00443065 0.0429386 0.0263718 -0.00319178 0.00151467 0.00912672 -0.0168227 0.0156782 0.00856215 -0.0190109 -0.00292185 -0.0211322 0.0432221 -0.0275159 -0.0263019 -0.0107755 -0.000556132 0.0582089 0.14856 0.0104752 0.107111 -0.0356663 -0.0149254 -0.0180449
internal_weight=14718.6 995.85 979.857 711.254 673.195 230.219 119.131 14.0039 111.087 442.977 316.224 230.716 46.4761 184.24 146.518 85.5075 90.3254 45.1462 37.7226 42.2779 74.2984 105.127 71.6385 9.30036 3.14197 6.15838 2.36429 58.4202 126.753 120.409
internal_count=282414 23201 22375 13709 12766 8133 7444 259 689 4633 3101 2070 740 1330 929 1031 580 275 401 682 931 7185 3712 588 191 397 111 802 1532 1472
cat_boundaries=0 1
cat_threshold=77336656
is_linear=0
shrinkage=0.05


Tree=160
num_leaves=31
num_cat=4
split_feature=27 37 35 16 14 11 20 12 30 13 9 30 26 28 28 2 11 27 26 23 18 24 38 33 32 16 14 37 4 30
split_gain=8.83164 8.99356 8.38169 13.9458 9.23452 8.93538 11.1482 33.8908 12.2866 9.13593 8.83648 8.22091 12.3763 26.8473 8.07493 8.48513 7.40317 10.4738 12.8226 12.7912 12.8614 8.38263 7.9521 7.16106 6.94476 12.7775 10.6167 11.455 9.3536 33.7322
threshold=2.9505413319260918 -0.17643089399828699 40.884660804314748 0 1 -0.12940952255126037 51.152600000000007 -0.7678804460366 13.81666666666667 -0.91968655568559032 14.500000000000002 4.3416666666666677 9.3583333333333361 54.583333333333336 93.416666666666671 0.24000000000000005 -0.5 1.1343133018115721 23.141666666666669 10.531287502771528 40.104600000000012 19.233233715193254 1.900000000000148 0.98092926463746888 994.11666666666679 2 3 -0.66634236648732081 0.058333333333333341 0.15000000000000011
decision_type=2 2 2 1 1 2 2 2 2 2 2 2 2 2 2 10 2 2 2 2 2 2 10 2 2 1 1 2 2 2
left_child=2 11 24 4 5 6 8 -8 -4 -10 -9 12 -2 -14 15 -7 17 18 22 20 -20 -18 -5 -19 25 -1 28 -28 29 -27
right_child=1 -3 3 16 -6 14 7 10 9 -11 -12 -13 13 -15 -16 -17 21 23 19 -21 -22 -23 -24 -25 -26 26 27 -29 -30 -31
leaf_value=-0.0080052908173145875 0.024088979993495914 -0.048015808783528222 -0.040276298641933592 -0.029748355566752191 -0.010643362089346063 -0.015456928993505651 0.3673833818744548 -0.030235906566144277 0.13255436173402835 0.027852254111265032 0.15541303440571647 -0.015605796286480995 -0.038752960189069936 0.59102319113599278 0.10953467568940195 0.078205719014854055 -0.033910406977434686 -0.053124159743875236 0.15048835369292204 -0.0091846852957119998 0.012546183231434874 0.057624335293190679 0.060653548029829835 0.083650330388911912 2.815631062728059e-05 -0.013954500212810207 0.017302944911914822 -0.0093279337808126021 0.016978767059013768 0.12135842269744537
leaf_weight=110.66592011798639 3.3456454189727114 19.177312812302262 3.9789992205332991 15.187261961633345 33.90503492532298 17.678187604527928 0.97832881100475821 1.8008496479596936 3.0993109298869967 6.1861549662426096 0.87438168260268856 17.596392651787028 0.33531145937740792 0.21968546352582052 1.6379929250106204 2.6988237723708144 73.883440372417681 11.914486871450205 4.0871434556320292 5.0962406920734793 2.8660341433715075 2.5008651916868976 2.7970101013779631 0.9511059538926937 14070.909076823038 9.0273550983984041 69.646917641046457 95.804854924790561 144.95632669329643 9.2643202987965179
leaf_count=1158 200 3212 332 730 1733 889 54 114 34 134 51 886 141 64 42 14 4409 852 61 271 92 107 82 25 263457 512 584 982 940 181
internal_value=1.96203e-05 -0.0232182 8.40656e-05 -0.0102883 0.00712693 0.021607 0.054354 0.130574 0.03254 0.0638398 0.0338558 -0.000976629 0.0637583 0.262706 0.00607996 -0.00273048 -0.0198536 -0.00487888 0.0113012 0.0509986 0.0946139 -0.0308421 -0.0154309 -0.0424457 0.000221469 0.006411 0.0111694 0.00177858 0.0200288 0.0548657
internal_weight=14743.1 40.6743 14702.4 192.122 72.8381 38.933 16.918 3.65356 13.2645 9.28547 2.67523 21.497 3.90064 0.554997 22.015 20.377 119.284 42.8993 30.0337 12.0494 6.95318 76.3843 17.9843 12.8656 14510.3 439.366 328.7 165.452 163.248 18.2917
internal_count=282343 4503 277840 10026 3397 1664 719 219 500 168 165 1291 405 205 945 903 6629 2113 1236 424 153 4516 812 877 267814 4357 3199 1566 1633 693
cat_boundaries=0 1 2 3 4
cat_threshold=43114502 868 84215830 4150
is_linear=0
shrinkage=0.05


Tree=161
num_leaves=31
num_cat=4
split_feature=27 35 16 14 33 23 9 34 38 38 31 26 29 12 35 31 26 36 26 11 2 24 3 35 32 16 12 6 14 12
split_gain=8.21939 7.95931 12.9168 10.6307 8.42456 11.8365 11.997 9.3373 12.6522 11.4021 12.7797 8.4202 8.10149 7.91697 7.62082 7.43288 7.36381 9.77976 11.3248 11.1489 9.57186 8.62197 10.6224 8.04093 6.99963 18.9901 19.6834 12.598 9.54096 9.12393
threshold=3.2500000000000018 40.884660804314748 0 1 0.30912061651647121 2.235048310283632 6.5000000000000009 60.833333333333336 0.03333333333324618 -1.033333333333246 0.68475461947247196 26.058333333333337 9.9888765156985908 0.64056958004474651 8.8191620377048938 1.7000000000000008 23.141666666666669 -0.27108298708969014 26.866666666666671 0.1294095225512602 0.15000000000000005 18.667134074950784 1.0000000180025095e-35 43.511331658599296 1027.8166666666671 2 -0.99275167208229986 1.0000000180025095e-35 3 0.55822315702467162
decision_type=2 2 1 1 2 2 2 2 8 10 2 2 2 2 2 2 2 2 2 2 8 2 2 2 2 1 2 2 1 2
left_child=1 24 3 4 5 6 -3 8 9 -6 -11 12 -12 -2 -15 -16 -4 18 19 20 -18 -19 -23 -22 -1 26 -26 -27 -28 -29
right_child=13 2 16 -5 7 -7 -8 -9 -10 10 11 -13 -14 14 15 -17 17 21 -20 -21 23 22 -24 -25 25 27 28 29 -30 -31
leaf_value=0.00033913705128389932 -0.047866292642587953 0.010224745153406035 -0.028040254244561882 -0.021074148756390257 -0.022774299537300868 -0.013509855914133496 0.20078730302120371 0.10605439947702276 -0.021837523144332391 -0.032473394122436924 0.09920400874941028 0.061633683676472921 0.25666835367941027 -0.073708293745966172 0.12740824345851468 -0.053068159146683329 0.022994078833609294 -0.041075924920780632 -0.017002361048539433 -0.04555694852006912 0.18440082967833737 -0.040625743422459927 0.11110607505286736 0.054962760845174513 0.1230505767023567 -0.02911776537244087 -0.018544664992101126 -0.019305238058064521 0.011988566800766817 0.036263710470381461
leaf_weight=14281.037245819316 15.735164676734714 2.0713288593106003 86.188918366562575 13.954983359784817 3.0878885416314032 19.243109972099774 1.2864216784946618 4.777734278002753 7.6246631951071384 1.7531238144729231 2.1113896397873764 3.8251071101985872 1.5055749706225467 1.1044430517940775 1.9182669306173923 0.73033936030697066 4.2592899682931611 18.211910635232929 10.273303737980312 2.1598932633642098 2.6169907050207266 2.2172160043846807 2.2187925558537245 2.3623667848296463 3.4930703507270655 107.62555776000954 25.835575391305611 15.063033014535906 82.512158106721472 14.311214148998259
leaf_count=253550 2272 74 5419 1030 72 1007 60 92 247 62 86 49 59 225 127 123 135 847 599 112 46 108 11 58 100 11740 1607 77 2283 66
internal_value=1.75914e-05 6.06578e-05 -0.010057 0.00871238 0.0196648 0.00172921 0.0869285 0.0439465 0.0285855 0.0598089 0.0874883 0.115803 0.169891 -0.0323495 0.0322606 0.0775227 -0.0181424 -0.00295855 0.0210027 0.0551059 0.0788756 -0.0258786 0.0360434 0.125282 0.000194248 -0.00811778 0.00726585 -0.0197611 0.00409297 0.00779929
internal_weight=14741.1 14721.6 191.75 61.2413 47.2863 22.6009 3.35775 24.6855 19.9077 12.2831 9.1952 7.44207 3.61696 19.4882 3.75305 2.64861 130.509 44.3198 21.6718 11.3985 9.23865 22.6479 4.43601 4.97936 14529.9 248.841 111.841 137 108.348 29.3742
internal_count=282343 279596 10173 2838 1808 1141 134 667 575 328 256 194 145 2747 475 250 7335 1916 950 351 239 966 119 104 269423 15873 3990 11883 3890 143
cat_boundaries=0 1 2 3 4
cat_threshold=34717702 1000 9441824 1612
is_linear=0
shrinkage=0.05


Tree=162
num_leaves=31
num_cat=5
split_feature=27 12 35 16 14 33 28 27 29 37 2 26 36 26 11 24 3 2 35 27 28 32 16 27 16 16 10 27 28 11
split_gain=7.64241 7.38695 7.35797 12.0733 10.0896 9.18953 9.36216 9.4772 10.3212 7.959 7.3442 7.06227 8.94378 9.90869 9.64142 8.01994 9.46546 7.76477 6.83281 6.97992 8.28687 6.63977 24.3902 23.5267 23.6557 23.2182 24.376 23.1094 18.8439 19.9234
threshold=3.2500000000000018 0.64056958004474651 40.884660804314748 0 1 0.30912061651647121 90.583333333333357 2.0325132018574834 12.985025486114575 0.82035362126519618 1.4500000000000002 23.141666666666669 -0.27108298708969014 26.866666666666671 0.1294095225512602 18.667134074950784 1.0000000180025095e-35 0.15000000000000005 8.8191620377048938 3.8500000000000014 61.416666666666679 1013.7166666666668 2 0.88317608663278535 3 4 0.25881904510252091 1.067707825203132 55.833333333333336 -0.70710678118654757
decision_type=2 2 2 1 1 2 2 2 2 2 8 2 2 2 2 2 2 8 2 2 2 2 1 2 1 1 2 2 2 2
left_child=2 -2 21 4 -4 6 7 -6 -9 10 -7 -5 13 14 17 -14 -17 -13 -3 -20 -21 22 -1 -24 -25 26 -23 -28 -27 -30
right_child=1 18 3 11 5 9 -8 8 -10 -11 -12 12 15 -15 -16 16 -18 -19 19 20 -22 25 23 24 -26 28 27 -29 29 -31
leaf_value=0.0038333734991805794 -0.047131431152153458 -0.072656396312214197 -0.022514535733831456 -0.027613417078807795 -0.017247915581283017 0.060772898548260249 0.10943472167445188 0.26052251253149955 -0.041709040229114952 0.14386469685381628 0.0065246923852543756 0.021503846587464976 -0.040328926227371401 -0.01638846969919884 -0.044543794230009544 -0.039626754662193821 0.10381067282251855 0.11198331823555624 0.022556694152230081 0.37307317297271492 0.033995332481223828 0.0076723624177514093 -0.0031913981263089635 -0.0089039713848221951 0.007741761710603862 -0.018574469829389154 -0.00027853883523949003 -0.025164720278234565 0.0037781974033535629 -0.0054102606848935413
leaf_weight=4149.3174258315703 15.196774386509789 1.0668191940349054 11.977033420233054 83.759553110110573 21.087197436951108 12.68228434992489 1.6771375420503307 0.55378651595674344 0.45499349222518504 1.6903684765566129 12.240356726804746 4.3317360472865412 17.638304109335881 10.132623926503582 2.1023223949596277 2.1633606165414667 2.2618159838020802 5.2982909760903576 2.0658318586647515 0.26614388055168081 0.3989547056844458 1149.4455376915867 3999.1143669055309 258.24381279299268 1068.3899654072011 204.57677139461157 629.00454195053317 109.42908861581236 813.1535264562699 2148.6414949862519
leaf_count=44282 2272 225 856 5354 1072 427 64 48 62 99 275 135 847 599 112 108 11 104 128 73 49 36327 49598 12303 10832 18599 18519 7914 13717 57332
internal_value=1.52459e-05 -0.0315966 5.62536e-05 -0.00971558 0.00819828 0.0180393 -0.000995956 -0.00983318 0.132739 0.0417364 0.0342623 -0.0177193 -0.00285846 0.0197597 0.0508536 -0.0252611 0.0343615 0.0719235 0.0301809 0.0715011 0.200707 0.00018414 0.000964796 -0.00127496 0.0044923 -0.00127932 0.00310237 -0.00396935 -0.00388934 -0.00288755
internal_weight=14738.4 18.9945 14719.4 190.051 62.3632 50.3861 23.7731 22.096 1.00878 26.613 24.9226 127.688 43.9285 21.865 11.7323 22.0635 4.42518 9.63003 3.79775 2.73093 0.665099 14529.3 9475.07 5325.75 1326.63 5054.25 1887.88 738.434 3166.37 2961.8
internal_count=282343 2747 279596 10173 2903 2047 1246 1182 110 801 702 7270 1916 950 351 966 119 239 475 250 122 269423 117015 72733 23135 152408 62760 26433 89648 71049
cat_boundaries=0 1 2 3 4 5
cat_threshold=34725894 7186 25459280 72351776 121864228
is_linear=0
shrinkage=0.05


Tree=163
num_leaves=31
num_cat=8
split_feature=2 14 16 16 28 29 34 34 28 14 23 26 16 23 38 11 16 9 16 26 31 10 13 37 26 19 31 34 26 14
split_gain=7.39976 20.1605 33.732 21.2527 17.951 17.4047 16.3615 15.6866 16.8731 17.6712 17.6398 14.8169 14.2938 14.1601 13.8799 15.4044 30.0312 20.7842 19.5346 17.2656 16.7008 16.4327 17.8635 16.0293 15.4219 14.5591 13.8717 13.2071 12.9871 12.7624
threshold=0.24000000000000005 0 1 2 95.166666666666671 2.2586347517122234 4.5833333333333348 80.416666666666671 81.833333333333357 3 8.9007167241697882 -1.2166666666666663 4 7.969290117446068 2.2000000000001028 1.0000000180025095e-35 5 10.500000000000002 6 19.241666666666671 0.14999999999999999 -0.37940952255126059 -0.77873524214321999 0.91558398499795446 23.783333333333339 38.500000000000007 0.88317608663278535 33.416666666666679 1.6833333333333338 7
decision_type=8 1 1 1 2 2 2 2 2 1 2 2 1 2 8 2 1 2 1 2 2 2 2 2 2 2 2 2 2 1
left_child=12 3 14 11 6 -4 -5 13 9 10 -9 -2 27 -7 15 16 -3 -18 23 26 -19 22 -21 -17 -25 -16 -20 -1 -11 -14
right_child=1 2 5 4 -6 7 -8 8 -10 28 -12 -13 29 -15 25 18 17 20 19 21 -22 -23 -24 24 -26 -27 -28 -29 -30 -31
leaf_value=-0.02360712649459383 0.05107444256509483 0.011278711503673227 -0.015567176493302404 0.041756822400225463 0.025466283856795943 -0.017653250249442459 -0.0011308180500242723 0.00029111564976192042 0.0092726088228879122 0.065019844147219244 0.060785855671685811 0.0072239581505354816 0.0049085371542610372 0.002769207438241893 0.015251976321360484 0.014910841357875579 0.0032359454970305214 0.012197055309005521 0.0074292507936740519 -0.059769800232844776 -0.014964763596589695 -0.044451578015197585 0.01209590372050106 0.020116953538824301 -0.026774952296597168 -0.034513064769150739 -0.014162280797645675 -0.003345843635704743 -0.02188432162334206 -0.0011822462230494299
leaf_weight=82.789372149971314 19.381997120333835 340.74311905051582 456.80906799045624 22.390047208726173 67.923872770508751 281.57879680464976 1985.248395410541 133.49469072069041 315.2909729895182 4.3293784870766094 13.146088141947983 1747.5760552466381 1242.3290561949834 121.44768086998374 20.773538116191048 618.56851113640005 375.38196526595857 63.659110479755327 400.95177172106924 10.67600637488067 504.93313371320255 39.522149287979119 43.66806138883112 27.654761239304207 47.544622411718592 49.749259660311509 91.231396602757741 2713.8112154211849 152.00685790367424 2738.0415044512483
leaf_count=16128 174 6596 8774 3776 634 10032 22361 1281 2521 29 361 26536 28908 8069 336 5223 3537 635 5813 381 6068 1060 645 375 501 612 2713 46187 1727 70350
internal_value=1.3218e-05 0.00104744 -0.00138563 0.00364597 0.000204424 -0.00740553 -0.000650461 -0.00382629 0.00117698 -0.00724796 0.00538511 0.00766445 -0.00120089 -0.0115 0.00200655 0.00261625 -0.00125149 -0.00583287 0.00649858 -0.00031851 -0.0119221 -0.0199639 -0.00210612 0.0120868 -0.00952652 -0.0198532 0.00342497 -0.00393241 -0.0182698 0.000726384
internal_weight=14732.7 7955.68 4113.16 3842.52 2075.56 1478.1 2007.64 1021.29 618.268 302.977 146.641 1766.96 6776.97 403.026 2635.06 2564.53 1284.72 943.974 1279.82 586.049 568.592 93.8662 54.3441 693.768 75.1994 70.5228 492.183 2796.6 156.336 3980.37
internal_count=282343 120770 67289 53481 26771 32794 26137 24020 5919 3398 1642 26710 161573 18101 34495 33547 16836 10240 16711 10612 6703 2086 1026 6099 876 948 8526 62315 1756 99258
cat_boundaries=0 1 2 3 4 5 6 7 8
cat_threshold=6804 59938834 84404304 98 51615744 9601024 50331666 270
is_linear=0
shrinkage=0.05


Tree=164
num_leaves=31
num_cat=1
split_feature=29 38 37 34 37 34 24 2 32 19 26 37 27 4 20 38 33 29 4 33 14 4 34 11 27 34 37 38 34 25
split_gain=7.35884 12.8417 9.70969 10.4938 11.8088 9.78466 11.0418 6.88221 6.77073 17.3151 10.9741 8.30856 6.98191 8.41452 13.4503 14.0266 17.7543 11.843 18.2737 30.8978 10.1705 12.5826 15.7161 18.6775 10.5082 10.6562 18.3711 8.41947 8.36499 8.21131
threshold=17.410057233125475 -0.33333333333342802 0.34190299669234064 96.833333333333357 -0.96359284419854352 83.416666666666671 11.643971216757663 0.15000000000000005 1028.241666666667 82.000000000000014 19.141666666666669 0.90071000855614514 1.0640581604551667 0.18000000000000002 49.053130000000003 -0.40000000000026142 0.59999999999999443 1.4571067811865477 0.041666666666666678 0.2027402333828163 0 0.041666666666666678 64.166666666666671 0.1294095225512602 0.69442222186665625 22.416666666666668 0.02078535652815924 -1.4333333333331095 87.833333333333357 406.11511101632453
decision_type=2 8 2 2 2 2 2 10 2 2 2 2 2 2 2 10 2 2 2 2 1 2 2 2 2 2 2 8 2 2
left_child=8 2 3 4 -2 6 -6 -3 -1 10 11 12 13 14 15 27 17 18 19 -17 -19 22 24 -24 -22 26 -26 28 -10 -15
right_child=1 7 -4 -5 5 -7 -8 -9 9 -11 -12 -13 -14 29 -16 16 -18 20 -20 -21 21 -23 23 -25 25 -27 -28 -29 -30 -31
leaf_value=0.00023694696847390424 0.14607940115304976 -0.036999296861075788 -0.045259670023804405 -0.055064722571354419 -0.036034660763983525 0.05062359950855564 0.039755660305345823 0.043193862552403588 -0.015780767288905824 -0.042678288098633999 0.074186144255431755 -0.054242981920238631 -0.022736822840860441 0.037528023430106611 -0.024256241670541842 -0.042653198755603694 0.20804757298070672 -0.015387863292450014 0.026715542875645981 0.44510749469425898 -0.051479814001821833 -0.00013661029288928748 0.071494479227759741 0.2677959070599758 0.4926097472524642 0.0010962101571217553 -0.0366163746461012 -0.054587095269240084 0.13204206573977631 -0.0079643208576213789
leaf_weight=14404.014523917343 1.7860070895403612 44.620343373942887 8.0040214045147859 4.6307896536309263 11.633415512857029 13.087715928209944 8.0405289133777824 2.7639246433973303 3.2879079305566847 31.719482819142286 4.4125392611022098 8.0043867818894778 34.393102068046574 27.079770386219025 49.496857641439419 0.51208879961632126 1.2129353593918484 16.828661038191058 2.7315784879028797 0.71677959995577112 2.5885629328549857 8.2230295035988075 3.7618156811222434 1.7708108772058038 0.27713135152589508 0.90256643400061876 0.26732146448921412 10.275402610888703 1.2399971336126325 15.571928426623343
leaf_count=261005 59 4403 690 51 869 151 109 14 217 4138 84 1346 3173 125 3311 71 100 991 21 75 263 44 104 72 35 68 94 565 28 67
internal_value=1.24802e-05 -0.0138831 0.00458212 0.0148539 0.0243577 0.0172977 -0.00501557 -0.0322405 0.000102398 -0.00849692 -0.00287619 -0.00471224 -0.00249478 0.00226166 -0.00540412 0.0117002 0.0271437 0.0209331 0.101736 0.253936 0.0114229 0.0290764 0.0839985 0.137963 0.00846819 0.112104 0.267403 -0.0297176 0.0266799 0.0209392
internal_weight=14723.9 94.5667 47.1825 39.1785 34.5477 32.7617 19.6739 47.3843 14629.3 225.275 193.555 189.143 181.138 146.745 104.093 54.5966 39.7933 38.5803 3.96045 1.22887 34.6199 17.7912 9.56821 5.53263 4.03558 1.44702 0.544453 14.8033 4.52791 42.6517
internal_count=282343 6346 1929 1239 1188 1129 978 4417 275997 14992 10854 10770 9424 6251 6059 2748 1938 1838 167 146 1671 680 636 176 460 197 129 810 245 192
cat_boundaries=0 1
cat_threshold=2646
is_linear=0
shrinkage=0.05


Tree=165
num_leaves=31
num_cat=1
split_feature=2 14 4 28 32 38 13 13 34 13 29 11 32 29 35 9 30 28 32 18 13 33 32 19 32 28 26 32 23 30
split_gain=8.3391 13.3681 17.3405 19.5514 18.6946 15.4863 17.4168 18.2215 20.1625 25.2281 15.7699 15.2698 13.059 13.0031 12.3922 16.9157 18.6474 15.4588 17.029 16.2475 16.9249 21.5064 14.5916 13.7735 20.0167 43.2587 18.9105 21.3616 16.7178 12.802
threshold=0.15000000000000005 0 0.041666666666666678 92.166666666666671 990.14166666666677 -1.9999999999999429 0.64713682673509043 -0.40043915342903252 32.416666666666679 -0.11987677602567985 1.9428090415820636 -0.37940952255126015 1010.9416666666668 16.998365855987981 23.900254676332359 7.5000000000000009 6.4166666666666687 59.416666666666679 1001.6833333333335 133.33485500000003 0.77873524214322032 0.19999999999996024 998.98333333333346 207.00000000000003 1022.1166666666668 75.833333333333357 25.941666666666674 1013.7166666666668 7.1817423608287632 -2.0833333333333326
decision_type=8 1 2 2 2 10 2 2 2 2 2 2 2 2 2 2 2 2 2 2 2 2 2 2 2 2 2 2 2 2
left_child=-1 2 4 -4 -2 6 7 -6 9 -9 -10 -11 -3 14 15 17 29 18 22 20 -19 -22 -7 -18 26 28 -25 -28 -26 -17
right_child=1 12 3 -5 5 13 -8 8 10 11 -12 -13 -14 -15 -16 16 23 19 -20 -21 21 -23 -24 24 25 -27 27 -29 -30 -31
leaf_value=-0.0015368466067999349 0.21202544550598457 0.0016647867132952698 0.00013770231079955993 0.010380503768241608 -0.025839001607538711 -0.044883177886022772 -0.039953851951101842 -0.042842698217668923 0.20471826494053449 0.52908065963144191 0.048813923072782192 0.17392381289786357 -0.0037860902174655128 -0.050849498307379219 -0.0028904105158974692 0.040750623962937653 0.010332312881003286 0.02841501500944198 -0.025567192507013361 0.11459357439836798 0.0061554292148316425 0.24844265588648487 0.23897561686590976 0.020945683741772216 0.65305352235018799 -0.045379685273270604 0.26406347587518347 -0.044907071256116607 0.16135096765959567 -0.024374107007273986
leaf_weight=6083.3556267753302 1.0566444066353131 2202.591590502474 3143.0114200664684 546.86390274390578 3.6744883222272664 0.68624478223501029 4.1473598241573191 0.53392664808779966 1.845482232980429 0.59571799135301251 10.512303620809687 0.80678363336483072 2192.4235724344035 8.8138099954230693 135.76956948824227 8.6183093691361119 169.65906955930404 91.582373079727404 17.762648705509491 6.38982642116025 1.6953907751594663 1.9054536585463209 1.0904130813432855 18.986764728848364 0.4044549346435804 0.7992438449873589 1.6481336615397588 0.78462510323151935 0.39530092454515398 56.348709823098034
leaf_count=158195 91 20854 18283 3801 353 96 225 110 72 60 268 74 47767 1205 7169 1121 8476 5407 2221 129 120 119 45 1032 44 52 102 158 57 4618
internal_value=-0.000119037 0.000880231 0.00288045 0.00165599 0.0111985 0.0107706 0.0516617 0.0729116 0.0982997 0.244862 0.0735527 0.349951 -0.00105198 0.00903306 0.0100685 0.0147133 0.00746327 0.0301177 -0.0105659 0.0379465 0.0326862 0.137615 0.132784 0.0152727 0.0514835 0.216919 0.0381829 0.166574 0.45496 -0.0156855
internal_weight=14714.8 8631.4 4236.39 3689.88 546.513 545.456 22.1161 17.9687 14.2942 1.93643 12.3578 1.4025 4395.02 523.34 514.527 378.757 257.645 121.112 19.5393 101.573 95.1832 3.60084 1.77666 192.678 23.0185 1.599 21.4195 2.43276 0.799756 64.967
internal_count=282324 124129 55508 22084 33424 33333 1162 937 584 244 340 134 68621 32171 30966 23797 15660 8137 2362 5775 5646 239 141 9921 1445 153 1292 260 101 5739
cat_boundaries=0 1
cat_threshold=6804
is_linear=0
shrinkage=0.05


Tree=166
num_leaves=31
num_cat=2
split_feature=28 16 13 24 27 9 32 24 10 38 34 37 13 30 12 33 30 13 37 35 12 35 11 23 38 38 33 28 2 16
split_gain=7.93104 23.4487 13.3183 32.9687 58.17 10.1741 13.9017 15.0939 10.1473 13.4543 9.72141 12.5497 8.44556 12.0144 9.06865 8.87139 8.91557 10.4398 11.2921 15.7624 11.478 8.9167 8.30817 10.486 9.68132 15.9635 16.2953 8.25894 7.11245 22.2993
threshold=54.166666666666679 0 0.9969807975668411 7.2684812307333315 0.8055363982396373 11.500000000000002 1006.0583333333335 2.8866632584508376 -0.98296291314453399 -1.133333333333155 60.166666666666679 -0.65868177680545881 -0.66012780149078443 4.3416666666666677 0.99466323211226848 0.40824829046388628 15.316666666666668 0.79980977965991062 -0.48466349991318231 17.265886953167559 -0.92302220264522072 32.28346504965667 -0.98296291314453399 11.117004064716177 0.066666666666662891 -0.63333333333315511 0.19999999999996024 47.583333333333336 0.35000000000000003 1
decision_type=2 1 2 2 2 2 2 2 2 8 2 2 2 2 2 2 2 2 2 2 2 2 2 2 8 8 2 2 8 1
left_child=1 5 8 4 -4 6 7 -1 9 10 11 -3 -8 -14 15 -15 17 18 19 20 -17 -20 23 24 25 -10 -27 -13 -2 -30
right_child=28 2 3 -5 -6 -7 12 -9 22 -11 -12 27 13 14 -16 16 -18 -19 21 -21 -22 -23 -24 -25 -26 26 -28 -29 29 -31
leaf_value=0.18491663083129764 -0.00099151946082435606 0.22487381441890492 -0.042277948896983615 -0.049703859166301885 0.74894375479566333 0.0087394852555504679 -0.030259779572604964 0.018885476049770391 0.0058116744911520914 -0.028697239087746053 0.015292579214666001 -0.025296634177201578 -0.02623457636964114 -0.0074459001752224937 0.11550472001105119 0.066772337341734461 -0.039259740550020759 0.21560207588472693 -0.019971201219678172 0.010492123737864373 0.29696222757846447 0.11572185382131227 -0.01998584461780388 -0.01864657160487752 -0.026132977681461656 -0.011348029828270443 0.21006843737777392 0.13468183484462123 -0.003300090925629245 0.0029803387805675207
leaf_weight=1.3767299799947093 6830.544169364206 1.4940313715487716 0.46642556547885705 1.3109787437133489 0.34375151374842972 274.16182819652022 46.911123119294643 19.302927214768715 4.1674070243025199 8.1473889383487421 6.3713353027123958 1.6747707236208937 35.674071181303589 33.518922896997537 1.9132313471054647 1.0659427542705091 2.9981417887611306 0.84896672598552037 6.3609926409553736 2.2923794817179441 1.1818868229165671 1.3900990195106713 302.32519096156466 14.52609646017663 3.3203399082412934 1.1593758093076778 2.7479417421855032 1.4109850830282082 1935.5824794204673 5166.7457715119235
leaf_count=61 129110 57 73 96 46 16917 4415 605 253 969 82 131 5025 2381 71 43 86 38 554 88 64 96 25783 1636 183 51 128 33 31040 62209
internal_value=-0.000114012 -0.00502514 -0.0144061 0.107271 0.338833 0.00288674 -0.00728915 0.0307756 -0.0155945 0.0197593 0.0557433 0.110488 -0.0131753 -0.00396483 0.0114613 0.00722854 0.037565 0.0552578 0.0425322 0.104225 0.195297 0.00552831 -0.0176568 0.00947928 0.0451836 0.07447 0.145726 0.0497862 0.000160419 0.00126827
internal_weight=14711.3 778.463 349.466 2.12116 0.810177 428.997 154.835 20.6797 347.345 19.0985 10.9511 4.57979 134.156 87.2446 51.5706 49.6573 16.1384 13.1403 12.2913 4.54021 2.24783 7.75109 328.246 25.9212 11.3951 8.07472 3.90732 3.08576 13932.9 7102.33
internal_count=282324 59965 29521 215 119 30444 13527 666 29306 1272 303 221 12861 8446 3421 3350 969 883 845 195 107 650 28034 2251 615 432 179 164 222359 93249
cat_boundaries=0 1 2
cat_threshold=4595828 4989540
is_linear=0
shrinkage=0.05


Tree=167
num_leaves=31
num_cat=2
split_feature=28 16 34 13 12 10 26 10 10 16 28 38 12 35 26 9 32 27 13 13 33 25 38 30 26 30 12 15 24 12
split_gain=7.27084 21.3246 11.2606 15.6209 13.0923 26.4587 66.1348 12.8612 11.5088 12.3001 12.0047 11.3742 11.074 10.6546 10.0118 8.93549 13.1348 13.3433 10.1511 10.394 13.0802 10.771 20.6581 8.9278 8.81114 8.57932 12.7959 8.41658 9.19496 9.98552
threshold=53.833333333333336 0 64.583333333333357 0.9969807975668411 -0.99466323211226826 0.78656609248549325 20.141666666666669 -0.9159756150367534 -0.98296291314453399 1 51.583333333333336 -1.9333333333333369 -0.38466509970700108 8.4918236151132742 32.116666666666674 11.500000000000002 1006.0583333333335 0.88317608663278535 -0.66012780149078443 -0.54391895432872461 0.44969125210775696 1551.8266863576907 -0.70000000000010221 -3.9583333333333326 29.016666666666669 3.3833333333333342 0.99466323211226848 2022.5000000000002 9.1309025625233993 -0.81499831288977609
decision_type=2 1 2 2 2 2 2 2 2 1 2 10 2 2 2 2 2 2 2 2 2 2 10 2 2 2 2 2 2 2
left_child=1 15 4 -4 5 7 -7 -3 10 13 11 24 -12 -10 -15 16 17 23 -18 20 -20 -22 -23 -1 -6 -21 -27 28 -11 -30
right_child=-2 2 3 -5 8 6 -8 -9 9 27 12 -13 -14 14 -16 -17 18 -19 19 25 21 22 -24 -25 -26 26 -28 -29 29 -31
leaf_value=0.18714732349831067 0.00014671565998314838 0.17123817105180364 -0.023765333561747978 0.1307096640026813 0.0017927793042927472 0.89102217081091828 -0.041367315265034683 -0.033095530821454659 -0.030947545606256378 -0.037281203638470713 0.28548070690658089 -0.051575401215203598 0.057504357106518994 0.013479936065997894 0.16060014341687689 0.0092084423123524415 -0.034797981694509698 -0.0089400386062002211 -0.0027705485593060089 -0.031897636693912726 0.050091685168993996 -0.042132736286387362 0.35199680483890905 0.051637691888559184 0.16333675312076057 -0.0029600881312173478 0.11066518630782468 -0.037483685790970785 -0.044809950898169242 0.029474738713719487
leaf_weight=1.3579719297122199 13966.935804788489 0.96404412621632252 183.97463526134379 1.5533771098125715 1.7981538869207727 0.22360648401081551 0.44103477767203003 2.7048324336647047 14.79430242453236 15.018193536729084 0.78414910676656324 3.3096078459639084 1.5120758234988896 55.680986291379668 1.0821960470639158 243.31414464578847 36.971317544754129 10.383718636701813 5.8494655932881852 27.063488396175671 2.5559195879031908 0.46955704397987597 0.8964337397483173 8.3597113486612233 1.4946506951237095 40.630059243994765 2.5383956469595423 48.432516815839335 5.8151529685710583 19.181712867692113
leaf_count=54 223802 50 7068 53 119 11 137 516 2694 3747 38 647 97 3172 34 15724 3923 275 420 4261 76 54 84 315 37 3058 87 8923 711 2137
internal_value=-0.000109059 -0.00494149 -0.0134703 -0.0224022 -0.00467431 0.0801479 0.347822 0.0237146 -0.0068967 -0.00998528 0.0481323 0.013132 0.144022 0.00588853 0.0165623 0.00336934 -0.00674879 0.0304915 -0.0131689 -0.00314265 0.0449077 0.11432 0.222883 0.0722875 0.0777728 -0.00988224 0.00396164 -0.0211019 -0.0064903 0.0120838
internal_weight=14706.1 739.155 358.765 185.528 173.237 4.33352 0.664641 3.66888 168.904 160.005 8.89864 6.60241 2.29622 71.5575 56.7632 380.39 137.076 20.1014 116.975 80.0033 9.77138 3.92191 1.36599 9.71768 3.2928 70.2319 43.1685 88.4476 40.0151 24.9969
internal_count=282324 58522 30191 7121 23070 714 148 566 22356 21418 938 803 135 5900 3206 28331 12607 644 11963 8040 634 214 138 369 156 7406 3145 15518 6595 2848
cat_boundaries=0 1 2
cat_threshold=4595764 33605698
is_linear=0
shrinkage=0.05


Tree=168
num_leaves=31
num_cat=5
split_feature=23 16 12 34 14 26 14 6 14 36 16 26 9 36 36 17 26 5 33 26 24 13 12 4 26 12 24 37 32 36
split_gain=6.62646 16.7753 20.0094 17.5898 22.6028 20.7137 18.9181 16.3508 15.4403 16.4083 15.6885 15.371 16.1212 15.0498 14.4391 17.2785 13.9672 13.4994 12.9542 12.6281 17.6165 18.1396 12.5389 12.4247 12.2534 17.2708 19.1024 17.1018 15.7722 12.4676
threshold=1.6513293848599677 0 0.95768026224311686 95.583333333333357 1 16.741666666666671 2 0.65000000000000002 3 -0.32478611494566106 4 23.783333333333339 17.500000000000004 -0.98036765149327298 -0.31456205940924736 41.308535000000006 16.141666666666669 0.30000000000000021 0.023570226039586997 19.641666666666669 16.750191327080461 -0.97322851985520697 0.78409092058139029 0.2166666666666667 4.5583333333333345 0.81499831288977631 4.2175782261350916 -0.6193539058471984 1022.4166666666669 0.97431376971947581
decision_type=2 1 2 2 1 2 1 2 1 2 1 2 2 2 2 2 2 2 2 2 2 2 2 2 2 2 2 2 2 2
left_child=1 2 3 6 5 -5 14 13 18 10 16 -7 17 -8 15 -1 -10 -13 -3 -20 21 -21 -6 -22 25 26 29 -27 -29 -2
right_child=24 8 -4 4 22 11 7 -9 9 -11 -12 12 -14 -15 -16 -17 -18 -19 19 20 23 -23 -24 -25 -26 27 -28 28 -30 -31
leaf_value=-0.0030737652677884672 -0.0073266990157370955 0.070090797209905867 -0.029086237664082693 0.0035767876266580147 -0.0073763896847221207 0.043798713834576945 0.06532821411491968 -0.086963715192576924 0.0087985472923666746 0.006513787150047661 -0.013196086300664664 0.08635440392147363 -0.021607888923674941 -0.018612875795899098 -0.0070672056245582081 0.044289691892720792 -0.023125040311056156 0.0042754384485601772 0.020335609296304041 -0.08729413824819808 0.04641565798635075 0.013691038546481814 0.05450144040256133 -0.011922522896578643 -0.00022818138055130622 -0.030093409021306528 -0.042642772722694143 0.01920599575229508 -0.032049643599110215 -0.058999998437295954
leaf_weight=40.233593074372038 480.84354547888506 10.765762585098853 68.222952029434964 180.38264244003221 284.10398227674887 76.842657716944814 5.3815053468570104 8.4664910789579135 233.78988837607903 1086.1760913256439 244.33295990817714 8.5931273512542266 23.403172489255667 212.33679813734489 148.86836680100532 36.809260151232593 40.046060640597716 11.848009660840033 192.8356872049626 10.938932533841582 15.871693708002566 7.4063629498705259 8.3307639937847835 21.223917633295059 11014.240362069948 26.679757842794061 44.832020812493283 130.7998248169315 16.861260798177682 11.866439043194985
leaf_count=553 19230 90 773 1402 2237 437 51 66 3444 12220 3443 56 138 2975 2160 453 340 56 2146 83 105 68 65 145 221541 856 700 3637 2430 424
internal_value=-0.000104271 0.00200226 -0.00284514 -0.00115756 0.00450223 0.0138492 -0.00858699 -0.0183716 0.00488877 0.00300274 -0.00429894 0.0303336 0.00668844 -0.016509 0.0019403 0.0195835 0.00397805 0.0390325 0.0160186 0.0142916 -0.0067295 -0.0466712 -0.00541065 0.0130957 -0.000639121 -0.00699625 -0.011431 0.00667599 0.0133354 -0.00858292
internal_weight=14703.3 2977.21 1113.82 1045.6 593.504 301.07 452.096 226.185 1863.39 1604.35 518.169 120.687 43.8443 217.718 225.911 77.0429 273.836 20.4411 259.042 248.277 55.4409 18.3453 292.435 37.0956 11726.1 711.883 537.542 174.341 147.661 492.71
internal_count=282324 33506 11422 10649 4391 2089 6258 3092 22084 19447 7227 687 250 3026 3166 1006 3784 112 2637 2547 401 151 2302 250 248818 27277 20354 6923 6067 19654
cat_boundaries=0 1 2 3 4 5
cat_threshold=42336356 2590 4524 176 627218
is_linear=0
shrinkage=0.05


Tree=169
num_leaves=31
num_cat=6
split_feature=2 16 14 16 26 12 11 29 37 34 14 26 13 16 13 5 28 32 27 12 18 16 37 26 32 24 23 10 12 33
split_gain=6.70294 13.7928 21.4789 21.2929 18.2608 18.3959 18.1661 15.7065 12.8628 18.8269 12.9861 15.082 37.0559 16.7995 12.7773 12.6053 17.2618 14.7604 16.446 15.2841 41.4043 14.2039 14.2407 13.6678 18.6766 13.3959 17.1724 13.0836 13.0139 13.9183
threshold=0.24000000000000005 0 1 2 0.54166666666666685 0.96247800481268331 -0.60355339059327384 7.2876732428628994 -0.85665986910178116 22.416666666666668 3 9.2416666666666689 -0.79980977965991029 4 0.34470738398793405 8.3266726846886753e-17 47.166666666666679 1023.1166666666668 0.7999999999999996 -0.99466323211226826 115.39890000000001 5 -0.40581762222710038 19.241666666666671 1024.916666666667 17.217484124576114 3.0884568278567781 0.37940952255126054 -0.92302220264522072 0.89938250421548582
decision_type=8 1 1 1 2 2 2 2 2 2 1 2 2 1 2 2 2 2 2 2 2 1 2 2 2 2 2 2 2 2
left_child=-1 8 4 6 -3 -6 -4 -8 9 -2 11 12 -10 -13 -9 16 -12 18 19 20 -18 22 -20 -19 -25 -23 -27 -28 -21 -30
right_child=1 2 3 -5 5 -7 7 14 10 -11 15 13 -14 -15 -16 -17 17 23 21 28 -22 25 -24 24 -26 26 27 -29 29 -31
leaf_value=-0.0012571100482999388 0.070353629631370096 0.033419312147375063 -0.010201185735136833 -0.0098518632204368049 0.0032058299615808036 -0.01557150351514148 -0.00089053578892751492 0.016769685293860335 0.14490851208495617 0.0084419421352065205 -0.029353421923069712 0.025382337675569439 0.011513597061726846 -0.005648034448483402 -0.021656176867897857 -0.0021969094580954625 0.027068107832238099 -0.022992286095104883 -0.023114377433661421 -0.0067587294112256549 0.20948387051481554 -0.0095456453226608964 0.041786625522087714 -0.045613996076797003 0.27059585070368525 0.1402549449245768 -0.043910636735151345 0.060766784543745282 0.021141799574109926 0.16306741155963136
leaf_weight=6758.4617107273079 12.436744956357868 46.89130701153772 314.02469540061429 1001.4582424456021 1854.3148191109649 140.20420147286495 572.23685542889871 257.36625357740559 5.1653170712525016 603.75048998207785 31.718338034115732 41.279793970752507 471.02631192054832 279.536426215549 23.533026418299414 1755.9566967957653 16.528841220191683 46.501581067452207 10.766949005890636 47.928082393831573 3.7437374559231094 166.29479046032066 38.302920030138921 0.87097748555242904 0.84883593476843089 3.212044686311855 5.574460225645451 6.203674781601876 180.06238361180294 1.6467358535155643
leaf_count=161603 1228 727 3235 23953 25142 2121 5298 2298 80 6195 5134 422 6014 4290 427 10878 428 4384 580 1489 74 7968 1645 90 88 50 127 69 6258 29
internal_value=-9.98219e-05 0.000885332 -0.00107661 -0.00453204 0.00259838 0.00188517 7.78895e-05 0.0038631 0.0030947 0.00970274 0.00179645 0.00725505 0.0129907 -0.00103372 0.0135439 -0.000112962 0.00641637 0.00856832 0.0112167 0.0200972 0.0616177 0.00157782 0.0228756 -0.0177771 0.116749 -0.00517245 0.039656 0.0112715 0.0164065 0.022517
internal_weight=14697.8 7939.39 4210.03 2168.62 2041.41 1994.52 1167.16 853.136 3729.36 616.187 3113.17 797.008 476.192 320.816 280.899 2316.16 560.204 528.486 480.265 249.91 20.2726 230.355 49.0699 48.2214 1.71981 181.285 14.9902 11.7781 229.637 181.709
internal_count=282324 120721 63201 35211 27990 27263 11258 8023 57520 7423 50097 10806 6094 4712 2725 39291 28413 23279 18717 8278 502 10439 2225 4562 178 8214 246 196 7776 6287
cat_boundaries=0 1 2 3 4 5 6
cat_threshold=26400786 6796 33554948 4146 16809984 49154
is_linear=0
shrinkage=0.05


Tree=170
num_leaves=31
num_cat=2
split_feature=28 4 4 13 9 32 16 13 36 34 37 36 10 13 2 13 28 5 19 27 35 32 16 27 36 26 33 13 24 7
split_gain=7.23931 7.13202 6.90584 6.581 8.15071 6.54135 12.3883 15.8675 18.2294 12.689 12.4844 10.76 13.0579 10.0962 11.7182 9.69842 9.10739 8.9011 8.83366 8.80297 8.7581 8.5638 16.0853 10.3779 14.0369 8.95876 8.19691 7.9283 7.82056 8.3735
threshold=29.583333333333339 3.0416666666666674 2.9416666666666673 -0.99992632385251334 9.5000000000000018 994.11666666666679 0 -0.20454453068330639 -0.38781867790849955 90.833333333333357 -0.3052124823898888 0.85531826000483335 0.12940952255126045 0.76785215827905995 0.55000000000000016 0.65368047477200586 66.833333333333357 8.3266726846886753e-17 102.00000000000001 0.59999999999999998 1.1236095644623239 996.95833333333348 1 1.391242450313948 0.41410683235484563 17.641666666666669 0.48989794855663105 -0.93262014971044682 4.6225666238526868 0.75000000000000011
decision_type=2 2 2 2 2 2 1 2 2 2 2 2 2 2 8 2 2 2 2 2 2 2 1 2 2 2 2 2 2 2
left_child=-1 2 3 4 -2 6 7 10 13 17 -5 -11 -13 16 -15 -14 -9 18 19 -8 -10 22 23 24 -7 27 -22 -24 -26 -30
right_child=1 -3 -4 5 -6 21 9 8 20 11 -12 12 15 14 -16 -17 -18 -19 -20 -21 26 -23 25 -25 28 -27 -28 -29 29 -31
leaf_value=-0.026962019042079122 -0.050605346759966689 0.016535079674516499 -0.054247708761192941 0.013400331717489253 -0.00091850088733492737 0.020672598475720894 0.071230189514898928 -0.027216106747474735 0.018260943236728611 -0.012323372061414973 -0.070238520387367512 0.05792121081379295 -0.050029113398200521 -0.035458475708377186 0.053426830542084802 0.031450057466051742 0.03534915148597173 0.0083183040640619193 0.15029596407292167 -0.015036501123398455 0.081671085166746468 1.2020859778553269e-05 0.049439769536831678 0.064127266917408332 -0.067125086103689585 -0.055067969143277579 0.027187323804936148 -0.016632686895367572 -0.046952423371365314 0.031077446493920264
leaf_weight=24.774158525542589 14.270023457705973 65.098069667816162 5.7727513816207638 10.03543759789318 19.400980964419432 44.052369884797372 6.8575982623151486 6.9810235435143104 14.747020084410904 165.2198423310183 7.8952646222896865 12.871802580077203 7.5386769818142039 18.057202746276747 4.5655901767313471 6.9047452174127102 32.953823190648109 100.00680231582373 1.8395620269002382 5.0918872399488464 22.436522074276581 13899.396385161759 4.5849594045430413 8.1040221620351058 8.0511315818876046 14.963814322138203 10.14770664134994 152.23212975589558 6.3155796483624709 7.3103411216288805
leaf_count=7837 339 898 68 92 476 338 250 66 143 1239 66 126 60 266 34 65 265 744 76 435 259 265460 30 51 63 979 93 1579 52 55
internal_value=-1.09058e-05 3.47491e-05 -3.88411e-05 -1.7055e-05 -0.0220637 3.40132e-05 0.00607861 0.0184579 0.027016 0.000296869 -0.0236129 -0.00751583 0.0215021 0.00927497 -0.017364 -0.0111292 0.0243714 0.0135365 0.0510497 0.0346507 0.0503953 -0.000151554 -0.00940456 0.00977879 0.00447621 -0.0172179 0.0648383 -0.0146706 -0.0283821 -0.00516778
internal_weight=14708.5 14683.7 14618.6 14612.8 33.671 14579.2 434.151 127.82 109.889 306.331 17.9307 192.535 27.3152 62.5576 22.6228 14.4434 39.9348 113.796 13.789 11.9495 47.3312 14145 245.614 73.8334 65.7294 171.781 32.5842 156.817 21.6771 13.6259
internal_count=282504 274667 273769 273701 815 272886 4279 1284 1126 2995 158 1490 251 631 300 125 331 1505 761 685 495 268607 3147 559 508 2588 352 1609 170 107
cat_boundaries=0 1 2
cat_threshold=549440 16820816
is_linear=0
shrinkage=0.05


Tree=171
num_leaves=31
num_cat=3
split_feature=11 30 26 38 2 1 17 14 36 34 17 32 34 14 36 30 23 36 18 12 12 2 36 34 14 3 32 32 34 23
split_gain=7.22536 29.6831 17.2704 16.349 17.0157 15.0879 13.814 17.5255 19.7431 13.3762 12.6178 12.3428 12.1897 14.3411 12.2424 20.6517 18.1909 29.5462 11.1648 18.726 17.7191 19.5984 21.488 20.3146 16.7188 16.0437 14.4987 13.0976 12.8733 11.1483
threshold=-0.78656609248549325 18.583333333333339 4.5583333333333345 -0.99999999999994305 1.0000000180025095e-35 0.24000000000000005 -28.709174999999995 0 0.34356451647685332 90.583333333333357 42.987840000000006 1015.9416666666668 9.1666666666666696 1 -0.90750927358995603 -3.6833333333333322 11.373950396621382 -0.96218122274258644 8.7002500000000023 0.31226905285971485 0.57238288608965349 0.45000000000000007 -0.9450494904069221 82.416666666666671 2 1.0000000180025095e-35 1018.5166666666668 1016.7166666666668 95.833333333333357 1.7132840342544877
decision_type=2 2 2 10 8 2 2 1 2 2 2 2 2 1 2 2 2 2 2 2 2 8 2 2 1 2 2 2 2 2
left_child=1 2 5 4 -4 -1 -3 -8 10 11 -9 -6 13 14 15 16 -2 -18 24 -20 21 -21 25 -24 26 -23 27 -5 -29 -13
right_child=12 6 3 18 9 -7 7 8 -10 -11 -12 29 -14 -15 -16 -17 17 -19 19 20 -22 22 23 -25 -26 -27 -28 28 -30 -31
leaf_value=-0.013296097214996184 0.056283668538359546 -0.056465961755430588 -0.014575681943166111 0.014167787825590951 0.0029578834794931918 0.01127455594626213 -0.014031768579408849 -0.0093939158078636346 0.01674666731682331 0.014112656189542118 0.060293865782608036 -0.1350823197439881 -0.00041766385893347575 -0.029271310431049736 -0.0062785022864460961 0.015296025040126254 0.043545843003759625 0.58937214516624337 0.0068576741065402916 0.05957591109501649 0.013562752734251402 0.20290358843978354 -0.02543946995989221 0.037539750845102665 -0.0035698962031094636 0.037191743260463976 -0.0086396757264267845 0.028982603886323385 0.10477671477110467 -0.024971359819623576
leaf_weight=222.26171443524072 1.3470411452581168 13.710056283627635 172.21796384232584 192.56020441968576 77.691242512955796 86.807740131393075 331.46024289017078 217.536701242032 137.4107470709132 171.6388301635161 6.5964525295421472 2.3864576355554155 11380.453678271908 68.936627412360394 53.917830840422539 8.5544632907840406 0.47981670574517921 0.45427325170021493 699.4059143748018 52.733029806346167 252.53704671686864 2.4137406594818449 25.056825226434739 25.981237014988437 377.39963300098316 3.6233989372849464 61.737639981874963 19.334524931007767 7.8611967973411074 31.99637125490699
leaf_count=6180 250 131 5686 2914 1864 583 3826 2154 1164 1359 91 17 181972 24143 15697 1510 49 76 13283 889 4508 111 555 181 8676 20 2254 502 79 1780
internal_value=-1.04986e-05 0.00209423 0.00466504 0.00623557 -0.00218237 -0.00639357 -0.00694716 -0.0059595 0.00178165 0.00534303 -0.00731696 -0.00808805 -0.00059406 -0.0155984 0.00302718 0.0517343 0.182 0.34032 0.00846612 0.0116388 0.0208629 0.0376242 0.0172738 0.0066312 0.00335267 0.105672 0.012321 0.0187713 0.0511952 -0.0329836
internal_weight=14706.5 3192.36 2485.64 2176.58 455.931 309.069 706.714 693.004 361.544 283.713 224.133 112.074 11514.1 133.69 64.7534 10.8356 2.28113 0.93409 1720.64 1061.75 362.345 109.808 57.0752 51.0381 658.893 6.03714 281.494 219.756 27.1957 34.3828
internal_count=282504 58807 51441 44678 10706 6763 7366 7235 3409 5020 2245 3661 223697 41725 17582 1885 375 125 33972 19547 6264 1756 867 736 14425 131 5749 3495 581 1797
cat_boundaries=0 1 2 3
cat_threshold=1860 6916 7298
is_linear=0
shrinkage=0.05


Tree=172
num_leaves=31
num_cat=3
split_feature=4 23 13 29 35 11 16 14 5 26 24 18 5 27 2 16 38 4 36 34 27 30 5 2 35 23 3 23 34 26
split_gain=6.57604 6.37528 6.49895 7.00435 10.7839 6.09957 42.2702 21.2211 21.053 20.902 18.455 18.5033 26.7211 19.2497 16.9185 16.4047 14.8425 22.8677 26.7446 23.0232 16.5491 15.2261 14.0511 13.8527 15.6865 15.1774 13.0883 15.2078 13.0878 27.625
threshold=3.0416666666666674 19.037195478081728 0.91968655568559055 6.7410026183557612 27.300790909011649 -0.78656609248549325 0 1 0.25623346456686363 21.366666666666671 12.319734766250749 -60.319634999999998 0.1942809041582064 0.77888809636986234 1.0000000180025095e-35 2 -0.96666666666664003 1.0000000180025095e-35 0.38302222155948901 92.583333333333357 0.25000000000000022 12.416666666666668 0.10000000000000007 0.35000000000000003 16.50631071766723 5.8234723110983708 1.4500000000000002 1.4956593189275604 36.833333333333336 25.81666666666667
decision_type=2 2 2 2 2 2 1 1 2 2 2 2 2 2 10 1 10 2 2 2 2 2 2 8 2 2 2 2 2 2
left_child=1 5 -3 4 -4 6 7 15 -9 10 22 -12 13 -13 -14 -1 -17 18 21 20 -20 -18 -8 24 25 -19 27 -10 29 -23
right_child=-2 2 3 -5 -6 -7 9 8 26 -11 11 12 14 -15 -16 16 17 23 19 -21 -22 28 -24 -25 -26 -27 -28 -29 -30 -31
leaf_value=0.0034558127098493923 0.01591834730466752 -0.030501232519138784 0.38585386081578954 -0.041374217279263353 -0.038170412890393295 -0.0005769015939689206 -0.0047430881986096872 0.008227940821099072 0.035084916022343773 -0.0094654314061202102 -0.034472170406678548 0.04224660048485529 -0.036946097820760526 0.12831487400914376 0.040782588589661564 0.0028540185536666996 0.0055326016273130815 0.035273802211710434 0.30318861331514246 0.35440160617576266 0.056491062187259113 0.28455816332070499 0.0059845227989392168 0.0073472285194943962 0.05378575109676248 -0.018239026980878367 0.019532509427077502 -0.026404293738592533 0.038549445715279594 0.074614048358941962
leaf_weight=154.55301633861382 64.395762138068676 23.979666813480438 0.25528460752684523 0.4567906767479144 0.23100029560737312 11443.470866134652 713.51910847556428 544.67139690410113 11.035792622715233 700.42472056439146 10.408180308761073 19.878454407444227 13.689171075820925 9.6755955340340716 14.120494641363619 60.969015976297669 15.663254507642703 36.451834142208099 0.75914364570053194 1.136052345857024 3.6096534425741993 1.6980988861760113 533.29857371374965 87.334216333925724 52.401280730962753 20.706475393846631 24.671334592625499 104.76268551871181 20.897781514562666 13.583306775195522
leaf_count=2836 898 7549 73 127 28 217664 22924 11994 90 8703 108 195 67 96 71 1585 987 164 57 20 218 94 3231 469 287 124 179 512 409 745
internal_value=-1.22516e-05 -8.24406e-05 -0.0252987 0.0972286 0.212275 -3.92621e-05 0.00190158 0.0094805 0.00372254 -0.00247727 0.00122767 0.0266182 0.0377433 0.0707619 0.00252574 0.0176233 0.0242468 0.0303272 0.058095 0.162021 0.105184 0.046769 -0.000154479 0.0222142 0.0340477 0.01589 -0.0134757 -0.0205191 0.0645572 0.0996418
internal_weight=14702.7 14638.3 24.9227 0.943076 0.486285 14613.4 3169.92 1154.9 685.141 2015.01 1314.59 67.7719 57.3637 29.554 27.8097 469.763 315.21 254.241 57.3473 5.50485 4.3688 51.8424 1246.82 196.894 109.56 57.1583 140.47 115.798 36.1792 15.2814
internal_count=282504 281606 7777 228 101 273829 56165 20770 12775 35395 26692 537 429 291 138 7995 5159 3574 2530 295 275 2235 26155 1044 575 288 781 602 1248 839
cat_boundaries=0 1 2 3
cat_threshold=67527250 484 67125264
is_linear=0
shrinkage=0.05


Tree=173
num_leaves=31
num_cat=1
split_feature=28 11 30 13 18 38 26 38 31 33 36 24 31 12 9 13 34 14 23 13 38 27 19 4 37 24 13 37 17 19
split_gain=6.2844 6.06703 24.947 15.5965 15.7906 15.4039 19.7264 15.2316 13.0506 12.751 13.7338 12.774 14.1765 13.2625 12.6872 12.7308 12.0161 14.1536 11.2968 14.3915 11.1932 21.7085 15.1705 17.4412 18.288 18.2126 16.4952 15.7659 15.2759 15.1123
threshold=29.583333333333339 -0.78656609248549325 18.583333333333339 -0.41610936647687707 8.7002500000000023 2.0500000000001255 1.9166666666666667 2.2666666666668225 0.37416573867739478 0.31785962444381649 -0.97479097886232757 8.9820871542905447 0.65996632910744524 0.27947533894953847 11.500000000000002 0.27122391875406221 9.1666666666666696 0 4.4242933184226878 -0.36874934642598389 0.9000000000001479 0.41899350299921817 599.50000000000011 0.14166666666666669 -0.83870125373127191 12.02248985008614 0.21294651993841562 0.11963467896245912 41.308535000000006 7.0000000000000009
decision_type=2 2 2 2 2 8 2 8 2 2 2 2 2 2 2 2 2 1 2 2 10 2 2 2 2 2 2 2 2 2
left_child=-1 2 3 4 -2 18 -7 9 14 11 -11 12 -6 -13 15 -4 17 -3 19 -5 22 -22 26 24 -24 -26 27 28 -21 -23
right_child=1 16 8 5 7 6 -8 -9 -10 10 -12 13 -14 -15 -16 -17 -18 -19 -20 20 21 29 23 -25 25 -27 -28 -29 -30 -31
leaf_value=-0.025728382120664823 -0.00015490066712045087 0.0029169438072461844 -0.00078632219738480533 -0.049070660728323473 0.014966455134435674 -0.037064539340423024 0.027872714571926423 -0.049408626092533901 -0.010075277390449706 0.081599274288602475 0.022228059788878943 0.0070000792200104623 -0.020807091939533742 0.034073742699800035 -0.0062347681581654555 0.041744051822182958 -0.00033448491027886587 -0.02988609119980061 -0.0050789671095001453 -0.02585441590129596 -0.028610217089993836 0.097383389779907584 0.16507449528618412 0.0045444859938949282 0.0155833260690842 0.13168267663216471 0.0011354052301326943 0.038422395687307792 0.017945504453518377 0.0035039719888114162
leaf_weight=23.618484281178098 256.9678071445087 63.077670854778262 32.841458619281184 12.677329462370833 51.504808971541934 13.256529597449115 94.517441096657421 8.9641539421863836 541.3965516629396 10.112343047920147 219.23840761379688 122.4297736933222 59.676360813260544 71.706089150218759 90.913155619986355 37.793077079346403 11364.939073407848 64.318928887107177 598.61422909621615 26.450365407392383 70.052792203612626 4.3922701179981223 3.8370437500998404 22.583455249667168 13.229826916474851 4.4518061270937315 580.02385306567885 63.986108399287332 79.496105029422324 93.931621388241183
leaf_count=7837 7133 16115 281 165 951 398 1441 149 5903 159 3692 1941 2287 798 877 230 179740 22273 18397 535 781 71 45 130 203 60 7366 649 701 1196
internal_value=-1.21197e-05 2.94373e-05 0.00196039 0.00431528 0.0100588 0.00158022 0.0198583 0.0148859 -0.00635417 0.0159729 0.0248802 0.00927581 -0.0042364 0.0170124 0.00611492 0.0219964 -0.00050573 -0.0157701 0.000327292 0.00364633 0.00434576 -0.00736084 0.0068287 0.0352948 0.0673965 0.0453905 0.00515023 0.0188452 0.00699644 0.00779238
internal_weight=14701 14677.4 3185.04 2482.1 800.6 1681.5 107.774 543.632 702.944 534.668 229.351 305.317 111.181 194.136 161.548 70.6345 11492.3 127.397 1573.73 975.113 962.435 168.377 794.059 44.1021 21.5187 17.6816 749.956 169.933 105.946 98.3239
internal_count=282504 274667 56539 49248 17110 32138 1839 9977 7291 9828 3851 5977 3238 2739 1388 511 218128 38388 30299 11902 11737 2048 9689 438 308 263 9251 1885 1236 1267
cat_boundaries=0 1
cat_threshold=6916
is_linear=0
shrinkage=0.05


Tree=174
num_leaves=31
num_cat=4
split_feature=32 26 36 5 19 37 3 13 9 28 2 27 31 27 37 26 37 36 27 16 14 37 37 35 14 26 14 26 7 18
split_gain=6.07521 8.62345 11.5191 11.4155 7.62189 5.90056 5.80923 5.87353 7.629 5.7437 5.72586 8.22295 8.20384 5.3889 11.5667 8.40113 5.48649 6.17791 5.46846 22.4485 14.1865 12.2798 19.2213 16.3392 15.5983 13.5621 12.3247 15.761 13.1531 13.026
threshold=985.78333333333353 -0.5166666666666665 0.86177806795038769 0.1247219128924648 17.000000000000004 -0.9779381310901375 5.2500000000000009 -0.99992632385251334 9.5000000000000018 29.583333333333339 1.6500000000000001 0.75865377844940352 0.35000000000000037 2.9505413319260918 -0.9475823995566568 26.31666666666667 0.063664774079956438 0.96025921693827587 0.4546060565661954 0 1 0.93445076796707227 -0.31551581101368925 7.5645050585752687 2 0.78333333333333355 3 27.016666666666669 1.7500000000000002 16.195350000000001
decision_type=2 2 2 2 2 2 2 2 2 2 8 2 2 2 2 2 2 2 2 1 1 2 2 2 1 2 1 2 2 2
left_child=1 4 5 -4 -1 -3 7 8 -2 -9 11 12 -10 18 15 -15 17 -16 19 21 -21 22 23 24 25 -11 27 -24 -28 -30
right_child=6 2 3 -5 -6 -7 -8 9 10 13 -12 -13 -14 14 16 -17 -18 -19 -20 20 -22 -23 26 -25 -26 -27 28 -29 29 -31
leaf_value=-0.051995840682632632 -0.048659763391960424 -0.027467794552729609 0.12467996720227455 0.018648165921812464 0.024618792066868778 0.014889292185419121 0.02794066528793426 -0.025009813133111521 0.0021493485007335264 0.059003353360668948 -0.033248670057891068 -0.023296646521033065 0.11545452662095286 0.1776543304713219 -0.016254770657876168 -0.0052470287382295755 -0.051869640225862858 0.11897712732885993 0.00077404129409854223 0.0082240152639639925 -9.9221949689577065e-05 -0.016367145718429149 0.0034158277902847064 -0.014958105398574412 0.0022920521353409894 -0.017537536474409181 -0.0020987766760281823 0.032845263382217278 0.0061915806455033516 -0.046464060840004484
leaf_weight=9.1681021716212836 14.221503000590017 9.0223970115184766 4.5392346801236254 5.6986143998801708 4.9217799990437916 83.873705325881019 18.341739199124277 22.988215234683594 3.1403788035968336 5.8766380600281982 7.951943644846323 5.4657232023891993 3.159976000781171 1.1419253103085787 22.350153021310692 1.2584579600952563 12.906252056971423 0.77829690912039851 8838.255549572903 636.27122044592397 2469.5785947796539 207.9515017857193 555.58663223555777 509.39594073349144 444.97116497292882 186.61994646402309 510.77623173745815 49.455994494026527 17.820143243297935 34.232270998880267
leaf_count=108 347 80 51 66 48 763 268 7814 27 75 252 136 84 95 1463 17 2547 60 184864 9542 33839 3276 8941 9593 5358 2067 9671 747 131 174
internal_value=-1.30302e-05 0.0113192 0.0163346 0.0664116 -0.0252485 0.0107503 -0.000104216 -0.000139732 -0.020885 -9.11249e-05 -0.000708215 0.0213787 0.0598941 -5.14611e-05 -0.0187245 0.0853891 -0.0258769 -0.0112115 -1.7219e-06 -0.00121986 0.00162702 -0.00471255 -0.00368522 -0.00828275 -0.00294701 -0.0144226 0.000829928 0.00573169 -0.00446212 -0.0284601
internal_weight=14697.7 117.224 103.134 10.2378 14.0899 92.8961 14580.5 14562.2 33.9395 14528.2 19.718 11.7661 6.30035 14505.2 38.4351 2.40038 36.0347 23.1284 14466.8 5628.54 3105.85 2522.69 2314.73 1146.86 637.468 192.497 1167.87 605.043 562.829 52.0524
internal_count=282504 1116 960 117 156 843 281388 281120 846 280274 499 247 111 272460 4182 112 4070 1523 268278 83414 43381 40033 36757 17093 7500 2142 19664 9688 9976 305
cat_boundaries=0 1 2 3 4
cat_threshold=113836550 164 4376 4906
is_linear=0
shrinkage=0.05


Tree=175
num_leaves=31
num_cat=2
split_feature=32 16 17 28 36 2 5 11 38 10 32 4 35 35 27 28 28 32 17 5 32 28 37 14 28 32 30 26 12 35
split_gain=6.91735 11.475 10.7757 26.3603 16.876 22.6753 22.6507 19.5447 17.7118 22.4945 16.9297 15.4943 15.9326 14.2674 14.8648 12.6873 16.6186 12.4861 14.9967 12.2594 11.5507 11.0121 11.469 10.7342 15.9508 11.3478 14.4867 9.36408 11.3512 10.0307
threshold=994.11666666666679 0 52.44380000000001 75.416666666666671 0.92313344624252547 0.55000000000000016 0.32659863237109055 -0.5 -0.63333333333338249 0.78656609248549325 1026.5583333333336 0.18000000000000002 13.682911746194675 6.4288914274887627 0.64807406984078675 81.166666666666671 91.583333333333357 1012.8166666666668 59.749600000000008 0.36204065448697637 1016.9416666666668 87.833333333333357 1.0000000180025095e-35 1 88.583333333333357 1000.1583333333334 -5.9166666666666652 3.3833333333333342 -0.52941438753421244 3.756446776551098
decision_type=2 1 2 2 2 8 2 2 10 2 2 2 2 2 2 2 2 2 2 2 2 2 2 1 2 2 2 2 2 2
left_child=1 -1 -2 -4 5 6 23 13 -6 10 11 12 15 27 17 -10 20 -15 -19 -9 -17 22 -16 25 -25 -5 -27 -7 29 -29
right_child=2 -3 3 4 8 7 -8 19 9 -11 -12 -13 -14 14 21 16 -18 18 -20 -21 -22 -23 -24 24 -26 26 -28 28 -30 -31
leaf_value=0.010534530806087024 4.1911886004639699e-06 -0.0075308232654666858 -0.024994646995543102 -0.024001577596051499 -0.0089067535630111532 -0.029806687790078907 -0.054325751791933219 -0.0074407880452961143 0.26209150526563035 -0.030789702769147127 -0.017676416401274951 0.040984644036952241 0.0055837748223473435 0.0061602399325306071 0.012190000193313845 -0.0042554421437489024 0.22709172720782453 0.0036812626447568584 0.14227397125943236 0.024985562497808589 0.13696567005960589 0.11959827350492225 0.094599899279724592 -0.033143297346046804 -0.0060691152691888031 0.12292000620700641 0.014274021528351456 0.013190744603311461 0.046555865218473415 -0.061501847494849174
leaf_weight=328.48869871813804 13287.554235726333 112.51650786399841 146.57471276883734 18.865748837881256 26.018661137670279 16.420874957810156 30.410955917090178 230.63217253307812 1.9449534344021291 7.7552691290620706 5.1475683733588076 12.12509974837303 2.4300112455384797 36.441375585040078 10.54593438270968 2.7592617567861435 2.3688223003409803 3.7604486052878192 3.9707217628601938 33.264288960024714 2.9331666583311744 7.0300229936838141 6.9796831044368437 77.604633700277191 181.61097157921176 3.1845545956748529 47.383154381648637 15.40847344818758 16.363861962512601 6.2318359927739939
leaf_count=3225 248640 1223 11820 343 343 254 170 5394 64 190 134 66 137 381 175 92 35 85 86 220 80 77 84 3723 3376 90 1408 172 166 80
internal_value=-0.000173773 0.00599283 -0.000364741 -0.00549114 -0.00195742 -0.00406416 -0.0131124 0.00433095 0.0227703 0.0447351 0.0644874 0.0817091 0.120771 0.0207697 0.035897 0.148412 0.11811 0.0184871 0.0757702 -0.00334551 0.0696206 0.0670131 0.0453608 -0.0092834 -0.0136576 0.00787474 0.0213452 0.00163605 0.0152644 -0.0085027
internal_weight=14684.7 441.005 14243.7 956.167 809.593 746.11 359.06 387.05 63.4828 37.4642 29.7089 24.5613 12.4362 123.153 68.7282 10.0062 8.06125 44.1725 7.73117 263.896 5.69243 24.5556 17.5256 328.649 259.216 69.4335 50.5677 54.425 38.0042 21.6403
internal_count=282333 4448 277885 29245 17425 16284 9110 7174 1141 798 608 474 408 1560 888 271 207 552 171 5614 172 336 259 8940 7099 1841 1498 672 418 252
cat_boundaries=0 1 2
cat_threshold=1634912 392
is_linear=0
shrinkage=0.05


Tree=176
num_leaves=31
num_cat=2
split_feature=34 15 16 13 10 11 36 37 33 32 16 17 28 36 2 5 11 32 13 15 12 10 24 37 13 27 29 6 13 28
split_gain=6.50872 8.1243 7.18851 10.4339 8.93094 7.16357 6.98997 7.55675 7.24427 6.12667 10.3736 9.91364 24.1891 15.134 21.1891 21.2249 16.5351 15.4997 16.2147 15.6469 12.2612 13.495 10.2351 9.80234 9.52253 9.75085 9.84803 10.1086 10.6098 9.83776
threshold=0.58333333333333337 2022.5000000000002 0 -0.61385614182261172 1.0000000180025095e-35 -0.78656609248549325 -0.98819428810179366 -0.56321683174970949 0.24999999999997161 994.11666666666679 1 52.44380000000001 74.416666666666671 0.92313344624252547 0.55000000000000016 0.32659863237109055 -0.78656609248549325 996.95833333333348 0.91968655568559055 2022.5000000000002 -0.83440738405450643 0.78656609248549325 3.4579781231158719 0.34190299669234064 -0.93867560834980956 1.9500000000000008 0.87965281125489481 1.0000000180025095e-35 0.84831994561267277 90.166666666666671
decision_type=2 2 1 2 2 2 2 2 2 2 1 2 2 2 8 2 2 2 2 2 2 2 2 2 2 2 2 2 2 2
left_child=1 2 3 -1 -5 6 -4 8 -8 10 -2 -11 -13 14 15 -14 23 -15 19 22 -21 -22 -19 -16 -18 26 27 28 -26 -28
right_child=9 -3 5 4 -6 -7 7 -9 -10 11 -12 12 13 17 16 -17 24 18 -20 20 21 -23 -24 -25 25 -27 29 -29 -30 -31
leaf_value=-0.05018990096341356 0.010014736958520377 -0.044536179716650401 0.21766295276310893 0.0724023106615901 -0.047611196084389455 -0.046853429759629396 -0.047267244218268306 -0.033903775252522174 0.12021942866653688 7.3217465287623521e-05 -0.0071636639869624638 -0.025066580247207801 -0.0090179765974408681 -0.0691682064030609 0.016062776926934804 -0.052235598000970745 -0.031447847983398607 0.056991657020018731 -0.037536825355995777 0.0047065530977712031 0.096402167775956282 -0.0073818308917510877 -0.016039457510253475 0.061352130577018271 0.027708077437958441 -0.072567942105426872 -0.0020686945189694514 -0.0384329376091051 -0.058867563003810103 0.018374912881004925
leaf_weight=3.0318311778828511 328.78664798708633 18.202636258036364 0.29102313658222456 9.4380866081919503 1.7787434061756346 14.394461746211162 0.89171005442039986 5.2629623735265367 1.8811767486622555 13233.192729896837 112.44455995259341 131.99555535658146 330.60491179535165 4.3362399712204924 62.56070677342359 30.989889349788427 23.70862752647372 6.804687702329832 8.1573950613383186 7.2419622703455415 19.024007445550527 3.7294219654868348 15.627964773797428 14.707791461842133 15.707912193902304 4.2840826894389457 137.81321989744902 26.780195754021406 4.4610167347127563 102.57640366361011
leaf_count=201 3224 12124 66 363 442 9471 208 1936 265 224470 1201 10514 9176 49 770 175 591 112 108 96 288 78 444 174 565 584 3042 153 159 1284
internal_value=-0.000165389 -0.0172909 -0.0037924 0.0182328 0.0531183 -0.0178094 0.0112245 0.00116471 0.0665883 -0.000100668 0.00570092 -0.000281177 -0.00521149 -0.0020093 -0.00400423 -0.0127353 0.00403849 0.0211364 0.027703 0.0379059 0.0614673 0.0794335 0.00626831 0.0247516 -0.00104326 0.00143853 0.00256679 -0.0183547 0.00836309 0.00665879
internal_weight=14680.7 55.1726 36.97 14.2487 11.2168 22.7213 8.32687 8.03585 2.77289 14625.5 441.231 14184.3 951.112 819.116 754.195 361.595 392.6 64.9217 60.5854 52.428 29.9954 22.7534 22.4327 77.2685 315.331 291.623 287.339 46.9491 20.1689 240.39
internal_count=282333 25076 12952 1006 805 11946 2475 2409 473 257257 4425 252832 28362 17848 16673 9351 7322 1175 1126 1018 462 366 556 944 6378 5787 5203 877 724 4326
cat_boundaries=0 1 2
cat_threshold=4 1634912
is_linear=0
shrinkage=0.05


Tree=177
num_leaves=31
num_cat=3
split_feature=32 14 16 12 26 16 33 4 13 38 33 29 4 24 30 23 29 6 33 11 33 12 34 26 34 31 33 31 38 38
split_gain=6.04571 18.6658 14.7493 14.2602 14.8225 12.304 11.9955 11.5188 8.61081 11.7159 11.6065 18.1941 9.53876 9.29402 9.24988 19.2707 22.1268 7.69155 7.60887 8.90854 9.04279 8.32399 11.1967 7.74309 7.00918 10.5753 6.61951 11.7401 6.33058 5.97936
threshold=1027.416666666667 0 1 -0.99275167208229986 15.241666666666669 2 0.09999999999999433 0.041666666666666678 0.93262014971044704 0.70000000000010243 0.24999999999997161 3.4496731711975954 0.14166666666666669 5.6533126618985738 -0.23333333333333328 5.5335047077006871 7.0553192529232183 1.0000000180025095e-35 0.45460605656622777 0.91597561503675351 0.23570226039554268 -0.62729398729515451 95.166666666666671 19.141666666666669 70.583333333333357 0.7999999999999996 0.15000000000006256 1.0499338582674542 -1.7499999999999429 1.1583333333333032
decision_type=2 1 1 2 2 1 2 2 2 10 2 2 2 2 2 2 2 2 2 2 2 2 2 2 2 2 2 2 10 8
left_child=-1 5 3 4 -3 8 7 -5 12 14 29 -12 -2 -13 15 16 -10 28 19 -8 26 -20 23 -23 25 -22 -21 -28 -4 -11
right_child=1 2 17 6 -6 -7 18 -9 9 10 11 13 -14 -15 -16 -17 -18 -19 21 20 24 22 -24 -25 -26 -27 27 -29 -30 -31
leaf_value=-1.8974830064714234e-05 -0.02996756291685912 0.0017646485513272527 0.0578792675371134 -0.032469288056507083 0.19880443054363497 -0.034433916241328265 -0.0098574838196555815 0.079885696938198164 0.51768594804500856 0.097535406758289228 0.38509492303309834 -0.04510272680260282 0.020962607881100478 0.17605808454057806 -0.019860022603488878 -0.047886899539939021 -0.037074766707553608 0.023044307562496379 -0.042315615021251834 0.025431044574775193 0.12024015546690935 0.0093887481953966005 0.16402535998871054 0.10052423328146201 -0.05231632738263664 -0.060267858370499999 0.24910063051772491 0.038044586570032755 -0.0386804641887716 -0.030071177218095442
leaf_weight=14407.277957954153 29.655698513321113 1.72778209648095 1.7120760992402235 2.8318225847324348 2.0374475268181413 68.30905643972801 56.263585639360826 10.706217685714362 0.34795404830947763 1.5171468573389564 0.59793521615210954 0.81171993853058644 13.220376662909983 0.94306688755750656 9.9608904834021796 0.83301211032085121 0.27924757252912968 7.4015905559062949 2.7410418636282001 2.3284138676244748 1.9741812741267497 8.846372584695926 1.8257270772010077 3.0763566796085788 3.2109233047813177 1.2533568642684256 1.2172936065471733 1.4043482078704981 30.033575485984329 2.044283243012615
leaf_count=264050 2411 83 91 530 70 7734 2159 58 58 68 39 117 60 13 609 79 49 37 110 63 66 369 26 36 57 107 62 47 2979 96
internal_value=-0.000157695 -0.00758149 0.00526561 0.015073 0.110772 -0.0204481 0.0128161 0.0563181 -0.00191416 0.0274093 0.0838919 0.167687 -0.0142516 0.0768386 -0.00231311 0.110985 0.299558 -0.018028 0.00575831 -0.00168046 0.0384513 0.0361038 0.051931 0.0335445 -0.00082273 0.0504385 0.0885392 0.141595 -0.0333075 0.0254676
internal_weight=14676.4 269.113 140.592 101.445 3.76523 128.52 97.6796 13.538 60.2113 17.3353 5.91415 2.35272 42.8761 1.75479 11.4211 1.46021 0.627202 39.1472 84.1416 67.6521 11.3885 16.4895 13.7485 11.9227 6.43846 3.22754 4.95006 2.62164 31.7457 3.56143
internal_count=282333 18283 6950 3843 153 11333 3690 588 3599 1128 333 169 2471 130 795 186 107 3107 3102 2561 402 541 431 405 230 173 172 109 3070 164
cat_boundaries=0 1 2 3
cat_threshold=4166 10268720 72208
is_linear=0
shrinkage=0.05


Tree=178
num_leaves=31
num_cat=2
split_feature=32 16 14 11 26 26 18 37 5 33 13 18 37 33 31 23 38 10 38 38 37 35 37 26 18 27 13 36 31 23
split_gain=5.63102 17.682 11.2655 8.58249 12.468 13.0299 10.5149 13.8888 11.815 8.15911 6.95657 9.39609 6.62606 8.96329 8.90708 8.52229 9.42691 9.32431 8.5956 7.51154 7.41072 6.5037 11.6438 21.0596 7.39659 7.96295 8.12276 6.22341 6.18301 6.04066
threshold=1027.416666666667 0 1 0.60355339059327384 16.541666666666671 13.383333333333335 1.0000000180025095e-35 -0.16522346206326485 0.081649658092772678 0.23570226039554268 0.99963164097526624 8.7002500000000023 -0.46566550639055088 0.40000000000006258 0.14571067811865424 2.6378500542095531 1.0000000000000571 -0.70710678118654735 -1.599999999999852 0.39999999999992047 -0.052327985223313146 3.529513042005219 0.79905849015515473 4.3833333333333346 1.0000000180025095e-35 0.89969125210773471 0.9056688981391533 0.85531826000483335 0.73560216199038508 6.597605907945395
decision_type=2 1 1 2 2 2 2 2 2 2 2 2 2 2 2 2 10 2 8 8 2 2 2 2 2 2 2 2 2 2
left_child=-1 -2 10 12 5 6 27 9 -9 -8 11 21 15 -14 -15 17 18 -4 -17 -19 -16 22 24 -24 25 26 -3 -5 -11 -6
right_child=1 2 3 4 29 -7 7 8 -10 28 -12 -13 13 14 20 16 -18 19 -20 -21 -22 -23 23 -25 -26 -27 -28 -29 -30 -31
leaf_value=-1.802620162010724e-05 -0.037087446521781267 0.073111903251635871 0.092658357485141341 -0.038451256335201106 0.045739905131002831 -0.027668612348478921 0.12392831873177119 -0.040621069255133993 0.19627718308920664 0.10040635599160364 0.062706396694391403 -0.03743809401671646 -0.027814390485625801 0.1412362993638854 0.052984292399715777 0.071458724857813807 0.049643160964347947 -0.035521150350043114 -0.02696542640490401 0.052962192345212072 -0.040539114481475 -0.01697273928194358 -0.00059024006433631862 0.36264329357357972 -0.045215620578662519 -0.049142581937767077 -0.012051223955626885 0.06815459977231364 -0.019409950833554304 0.12988189483873502
leaf_weight=14407.1877392717 32.043381567957113 7.5701216025627271 5.712891543749719 5.7778118512360406 6.054748588241635 12.906935408071147 6.5691063296399044 4.2949128439067872 0.49827434122562397 1.83232161111664 2.7160111740231505 35.813086966692936 32.281988274306059 1.3508068408700626 4.1856238518375894 2.3686729836044833 6.6265555210993616 4.3784594339085734 22.06688753221534 5.0729772523045531 4.0902145873988038 41.182653725962155 1.002370538713875 0.56260981655213971 5.0885395683581001 2.8944575400091699 4.3699501983355731 1.6874832897447047 2.3721053518820554 3.3616372341057286
leaf_count=264050 5458 182 84 269 56 234 203 761 3 78 82 3231 2159 47 135 45 94 108 725 67 545 2645 158 38 407 117 140 22 102 88
internal_value=-0.000151323 -0.00734843 -0.00162514 0.00770251 0.0259261 0.0124132 0.0348972 0.058176 -0.0124864 0.0894397 -0.0135115 -0.0170455 -0.000821377 -0.0152011 0.0269476 0.0122198 -0.00280481 0.0428126 -0.0171723 0.0120288 0.00682954 -0.00535105 0.0168978 0.14393 0.00625031 0.0240887 0.0421018 -0.0137713 0.0339265 0.0768277
internal_weight=14673.9 266.734 234.69 133.49 45.3553 35.939 23.032 15.5667 4.79319 10.7735 101.2 98.4838 88.1351 41.9086 9.62665 46.2264 31.0621 15.1643 24.4356 9.45144 8.27584 62.6707 21.488 1.56498 19.9231 14.8345 11.9401 7.4653 4.20443 9.41639
internal_count=282333 18283 12825 5825 1816 1672 1438 1147 764 383 7000 6918 4009 2886 727 1123 864 259 770 175 680 3687 1042 196 846 439 322 291 180 144
cat_boundaries=0 1 2
cat_threshold=16924738 4166
is_linear=0
shrinkage=0.05


Tree=179
num_leaves=31
num_cat=1
split_feature=34 12 17 31 25 27 33 36 32 16 17 25 24 24 5 35 11 32 26 12 12 25 36 17 12 29 36 33 32 25
split_gain=5.95322 7.81838 7.21266 6.66239 13.6886 13.0304 6.17744 6.68153 5.5127 9.40704 9.00615 22.4255 14.8864 25.2828 15.84 15.5898 17.9228 18.8386 31.8927 14.9392 13.241 12.3373 19.2139 10.6168 9.63102 9.40964 9.63026 9.38079 10.3971 17.3916
threshold=0.58333333333333337 -0.36876293119226017 38.991650000000007 2.9500000000000011 1456.2657706423795 0.54365021434333693 1.0499999999999832 0.043496983470817582 994.11666666666679 0 52.44380000000001 538.14006528683092 4.5012332689881589 6.7997332620292683 8.3266726846886753e-17 1.0000000180025095e-35 -0.37940952255126015 1025.7583333333334 7.9583333333333339 0.97122121956981811 0.62060948182742293 182.81290233528219 -0.35603812736430807 59.749600000000008 -0.58637393129089832 5.2173941556879457 0.87435448486020839 0.26246692913370734 1011.9166666666669 377.77437729708248
decision_type=2 2 2 2 2 2 2 2 2 1 2 2 2 2 2 2 2 2 2 2 2 2 2 2 2 2 2 2 2 2
left_child=1 2 -1 6 5 -5 7 -4 9 -2 -10 12 14 15 -12 -14 27 25 -19 21 -15 22 -16 -21 -24 26 -18 28 29 -17
right_child=8 -3 3 4 -6 -7 -8 -9 10 -11 11 -13 13 20 19 16 17 18 -20 23 -22 -23 24 -25 -26 -27 -28 -29 -30 -31
leaf_value=-0.049264007571243523 0.009522573481560357 -0.039222058641335232 0.01400335279807121 0.38019289111894861 -0.01703598243146219 0.03444550328627443 0.19174501790333021 -0.049588457455900375 8.179358476622296e-05 -0.0068338413450009924 -0.032949349945941946 -0.023894928101192665 -0.027687815780178426 -0.0080633904094430629 -0.026844712578967939 0.067405816412689307 0.008997933323060375 0.0056084280019467608 0.38547945783683335 0.061771663482530693 0.04397027371249234 -0.019880755587361916 -0.031522234863065206 0.0025750266707156555 0.016573646017312173 -0.030617869256894026 0.05983328716972619 0.023093467152322439 0.11482299130468583 -0.054297130691684653
leaf_weight=6.0558735174417988 329.06911017000675 22.405374565481907 17.539088191697385 0.48947226116433673 1.3649303639249408 0.54772543828585185 0.32387886391370457 5.2936870537232599 13229.518981192203 112.43517431785585 58.743181030615233 134.18341056676582 16.135537874943111 246.53713504743064 44.603377686813474 18.116929615847774 83.429720261192415 1.4316410429310047 0.8029050437035038 13.330028785392644 12.765151707455514 127.03702065069228 11.474363582208751 17.392171781510115 103.84473124099895 12.958208598254712 10.396453405497594 21.905906954139937 8.0191291571827588 3.4212962018791577
leaf_count=5579 3224 14211 2474 37 203 150 55 2367 224470 1201 6339 10530 226 4911 412 222 1614 121 46 88 104 1460 107 156 842 456 136 302 192 98
internal_value=-0.00014523 -0.0166978 -0.00066142 0.0110015 0.0885118 0.216694 0.0026151 -0.000892096 -8.39457e-05 0.00541747 -0.000255321 -0.00496664 -0.0018375 0.00445179 -0.00912009 0.0190367 0.0237489 0.0122477 0.152767 -0.0047048 -0.00548587 -0.00825521 0.000986387 0.0283769 0.0117649 0.00916708 0.0146885 0.0480417 0.0663914 0.047912
internal_weight=14671.6 54.02 31.6147 25.5588 2.40213 1.0372 23.1567 22.8328 14617.6 441.504 14176 946.528 812.345 435.92 376.425 176.618 160.482 109.019 2.23455 317.682 259.302 286.959 159.922 30.7222 115.319 106.784 93.8262 51.4633 29.5574 21.5382
internal_count=282333 25076 10865 5286 390 187 4896 4841 257257 4425 252832 28362 17832 8428 9404 3413 3187 2373 167 3065 5015 2821 1361 244 949 2206 1750 814 512 320
cat_boundaries=0 1
cat_threshold=1634912
is_linear=0
shrinkage=0.05


Tree=180
num_leaves=31
num_cat=5
split_feature=33 10 16 12 17 5 7 14 27 37 38 16 14 32 3 29 38 14 12 29 24 26 2 30 38 13 38 37 28 25
split_gain=6.70222 16.0028 18.5122 16.5587 14.6008 12.6635 12.052 16.6894 11.4524 12.0211 13.949 11.496 19.5549 18.8799 11.2584 15.6019 15.1752 12.3868 12.1435 11.4173 10.929 16.5541 10.3049 10.2365 10.1916 10.0317 9.74288 9.40845 10.2558 8.92924
threshold=0.66833125519214986 -0.98296291314453399 0 -0.73966161165024946 49.662580000000005 0.4498456260538673 1.2500000000000002 1 1.6739839372652967 0.11963467896245912 -3.4333333333331093 2 3 1002.8833333333336 0.15000000000000005 6.4288914274887627 2.5000000000000573 4 -0.77332218843568024 1.4571067811865477 4.750384529107806 8.1166666666666689 1.5500000000000003 7.4166666666666687 -0.44999999999998858 -0.21294651993841582 -0.69999999999987483 0.92500360354672229 93.416666666666671 620.24937153890892
decision_type=2 2 1 2 2 2 2 1 2 2 10 1 1 2 2 2 10 1 2 2 2 2 8 2 8 2 10 2 2 2
left_child=8 25 6 4 5 -4 14 22 -1 10 -10 12 20 -14 15 16 18 -17 29 -16 -12 -22 -8 -6 -25 -2 -9 28 -21 -3
right_child=1 2 3 -5 23 -7 7 26 9 -11 11 -13 13 -15 19 17 -18 -19 -20 27 21 -23 -24 24 -26 -27 -28 -29 -30 -31
leaf_value=-0.00011703837293790491 -0.0049710569701608889 0.031832633347689897 -0.010595865275910957 0.020988521656238161 -0.044002838510474228 -0.076562101611501676 -0.0083574372821141798 -0.036636639191388543 0.084324796850686695 -0.016194522767102707 -0.040764662284208074 -0.010433628404187927 0.092586501426988793 -0.015523122580495733 -0.017441165845928454 0.0053375685775187455 -0.053929361716462398 -0.019675785958876819 0.00026684078713936163 0.006391951649101878 0.15549522443302066 0.028017117999746828 0.016860722370659911 0.069693793686868219 -0.0035389032603255245 0.041208108568606988 -0.011233244194510272 0.035645258344003859 0.052052199798521541 6.8101833294247383e-05
leaf_weight=12091.65400608044 16.242349914682563 60.416173031670041 36.308462022047024 210.48383519321214 4.3843650224152979 9.0124561563134176 89.947682846337557 60.443646881729364 4.5662165577523401 229.40621968670166 5.340494577161734 198.04298768224544 4.1526942155323914 80.395022613316542 43.252844549715519 69.148835967789637 11.371304012078324 163.13663647472276 380.16673215816263 481.40084653161466 2.5545621202327302 66.863825532549527 73.540563574060798 11.537437227321787 8.0126528353430349 42.329998401575722 100.59840761125088 31.647303268313408 12.523218791931866 34.874689194140956
leaf_count=227479 315 713 651 3185 107 60 479 365 56 15526 464 8568 33 3286 242 1778 283 5266 6284 2518 65 1865 474 93 86 350 495 169 65 815
internal_value=-2.96611e-05 0.00269866 0.00190114 0.0135296 -0.00718654 -0.0238535 -0.000199607 -0.0088107 -0.000449325 -0.00724291 -0.00156589 -0.00268668 0.00715045 -0.00904187 0.00196915 -0.00218846 0.00289899 -0.0128475 0.00426918 0.00722471 0.0243596 0.0329252 0.00281739 0.024341 0.0398139 0.0284158 -0.0195702 0.00925757 0.00755995 0.0202197
internal_weight=14633.8 1950.78 1892.21 279.739 69.2554 45.3209 1612.47 324.53 12683 591.322 361.916 357.35 159.307 84.5477 1287.94 719.114 486.829 232.285 475.458 568.824 74.7589 69.4184 163.488 23.9345 19.5501 58.5723 161.042 525.571 493.924 95.2909
internal_count=282135 24793 24128 4182 997 711 19946 1813 257342 29863 14337 14281 5713 3319 18133 15139 8095 7044 7812 2994 2394 1930 953 286 179 665 860 2752 2583 1528
cat_boundaries=0 1 2 3 4 5
cat_threshold=63375968 4508 63341152 6444 2076
is_linear=0
shrinkage=0.05


Tree=181
num_leaves=31
num_cat=7
split_feature=2 16 26 32 36 24 27 14 24 4 31 34 34 12 12 11 30 1 13 34 27 13 26 36 16 14 14 18 14 16
split_gain=5.67488 15.5744 18.5028 23.8982 21.4579 21.7627 16.3669 15.986 18.9469 15.0427 14.8733 15.2569 14.0725 12.5427 16.1243 23.407 17.0867 14.9188 14.7379 12.6268 14.4076 11.8852 15.2666 11.7351 20.6949 18.0203 14.1009 13.079 12.6441 24.7508
threshold=0.35000000000000003 0 0.28333333333333349 998.31666666666683 -0.9450494904069221 10.076293574663646 1.2083045973594584 1 17.010450900328905 0.28333333333333338 0.75865377844940352 73.166666666666671 76.166666666666671 0.96247800481268331 0.843744476184349 0.78656609248549303 11.81666666666667 0.35000000000000003 0.077175462126646319 54.833333333333336 0.74087035902976395 0.36874934642598439 25.558333333333337 0.94996204195946776 2 3 4 1.0000000180025095e-35 5 6
decision_type=8 1 2 2 2 2 2 1 2 2 2 2 2 2 2 2 2 2 2 2 2 2 2 2 1 1 1 2 1 1
left_child=23 7 9 4 -4 12 13 8 10 -3 11 -2 -6 14 -5 16 -16 19 -15 -18 21 -21 -23 28 26 27 -25 -26 -1 -30
right_child=1 2 3 6 5 -7 -8 -9 -10 -11 -12 -13 -14 18 15 -17 17 -19 -20 20 -22 22 -24 24 25 -27 -28 -29 29 -31
leaf_value=-0.003852304502635791 -0.024396268032892295 -0.0071533825756890145 -0.10237961933265471 -0.002504879162836181 -0.071697364990563353 -0.062584304107546562 0.0073413723351862664 0.0049690724329000098 0.046369227964749571 0.046127335963059297 -0.017374518901751439 0.0034763159678086498 0.0048564050909934379 -0.0044630539487973868 -0.0058839642887953932 -0.020411098616569104 0.10193130902522381 0.0055729178338804761 -0.033020715013158224 0.0088823437882752498 0.075610132051058154 0.014198585962763978 0.11136476737961498 -0.009809694722896261 -0.050989112776331551 -0.015305680537930447 0.031850027250227085 0.027527113168237138 -0.0056458922138525967 0.0030511967738397223
leaf_weight=3033.8034792870167 56.61773075783276 20.658925739233382 8.4716668963083048 2893.3569059265137 6.6624139971099785 21.190170811169082 507.34229531185701 2845.2639545056154 18.092175596859306 36.705582566559315 181.75593875985942 365.28733750525862 53.385590477846563 128.69563627749449 45.778938823379576 44.775825373770203 7.9320799929555497 41.888245072215796 69.54893854825059 40.369029864668846 17.262514863163233 8.724484823644163 7.4878069832921019 25.154824273224222 5.7890014044824047 104.31839633360505 98.569272837688914 53.936330048018135 1156.9167489854444 2726.2616393174103
leaf_count=69691 3041 683 134 39788 128 1156 9991 50092 138 307 4623 3541 512 1321 899 494 89 243 685 242 88 64 48 491 226 2557 1653 1644 30746 56820
internal_value=-2.93327e-05 0.000940483 -0.00120232 -0.00162001 -0.0271139 -0.0191488 -0.00101954 0.0033818 -0.0038452 0.0269601 -0.00542128 -0.000268952 -0.00374243 -0.00230286 -0.00152474 0.0117085 0.0202032 0.0298573 -0.0144934 0.0422746 0.0357373 0.0234605 0.0594833 -0.0010291 0.00886246 -0.00323906 0.0232789 0.0170023 -0.00144074 0.000452145
internal_weight=14632 7427.25 3960.24 3902.87 89.7098 81.2382 3813.16 3467.02 621.753 57.3645 603.661 421.905 60.048 3305.82 3107.58 214.219 169.443 123.664 198.245 81.7759 73.8438 56.5813 16.2123 7204.75 287.768 164.044 123.724 59.7253 6916.98 3883.18
internal_count=282135 118307 56872 55882 1930 1796 53952 61435 11343 990 11205 6582 640 43961 41955 2167 1673 774 2006 531 442 354 112 163828 6571 4427 2144 1870 157257 87566
cat_boundaries=0 1 2 3 4 5 6 7
cat_threshold=18331664 66 55707670 874 324 5680 22186016
is_linear=0
shrinkage=0.05


Tree=182
num_leaves=31
num_cat=4
split_feature=38 1 16 9 30 28 24 3 27 27 32 16 16 32 14 32 9 37 30 26 2 38 10 4 35 36 36 28 19 30
split_gain=5.75858 19.1976 17.9082 8.34369 6.9883 10.1683 8.43259 6.95048 6.72184 6.60834 14.268 16.7805 11.1357 11.023 9.63453 11.7123 13.425 9.80937 9.05678 13.8938 22.0991 14.5685 17.0467 17.1458 12.8488 16.7993 12.739 10.3769 12.4038 10.6355
threshold=-2.8666666666665033 0.65000000000000002 0 21.500000000000004 7.116666666666668 85.833333333333357 8.4707066295477507 1.3500000000000003 1.5369522511198015 1.6500000000000015 1014.2166666666668 1 2 1014.7166666666668 3 1008.6833333333335 13.500000000000002 -0.87937575203918483 -0.48333333333333323 18.441666666666674 0.95000000000000007 -0.13333333333338257 -0.5 0.14166666666666669 11.484883511361753 -0.61556345870230467 0.42378579714083775 55.583333333333336 48.500000000000007 14.116666666666669
decision_type=8 2 1 2 2 2 2 2 2 2 2 1 1 2 1 2 2 2 2 2 8 8 2 2 2 2 2 2 2 2
left_child=1 2 -1 4 7 -6 -7 8 -4 -2 11 14 13 -12 15 16 -11 -17 -15 20 -20 -22 23 26 25 -24 -23 28 -21 -30
right_child=9 -3 3 -5 5 6 -8 -9 -10 10 12 -13 -14 18 -16 17 -18 -19 19 27 21 22 24 -25 -26 -27 -28 -29 29 -31
leaf_value=0.022750842213316452 7.7975214872553383e-05 0.031284635983045726 -0.018906544059776244 0.029004291626132703 -0.011462407327401494 0.045457604898890606 -0.010569226419208594 -0.078047144205854846 0.034604515710253032 0.068026759299032666 -0.061154260636944194 -0.0076852441391488798 -0.02014180984343214 -0.052865057121990557 0.015844950375042941 0.04192179948161609 -0.024450647275685983 -0.046732785552106977 -0.00093098822041077611 -0.043069089954285239 0.026887587164677429 0.42608840886558091 0.355580679895103 0.055621937016776028 0.0077049298573271131 0.054175206648416185 0.14706735097841941 -0.027082724018081046 -0.024224647835344636 0.075040279486720735
leaf_weight=58.706478890497237 13532.363098665373 63.099947949871421 93.801083550497424 14.910611551720647 56.150027989468072 18.288157149218026 10.529631177894769 4.5687275901436797 6.1695544064277774 7.6840660086600092 6.5759205918875514 265.70094529568451 187.46880680823233 6.1437090546824029 173.44965975865489 3.5767645726446089 7.8368214461952448 21.159929314861074 22.951978993136436 5.3296489872154806 8.4460748310084437 0.95365883852355204 0.64265935297589738 1.1702622324228285 3.5824786329176277 1.3450790079077721 0.93084525852464139 29.459572600433603 3.7208728118566787 9.3460221830755454
leaf_count=661 242966 969 1140 135 889 121 64 28 91 44 207 8651 17435 1365 2434 37 57 329 1634 639 409 54 42 6 179 100 74 880 318 177
internal_value=-2.8143e-05 0.00653941 0.000595615 -0.00656647 -0.00972535 0.000926013 0.0250204 -0.0183752 -0.0155729 -0.000178014 -0.00469112 0.000593948 -0.0134838 0.000847364 0.0107432 -0.0100071 0.0214754 -0.0337967 0.00533413 0.00945835 0.0311609 0.0740624 0.119421 0.212761 0.065383 0.163987 0.302622 -0.00871903 0.0206754 0.0468047
internal_weight=14626.1 326.224 263.124 204.418 189.507 84.9678 28.8178 104.539 99.9706 14299.8 767.476 479.408 288.068 100.599 213.707 40.2576 15.5209 24.7367 94.0229 87.8792 40.023 17.0711 8.62498 3.05477 5.57022 1.98774 1.8845 47.8561 18.3965 13.0669
internal_count=282135 4098 3129 2468 2333 1074 185 1259 1231 278037 35071 11552 23519 6084 2901 467 101 366 5877 4512 2498 864 455 134 321 142 128 2014 1134 495
cat_boundaries=0 1 2 3 4
cat_threshold=21274704 42222180 84520966 1088
is_linear=0
shrinkage=0.05


Tree=183
num_leaves=31
num_cat=1
split_feature=33 10 16 12 20 5 34 7 27 27 38 3 29 36 38 27 23 12 27 12 23 5 12 38 11 36 31 32 27 28
split_gain=6.07676 14.3875 16.3812 14.8413 13.1215 10.9632 10.8175 10.781 10.8123 10.0087 11.0547 9.95912 13.0822 14.5287 14.7858 11.8308 13.1079 11.4464 15.1195 10.8617 10.9104 10.6503 12.573 12.3872 11.655 10.2142 13.5008 12.8789 20.4108 16.2708
threshold=0.66833125519214986 -0.98296291314453399 0 -0.73966161165024946 49.662580000000005 0.4498456260538673 96.583333333333357 1.2500000000000002 1.0000000180025095e-35 1.6739839372652967 0.36666666666673114 0.15000000000000005 6.4288914274887627 0.85531826000483335 2.5000000000000573 0.4546060565661954 2.4204514846923542 -0.87448095783103963 0.90000000000000135 -0.77332218843568024 4.9619949723112713 0.049999999999999968 -0.87857987807829374 -1.0499999999998975 0.1294095225512602 0.17341644902388628 0.40138409955990934 1016.5583333333335 0.37712361663282662 88.416666666666671
decision_type=2 2 1 2 2 2 2 2 2 2 10 2 2 2 10 2 2 2 2 2 2 2 2 10 2 2 2 2 2 2
left_child=9 -2 7 4 5 -4 -5 8 -3 -1 -11 12 13 14 19 -13 -17 18 -18 20 -10 22 -22 -24 -25 -21 27 29 -29 -27
right_child=1 2 3 6 -6 -7 -8 -9 11 10 -12 15 -14 -15 -16 16 17 -19 -20 25 21 -23 23 24 -26 26 -28 28 -30 -31
leaf_value=-0.00011699714280377695 0.026949913523923674 0.054731814646419442 -0.010144741529450984 0.026091913644881282 0.023013340227735352 -0.070906960843210354 -0.00041962196285577115 -0.0083033920063461386 0.03651793662673556 -0.0028574720588235387 -0.018739116221761689 -0.0049651174169300285 -0.01225179976091028 -0.026912360954422766 -0.053016609234167157 0.030671635382534188 -0.039198116608717748 0.011105645981731485 0.012051251988615621 -0.0051667841453143862 -0.0077495533441149572 -0.037557468441979207 -0.00031444218021614996 0.18548957724459014 0.011902828719416572 0.03673003823674835 -0.00051960507290357665 -0.020656069502173326 0.11793896937242804 -0.026121766813252442
leaf_weight=12084.312330133456 58.59876554470975 9.5077134512830508 36.143738422717433 160.98108293942641 23.930298078805208 9.2576219923794252 50.547403068747371 324.94038646295667 52.042320683191065 441.19204407613142 145.69607835172792 162.22953871637583 230.09450037832721 39.146507659403142 10.677496424701529 70.020293690264225 28.493459619581699 276.51776886731386 28.90200624987483 196.26265018398408 13.595388805726541 12.022025257349013 3.3474011190701276 2.8070343524450463 1.4706022687023503 35.46603290271014 87.241643321322044 3.7963334267260498 8.5457222581026127 14.410362909547983
leaf_count=227479 665 73 651 2720 286 60 465 1813 579 19504 10359 900 7043 903 272 431 140 1360 147 3366 411 64 122 84 78 331 1450 73 144 162
internal_value=-2.67371e-05 0.00257084 0.00181455 0.0127285 -0.00688715 -0.0226631 0.0197594 -0.000166158 0.00188816 -0.000426705 -0.00680264 0.00149049 -0.00244969 0.00224252 0.00483203 0.00643771 0.0110175 0.00688811 -0.013415 0.0062771 0.0222471 -0.000137079 0.0211394 0.0720819 0.127448 0.00233225 0.0121764 0.0299508 0.0754847 0.0185549
internal_weight=14622.2 1951 1892.4 280.86 69.3317 45.4014 211.528 1611.54 1286.6 12671.2 586.888 1277.09 710.926 480.832 441.685 566.163 403.934 333.913 57.3955 431.008 85.2848 33.2425 21.2204 7.62504 4.27764 345.723 149.46 62.2185 12.3421 49.8764
internal_count=282135 24793 24128 4182 997 711 3185 19946 18133 257342 29863 18060 15082 8039 7136 2978 2078 1647 287 6864 1338 759 695 284 162 5526 2160 710 217 493
cat_boundaries=0 1
cat_threshold=63375968
is_linear=0
shrinkage=0.05


Tree=184
num_leaves=31
num_cat=3
split_feature=23 33 14 7 27 16 27 26 36 26 34 38 2 26 31 36 9 4 29 4 19 31 27 10 17 10 26 16 26 10
split_gain=5.54252 5.71892 14.574 21.9527 12.8187 13.5285 12.3563 11.7467 12.9589 11.3172 16.4814 12.4434 10.934 12.0149 10.5619 10.4713 14.0362 10.0731 9.60171 9.57055 9.37967 15.7018 9.16656 8.9251 12.7811 10.3466 9.03412 8.88116 8.77405 8.72021
threshold=20.759980848126471 0.66833125519214986 0 1.1500000000000001 0.50000000000000044 1 0.53541261347363489 27.658333333333335 0.82852901445967997 21.258333333333336 73.583333333333357 0.9000000000001479 0.65000000000000002 26.183333333333341 0.16996731711975951 -0.88760546633436876 18.500000000000004 0.11666666666666668 15.506717518813398 0.18000000000000002 35.000000000000007 0.9201449161228179 0.048570226039550503 -0.9159756150367534 1.0000000180025095e-35 -0.70710678118654735 26.31666666666667 2 5.6833333333333345 -0.5
decision_type=2 2 1 2 2 1 2 2 2 2 2 10 8 2 2 2 2 2 2 2 2 2 2 2 2 2 2 1 2 2
left_child=1 18 3 7 12 6 -6 8 15 10 -7 14 13 -4 -11 16 17 -3 29 -10 21 -12 -17 -16 25 26 -25 -20 -22 -1
right_child=-2 2 4 -5 5 9 -8 -9 19 11 20 -13 -14 -15 23 22 -18 -19 27 -21 28 -23 -24 24 -26 -27 -28 -29 -30 -31
leaf_value=-0.0021467487715958341 -0.03192496371711414 0.084256832582597085 -0.015460031554505175 -0.017843077730434084 0.091458328023915042 -0.010133543876468074 -0.0081566922857596123 -0.010196298144339148 -0.036955582474952196 0.055026440022227591 0.028520968364601287 -0.015687103824128985 0.0079207422938067078 0.015506465015291612 0.02722375958776295 0.067545598519443709 -0.006304885419590337 0.0249259636796966 0.0035127414631735653 0.011576631029270945 -0.014786510345015406 0.13151388520428262 0.0046440520553683627 0.033220893985879962 0.012360456654091375 -0.025478595406217996 -0.022256458858864334 -0.022090350472541782 0.032674953745086201 0.00067404115028305532
leaf_weight=4050.307416560041 13.504680355021263 12.989700691774489 158.95379852497717 182.40957477595657 3.0961982823209828 26.839235149149317 119.95778061964666 155.30832950142212 29.111252663395135 13.681253845221361 9.4423669604584557 44.858625618566293 169.99693844589638 38.920014866045676 67.293818589590956 5.778524503693915 16.243178958189674 16.048041135072708 54.946111408760771 15.514310218393801 10.815345051232724 6.0661992426030329 396.75656176026678 18.927707005350388 278.97287269757362 46.478736704797484 11.857101424131541 85.318785288487561 93.176917934091762 8467.6160942940332
leaf_count=80128 5481 372 2005 1021 47 1640 3231 1087 879 82 109 441 1371 319 647 49 249 77 5764 81 144 89 6159 170 1988 580 107 3340 837 163641
internal_value=-2.59409e-05 3.76778e-06 0.00252463 -0.00249617 0.00621499 0.0100138 -0.00515911 0.00178916 0.00557048 0.0128628 0.0252426 0.00936698 -0.00137679 -0.00936444 0.0119406 0.008132 0.030902 0.051665 -0.000384488 -0.0200949 0.0331897 0.0693913 0.00556358 0.0105361 0.00737702 -0.0106092 0.0118503 -0.013389 0.0277294 -0.000238665
internal_weight=14621.2 14607.7 1949.49 830.159 1119.33 751.464 123.054 647.75 492.442 628.41 146.34 482.07 367.871 197.874 437.211 447.816 45.2809 29.0377 12658.2 44.6256 119.501 15.5086 402.535 423.53 356.236 77.2635 30.7848 140.265 103.992 12517.9
internal_count=282135 276654 23781 9974 13807 10112 3278 8953 7866 6834 2819 4015 3695 2324 3574 6906 698 449 252873 960 1179 198 6208 3492 2845 857 277 9104 981 243769
cat_boundaries=0 1 2 3
cat_threshold=3618 5384288 98312196
is_linear=0
shrinkage=0.05


Tree=185
num_leaves=31
num_cat=1
split_feature=6 28 13 28 30 38 6 33 32 29 28 16 12 9 9 12 35 11 2 29 33 29 12 33 27 29 29 9 32 24
split_gain=9.36979 7.16721 7.15111 6.48337 15.9621 12.2766 8.99536 10.6558 7.95698 6.73998 6.48483 28.5728 17.1412 15.5552 14.6647 14.6937 14.4793 14.336 14.1199 14.07 13.4049 12.3677 12.1712 12.0603 12.4204 11.0354 19.5467 10.5202 10.238 17.1394
threshold=1.9500000000000002 89.166666666666671 -0.23802450821255547 97.833333333333357 12.21666666666667 1.3000000000000116 0.15000000000000005 0.45460605656618192 1007.7833333333335 1.0000000180025095e-35 55.166666666666679 0 0.99275167208230009 3.5000000000000004 11.500000000000002 -0.80493205379724719 28.001983986405484 0.78656609248549303 1.0000000180025095e-35 0.87965281125489481 0.049999999999982954 7.0553192529232183 -0.87025318080773884 0.38586123009302492 1.2270100694512835 4.0138409955990966 4.9777156621411853 10.500000000000002 1019.1166666666668 2.8866632584508376
decision_type=2 2 2 2 2 8 2 2 2 2 2 1 2 2 2 2 2 2 8 2 2 2 2 2 2 2 2 2 2 2
left_child=3 2 -2 10 5 6 7 9 -6 -5 11 14 13 -13 15 19 -16 21 -19 -1 -18 -14 -22 -21 27 -24 -27 -25 29 -15
right_child=1 -3 -4 4 8 -7 -8 -9 -10 -11 -12 12 17 28 16 -17 20 18 -20 23 22 -23 25 24 -26 26 -28 -29 -30 -31
leaf_value=0.18476444390759039 -0.061884455894005722 0.045449766116100243 0.032200626506817535 0.048064167126262353 -0.070052112974768696 -0.064133688802909705 0.03423332408832247 -0.073718475086161098 -0.019762437480678414 -0.0055208246159205582 0.00048803533568958979 -0.048517659807592643 -0.010732505690531783 0.054791774608661262 0.0045179086606347242 -0.018582616445898495 0.16159101637799811 -0.0053506259814354688 0.22254749024215104 -0.012741316282689525 -0.0246131511939921 0.082217344509786017 -0.0052099436501174736 0.13049658758975324 -0.013214297610925045 0.12984713253629709 0.033369773593639948 -0.0061407979466564962 -0.034803052114159176 -0.01180303071753391
leaf_weight=1.1662632292136574 3.6035418827086687 19.594523991458118 4.3480717744678286 6.8486292646266511 13.822608739137648 6.6269724657759062 20.621134985238314 4.9650182421319178 18.342859328258783 37.656088448828086 13683.90088484154 33.572839967207983 13.473518449114641 9.8857127170194854 242.22788138940814 99.322913516807603 1.7709077385952685 1.1019375498872244 1.654431407980155 16.718124535342216 10.233817767351864 4.7642252126242957 14.241218357230535 5.1660016868845542 4.2927425091329496 5.8458742470247662 46.353870225138962 1.9113049573497845 46.50948535752832 299.69942792653455
leaf_count=79 38 502 84 50 77 55 234 69 141 427 217131 3111 727 862 14960 9850 105 118 33 1281 465 333 833 251 498 265 1517 78 8804 19581
internal_value=0.000187183 0.0292681 -0.0106762 0.000132313 -0.0120175 0.000391546 0.00657498 -0.00500003 -0.0415238 0.0028144 0.000223356 -0.00398809 -0.0133307 -0.0160282 0.00474412 -0.00941164 0.0105691 0.0302577 0.134441 0.0216823 0.0292246 0.0138646 0.0259609 0.0142795 0.0537746 0.0337761 0.0444019 0.0940247 -0.0129524 -0.00965951
internal_weight=14680.2 27.5461 7.95161 14652.7 108.883 76.7178 70.0909 49.4697 32.1655 44.5047 14543.8 859.912 410.662 389.667 449.251 128.577 320.674 20.9941 2.75637 29.2544 78.4457 18.2377 76.6748 28.0882 11.37 66.441 52.1997 7.07731 356.095 309.585
internal_count=282559 624 122 281935 1053 835 780 546 218 477 280882 63751 33569 32358 30182 12037 18145 1211 151 2187 3185 1060 3080 2108 827 2615 1782 329 29247 20443
cat_boundaries=0 1
cat_threshold=4620388
is_linear=0
shrinkage=0.05


Tree=186
num_leaves=31
num_cat=3
split_feature=4 37 23 32 2 9 16 12 35 34 35 35 33 3 26 37 16 14 32 4 32 33 18 24 37 27 10 9 33 33
split_gain=7.895 5.9038 12.6973 13.1689 11.0377 10.0282 9.77294 10.7572 10.9305 9.76849 8.3495 8.81548 8.22634 7.70498 6.93662 6.80153 23.3735 9.66787 15.7039 14.5027 14.9909 11.9198 11.061 14.2255 11.5588 10.5479 14.836 14.2097 10.6945 18.2704
threshold=4.2583333333333337 -0.99240220488803887 1.3943950053203287 1015.5166666666668 0.24000000000000005 1.5000000000000002 0 -0.22967928072195901 18.49662100445347 87.833333333333357 13.920406390161796 24.002314591592558 0.36817870057289809 0.15000000000000005 12.81666666666667 -0.96359284419854352 1 2 1006.0583333333335 0.041666666666666678 1023.3416666666668 0.59999999999999443 3.6281500000000002 10.646994088878552 -0.97446787918655287 0.20000000000000065 -0.37940952255126059 6.5000000000000009 0.57154760664938908 0.24999999999997161
decision_type=2 2 2 2 10 2 1 2 2 2 2 2 2 2 2 2 1 1 2 2 2 2 2 2 2 2 2 2 2 2
left_child=1 2 12 4 5 -4 -5 10 9 -9 14 -12 13 -1 -8 16 17 21 -19 25 22 -3 23 -21 -24 26 -20 -28 29 -27
right_child=-2 15 3 6 -6 -7 7 8 -10 -11 11 -13 -14 -15 -16 -17 -18 18 19 20 -22 -23 24 -25 -26 28 27 -29 -30 -31
leaf_value=-0.037458677959031392 0.027673483556044976 -0.0049551583052936873 0.026177527340968051 -0.021491936149250334 0.013647699491218869 -0.029721750826431772 0.044384705144807163 0.18985537972536859 -0.011140948241829797 0.06323822719024956 0.092472938955763626 -0.014037229795522866 0.066352997484085671 0.023316803015632697 -0.041748882023665258 -1.3117140515964413e-06 -0.0024891893271236135 -0.00011824130525854122 0.0099105154200151094 -0.039830467376177653 -0.026831781495910364 0.04950961088832688 0.02689268662457955 0.032862363375459808 0.069761369540691578 0.082172555127071778 0.08392469107299981 0.32245961569655551 0.12279530778831871 -0.0081496622402277737
leaf_weight=7.0494529827265096 25.960003105923533 84.279153238690924 8.5484550029505026 9.703659681894349 20.585830112919211 115.1121408213221 3.1624849932268289 2.2917586819094158 2.6848567050183192 4.6760969904717058 4.6453325154725453 3.2496830471791327 7.3898600961547336 19.191557139158249 8.1955855527194199 13693.62538315024 442.23950006719679 55.139992495533079 1.5152130171190945 11.559419244527819 13.241375513374804 11.303324039734433 55.617843866348267 15.81962815672159 21.968322820961475 10.799888589652261 1.3457208620384364 1.2436154977185649 4.1419640571693881 11.478600727510637
leaf_count=159 406 1000 122 376 119 1765 39 132 123 59 89 76 71 120 134 268822 6642 494 48 60 61 101 309 75 122 478 50 56 102 349
internal_value=0.000177261 0.000128355 -0.00806546 -0.0132592 -0.0201986 -0.0258395 0.0126518 0.0234673 0.074348 0.10698 0.00983138 0.0490049 0.0201294 0.0069097 -0.0175882 0.000251293 0.00491441 0.0154139 0.0216149 0.0311191 0.0231492 0.00138587 0.0294738 0.00213823 0.039105 0.0618058 0.13571 0.206219 0.049856 0.0358072
internal_weight=14677.8 14651.8 216.487 182.856 144.246 123.661 38.6095 28.9058 9.65271 6.96786 19.2531 7.89502 33.6309 26.241 11.3581 14435.3 741.694 299.454 203.872 148.732 118.207 95.5825 104.965 27.379 77.5862 30.525 4.10455 2.58934 26.4205 22.2785
internal_count=282559 282153 3384 3034 2006 1887 1028 652 314 191 338 165 350 279 173 278769 9947 3305 2204 1710 627 1101 566 135 431 1083 154 106 929 827
cat_boundaries=0 1 2 3
cat_threshold=100944 26673184 4364
is_linear=0
shrinkage=0.05


Tree=187
num_leaves=31
num_cat=6
split_feature=6 28 13 28 30 38 6 33 32 29 28 16 16 12 38 3 14 16 16 29 12 14 7 38 7 9 38 30 19 32
split_gain=8.51519 6.83038 6.34033 5.87086 14.3941 11.2095 8.31856 9.77382 7.05503 6.07541 5.96428 20.6136 19.2813 17.8807 15.5731 14.9695 17.1216 15.4265 15.1951 14.5666 14.1251 13.4372 26.3962 16.1919 14.4307 12.7291 11.9644 13.344 19.0528 26.3677
threshold=1.9500000000000002 89.166666666666671 -0.23802450821255547 97.833333333333357 12.21666666666667 1.3000000000000116 0.15000000000000005 0.45460605656618192 1007.7833333333335 1.0000000180025095e-35 87.833333333333357 0 1 -0.7678804460366 -2.4499999999998745 0.35000000000000003 2 3 4 8.5504640609376779 -0.21293867525431634 5 0.95000000000000007 2.8333333333334285 1.4500000000000002 1.5000000000000002 -2.1999999999998745 10.21666666666667 17.000000000000004 1024.7833333333335
decision_type=2 2 2 2 2 8 2 2 2 2 2 1 1 2 8 2 1 1 1 2 2 1 2 10 2 2 10 2 2 2
left_child=3 2 -2 10 5 6 7 9 -6 -5 12 14 13 26 -12 19 18 -18 -17 -13 -19 22 25 24 -23 -16 -1 28 -28 -30
right_child=1 -3 -4 4 8 -7 -8 -9 -10 -11 11 15 -14 -15 21 16 17 20 -20 -21 -22 23 -24 -25 -26 -27 27 -29 29 -31
leaf_value=-0.039735275872997029 -0.056929963864241942 0.044885416711070047 0.031370293679718698 0.045543746999411272 -0.066203705764106988 -0.061559516211252718 0.033309608169716835 -0.071005773803718641 -0.018877965558461583 -0.0052359581673381596 0.039501807621880519 -0.0018534387695733558 0.00022215899950069767 -0.012372352896747565 -0.0092451358102449682 0.0092075760594109383 0.019376605811016433 -0.0072026456004238492 -0.0093585439917820215 -0.034559239457752924 0.011271536161702284 -0.007141185312699732 -0.0079130778757092162 0.093902275802304216 0.021502483169849099 0.026193122818892113 0.025534956336726949 -0.0090999073953939493 -0.022835279985538814 0.2251647539279884
leaf_weight=14.997690769843755 3.7401646617799997 18.625185590237379 4.2259091269224909 6.8818044811487189 13.895731616765259 6.5646621738560489 20.146006328985095 4.9021325525827697 18.273019743850455 37.587809358956292 41.172099749092013 2009.3135760890145 9800.8544883583672 599.41811027142103 28.263304962893017 162.68825762532651 252.25878112576902 174.18940035626292 297.52482843026519 34.531926071329508 254.55151952244341 236.08747048710939 97.20311220176518 4.3871992230415335 53.930918302386999 241.15070734010078 112.64089976577088 89.660450202645734 36.438653120887466 1.0045941572170694
leaf_count=197 38 502 84 50 77 55 234 69 141 427 406 26010 206452 23834 470 1056 1669 1085 1935 1181 1855 2975 703 30 428 3251 2890 2515 1780 160
internal_value=0.000167302 0.0283828 -0.0102795 0.000115897 -0.0114797 0.00038826 0.0063181 -0.00474078 -0.0394628 0.00270691 0.000202291 0.00187871 -0.000409325 -0.00756831 0.0095659 0.000153186 0.00474071 0.00969266 -0.00273852 -0.00240769 0.00368008 0.00784033 0.0140342 -0.0003399 -0.00180912 0.0224734 0.00343921 0.00615552 0.0152691 -0.0155995
internal_weight=14677.1 26.5913 7.96607 14650.5 108.251 76.0824 69.5178 49.3717 32.1688 44.4696 14542.3 3887.25 10655 854.16 702.195 3185.06 1141.21 681 460.213 2043.85 428.741 661.023 366.617 294.406 290.018 269.414 254.742 239.745 150.084 37.4432
internal_count=282559 624 122 281935 1053 835 780 546 218 477 280882 43054 237828 31376 8263 34791 7600 4609 2991 27191 2940 7857 4424 3433 3403 3721 7542 7345 4830 1940
cat_boundaries=0 1 2 3 4 5 6
cat_threshold=67195408 1638400 3272 25468934 25722944 5778
is_linear=0
shrinkage=0.05


Tree=188
num_leaves=31
num_cat=1
split_feature=6 28 35 1 32 4 34 34 36 13 28 17 38 37 24 37 6 4 33 32 37 23 32 16 12 33 38 10 2 37
split_gain=7.91819 6.51535 5.80606 10.4936 5.64828 9.38407 6.42202 8.53403 10.1229 5.61599 5.4035 13.9427 13.5037 12.2503 9.73952 8.19833 7.88942 6.47557 14.8479 6.36103 5.45986 12.3775 12.5436 10.5883 10.0608 7.96024 7.88071 8.58445 7.86707 7.10098
threshold=1.9500000000000002 89.166666666666671 45.521665256721327 0.15000000000000005 1032.8833333333337 0.18000000000000002 5.166666666666667 4.166666666666667 -0.95600336576042244 -0.23802450821255547 97.833333333333357 52.298650000000009 1.3000000000000116 -0.26319459234940729 8.7001397242180811 -0.086460536438706728 0.15000000000000005 0.041666666666666678 0.24494897427835033 1001.6833333333335 -0.99240220488803887 1.3943950053203287 1008.6833333333335 0 0.69174588062027964 0.047140452079140686 -1.9999999999999429 -0.70710678118654735 0.24000000000000005 -0.96359284419854352
decision_type=2 2 2 2 2 2 2 2 2 2 2 2 8 2 2 2 2 2 2 2 2 2 2 1 2 2 8 2 10 2
left_child=2 9 4 -4 10 6 7 8 -6 -2 20 12 14 19 16 -16 17 18 -12 -13 21 26 28 24 -24 -25 -1 -28 -23 -22
right_child=1 -3 3 -5 5 -7 -8 -9 -10 -11 11 13 -14 -15 15 -17 -18 -19 -20 -21 29 22 23 25 -26 -27 27 -29 -30 -31
leaf_value=0.068109762644190427 -0.052219886941845643 0.044421146092539388 -0.029475430646752621 0.031136586657788869 0.27417784418829794 0.025173990857666712 -0.035800042085227385 0.29474216607911474 -0.02576403542222739 0.030605570555226058 0.11288715402050671 0.033581664935987646 -0.089007986620935287 0.09353249825459635 -0.055869012730493918 -0.0032566945108487289 0.029634121615897319 -0.023123684104023906 -0.038017227321375538 -0.033916631710688004 0.0052055602093202015 -0.036474884824292911 0.0056412892979106942 0.074686101340826386 0.072542180365082254 -0.02642383556900843 -0.051054575978592753 0.022382919583945282 0.0099990327640819155 0.00016214822571436807
leaf_weight=6.8669917681254447 3.8788895606994629 17.898367964662611 36.639290050137788 8.7766912374645454 0.22206472267862487 9.9236280992627126 32.30547367077088 0.20382665999932204 2.1329953985114107 4.1201423853635815 2.9361436278559259 7.6985795106738824 6.3420933289453378 5.0732964868657282 19.244334904477004 12.017247295007108 15.287594605237244 29.290853179991245 3.4406327984761447 6.2192535004578531 735.8830510925909 58.949463552911766 58.513216283288784 1.9398338201572176 6.1195824783062553 44.895333280612249 4.8598277238197687 20.060573809430934 10.722067138180135 13497.314975578396
leaf_count=55 38 502 3322 68 43 45 3808 84 1385 84 96 80 47 71 119 91 186 141 113 86 9769 790 587 79 95 1360 39 236 70 259070
internal_value=0.000159593 0.0277293 0.000110647 -0.0177194 0.000166238 -0.0175428 -0.0297387 0.045253 0.0125341 -0.009707 0.000220856 -0.0109398 -0.0192772 0.0278366 -0.0137967 -0.0357192 -0.000303404 -0.013182 0.0321358 0.00339293 0.000304021 -0.00764142 -0.0126925 -0.0022835 0.0104618 -0.0182067 0.0210914 0.00791477 -0.0293187 0.000422937
internal_weight=14669.8 25.8974 14643.9 45.416 14598.5 44.788 34.8644 2.55889 2.35506 7.99903 14553.7 107.55 88.5589 18.9911 82.2168 31.2616 50.9552 35.6676 6.37678 13.9178 14446.1 212.927 181.139 111.468 64.6328 46.8352 31.7874 24.9204 69.6715 14233.2
internal_count=282559 624 281935 3390 278545 5365 5320 1512 1428 122 273180 1030 793 237 746 210 536 350 209 166 272150 3311 2981 2121 682 1439 330 275 860 268839
cat_boundaries=0 1
cat_threshold=46141476
is_linear=0
shrinkage=0.05


Tree=189
num_leaves=31
num_cat=1
split_feature=6 28 28 16 12 9 10 12 11 35 35 2 13 29 33 38 32 26 18 34 35 36 37 36 23 37 38 24 27 36
split_gain=7.36057 6.21337 5.56432 25.9312 15.5101 15.0187 14.7244 12.8646 11.7773 11.101 11.8075 10.6195 10.601 10.5761 10.1989 10.1444 9.79581 15.209 15.1189 14.4015 12.068 14.5339 20.898 11.3916 13.7049 15.721 11.3411 12.5696 10.4696 20.1007
threshold=1.9500000000000002 89.166666666666671 55.166666666666679 0 0.99275167208230009 3.5000000000000004 0.25881904510252091 -0.80493205379724719 0.78656609248549303 28.001983986405484 15.095985128406282 1.0000000180025095e-35 -0.6729242335534279 7.0553192529232183 1.0821769237769978 -1.0666666666667763 1019.1166666666668 15.241666666666669 115.39890000000001 49.416666666666679 34.839313535236222 -0.35603812736430807 0.87837847557344439 -0.90750927358995603 11.51414991966819 0.2903377445835485 0.34999999999996595 2.7647775686948175 0.4000000000000003 -0.9450494904069221
decision_type=2 2 2 1 2 2 2 2 2 2 2 8 2 2 2 10 2 2 2 2 2 2 2 2 2 2 10 2 2 2
left_child=2 -2 3 6 5 -5 9 -8 13 10 -1 -10 15 -6 -11 -12 17 18 -7 23 21 22 26 24 25 -19 27 -20 29 -26
right_child=1 -3 -4 4 8 16 7 -9 11 14 12 -13 -14 -15 -16 -17 -18 19 20 -21 -22 -23 -24 -25 28 -27 -28 -29 -30 -31
leaf_value=0.013117962953992361 -0.0091729322677493834 0.043951734218465613 0.00034796651626902662 -0.048053297826021864 -0.01025687761859263 -0.002359556736072012 0.020871375935808758 -0.020675890795549687 -0.0051239058786453733 0.022781573038113141 -0.032414519826942517 0.18865116811987406 -0.022759866768785445 0.074210726992743378 0.14416658415722877 0.02339749918117616 -0.034180153002740285 0.04989118495361216 0.32784538269977059 -0.022626723974825028 -0.034846137734700626 0.036464508685425293 0.35392285225327746 -0.0062268559114439861 -0.046551643427618493 0.22379658216778042 -0.0012028797417369794 0.06445050690391059 -0.042673762402411351 0.29635202405722078
leaf_weight=156.23506518063368 8.0270196208730358 17.203769918531179 13785.923705959111 32.196177537058247 13.355566313257446 35.209283697739011 23.820715602545533 84.32356925169006 1.0961531620996532 82.92520627938211 10.679648878402075 1.8656993128824977 58.020463787950575 5.0189258252503341 1.6718496948014934 33.219526883563958 44.997732005344005 7.2603657590225357 0.69314637134084423 169.75674571387935 2.8681031758896998 8.0482841657940281 0.88723712571663771 70.623395817179698 0.96885719092097133 1.5107696108170783 1.7845223976182749 1.2070531988283617 5.6432483496319037 0.63401359223644138
leaf_count=12599 122 502 218184 3111 727 1759 1738 8094 118 3445 313 33 2838 333 65 1090 8804 450 71 5792 175 375 55 9984 185 62 219 74 1140 102
internal_value=0.000151591 0.027081 0.000105004 -0.00380513 -0.0127929 -0.0154138 0.00446592 -0.0115135 0.0282963 0.00963987 0.00448457 0.119112 -0.00874966 0.0130919 0.0253478 0.00977692 -0.0124164 -0.0092173 0.015784 -0.0141651 0.0567799 0.0777133 0.147991 0.00242102 0.0403534 0.0820303 0.090364 0.172118 -0.0105248 0.0985215
internal_weight=14667.7 25.2308 14642.4 856.521 405.625 384.289 450.896 108.144 21.3363 342.752 258.155 2.96185 101.92 18.3745 84.5971 43.8992 352.093 307.095 50.6976 256.397 15.4883 12.6202 4.57196 86.6407 16.0173 8.77114 3.68472 1.9002 7.24612 1.60287
internal_count=282559 624 281935 63751 33569 32358 30182 9832 1211 20350 16840 151 4241 1060 3510 1403 29247 20443 2728 17715 969 794 419 11923 1939 512 364 145 1427 287
cat_boundaries=0 1
cat_threshold=4620388
is_linear=0
shrinkage=0.05


Tree=190
num_leaves=31
num_cat=3
split_feature=2 13 16 34 13 5 16 10 3 5 6 4 14 30 7 12 33 23 36 2 9 11 4 7 34 34 32 26 3 32
split_gain=5.90453 13.7197 20.3363 10.8079 9.94198 6.84454 11.6305 14.4944 13.6317 11.9389 10.8058 11.291 8.78199 16.6384 11.7995 10.911 10.6788 9.97446 10.2535 8.57632 8.25011 8.22542 7.95152 9.71583 12.6042 9.54307 9.09765 8.84439 8.83872 9.50161
threshold=1.7500000000000002 0.1961425414281969 0 65.166666666666671 -0.61385614182261172 0.56073157915017036 1 0.60355339059327384 1.0000000180025095e-35 0.60733743993530054 1.0000000180025095e-35 0.7166666666666669 2 23.258333333333336 2.8500000000000001 0.025746965133975435 0.61824123303303846 1.5265034368895176 0.20748535016598499 1.0000000180025095e-35 21.500000000000004 1.0000000180025095e-35 0.55833333333333346 1.7500000000000002 97.166666666666671 93.166666666666671 1009.2333333333335 25.81666666666667 0.25000000000000006 1011.6416666666668
decision_type=10 2 1 2 2 2 1 2 2 2 2 2 1 2 2 2 2 2 2 8 2 2 2 2 2 2 2 2 2 2
left_child=5 2 4 -4 -2 -1 10 8 -8 -9 11 -7 13 17 19 -16 -15 18 -11 -14 -12 -13 -10 25 27 28 -27 -25 -24 -30
right_child=1 -3 3 -5 -6 6 7 9 22 12 20 21 14 16 15 -17 -18 -19 -20 -21 -22 -23 23 24 -26 26 -28 -29 29 -31
leaf_value=-0.00014036715097532981 -0.0078229798157144603 0.017891139193036681 -0.040010928982891221 0.018286131938776182 -0.046517274528380316 -0.016027658301680334 -0.0275909042316979 -0.018217237284244171 -0.022876276656830754 -0.02897957490115434 -0.028466462834835685 0.031419493093394715 0.055430256722123088 0.057240506584468581 -0.040929356322594292 0.026215491952579658 -0.0032491366066988527 -0.025522722220044106 0.053143877692034137 0.021711511801364766 0.010649670504966574 -0.00474661831060888 -0.0076230211822172229 -0.0092149885503153284 0.0064420936902197697 -0.021273661691381233 0.011903130026521658 -0.037232192297852927 0.043017611186338137 0.00086486540158764349
leaf_weight=13271.559642780659 35.469184530898929 142.29904640186578 8.6895091608166677 83.708651172928512 31.186694169417024 84.71541041508317 62.752392388880253 35.219178700819612 45.042336657643318 6.2519518807530394 114.59166747145355 28.999899134039879 25.099202528595924 16.810840744525198 12.535852910950782 11.515189396217464 12.815199073404072 47.729709837585688 9.4013930950313789 76.116095054894686 15.223091516643761 34.147576376795769 20.700896561145782 134.96842928044498 113.19459163583815 37.963658504188061 45.106246523559093 35.536602467298508 43.278711758553982 19.329913154244423
leaf_count=273502 212 1480 38 706 216 411 312 184 230 51 701 132 114 97 114 102 68 253 90 431 95 158 100 819 910 189 222 182 216 90
internal_value=-0.000307703 0.00661765 -0.00347317 0.0115208 -0.0225863 -0.000453074 -0.00426349 -0.00113727 -0.0056559 0.00876047 -0.0128896 -0.00410676 0.0131197 0.000253532 0.0209719 -0.00880622 0.0311519 -0.0141751 0.020368 0.0301195 -0.0238747 0.0118858 -0.00287081 -0.000864098 -0.00648919 0.00872558 -0.0032663 -0.0150727 0.0206725 0.0300254
internal_weight=14662 301.353 159.054 92.3982 66.6559 14360.6 1089.05 811.368 557.874 253.495 277.678 147.863 218.275 93.0091 125.266 24.051 29.626 63.3831 15.6533 101.215 129.815 63.1475 495.121 450.079 283.7 166.379 83.0699 170.505 83.3095 62.6086
internal_count=282425 2652 1172 744 428 279773 6271 4774 3270 1504 1497 701 1320 559 761 216 165 394 141 545 796 290 2958 2728 1911 817 411 1001 406 306
cat_boundaries=0 1 2 3
cat_threshold=34390034 76742722 4816
is_linear=0
shrinkage=0.05


Tree=191
num_leaves=31
num_cat=5
split_feature=35 1 38 4 31 36 36 28 13 36 35 27 12 36 38 16 24 9 10 14 29 36 1 29 14 16 23 24 14 23
split_gain=5.74041 7.45742 5.91303 11.3251 19.2014 25.5483 13.8823 10.0171 9.80748 9.04156 7.91138 7.10079 6.11666 5.9365 5.90402 27.7439 18.8782 29.898 17.0548 15.4508 15.7868 14.8105 23.3467 18.408 15.6183 14.6974 20.8713 15.8092 15.7661 14.4779
threshold=45.521665256721327 0.24000000000000005 3.7000000000001028 1.0000000180025095e-35 0.52493385826745487 -0.96218122274258644 -0.33528706561530064 71.583333333333357 0.81994155618811793 -0.98295660783965977 30.699257190458184 0.59999999999999887 0.80493205379724742 -0.80503380210560993 0.83333333333354187 0 2.0290069928594252 4.5000000000000009 -0.98296291314453399 1 4.2162878585557326 0.24013528058771808 1.0000000180025095e-35 9.3391303602631659 2 3 2.9287121096999189 11.468173404502455 4 1.0677659868039699
decision_type=2 2 10 2 2 2 2 2 2 2 2 2 2 2 8 1 2 2 2 1 2 2 2 2 1 1 2 2 1 2
left_child=2 -2 14 4 5 -4 8 -7 9 -5 -6 -8 -11 -14 25 16 17 -16 -17 -18 -21 24 23 -23 -22 -1 27 -27 -28 -29
right_child=1 -3 3 6 10 7 11 -9 -10 12 -12 -13 13 -15 15 18 19 -19 -20 20 21 22 -24 -25 -26 26 28 29 -30 -31
leaf_value=0.0018622610441270124 -0.025865942401078625 0.035642095862862662 0.35479903217783981 0.053018752784341816 -0.019938529147901757 -0.047477034471849894 0.060083259276627804 0.14695223962424114 -0.050633424134654686 -0.031934572165843535 0.12539311113751037 0.0029076472268292517 0.040581555464998476 -0.018899098137727756 0.44724954586153454 -0.036216553172891769 0.011600911086527194 0.035185856092411365 -0.0054292750063203062 -0.0061443401235495567 0.011230259370376028 0.049319295953931377 -0.00075460119532542135 -0.015405818971771033 -0.014191475466526604 0.0029999186967146212 -0.00096034102666856837 -0.037236947075616013 -0.0085064303106349628 -0.0049271106915158049
leaf_weight=6182.0786913102493 39.13228805642575 5.5472317337989798 1.0138596985489132 7.2825364060699895 4.771205579105299 1.0989896159735493 14.237192935310306 1.4335170654230749 10.714145792648194 14.648799723945563 1.0597518975846467 8.7580981831997615 8.6913347337394971 7.9386636689305297 0.50979615614050944 46.053446650475962 372.07499122997979 1.6543913916102608 1779.2540540948103 512.33397341278032 117.64638622978237 64.999773195624584 74.040128310676664 13.165864746842997 104.61131950220442 2211.047728963953 1411.9051727888582 40.657130009029061 1368.3763836607686 232.52346007211599
leaf_count=99845 3383 38 39 47 353 94 95 81 86 114 63 58 52 56 59 966 8260 258 33438 8457 3079 2086 410 886 2721 29663 42550 327 42717 2144
internal_value=-0.000292163 -0.0181668 -0.000237393 0.0131723 0.0645674 0.154572 0.00642363 0.0639806 -0.0085528 0.0032399 0.00814375 0.038414 -0.00848197 0.012244 -0.000312821 -0.00225359 0.003443 0.147718 -0.00617417 0.00321061 -0.000436515 0.00736073 0.0193713 0.0384115 -0.00086931 0.000210485 -0.00172943 0.00159779 -0.00470853 -0.00974761
internal_weight=14659.3 44.6795 14614.6 81.6481 9.37732 3.54637 72.2708 2.53251 49.2755 38.5613 5.83096 22.9953 31.2788 16.63 14532.9 3086.34 1261.04 2.16419 1825.31 1258.87 886.797 374.463 152.206 78.1656 222.258 11446.6 5264.51 2484.23 2780.28 273.181
internal_count=282425 3421 279004 1138 630 214 508 175 355 269 416 153 222 108 277866 60620 26216 317 34404 25899 17639 9182 3382 2972 5800 217246 117401 32134 85267 2471
cat_boundaries=0 1 2 3 4 5
cat_threshold=71916064 1200 6660 60170262 2738
is_linear=0
shrinkage=0.05


Tree=192
num_leaves=31
num_cat=6
split_feature=2 16 23 23 12 12 16 11 32 4 16 19 33 14 4 24 37 27 16 37 24 34 13 38 33 14 36 23 37 4
split_gain=5.52916 19.9295 19.0795 16.92 16.964 21.5273 16.6008 18.9996 15.9854 15.7284 15.7095 15.5891 15.3622 16.2848 15.5978 19.8506 18.5486 17.8358 15.2928 14.8679 14.533 22.1092 14.6251 14.3512 13.2278 13.11 29.2976 12.6724 12.5954 15.2747
threshold=0.95000000000000007 0 8.1223059022876836 1.4625032186822575 -0.22967928072195901 -0.34469468539800246 1 0.91597561503675351 1010.3416666666668 0.91666666666666674 2 29.000000000000004 0.59999999999999443 3 0.083333333333333356 6.4620870084581883 0.0096588532849415584 0.94633797110522677 4 0.71025823313337122 15.509553018867607 86.416666666666671 -0.17082345007074987 -1.1499999999998065 0.14142135623736848 5 -0.33528706561530064 8.8189250304744231 0.93445076796707227 0.041666666666666678
decision_type=8 1 2 2 2 2 1 2 2 2 1 2 2 1 2 2 2 2 1 2 2 2 2 8 2 1 2 2 2 2
left_child=-1 2 8 12 5 6 -5 9 10 -8 -2 -7 13 14 15 16 -3 -17 -10 25 -9 22 24 -15 -22 26 27 -4 29 -6
right_child=1 3 19 4 28 11 7 20 18 -11 -12 -13 -14 23 -16 17 -18 -19 -20 -21 21 -23 -24 -25 -26 -27 -28 -29 -30 -31
leaf_value=-0.0011037754215561326 0.013146820338115576 0.23371422813555129 0.13796202483296424 -0.0047743538470611585 0.00803319520562208 -0.048240231906466632 0.006480691354401269 0.0063213012188591258 -0.006298247176977659 -0.010880121801715256 -0.0064133025546340601 0.032433657740154838 0.034879366653354255 0.021740274687178582 0.017892463723786105 -0.0065496487272546644 0.050261524030120124 0.14063552679448041 -0.022930973606129054 -0.018292823928414664 -0.017536042113590621 0.015775177194332812 0.14565626150727071 -0.0020245616644860151 0.070929373639364482 0.008661370575872452 0.1243026429983287 -0.016326590837190996 -0.015785984646958885 -0.0028838969894445995
leaf_weight=8507.2035350563237 178.55226808571024 2.8347158806864199 1.470009828510231 441.27015626581851 403.85500814855914 6.3064575527678235 1024.4279048168974 68.434003868635045 854.58508808718761 149.40706067346036 216.6949296038365 94.383304347167723 58.202570447465405 78.98548046220094 103.34379707183689 8.1942726830020529 2.7283478931058198 2.6450924195814869 163.1018833477865 35.292852071957896 5.160889565479013 47.259310274850577 5.1936397824902079 322.84416099032387 22.378031131578609 132.96833499977947 11.256417179480193 8.6463558213727065 147.24898494349327 1549.042175729759
leaf_count=170858 1762 52 101 9645 24266 439 18699 2049 11853 905 2500 1580 575 1008 917 162 87 59 6489 2701 82 272 68 3797 238 7370 421 735 3239 9496
internal_value=-0.000278217 0.000864377 -0.00391578 0.00255322 0.00139194 0.00486336 0.00357868 0.00635449 -0.005939 0.00427025 0.00259436 0.027338 0.0105362 0.00781359 0.0231862 0.070279 0.146218 0.0303247 -0.0092531 0.0109478 0.0232517 0.0377098 0.0692346 0.00258665 0.0543472 0.0176417 0.0471975 0.00722405 -0.0016896 -0.00062597
internal_weight=14653.9 6146.71 1602.57 4544.15 3964.37 1864.22 1763.53 1322.26 1412.93 1173.83 395.247 100.69 579.778 521.576 119.746 16.4024 5.56306 10.8394 1017.69 189.634 148.426 79.9919 32.7326 401.83 27.5389 154.341 21.3728 10.1164 2100.15 1952.9
internal_count=282425 111567 33932 77635 70978 33977 31958 22313 22604 19604 4262 2019 6657 6082 1277 360 139 221 18342 11328 2709 660 388 4805 320 8627 1257 836 37001 33762
cat_boundaries=0 1 2 3 4 5 6
cat_threshold=13107812 22530 12583488 4272 8388708 2096
is_linear=0
shrinkage=0.05


Tree=193
num_leaves=31
num_cat=2
split_feature=2 3 26 14 28 23 14 3 32 36 5 31 4 23 35 23 12 18 26 5 32 28 38 4 12 24 32 31 32 31
split_gain=5.38988 12.7547 12.7204 8.56185 10.0545 7.96217 7.82126 9.64417 7.81441 7.15232 6.16023 12.0801 9.97546 11.7167 9.92395 10.1652 10.1398 12.4368 9.50244 9.19277 8.8037 11.5615 8.24319 7.8036 7.78612 11.8754 15.7663 17.9394 15.3313 12.6812
threshold=1.7500000000000002 0.75000000000000011 19.941666666666674 0 91.833333333333357 1.0303975046270948 1 1.5500000000000003 1008.8166666666668 -0.92107173651694552 0.58972611465541758 2.2000000000000011 0.68333333333333346 7.6252587203774969 30.503414918196736 2.8291481456584742 -0.95768026224311653 115.39890000000001 27.983333333333338 0.68231194397575479 1006.2583333333333 83.833333333333357 -1.3333333333333142 0.95833333333333337 -0.99863729997741457 18.295261942028912 1014.5166666666668 0.20000000000000015 1014.0166666666668 0.049999999999999385
decision_type=10 2 2 1 2 2 1 2 2 2 2 2 2 2 2 2 2 2 2 2 2 2 8 2 2 2 2 2 2 2
left_child=10 3 9 -2 8 -6 7 -4 -5 -3 24 12 18 14 16 -16 17 -14 19 20 -12 -22 -20 -17 25 26 27 -1 -29 -28
right_child=1 2 6 4 5 -7 -8 -9 -10 -11 11 -13 13 -15 15 23 -18 -19 22 -21 21 -23 -24 -25 -26 -27 29 28 -30 -31
leaf_value=-0.01813682667542274 0.011008710284450334 -0.037131892090607646 0.038811153681417493 -0.02364741147220006 -0.011786443740359268 -0.080367130470994141 -0.015973598765056655 -0.01707590672149573 0.0069167330904833487 0.035385084368605574 -0.036176755945367102 0.035641199783764975 -0.02652712741525309 -0.054789642655948989 -0.013159899625846218 0.071140979145613126 -0.00033957235738381146 0.023211325002888257 0.043257278919965489 -0.03046870122281178 -0.018062452848198577 0.01480154746636146 -0.01153853481707 0.01400636660103265 -0.00028234413138115223 -0.030780330611496751 0.093038336030175861 0.027444372970311732 0.10961601274734256 -0.0065657273824361153
leaf_weight=21.214270362921525 61.219383701682091 3.4959216006100169 22.216284796595573 34.814433552324772 8.2140918448567408 8.7193447425961477 27.540244525298476 11.730078496038912 52.066883955150843 69.604535381309688 24.417768202722073 18.604983683675528 75.446534145623446 10.294876411557196 12.039524853229521 12.087213791906835 613.74245069362223 14.995389368385075 12.704326808452604 81.860132433474064 58.174742434173822 49.39146214723587 14.722450740635397 11.846617512404917 13104.292296732136 17.454328294901643 3.208276515826582 97.683162034896668 5.9435958944959557 93.771795906708576
leaf_count=266 389 36 129 192 62 56 176 99 280 1233 109 99 396 52 59 57 3856 118 61 397 284 240 66 55 268959 177 49 1589 93 2791
internal_value=-0.000265578 0.00637053 0.0177882 -0.00294582 -0.0111627 -0.0473644 0.0010207 0.0150776 -0.00534381 0.0318711 -0.000404143 -0.00416828 -0.00491863 -0.00207452 -0.00133401 0.0242446 -0.00264395 -0.0182639 -0.0137605 -0.017314 -0.00913819 -0.00297247 0.0139083 0.0430368 -0.000119106 0.00881724 0.0119455 0.0236872 0.0322585 -0.0031782
internal_weight=14653.5 299.621 134.587 165.034 103.815 16.9334 61.4866 33.9464 86.8813 73.1005 14353.9 1010.33 991.723 750.453 740.158 35.9734 704.184 90.4419 241.271 213.844 131.984 107.566 27.4268 23.9338 13343.6 239.275 221.821 124.841 103.627 96.9801
internal_count=282425 2652 1673 979 590 118 404 228 472 1269 279773 5849 5750 4593 4541 171 4370 514 1157 1030 633 524 127 112 273924 4965 4788 1948 1682 2840
cat_boundaries=0 1 2
cat_threshold=6660 5324
is_linear=0
shrinkage=0.05


Tree=194
num_leaves=31
num_cat=3
split_feature=35 1 38 5 36 27 31 33 12 27 36 33 10 38 16 14 10 37 16 13 32 34 4 18 30 31 2 38 9 23
split_gain=5.29431 6.79584 5.31188 13.2872 14.5135 11.1671 11.0056 13.672 11.4068 8.64908 7.54629 5.82659 5.61119 5.18017 25.8784 19.3473 16.0007 15.0482 13.9393 16.7138 13.7717 13.62 13.3141 38.5164 43.6826 40.4192 44.3115 48.1144 16.6412 15.2937
threshold=45.521665256721327 0.24000000000000005 3.7000000000001028 8.3266726846886753e-17 -0.31456205940924736 0.53124591501697538 0.50000000000000044 0.45460605656622777 0.64056958004474651 0.59999999999999887 -0.98295660783965977 0.74087035902978082 -0.60355339059327362 0.83333333333354187 0 1 -0.98296291314453399 0.87837847557344439 2 0.96477059369951434 1022.2166666666668 98.833333333333357 1.0000000180025095e-35 3.6281500000000002 1.2416666666666669 0.93926685357369144 1.0000000180025095e-35 1.366666666666845 16.500000000000004 4.5442491808779986
decision_type=2 2 10 2 2 2 2 2 2 2 2 2 2 8 1 1 2 2 1 2 2 2 2 2 2 2 8 10 2 2
left_child=2 -2 13 5 10 6 8 -8 -4 -6 -5 12 -12 -1 15 -15 -16 18 19 21 -19 -17 23 24 25 26 27 -20 29 -26
right_child=1 -3 3 4 9 -7 7 -9 -10 -11 11 -13 -14 14 16 17 -18 20 22 -21 -22 -23 -24 -25 28 -27 -28 -29 -30 -31
leaf_value=0.0002181925853946359 -0.025117193147190971 0.033258124351940338 0.24727447296003985 0.030347535554019013 0.061349026220913164 0.01018452293065312 -0.042604281542775943 0.17119701148212096 0.06869969373193982 -0.0031767678348922552 -0.061336988199839751 0.017398237835683256 -0.016005791042176021 0.011640747057342506 -0.041195979273971381 -0.0225441501395145 -0.0058604074865738695 0.027997803256381543 0.12562581346994725 0.021238686123933096 -0.038862317618998929 0.023829352456255181 -0.0018672189384798601 -0.010487445361926431 0.034964947378031984 0.031746880539883136 0.089536835849401364 0.65601234584059631 0.082688372117775577 -0.040550558831355638
leaf_weight=11442.044458825723 38.295037169358693 5.6416240185499182 1.7921590700279906 8.4897316172718984 13.688867162913086 6.33300381625304 2.0863427336444151 1.04131500411313 1.8992542565683832 8.3158261030912382 10.202314317226408 7.6417288724333039 20.554461679421369 415.37164749848307 32.621206198382424 187.09268056921428 1540.5568146176811 67.882612279936438 0.77674805675633196 30.087823033420136 8.5976914299826586 17.215837171301246 675.47366725420579 58.338673521764576 22.222226500744004 2.9687066628248431 1.6909161427174693 1.0380136413732541 11.349826090969144 9.4884984978125413
leaf_count=217246 3383 38 77 59 91 334 126 49 60 56 78 45 163 10405 741 4045 27248 1837 65 634 668 117 4556 6459 1242 497 106 73 723 1204
internal_value=-0.000252422 -0.0175631 -0.000200232 0.0124786 0.00365348 0.0583297 0.10225 0.0316769 0.159632 0.0370599 -0.0120697 -0.0215024 -0.0311926 -0.000271935 -0.00209105 0.00258633 -0.00655403 -0.000925795 -0.00254236 -0.0129504 0.0204407 -0.0186268 0.000729218 0.0170416 0.0494191 0.169517 0.282068 0.447415 0.0310108 0.0123127
internal_weight=14650.8 43.9367 14606.9 82.045 68.8929 13.1521 6.81907 3.12766 3.69141 22.0047 46.8882 38.3985 30.7568 14524.8 3082.77 1509.6 1573.18 1094.22 1017.74 234.396 76.4803 204.309 783.347 107.874 49.5349 6.47438 3.50568 1.81476 43.0606 31.7107
internal_count=282425 3421 279004 1138 492 646 312 175 137 147 345 286 241 277866 60620 32631 27989 22226 19721 4796 2505 4162 14925 10369 3910 741 244 138 3169 2446
cat_boundaries=0 1 2 3
cat_threshold=72079904 1188 164352
is_linear=0
shrinkage=0.05


Tree=195
num_leaves=31
num_cat=1
split_feature=32 16 4 12 9 36 12 36 32 34 29 12 33 23 36 34 35 35 34 4 4 33 13 36 36 26 5 18 23 12
split_gain=5.4378 14.9089 10.6179 9.91154 7.78515 7.83132 15.1208 8.70616 9.683 14.374 7.57912 13.8853 10.8126 13.3642 11.7905 7.40388 6.50638 8.35507 7.96005 7.39997 8.27935 14.3594 18.3606 28.7508 6.44046 6.43925 21.3225 27.6066 14.8 11.3778
threshold=1028.0166666666671 0 0.14166666666666669 0.24635219865135727 17.500000000000004 0.62759899420818577 0.94159970902280288 0.89294642355262399 1031.0166666666671 94.583333333333357 7.0197853469904805 -0.99275167208229986 0.54365021434328464 3.9207634384454924 0.62759899420818577 80.416666666666671 16.50631071766723 7.5645050585752687 82.833333333333357 0.2166666666666667 1.0000000180025095e-35 0.24494897427835033 0.81994155618811793 -0.45779801550907478 -0.50658412383404317 -2.816666666666666 8.3266726846886753e-17 -96.12483499999999 2.2070303904435726 -0.32853027881941038
decision_type=2 1 2 2 2 2 2 2 2 2 2 2 2 2 2 2 2 2 2 2 2 2 2 2 2 2 2 2 2 2
left_child=25 10 4 -4 -3 6 -6 8 -7 -10 11 -2 13 16 24 -8 17 19 -18 20 21 -13 -23 -24 -14 26 27 -1 -28 -30
right_child=1 2 3 -5 5 7 15 -9 9 -11 -12 12 14 -15 -16 -17 18 -19 -20 -21 -22 22 23 -25 -26 -27 28 -29 29 -31
leaf_value=0.25115283212241873 0.12598606981011307 -0.038194832408891988 -0.0332163254312213 0.028353607772259967 -0.045686411526805193 0.010137314870525251 -0.044063306111397402 -0.04136784145084435 0.042406021281504905 0.27341757270852124 -0.022935538697876227 -0.046840855986986903 0.092692241856772134 -0.025582836541700446 0.15196646783685375 0.14773745517300194 0.029163284933169577 -0.034221947731272073 0.13037464411378419 0.061367050855771238 -0.01939428914621652 -0.042973343018898172 0.58807397829358554 0.039288434864693585 -0.0075539760170425839 2.7489943558903316e-05 0.010596001826469789 -0.039892922844809914 0.0011906092059301746 0.076062152200116029
leaf_weight=0.74428408435778948 2.5233930036192751 64.193759787536692 10.071829065680506 18.197652228176594 14.89313199918252 4.5749045164557156 0.665302120498381 3.1874222315091174 1.9433310350286777 0.96957491664215911 17.892025807435857 1.2326109870628053 2.295358978677541 26.699703153804876 2.428931295638904 1.5703799985349176 17.147055891342465 9.741253881948067 2.1098765346687278 7.4236883819103232 11.123091913294045 0.55829678417649098 0.37733314465731382 0.50828553043538705 4.7985334575641883 14278.28401268748 78.326980381272733 24.11144591649645 7.0880639073438969 17.787440377287567
leaf_count=70 35 8992 50 87 2015 273 147 258 243 18 1355 249 68 891 137 35 509 327 46 33 178 119 30 81 135 262005 754 3114 96 158
internal_value=6.59107e-06 -0.00766797 -0.0188406 0.00637776 -0.028634 -0.00650224 -0.0273917 0.0269588 0.0562061 0.125822 0.0061032 0.0126475 0.00919731 0.00294246 0.0591656 0.0912179 0.0181283 0.0039 0.0408687 0.021476 -0.000271083 0.0770372 0.178971 0.30905 0.0257201 0.000127639 0.0112853 -0.0302063 0.0212979 0.0548183
internal_weight=14633.5 227.127 120.267 28.2695 91.9978 27.804 17.1288 10.6752 7.48781 2.91291 106.859 88.9674 86.444 76.9212 9.52282 2.23568 50.2215 30.9646 19.2569 21.2233 13.7996 2.67653 1.44392 0.885619 7.09389 14406.3 128.058 24.8557 103.202 24.8755
internal_count=282508 16311 12118 137 11981 2989 2197 792 534 261 4193 2838 2803 2463 340 182 1572 1017 555 690 657 479 230 111 203 266197 4192 3184 1008 254
cat_boundaries=0 1
cat_threshold=9441824
is_linear=0
shrinkage=0.05


Tree=196
num_leaves=31
num_cat=5
split_feature=33 16 36 37 14 27 13 9 16 12 16 23 9 26 37 34 12 14 5 34 28 5 26 13 13 38 5 37 13 11
split_gain=5.35124 10.7069 18.848 14.9426 16.4177 18.8083 13.1668 12.3242 22.2095 20.2749 19.9797 20.7868 16.9949 15.3645 17.5604 17.4337 14.3686 12.3233 13.3658 11.9965 11.8074 11.5096 11.5047 15.4273 11.4622 11.2635 11.2138 12.3976 30.6415 11.6203
threshold=0.37416573867740327 0 0.80779448786466046 0.96650101601520444 1 0.34999999999999881 0.41610936647687696 7.5000000000000009 2 -0.29591579977684229 3 6.1223055467860634 21.500000000000004 27.516666666666669 -0.042865692734894316 80.166666666666671 -0.57942109820456411 4 1.7844903124608293 92.833333333333357 97.166666666666671 0.16663331665265244 11.741666666666669 -0.15388490756722698 0.94445443497892156 -2.5666666666665487 0.081649658092772678 -0.86262885459546845 0.31228055688579465 -0.70710678118654757
decision_type=2 1 2 2 1 2 2 2 1 2 1 2 2 2 2 2 2 1 2 2 2 2 2 2 2 10 2 2 2 2
left_child=-1 -2 3 4 6 -6 7 8 22 13 26 12 -12 14 15 21 -16 24 25 -5 -7 -10 -3 -24 -4 -19 27 28 -9 -28
right_child=1 2 17 19 5 20 -8 10 9 -11 11 -13 -14 -15 16 -17 -18 18 -20 -21 -22 -23 23 -25 -26 -27 29 -29 -30 -31
leaf_value=-0.00076865005744137203 0.0040659451525449268 0.023758439826618721 -0.0071252967335339971 -0.032000428304859156 -0.0044636242019602387 0.007716677226814757 -0.027123286638641986 0.02660991060167639 0.18571922688317638 -0.0085782690517201814 -0.011550440201973877 -0.035613243736140325 0.01561435816605946 0.013896485048487393 -0.016867158153030207 0.045346578679425334 0.11254475633595584 0.033140950584603181 -0.11821843108493341 -0.0023992641338293165 -0.045476063906810756 0.071660857692168761 -0.032907095151588704 0.0090806703203943143 0.022936615595701877 -0.016110791813539662 0.012555929708893283 0.007033063383997608 0.19480181670171351 -0.013654932650179603
leaf_weight=8834.9015970561595 2063.4992277632118 18.590473743097391 93.923432487237733 59.69779001257848 440.50494566815905 1440.3675038821821 53.386004161613528 30.420932554232422 4.129184718418399 64.503873743291479 356.11538412154187 75.543099118163809 68.587079496472143 114.54089102422586 14.029278867528776 29.286008701659739 2.4288493719650424 11.963425389898473 3.0255945213139048 80.085998963098973 10.410587140126152 5.0843271613121033 66.067019576497842 32.628553559363354 47.745080204098485 313.6726012963627 68.030585996806622 113.7081563246029 2.8789802561514071 111.38659850694239
leaf_count=187766 45448 455 1500 1491 4543 17302 675 702 99 663 3153 2043 568 722 324 193 52 169 26 594 112 25 1763 423 656 5642 396 4346 46 611
internal_value=5.86332e-06 0.00118641 -0.00041528 0.000932731 0.00164888 0.00456034 -0.00283698 -0.00175818 0.00608615 0.0146443 -0.00509191 -0.0112391 -0.00716083 0.0243452 0.0460571 0.0644959 0.00279548 -0.00977271 -0.014833 -0.0150549 0.00733187 0.124223 -0.0112737 -0.0190309 0.00281652 -0.0142917 0.00453455 0.0149067 0.0416908 -0.00371496
internal_weight=14631.1 5796.24 3732.74 3262.41 3122.63 1891.28 1231.35 1177.96 351.288 234.002 826.671 500.246 424.702 169.499 54.9576 38.4995 16.4581 470.33 328.662 139.784 1450.78 9.21351 117.286 98.6956 141.669 325.636 326.425 147.008 33.2999 179.417
internal_count=282508 94742 49294 41301 39216 21957 17259 16584 4719 2078 11865 5764 3721 1415 693 317 376 7993 5837 2085 17414 124 2641 2186 2156 5811 6101 5094 748 1007
cat_boundaries=0 1 2 3 4 5
cat_threshold=5173300 1952 9439298 9502786 4192
is_linear=0
shrinkage=0.05


Tree=197
num_leaves=31
num_cat=1
split_feature=28 32 16 6 27 29 35 27 28 10 28 27 29 37 31 12 18 35 27 7 12 37 9 26 12 18 32 1 37 4
split_gain=5.08203 5.00377 13.6964 11.1433 8.57244 13.0884 8.71577 12.5572 8.94562 9.13543 8.28151 8.24393 7.13678 11.3718 6.81896 6.7779 6.3929 6.39172 6.29708 6.73473 5.78875 7.47083 6.22775 5.74208 15.8178 14.407 13.3353 9.89564 9.54063 10.1013
threshold=20.583333333333339 1028.0166666666671 0 1.0000000180025095e-35 0.44969125210773392 5.7251797889279175 26.014948670236429 0.96263527187957576 81.166666666666671 -0.60355339059327362 83.583333333333357 0.53541261347363489 2.9719601443879751 -0.90036510850816864 0.90154057280480282 0.55822315702467162 14.860880000000002 17.763873548370206 0.58878405775519094 0.55000000000000016 0.94159970902280288 0.032107915686866946 18.500000000000004 -2.816666666666666 -0.34469468539800246 22.975300000000004 1002.8833333333336 0.4250000000000001 -0.46566550639055088 0.11666666666666668
decision_type=2 2 1 2 2 2 2 2 2 2 2 2 2 2 2 2 2 2 2 2 2 2 2 2 2 2 2 2 2 2
left_child=-1 23 4 18 10 6 7 8 9 -6 -3 -7 -11 -14 -8 -5 -10 -15 19 20 -4 22 -22 24 26 -26 -2 28 -27 -30
right_child=1 2 3 15 5 11 14 -9 16 12 -12 -13 13 17 -16 -17 -18 -19 -20 -21 21 -23 -24 -25 25 27 -28 -29 29 -31
leaf_value=-0.049456623172013242 0.034387818375166572 -0.033113204010205337 -0.023359805728859789 -0.016557675473698432 -0.066555141930859665 0.077352130362009691 0.10082731681985915 -0.022701788391969527 0.1485402269987858 -0.02861838219281412 0.018611269812326563 -0.020757396022716295 -0.026791222304594388 0.15760426353542056 0.0056403962853873654 0.033604824624890964 0.052832457027588486 0.033604973461248792 -0.042268640139347544 0.094700432727983799 0.0079872118503506884 -0.046547926055385574 0.19707327868293967 4.3641722681995224e-05 0.041572954557280647 -0.057555384376087204 -0.037212676076338332 0.048104103831132811 -0.032406515976583582 0.02541694159004201
leaf_weight=5.0913904148910651 8.6893237277399731 21.531119283783482 44.715939829300623 13.380416791886093 2.9100765615585216 2.2490775543847148 6.7522338748676685 11.44776015775278 2.0305642700986928 3.1504773503984378 11.968409858352969 24.290408375585685 2.3338682834291786 2.5751111491699747 2.610682810540311 13.367369845509527 11.316045465413479 1.8086899130139498 42.19196453562472 1.2425646185874928 0.79105407209135525 1.1541264771658459 0.89328741631470621 14271.861383173527 45.059188907733187 7.835188314667902 24.999779814737849 9.4817952420562488 12.00570347585017 19.985184334218502
leaf_count=2551 122 598 3896 72 112 51 190 594 95 113 323 1612 23 105 92 64 255 30 7621 6 94 323 33 259463 1276 208 1057 59 1364 106
internal_value=5.13978e-06 2.26974e-05 -0.00737925 -0.0182539 0.00576198 0.0158512 0.0316957 0.0208279 0.0399162 0.00987594 -0.0146332 -0.012184 0.0328567 0.0616844 0.0746262 0.00854313 0.0683899 0.108335 -0.0281361 -0.015855 -0.0189364 0.049172 0.113693 0.000138255 0.0106747 0.0211694 -0.0186979 0.00247756 -0.00847848 0.0036833
internal_weight=14629.7 14624.6 224.711 117.737 106.975 73.475 46.9355 37.5726 26.1248 12.7782 33.4995 26.5395 9.86815 6.71767 9.36292 26.7478 13.3466 4.3838 90.9889 48.797 47.5544 2.83847 1.68434 14399.9 128.056 94.3671 33.6891 49.3079 39.8261 31.9909
internal_count=282508 279957 16302 12109 4193 3272 1609 1327 733 383 921 1663 271 158 282 136 350 135 11973 4352 4346 450 127 263655 4192 3013 1179 1737 1678 1470
cat_boundaries=0 1
cat_threshold=9441824
is_linear=0
shrinkage=0.05


Tree=198
num_leaves=31
num_cat=5
split_feature=28 33 16 36 14 23 13 9 16 12 16 23 9 26 4 13 11 23 12 38 36 19 14 5 3 26 30 33 5 12
split_gain=4.83215 4.87166 9.96422 17.0617 12.8938 15.0665 12.8835 11.8322 20.6071 18.8289 15.2543 17.4036 14.956 14.0344 16.2784 17.4165 11.4329 15.3084 15.4538 11.9872 11.324 17.3174 11.2416 12.9554 11.9957 12.6787 11.0203 14.144 10.9545 10.9473
threshold=20.583333333333339 0.37416573867740327 0 0.80779448786466046 1 5.6275310099226461 0.41610936647687696 7.5000000000000009 2 -0.29591579977684229 3 6.1223055467860634 21.500000000000004 28.441666666666674 0.18000000000000002 0.31228055688579465 -0.5 8.4185309173466436 -0.80493205379724719 -2.1000000000000791 -0.61556345870230467 43.000000000000007 4 1.7844903124608293 1.0000000180025095e-35 30.516666666666669 23.81666666666667 0.4496912521077458 0.081649658092772678 -0.94723957588908092
decision_type=2 2 1 2 1 2 2 2 1 2 1 2 2 2 2 2 2 2 2 10 2 2 1 2 2 2 2 2 2 2
left_child=-1 -2 -3 4 6 20 7 8 -4 13 28 12 29 14 15 -10 17 -7 -19 -18 21 -6 24 -24 25 -5 -22 -28 -9 -12
right_child=1 2 3 22 5 16 -8 10 9 -11 11 -13 -14 -15 -16 -17 19 18 -20 -21 26 -23 23 -25 -26 -27 27 -29 -30 -31
leaf_value=-0.049390744533276014 -0.00071806181994434363 0.0039253831514611294 -0.010964968619328885 -0.023396827939833515 -0.022599287839121955 0.0099234194416295569 -0.026946306501271378 0.013053421495150604 0.056325233518598652 -0.0084513209928719427 -0.025658579601008716 -0.033225504903762144 0.014169787017379438 0.0091774296390992934 0.022175322842314771 0.19470666834068548 0.042473690513761347 0.15012512240935458 -0.029444030392755123 0.013170631446525983 0.0052076752732261276 0.00074915339955199675 -0.014608392480141947 -0.11758088755686756 0.0090987761693279174 0.12089214084756852 0.02465911200954083 -0.016205708805420126 -0.005091670377845121 -0.0058609582870977547
leaf_weight=4.8495092726079738 8828.3901514740137 2063.4926578671148 119.13899825923727 51.458161450515036 116.39503127039643 121.38010925083654 54.201489465427585 151.35842655718443 25.175422726373657 65.157515105383936 95.218007636081893 74.300271510554012 69.617466271331068 87.959574352658819 55.588771784678102 2.4286064243642604 40.366265448508784 1.1345184695092019 42.828842996415915 255.47131955405348 1038.0369962890691 249.48958262015367 284.54238770529628 2.9900759644806376 128.36830127937719 1.4706678924267169 25.406149441376328 124.75902868947014 184.42393536120653 261.44163103355095
leaf_count=2551 186316 44434 2768 2095 1702 1435 708 5319 537 673 922 2060 578 571 277 44 391 58 1812 3771 10944 2281 4912 24 915 32 199 885 1036 2258
internal_value=4.54622e-06 2.12663e-05 0.00114786 -0.000398183 0.000882978 0.00334641 -0.00310321 -0.00204274 0.00559823 0.0138288 -0.00529039 -0.010697 -0.00701428 0.0231183 0.0378292 0.0691589 0.0112981 0.000766619 -0.0244799 0.017182 0.00100766 -0.00668259 -0.00931699 -0.0151916 0.000796711 -0.0191672 0.00337609 -0.00928006 0.00299962 -0.0111521
internal_weight=14626.8 14622 5793.6 3730.11 3261.28 2015.27 1246.01 1191.81 355.449 236.31 836.36 500.577 426.277 171.152 83.1928 27.604 461.181 165.343 43.9634 295.838 1554.09 365.885 468.83 287.532 181.297 52.9288 1188.2 150.165 335.782 356.66
internal_count=282508 279957 93641 49207 41229 23478 17751 17043 4870 2102 12173 5818 3758 1429 858 581 7467 3305 1870 4162 16011 3983 7978 4936 3042 2127 12028 1084 6355 3180
cat_boundaries=0 1 2 3 4 5
cat_threshold=5173300 1952 9439298 9502786 5216
is_linear=0
shrinkage=0.05


Tree=199
num_leaves=31
num_cat=3
split_feature=28 32 16 38 2 35 30 23 18 32 26 35 12 28 32 28 13 13 9 33 38 1 12 27 11 5 3 16 26 16
split_gain=4.59456 4.56048 12.9064 7.82691 9.78264 9.06924 9.41078 9.79335 13.1228 8.12384 7.9398 7.92375 8.02027 7.52442 8.54066 7.37258 7.16011 6.83837 7.04391 9.39528 6.38459 7.15841 6.27406 10.1836 6.61324 5.53927 15.0013 13.539 12.3872 10.9062
threshold=20.583333333333339 1028.0166666666671 0 0.16666666666679933 0.24000000000000005 26.50602588343212 11.616666666666669 2.1743456372310024 3.6281500000000002 1033.916666666667 17.741666666666671 5.4682510717166828 -0.99466323211226826 87.833333333333357 1030.7166666666669 95.416666666666671 -0.94995492655104952 0.99904236206516794 2.5000000000000004 0.34999999999999437 1.6499999999999206 1.0000000180025095e-35 0.94159970902280288 0.55000000000000027 0.1294095225512602 0.081649658092772678 1.0000000180025095e-35 1 -1.2166666666666663 2
decision_type=2 2 1 10 10 2 2 2 2 2 2 2 2 2 2 2 2 2 2 2 8 2 2 2 2 2 2 1 2 1
left_child=-1 25 3 4 5 15 7 8 -7 11 -9 13 -13 20 -15 -3 -14 18 19 -18 21 -5 -4 24 -24 -2 29 -28 -29 -27
right_child=1 2 22 9 -6 6 -8 10 -10 -11 -12 12 16 14 -16 -17 17 -19 -20 -21 -22 -23 23 -25 -26 26 27 28 -30 -31
leaf_value=-0.049323430361186638 0.0012465505284840253 -0.025121945176670425 -0.035441258067305664 -0.055897982829475425 0.042907721620271115 0.28488611135993291 0.10360528780931111 -0.058077107449097165 0.00635010042945304 -0.033827888414243328 0.14751347336624276 0.094933239372185826 0.054283278477466002 0.040040779167716888 0.13149975528928046 0.046266068550924716 -0.022595401417466868 0.086574027061014774 -0.017440229672808932 0.11810044304208389 0.14551804291694634 0.036358476841496741 -0.044758733707400647 -0.053083496222548765 0.12076987066843398 0.0061199277238453264 0.020752953306834753 0.018108196973445383 -0.00031718893748572266 -0.00765722118867985
leaf_weight=4.6192677116196128 6265.7435221933993 65.782512073026737 51.140861051215325 3.6190409426926653 7.9801168777048579 0.51168318279087355 2.912304665427655 4.6545361293829046 1.3852526043774558 8.4494419411639665 0.42529098503291596 2.3522411128506056 5.6757575613446525 8.1631404946674575 3.7146881988737723 3.7366270346101365 2.3267796888248986 1.8364587761461724 34.573838949785568 2.2655175954569131 0.68275886029004951 4.7386206332594156 0.7456817523343483 2.5257248355192132 2.3128092586994171 160.68803516868502 68.875881113111973 92.366527968086302 6754.480225212872 1056.296722647734
leaf_count=2551 216260 3227 7893 577 38 106 31 597 194 919 12 45 65 92 90 83 110 24 1420 65 99 30 126 358 101 1065 389 644 39359 5938
internal_value=3.54069e-06 1.9462e-05 -0.00708236 0.000712183 -0.00952986 -0.0148469 0.0297465 -0.00211264 0.0919867 0.012217 -0.0383492 0.0178194 0.0067939 0.0435068 0.0695028 -0.0212239 0.00215888 -0.00517092 -0.00968226 0.0478517 0.00896496 -0.00377906 -0.0254677 0.0200837 0.0802735 0.000129261 -0.000731545 0.000169308 -6.8263e-05 -0.00585039
internal_weight=14625.6 14621 222.512 165.787 87.3883 79.4082 9.88907 6.97676 1.89694 78.3983 5.07983 69.9488 49.0306 20.9182 11.8778 69.5191 46.6784 41.0026 39.1661 4.5923 9.04042 8.35766 56.7251 5.58422 3.05849 14398.5 8132.71 6915.72 6846.85 1216.98
internal_count=282508 279957 16302 7824 4288 4250 940 909 300 3536 609 2617 1729 888 182 3310 1684 1619 1595 175 706 607 8478 585 227 263655 47395 40392 40003 7003
cat_boundaries=0 1 2 3
cat_threshold=10033712 67117056 4853792
is_linear=0
shrinkage=0.05


Tree=200
num_leaves=31
num_cat=4
split_feature=35 16 6 33 36 32 37 9 2 17 33 16 31 26 36 35 16 37 3 24 14 3 12 7 36 37 26 23 9 19
split_gain=7.2218 10.2648 11.4875 9.76784 9.65563 10.6413 14.7273 11.455 10.3898 7.71344 7.47436 19.7848 14.151 13.6176 14.5012 13.8196 12.3141 13.6721 14.7313 13.2852 19.9291 17.3173 17.0319 16.8586 20.1658 31.8179 16.7066 15.3317 14.9753 23.3693
threshold=39.855293709521995 0 1.0000000180025095e-35 0.31785962444381649 -0.54454495793111757 1013.0166666666668 0.60065156597652025 15.500000000000002 0.45000000000000007 51.152600000000007 0.19428090415819368 1 1.5000000000000009 4.1833333333333345 -0.66410567899418316 18.003085890713006 2 0.96650101601520444 0.8500000000000002 12.554396375004339 3 0.15000000000000005 0.99466323211226848 0.24000000000000005 0.50135595841331526 0.72558861975631972 21.141666666666669 11.51414991966819 18.500000000000004 48.500000000000007
decision_type=2 1 2 2 2 2 2 2 8 2 2 1 2 2 2 2 1 2 2 2 1 2 2 2 2 2 2 2 2 2
left_child=10 2 3 -2 -5 -6 7 -7 -9 -8 11 13 -13 14 15 -1 19 -18 -19 21 26 22 -12 24 27 28 -21 -22 -26 -30
right_child=1 -3 -4 4 5 6 9 8 -10 -11 16 12 -14 -15 -16 -17 17 18 -20 20 23 -23 -24 -25 25 -27 -28 -29 29 -31
leaf_value=0.043634067186515746 -0.022587882863180732 -0.015150198124566173 0.056628534587713997 -0.014317708357284823 0.011936247964664803 -0.021107126392703159 0.12239293972469618 0.20964160546133814 0.01770104722753435 0.36610986964048936 0.0025925921543328602 -0.0030817954350506466 -0.016888629788706915 0.0053957883711292891 -0.029011603388282223 -0.040403421780855792 5.2799929216274598e-05 -0.015934280944668422 0.022990778184846794 0.0047520624350416898 0.00067382230788604384 0.010135519371440043 -0.027183899128248142 -0.0070872090120868954 0.01662264449200649 0.19590555092343287 -0.032025851257409248 0.080302819038066686 -0.00046547918126375437 0.15864459005499171
leaf_weight=15.850276275363287 27.178423082805239 163.48528865579283 10.258710101246832 13.877076087403109 12.608645091415385 2.9005454676807849 1.0658246469683943 1.4080139411380517 1.3618776442017404 0.50993318867404003 1325.4981990598899 2588.9688885134237 199.82253679723362 1030.5643219728081 58.522119392524473 6.965638091787695 7191.2257236438454 226.36482650414109 27.140434939414263 45.587879326893017 188.34639605507255 1010.2856436772272 49.729219512199052 259.68306024558842 47.385758319171146 2.8763108283746979 95.44582905608695 6.1453877135645589 4.2422007658751664 4.9593712425557896
leaf_count=448 2047 9063 50 587 218 224 113 66 45 42 38812 45838 10112 24358 1603 223 128897 5107 161 347 3320 5826 1130 1300 847 54 1170 199 96 57
internal_value=-8.95716e-05 -0.00878861 0.00697299 -0.000326344 0.0176239 0.0399087 0.0877567 0.0482955 0.119175 0.218403 5.23849e-05 -0.00181614 -0.00405711 0.00380661 -0.015843 0.0179133 0.00074754 -0.000349112 -0.0117595 0.00342281 -0.00287493 0.00516553 0.00151395 0.00183374 0.0110273 0.0364826 -0.01881 0.00322985 0.0280479 0.0860737
internal_weight=14620.3 234.654 71.169 60.9103 33.7319 19.8548 7.24619 5.67044 2.76989 1.57576 14385.6 3900.69 2788.79 1111.9 81.338 22.8159 10484.9 7444.73 253.505 3040.19 654.672 2385.51 1375.23 513.638 253.955 59.4636 141.034 194.492 56.5873 9.20157
internal_count=282360 12455 3392 3342 1295 708 490 335 111 155 269905 82582 55950 26632 2274 671 187323 134165 5268 53158 7390 45768 39942 5873 4573 1054 1517 3519 1000 153
cat_boundaries=0 1 2 3 4
cat_threshold=38838278 92733504 25142 5188
is_linear=0
shrinkage=0.05


Tree=201
num_leaves=31
num_cat=6
split_feature=35 13 26 16 6 11 13 26 37 10 38 36 38 33 16 26 36 27 24 35 28 11 16 14 16 16 37 34 13 30
split_gain=6.62233 9.73752 18.532 17.8582 13.7209 13.8567 13.0917 22.5315 12.7819 7.38295 7.62376 7.09383 11.2231 6.7496 18.1451 14.4121 13.7754 12.9009 27.563 12.4456 11.9667 14.2616 15.9686 11.1252 12.4953 11.0975 12.4264 13.7402 12.5902 12.1211
threshold=39.855293709521995 -0.62731709687429382 9.2416666666666689 0 1.0000000180025095e-35 -0.5 -0.79980977965991029 25.941666666666674 -0.26319459234940729 -0.5 3.7000000000001028 0.82183905257462231 0.26666666666670841 0.19428090415819368 1 4.1833333333333345 -0.66410567899418316 2.2093236629971629 5.4069868178617764 18.003085890713006 64.833333333333357 -0.5 2 3 4 5 0.96650101601520444 87.416666666666671 0.99550911953113241 16.416666666666671
decision_type=2 2 2 1 2 2 2 2 2 2 10 2 8 2 1 2 2 2 2 2 2 2 1 1 1 1 2 2 2 2
left_child=13 2 -2 4 5 6 -4 8 -8 -3 -11 -7 -13 14 15 16 19 -17 -19 -1 21 22 -16 -22 -25 29 -27 -28 -29 -15
right_child=1 9 3 -5 -6 11 7 -9 -10 10 -12 12 -14 25 20 17 -18 18 -20 -21 23 -23 -24 24 -26 26 27 28 -30 -31
leaf_value=0.040964514857082336 0.14842148278455872 -0.001450928192402951 0.016495523365091167 -0.01808093748820792 0.087325779588513563 -0.020477444369323125 0.095709984041398105 0.017366200593731056 0.33017866077843011 -0.028661191365321755 0.089029028036723745 -0.019519394940849977 0.19731456679981846 0.0051876246260868873 0.0084699831258450761 0.0060071807081034613 -0.028912397265279572 0.32819867320567114 0.02683665502387525 -0.039176047180698753 -0.0061851993066506022 -0.02194594151197022 -0.022827469405330592 -0.0073040355752110476 0.0030099542772261279 5.0159120534038038e-05 -0.028849399934979737 0.00076896265428692519 -0.0456170321673708 -0.0019062492828367573
leaf_weight=16.040486734855225 2.0388987470651037 44.792851788224652 11.458855088101702 55.693235703278333 7.1761206313967696 21.823989782540597 1.253507978632115 3.0442597758956254 1.2087440667673934 80.808717076724861 1.3051541093736876 1.4235155893256877 0.90803775994572822 2214.8229311914183 117.31535353773506 817.62810311379144 56.937738574866671 0.86039438602165219 3.7170509205025155 6.831279062665998 1129.082284252072 182.72939490256249 49.943142665026244 385.3282258657855 1131.2013136043679 7191.340782372281 76.88802800673875 158.95811596757267 16.010845632757992 826.93607432977296
leaf_count=448 57 2532 474 2807 35 1010 74 53 35 5221 34 83 40 43806 4106 19506 1435 80 246 223 18019 11745 3275 6038 17461 128897 3643 1483 142 9352
internal_value=-8.62281e-05 -0.00844753 0.00273629 -0.000259952 0.0199076 0.0127885 0.0472851 0.10992 0.219207 -0.0177863 -0.0266846 -0.0115349 0.0695697 4.92468e-05 -0.00172727 0.00446262 -0.015761 0.00648163 0.0892874 0.016962 -0.00359411 -0.0122935 -0.00174133 -0.00245644 0.000358334 0.000709647 -0.000331794 -0.0112467 -0.0034993 0.0032484
internal_weight=14615.5 232.936 106.029 103.99 48.297 41.1209 16.9654 5.50651 2.46225 126.907 82.1139 24.1555 2.33155 14382.6 3897.61 902.015 79.8095 822.206 4.57745 22.8718 2995.6 349.988 167.258 2645.61 1516.53 10485 7443.2 251.857 174.969 3041.76
internal_count=282360 12455 4668 4611 1804 1769 636 162 109 7787 5255 1133 123 269905 82582 21938 2106 19832 326 671 60644 19126 7381 41518 23499 187323 134165 5268 1625 53158
cat_boundaries=0 1 2 3 4 5 6
cat_threshold=38961670 92471360 283142 1606 20486 25142
is_linear=0
shrinkage=0.05


Tree=202
num_leaves=31
num_cat=5
split_feature=33 29 16 36 10 13 6 11 13 14 10 16 14 5 1 37 38 29 32 5 23 29 3 24 14 34 31 33 33 32
split_gain=6.33506 9.99847 20.532 11.1335 10.1985 10.1485 10.5988 11.3419 9.39554 8.92183 15.1881 8.90032 15.3151 15.9689 16.0389 16.081 12.513 11.877 11.5164 12.7564 12.0591 21.5388 12.3217 12.3675 10.3655 10.2758 10.2352 10.3009 9.56795 12.7946
threshold=0.37416573867740327 0.48570226039551589 0 0.71411824180981698 0.98296291314453421 -0.8905837001257676 1.0000000180025095e-35 -0.5 -0.99992632385251334 1 1.0000000180025095e-35 2 3 0.85122372841814753 0.4250000000000001 -0.16522346206326485 2.8333333333334285 4.4984562605386751 1018.4166666666669 0.081649658092772678 1.3943950053203287 3.0456030825826179 0.25000000000000006 18.426966666782029 4 82.166666666666671 1.9500000000000008 0.49888765156983561 0.40276819911981504 1018.5166666666668
decision_type=2 2 1 2 2 2 2 2 2 1 2 1 1 2 2 2 10 2 2 2 2 2 2 2 1 2 2 2 2 2
left_child=1 2 4 9 -1 -5 7 -7 -3 10 -4 12 13 14 15 26 17 -14 19 -13 21 22 -21 -24 -22 -20 -2 28 -28 -30
right_child=11 8 3 5 -6 6 -8 -9 -10 -11 -12 18 16 -15 -16 -17 -18 -19 25 20 24 -23 23 -25 -26 -27 27 -29 29 -31
leaf_value=-0.0077902536278357847 -0.013829253205868192 -0.034316835748503804 0.0018693728977545818 -0.037389020566486804 -0.079410363552374602 0.0098630555986541461 0.017883718958957264 0.094009724093583186 -0.001153178285375715 -0.00057261784107336621 0.048755869910897649 0.004769215675101462 0.015926252856499852 -0.046770751044213382 0.023467169138163279 0.0071485173601812113 0.057077852166039778 0.0036827084816775883 -0.018439654995395797 -0.015969427482477674 -0.006919013625943298 0.030185919545163545 0.011189170862054204 -0.042397784980624367 0.00014679714853288654 -0.0020246497259769607 -0.023653609101946697 -0.00312300160080764 0.047156918587321406 0.19838601116975718
leaf_weight=87.644208015641198 266.45281226400402 21.310698848916218 32.525692568335216 3.6519120514276429 5.1721087857731609 5.4174539929954326 15.609332930296658 15.534073850139977 8510.3757028147811 84.077567128493683 36.750144434248796 1375.3520446852781 310.01374442537781 18.874209344387054 63.844115791842341 220.81790637338418 13.148083150066666 548.5053297370323 147.74793220611173 78.551851695403457 832.89225923269987 80.205760003998876 168.0800355784595 11.406104838475583 1358.5750378938392 268.52838368737139 2.5724791338434461 21.375885172339622 5.4128393342834897 1.8339821900590321
leaf_count=1439 4460 601 529 67 72 92 128 258 182700 1198 537 30746 5327 179 482 7234 295 12165 14119 429 4584 570 1291 83 7468 4410 80 607 126 84
internal_value=-8.40066e-05 -0.000927913 0.00826001 0.0170306 -0.0107098 0.041298 0.0492382 0.0724021 -0.00123642 0.0117542 0.0234032 0.00120031 0.00454162 -0.00160397 -0.000159755 -0.00307315 0.00875001 0.00810523 5.07838e-05 0.000893717 -0.00121342 0.0075723 0.000534353 0.00776208 -0.00256974 -0.00785382 -0.0106562 0.0164038 0.0585152 0.0876084
internal_weight=14612.3 8818.07 286.382 193.566 92.8163 40.2128 36.5609 20.9515 8531.69 153.353 69.2758 5794.19 1472.85 601.184 582.31 518.466 871.667 858.519 4321.34 3905.06 2529.71 338.244 258.038 179.486 2191.47 416.276 297.648 31.1952 9.8193 7.24682
internal_count=282360 187621 4320 2809 1511 545 478 350 183301 2264 1066 94739 31039 13252 13073 12591 17787 17492 63700 45171 14425 2373 1803 1374 12052 18529 5357 897 290 210
cat_boundaries=0 1 2 3 4 5
cat_threshold=1589344 2476 176180 6412 1698
is_linear=0
shrinkage=0.05


Tree=203
num_leaves=31
num_cat=5
split_feature=11 16 14 16 32 33 2 36 35 36 34 28 34 37 34 12 5 29 35 36 26 32 16 34 26 37 14 30 37 27
split_gain=6.16042 27.3416 17.7439 15.6095 14.541 15.2791 18.028 14.0481 11.7513 11.4239 10.6595 17.5643 13.43 9.52554 8.73468 10.97 10.4277 11.571 8.25929 8.46722 8.30047 8.10294 8.95547 8.06482 7.92486 7.4092 7.9592 12.7557 8.19172 7.77741
threshold=-0.98296291314453399 0 1 2 1011.0416666666669 0.28674417556805809 0.35000000000000003 -0.033663406002074008 2.9719601443879751 0.69140619143955673 43.416666666666679 49.833333333333336 64.583333333333357 -0.69648209427681562 91.416666666666671 -0.99054754357789199 0.049999999999999968 3.6204065448697627 1.0000000180025095e-35 -0.73639527076149625 13.483333333333336 1008.6833333333335 3 97.833333333333357 14.016666666666667 0.92971696589317931 4 24.31666666666667 -0.9519826911898398 0.26246692913372766
decision_type=2 1 1 1 2 2 8 2 2 2 2 2 2 2 2 2 2 2 2 2 2 2 1 2 2 2 1 2 2 2
left_child=1 2 7 9 5 6 -5 8 23 18 11 -10 -12 -14 15 -6 17 -16 19 -4 -20 22 -3 -1 -11 26 28 29 -23 -28
right_child=-2 21 3 4 14 -7 -8 -9 10 24 12 -13 13 -15 16 -17 -18 -19 20 -21 -22 25 -24 -25 -26 -27 27 -29 -30 -31
leaf_value=-0.074347551494813938 -0.00029842317394870177 0.0025601543248071437 0.12296521821363116 0.17057185833729643 0.12007751449883225 0.01794603407154402 0.047322362456384291 0.0097363574798494581 0.020106554087116327 0.013980936510728343 -0.011808044340752171 0.16933526457186218 0.11745846338243558 0.051034159342903097 0.024339114131087025 -0.027981575953283679 0.0096719980128347847 0.16284817847376898 -0.034663485041826508 0.005196934700094899 -0.0032360143717502215 0.04400273832768669 -0.023617330726126883 0.033148194972015599 0.10683379431999525 -0.028595592217189932 0.030907245653031247 0.10234185975217457 -0.014600771873989761 0.0026324644377225519
leaf_weight=2.5631622537621288 13980.067043817646 57.059820747759659 2.0660779219469987 4.9386640884913513 1.2562520904466534 11.88978070754092 7.4929569269297653 26.395435207523406 3.1667927820235473 7.2980215023853798 6.7871504875365636 5.259468391072005 6.8699024079833135 25.83721878495999 3.4780413862317827 16.24347719171783 16.970847722142935 2.6202070396393538 33.841458190290723 5.1990622622543006 55.206024153041653 6.4132581957674111 75.430320083600236 4.9610962430015206 3.2792929710121825 18.870330912614008 30.860158463008702 3.6315075526945284 70.872911519865738 113.51521671144292
leaf_count=174 270631 696 78 66 54 120 65 663 166 125 125 92 90 262 71 720 97 56 607 125 914 111 963 33 73 453 428 29 1601 2672
internal_value=-8.04095e-05 0.00475462 0.0170616 0.00680393 0.0244653 0.0587165 0.0972557 0.0354796 0.0540831 -0.00510433 0.0631868 0.114145 0.0520539 0.0653016 0.00985314 -0.016731 0.0300045 0.0855189 -0.0110111 0.039903 -0.0152051 -0.00388442 -0.0139381 -0.00396542 0.0434991 0.00141546 0.00394073 0.0103593 -0.00857868 0.00869339
internal_weight=14610.3 630.274 253.62 171.78 64.8902 24.3214 12.4316 81.8402 55.4448 106.89 47.9205 8.42626 39.4943 32.7071 40.5688 17.4997 23.0691 6.09825 96.3126 7.26514 89.0475 376.654 132.49 7.52426 10.5773 244.163 225.293 148.007 77.2862 144.375
internal_count=282360 11729 4776 3171 1249 251 131 1605 942 1922 735 258 477 352 998 774 224 127 1724 203 1521 6953 1659 207 198 5294 4841 3129 1712 3100
cat_boundaries=0 1 2 3 4 5
cat_threshold=8892930 368 299522 18350176 3138
is_linear=0
shrinkage=0.05


Tree=204
num_leaves=31
num_cat=3
split_feature=35 16 13 24 33 33 32 37 30 28 33 13 10 13 4 13 37 37 33 16 36 14 31 27 24 29 28 11 18 37
split_gain=6.10908 8.83938 10.1636 8.55538 9.73747 7.78406 8.26442 9.39899 21.077 13.6829 20.3998 8.0649 10.0629 8.02637 10.786 6.33377 7.19736 8.28774 5.84146 16.1152 12.7748 15.5488 20.1952 19.3162 12.7752 11.3058 11.159 13.0493 14.7876 10.9117
threshold=39.855293709521995 0 -0.98376170968447474 9.6119460445746103 0.2943920288775782 0.26246692913370734 1014.8166666666668 -0.26319459234940729 17.116666666666671 56.166666666666679 0.44969125210773592 -0.63395513778623447 -0.60355339059327362 -0.77335067770972976 0.18000000000000002 -0.97322851985520697 0.52635400444157032 0.50649238471630376 0.19428090415819368 1 -0.5348782368720626 2 1.975404318670541 0.44969125210773514 4.1379266523263487 2.0274023338281633 64.833333333333357 -0.5 17.587670000000003 0.17271401524685967
decision_type=2 1 2 2 2 2 2 2 2 2 2 2 2 2 2 2 2 2 2 1 2 1 2 2 2 2 2 2 2 2
left_child=18 2 3 -2 -5 -4 11 -8 9 10 -9 12 -7 14 -14 -3 17 -17 19 20 21 22 25 -24 -22 -1 27 28 -21 -23
right_child=1 15 5 4 -6 6 7 8 -10 -11 -12 -13 13 -15 -16 16 -18 -19 -20 26 24 29 23 -25 -26 -27 -28 -29 -30 -31
leaf_value=0.03697143523105275 0.1340453980003842 -0.046284999554565248 -0.023880851698290406 -0.056797693978652912 0.072893017336607496 -0.037792128813200571 -0.0022890044567687872 0.26493826783617908 0.24122261862034922 -0.02127848622166657 -0.045914620700110542 -0.029422563404770549 -0.040604030578871804 0.11956608166578755 0.080904986672600432 -0.0067437039811019091 -0.030818962900362786 0.1292207217534185 0.00066629665675199462 0.0064576386943240973 -0.02465706666397971 -0.011514015059123148 0.28998067596833804 0.066020351514803316 0.0019114535849777091 0.01022050889274753 -0.0022702599144874048 -0.021166563283192143 -0.028643868363722375 0.016390634743619022
leaf_weight=55.185638307535555 2.5058560025645402 14.629191857704425 21.613262493920047 2.2122571840882301 3.7954580194782466 4.4985599159263066 5.6394166690879466 1.1742488051531856 1.5471090557985006 3.6382037453004159 0.8570411690743639 13.72600779996719 3.4636758759152135 2.9388798770960447 3.6600063964724541 107.2824002719135 37.134262446372304 1.0327715593157325 10486.33589367356 128.14039697905537 49.630605362675851 94.344258536119014 1.0225113673077411 7.6628095886262599 501.57360092262388 138.75128822703846 2642.1118484742183 179.53006404946791 39.069213373208186 55.591329227783717
leaf_count=942 120 917 1530 94 50 103 351 97 30 343 88 395 134 40 17 5057 2987 102 187323 4837 1836 2332 74 449 11951 2930 41518 11745 2544 1424
internal_value=-7.7429e-05 -0.0081361 0.00643912 0.0582713 0.0249882 0.000350444 0.0131066 0.0461789 0.0835677 0.037111 0.137783 -0.00203386 0.0238086 0.0514487 0.0220807 -0.0141442 -0.0118537 -0.00532931 5.22858e-05 -0.00160178 0.00422299 0.0117012 0.0202195 0.0953875 -0.000484823 0.0178477 -0.00336601 -0.0118094 -0.00175619 -0.00109111
internal_weight=14610.3 231.349 71.27 8.51357 6.00772 62.7564 41.1431 12.856 7.2166 5.66949 2.03129 28.2871 14.5611 10.0626 7.12368 160.079 145.449 108.315 14378.9 3892.61 903.762 352.558 202.622 8.68532 551.204 193.937 2988.85 346.74 167.21 149.936
internal_count=282360 12455 3392 264 144 3128 1598 909 558 528 185 689 294 191 151 9063 8146 5159 269905 82582 21938 8151 4395 523 13787 3872 60644 19126 7381 3756
cat_boundaries=0 1 2 3
cat_threshold=38838278 92471360 7560
is_linear=0
shrinkage=0.05


Tree=205
num_leaves=31
num_cat=3
split_feature=37 32 5 33 4 38 16 38 36 27 32 27 11 38 24 37 16 14 3 12 33 36 36 34 32 4 7 7 13 31
split_gain=5.21499 11.1588 10.6161 12.5894 8.4943 8.36452 7.27566 9.44696 7.05819 6.76214 6.48572 12.9484 7.70117 6.52573 11.7476 6.26165 23.2758 10.7113 11.6016 11.4891 10.0487 10.0344 13.1719 15.7585 13.8415 11.2389 10.0185 9.14031 13.3825 8.78704
threshold=-0.99240220488803887 1003.2166666666668 0.10000000000000007 1.0000000180025095e-35 0.54166666666666685 -0.8499999999998521 0 -0.93333333333333701 -0.033663406002074008 0.4546060565661954 1011.5416666666669 1.0498677165349095 -0.5 0.03333333333324618 7.8094986994232665 -0.96359284419854352 1 2 1.0000000180025095e-35 -0.69174588062027931 0.81649658092774935 -0.033663406002074008 0.077157063457066286 89.166666666666671 1011.2333333333335 0.64166666666666683 0.55000000000000016 0.55000000000000016 -0.92628984363228806 0.24944382578492955
decision_type=2 2 2 2 2 10 1 8 2 2 2 2 2 10 2 2 1 1 2 2 2 2 2 2 2 2 2 2 2 2
left_child=1 4 3 -3 -1 -4 7 9 -8 -5 -10 13 -13 -12 -15 16 20 21 -19 -20 -2 27 23 24 -23 29 -21 -18 -29 -24
right_child=15 2 5 6 -6 -7 8 -9 10 -11 11 12 -14 14 -16 -17 17 18 19 26 -22 22 25 -25 -26 -27 -28 28 -30 -31
leaf_value=-0.043575244201565944 0.012967665252579112 0.077013212076586068 0.035377365826633082 0.0078104454505353738 0.012034460034893089 -0.00038945759048397677 -0.043495210873682633 -0.016805083894167367 -0.027439785291783942 0.096812931688654333 -0.029727553587014812 0.019500758477400553 0.18642019673056226 0.084542635850697878 -0.028645992703235475 -5.8872713844225262e-05 0.0062948132138715019 -0.028726586047822179 0.012992162119512747 -0.0026400102935645298 0.05151051423523817 0.089212049637515292 0.047002015152890833 0.00025712849667331263 -0.0022406142376207917 0.058237254015218343 -0.037121845176826686 -0.059419398037673245 -0.0017314498812709229 -0.011841833095579478
leaf_weight=31.299878810794326 297.7407970635104 3.7080834014632265 25.876612480729818 3.9653949659550545 8.7414063774049264 44.086632121354342 27.605695961334277 9.1168377552530746 31.651855523959966 4.5696141801308841 12.413606807473121 1.346440328168683 1.3783133384422388 4.3145684421469905 4.6909870894742198 13662.555693304108 65.149534763710108 64.837287035363261 62.529821969568729 60.057839236222208 17.846091179992072 16.713696734979752 7.1328441556252065 14.868040892761199 5.4814514913305166 7.9881694652140132 32.358983486890793 16.01616383343935 26.739790802821517 51.58093436845229
leaf_count=352 3394 84 153 92 78 236 733 314 504 88 367 79 88 110 127 269053 1298 2413 359 369 144 197 101 101 178 42 209 73 136 950
internal_value=6.95695e-05 -0.00766256 -0.00219973 -0.0122671 -0.0314354 0.0128709 -0.0156161 0.011853 -0.0204121 0.0560314 -0.0125858 0.00692017 0.107547 -0.00632098 0.0259157 0.000184864 0.00464196 -0.00298607 -0.0105074 -0.00354769 0.0146973 0.00494642 0.0162742 0.0401291 0.0667176 0.00297887 -0.0147406 -0.00549371 -0.0234293 -0.00462543
internal_weight=14624.4 214.766 174.725 104.761 40.0413 69.9632 101.053 17.6518 83.4015 8.53501 55.7958 24.1439 2.72475 21.4192 9.00556 14409.6 747.041 431.455 219.784 154.947 315.587 211.671 103.765 37.0632 22.1951 66.7019 92.4168 107.905 42.756 58.7138
internal_count=282422 3405 2975 2586 430 389 2502 494 2008 180 1275 771 167 604 237 279017 9964 6426 3350 937 3538 3076 1569 476 375 1093 578 1507 209 1051
cat_boundaries=0 1 2 3
cat_threshold=26378244 25630752 752
is_linear=0
shrinkage=0.05


Tree=206
num_leaves=31
num_cat=4
split_feature=13 16 24 2 27 29 30 31 35 35 38 30 2 16 29 37 27 31 27 32 11 5 33 13 16 23 30 11 16 32
split_gain=5.01334 10.593 11.3701 14.9765 18.6986 10.7527 10.2315 14.3028 11.1629 16.9558 9.89919 11.7233 11.5857 12.1252 10.5124 15.0217 9.77313 12.9656 9.38988 9.3766 9.33162 9.17569 9.04426 9.0416 19.6383 16.9109 12.195 11.3466 15.3917 11.4531
threshold=-0.97322851985520697 0 10.925947536527152 0.24000000000000005 0.65489609014628392 12.211092495338677 14.616666666666669 0.65996632910744524 10.515189666310439 7.0945599899431757 -0.049999999999840831 23.441666666666674 1.2500000000000002 1 7.0553192529232183 -0.58734325041721158 1.1035292311440708 1.114550233153367 1.4337208778404384 1014.8166666666668 -0.12940952255126037 0.20000000000000007 0.55577773335109804 -0.8905837001257676 2 0.80235159828346991 15.116666666666669 -0.37940952255126015 3 1007.3416666666668
decision_type=2 1 2 8 2 2 2 2 2 2 10 2 8 1 2 2 2 2 2 2 2 2 2 2 1 2 2 2 1 2
left_child=1 5 3 4 6 22 8 -8 9 -3 12 -12 13 18 15 21 17 -15 -4 -11 -17 -13 -1 24 25 -2 -27 28 -26 -29
right_child=23 2 10 -5 -6 -7 7 -9 -10 19 11 14 -14 16 -16 20 -18 -19 -20 -21 -22 -23 -24 -25 27 26 -28 29 -30 -31
leaf_value=-0.013449487005511697 0.05401680747896595 0.0050333832134817989 0.023119976925146907 0.015770419467650485 -0.026670136426575949 -0.04680336455217738 0.13249654642823822 -0.010435788116820367 -0.0196132942606164 0.047853324727388263 -0.020083582237724933 -0.03233008753895935 -0.0079874708917642267 -0.0039777130003087772 -0.024125654196245377 0.011188137907158792 -0.046352947057182403 0.071257946708173731 0.075321022935106244 0.19324639791518233 0.080727545679556104 0.021473144809165963 0.020055451796439038 -7.3340192341208593e-05 0.028188084748855941 -0.021902748219411669 0.0052258591347751166 0.018493586201818436 0.0062770985061274933 -0.00013061197812690072
leaf_weight=178.14618873235304 9.7471434778999519 12.31925899218186 39.741516104666516 186.50365911109839 57.954547006171197 21.502128134656232 3.9901874482166013 3.0355320544331335 19.657538038445637 2.4424528721719971 161.41333575866884 15.421000208705665 137.38497605291195 44.554214943957049 22.941176375374198 8.5322749288752693 10.858172555861527 6.4695973282214245 10.962526406627147 2.0768294355948456 11.112214457243679 16.093840651214123 22.618173151277006 12486.145106073425 123.05262322211638 128.87917735805968 60.976561396324541 100.22440164425643 252.60386322985869 465.8804268364911
leaf_count=5974 84 424 338 5334 3532 1307 67 66 944 65 1842 136 1269 347 189 72 132 64 107 58 72 94 855 234952 2258 7374 977 1728 3619 8142
internal_value=6.58029e-05 -0.00335892 -0.000500495 0.00736267 -0.00809026 -0.0127073 0.0166555 0.0714614 0.00593861 0.0357079 -0.00517563 -0.012529 0.00175466 0.0136392 0.00393215 0.0165365 -0.00302061 0.00568256 0.0288529 0.117406 0.0507338 -0.00487311 -0.00966671 0.000316063 0.00457563 -0.00941289 -0.0131916 0.0075608 0.0143772 0.00316934
internal_weight=14623.2 995.731 773.465 287.98 101.476 222.266 43.5218 7.02572 36.4961 16.8385 485.485 235.514 249.971 112.586 74.1005 51.1593 61.882 51.0238 50.704 4.51928 19.6445 31.5148 200.764 13627.5 1141.36 199.603 189.856 941.761 375.656 566.105
internal_count=282422 23288 15152 10490 5156 8136 1624 133 1491 547 4662 2405 2257 988 563 374 543 411 445 123 144 230 6829 259134 24182 8435 8351 15747 5877 9870
cat_boundaries=0 1 2 3 4
cat_threshold=76812816 16809988 14356480 262754
is_linear=0
shrinkage=0.05


Tree=207
num_leaves=31
num_cat=4
split_feature=14 16 24 3 34 12 16 10 10 18 3 23 13 24 37 27 13 5 29 23 32 37 3 4 16 4 34 38 32 31
split_gain=4.9263 16.3332 16.5709 13.5149 12.2556 12.0789 11.5908 29.1223 21.9221 19.8606 32.1531 12.6978 14.0919 39.5169 12.4954 12.3541 11.856 14.5623 11.8928 10.9382 10.7438 11.5103 10.7696 11.0291 12.9084 18.9065 14.6039 60.1625 60.2522 12.3105
threshold=0 1 14.408419319763651 1.8500000000000003 22.416666666666668 0.22132528438243251 2 -0.9159756150367534 0.37940952255126054 -25.168549999999996 0.45000000000000007 2.5726651315838214 0.96477059369951434 7.0482033892964919 0.032107915686866946 0.37416573867739478 0.83910684176851646 0.88942233806787263 0.48570226039551589 3.4243439204017672 1004.1166666666668 -0.95610946539732133 1.9500000000000002 0.58333333333333359 3 0.041666666666666678 21.166666666666668 0.89999999999992053 1016.3166666666668 0.40000000000000013
decision_type=1 1 2 2 2 2 1 2 2 2 2 2 2 2 2 2 2 2 2 2 2 2 2 2 1 2 2 10 2 2
left_child=1 2 -1 4 -3 -4 7 20 -8 10 -10 12 -11 14 -14 -12 18 -18 -13 -7 -2 -22 23 24 25 26 27 -23 -29 -27
right_child=6 3 5 -5 -6 19 8 -9 9 11 15 16 13 -15 -16 -17 17 -19 -20 -21 21 22 -24 -25 -26 29 -28 28 -30 -31
leaf_value=0.003261163020954637 0.01007169004902427 -0.037841059429354201 -0.04679570772007105 0.02858466071248952 -0.0047288775875392744 -0.030214037050491405 0.0012175017581722623 0.0033004354125069726 -0.023617624214578189 -0.00055830155034281112 -0.0054857227958379296 0.039394188175503692 -0.016281421081911551 0.073115086268266599 0.042238664482113664 0.037007134590871717 -0.020510734432036857 -0.13504171901349324 -0.0060198695234480537 0.028231232607370829 -0.04484499247545834 0.0033168996267549144 -0.054817718399857697 0.010769316152097402 -0.014293246252496505 0.014449789926198548 0.025395965908166424 0.93036966855874348 -0.035969904062284119 -0.024018614639392418
leaf_weight=1498.5841464849655 76.856857918784954 28.275865480245557 28.782593984447885 29.924294643104076 1849.5484081224422 16.565883110102735 3308.8297768515185 5372.0273989805137 286.14784552453784 565.17056073679123 36.335627625696361 14.633882061316397 39.88982353953179 25.423740920610726 11.717824942781588 32.181634061969817 90.256497777329059 2.76803184300661 670.77715868625091 15.306137261912225 22.40433501516236 1.8497396925522473 12.150809017941354 72.724728170782328 389.42016392207006 34.748583547770977 35.941692747990601 0.3127887668670154 0.25297620330820791 51.509226286783814
leaf_count=31199 644 7011 847 354 27834 120 72964 85882 7471 8268 216 454 699 163 223 230 2398 15 23607 253 395 812 106 446 7789 164 1404 54 134 266
internal_value=6.31536e-05 -0.00158036 0.00220938 -0.0046731 -0.00522946 -0.0233759 0.0005749 0.00204852 -0.0011851 -0.00566959 -0.0162522 -0.00302666 0.00217757 0.022225 -0.0029381 0.0144974 -0.00731983 -0.0240601 -0.00504465 -0.00214592 -0.007554 -0.00973558 -0.00841492 -0.00744482 -0.0100233 0.00413542 0.0336252 0.150195 0.557779 -0.008523
internal_weight=14621.3 3466.99 1559.24 1907.75 1877.82 60.6546 11154.3 6070.2 5084.13 1775.3 354.665 1420.64 642.202 77.0314 51.6076 68.5173 778.436 93.0245 685.411 31.872 698.172 621.315 598.911 586.76 514.035 124.615 38.3572 2.4155 0.565765 86.2578
internal_count=282422 67618 32419 35199 34845 1220 214804 98096 116708 43744 7917 35827 9353 1085 922 446 26474 2413 24061 373 12214 11570 11175 11069 10623 2834 2404 1000 188 430
cat_boundaries=0 1 2 3 4
cat_threshold=1058 76714548 54814802 4204544
is_linear=0
shrinkage=0.05


Tree=208
num_leaves=31
num_cat=3
split_feature=37 32 31 14 5 4 27 32 31 31 35 38 35 9 9 12 37 16 2 29 33 33 12 28 24 29 14 29 13 36
split_gain=4.74508 10.2544 10.3919 8.09849 8.92387 7.81073 6.8084 17.9621 6.53621 6.73639 6.07974 10.1568 8.90026 9.5555 6.50997 6.03326 5.71823 21.2598 16.0533 10.5895 9.50507 10.2724 10.5531 9.02423 12.4305 10.6129 10.1603 9.17179 8.62702 8.28801
threshold=-0.99240220488803887 1003.2166666666668 1.6499579113843053 0 0.10000000000000007 0.54166666666666685 1.0498677165349095 1013.2166666666668 0.43204937989385755 0.57927157323275946 16.319719024427311 0.03333333333324618 20.226492291144567 8.5000000000000018 16.500000000000004 0.57238288608965349 -0.96359284419854352 1 0.24000000000000005 9.9163022768896152 0.49888765156983561 0.75000000000002853 -0.87448095783103963 85.833333333333357 5.694356585789877 14.869797838974435 2 9.2375338283619417 -0.87444874304365161 -0.076291264667358277
decision_type=2 2 2 1 2 2 2 2 2 2 2 10 2 2 2 2 2 1 8 2 2 2 2 2 2 2 1 2 2 2
left_child=1 5 3 -3 6 15 10 -8 -6 -10 -5 14 -13 -14 -12 -1 17 29 19 20 -19 22 -22 24 27 -26 -25 -20 -24 -2
right_child=16 2 -4 4 8 -7 7 -9 9 -11 11 12 13 -15 -16 -17 -18 18 23 -21 21 -23 28 26 25 -27 -28 -29 -30 -31
leaf_value=-0.052538657746779655 0.033203444918333866 -0.012928130143140218 -0.049888854166632982 -0.022298640132510365 0.052086998511516241 0.011521161611396125 -0.016709530306192575 0.13107681414592565 -0.026470888925457806 0.027726483231557061 -0.029672037005753046 0.14336300953412634 0.10819011860515598 -0.025666709913974125 0.069741623174975384 0.0042982438881413376 -6.4674788250713004e-05 -0.013583518730465703 -0.059566308027605125 -0.048678809096842107 0.099293546465217999 -0.02319243341782716 0.072273424303259698 -0.0056506312142664923 0.0017920941331856057 0.075397520649398128 0.027361189964643852 0.042757792663260463 -0.0018564554550368813 0.011687034397424051
leaf_weight=25.153073420951845 64.228462805098388 57.032160354719963 10.580461016361367 33.182654704956803 16.20253424718976 8.675902911461888 5.4692962948465702 3.1761178246233612 7.9642540030181435 19.796007733792067 10.951103706844153 2.0762915778905144 2.002969358349219 3.5653993732994422 1.8382008036132891 5.7104788161814204 13655.78826521679 160.14193863290711 13.011196706385816 17.570501096925 4.6938072897028169 12.23609646380646 5.1475979301612851 34.771223532501608 196.57228058847249 4.9225899514276525 67.758213364053518 2.5539858270785762 15.550522220903078 147.77482620358933
leaf_count=293 590 833 427 659 95 78 101 134 44 110 295 32 55 118 72 59 269053 3401 364 520 70 108 55 352 2318 101 562 52 188 1283
internal_value=5.86633e-05 -0.00734116 -0.00210702 0.0010183 0.00889096 -0.03029 -0.00245485 0.0384616 0.0269463 0.0121384 -0.00911174 0.0123067 0.0575159 0.0235415 -0.0149531 -0.0420426 0.000168342 0.00442791 -0.00102077 -0.011589 -0.00827085 0.0143155 0.0324103 0.00606958 0.000293051 0.00362681 0.0182866 -0.0426109 0.0168384 0.017398
internal_weight=14616.1 213.377 173.837 163.257 106.225 39.5395 62.262 8.64541 43.9628 27.7603 53.6166 20.434 7.64466 5.56837 12.7893 30.8636 14402.7 746.933 534.93 215.34 197.77 37.628 25.3919 319.589 217.06 201.495 102.529 15.5652 20.6981 212.003
internal_count=282422 3405 2975 2548 1715 430 1466 235 249 154 1231 572 205 173 367 352 279017 9964 8091 4342 3822 421 313 3749 2835 2419 914 416 243 1873
cat_boundaries=0 1 2 3
cat_threshold=610 25561120 1348
is_linear=0
shrinkage=0.05


Tree=209
num_leaves=31
num_cat=2
split_feature=38 13 26 27 13 16 30 16 33 30 12 31 36 36 11 36 38 13 26 4 32 32 12 3 17 35 6 1 31 4
split_gain=4.68475 4.69241 11.2816 9.41897 7.99062 17.9478 11.6897 15.6516 16.6877 14.4966 14.3466 13.4622 15.8206 12.8209 12.2333 10.8168 9.98156 9.94186 23.83 18.5012 14.1535 16.2997 12.9917 11.69 21.4692 10.0415 9.85773 10.3365 9.85419 9.52891
threshold=inf -0.97322851985520697 31.716666666666672 2.5000000000000018 -0.8905837001257676 0 9.3166666666666682 1 0.54999999999998306 12.116666666666669 0.35275208654909496 1.3366625103842287 -0.67908040192267582 -0.78145004367183979 -0.37940952255126015 0.9649693254214825 -1.133333333333155 -0.96477059369951401 17.441666666666674 0.041666666666666678 1015.3166666666668 1014.2166666666668 0.35275208654909496 1.0000000180025095e-35 46.110520000000001 24.599004644533164 0.15000000000000005 1.6500000000000001 0.95000000000000007 0.083333333333333356
decision_type=8 2 2 2 2 1 2 1 2 2 2 2 2 2 2 2 10 2 2 2 2 2 2 2 2 2 2 2 2 2
left_child=1 2 3 -1 5 16 -7 8 17 11 14 15 13 -13 -10 -9 29 18 19 -8 21 -19 -23 25 -25 -22 27 -11 -16 -3
right_child=-2 4 -4 -5 -6 6 7 9 10 26 -12 12 -14 -15 28 -17 -18 20 -20 -21 23 22 -24 24 -26 -27 -28 -29 -30 -31
leaf_value=-0.0020330794629000752 -0.055100835178772206 -0.050245131325453031 -0.047257434227063071 -0.04488793291687361 -5.4204065908472654e-05 -0.015551594664349308 0.15718958444277922 -0.041959659132153763 0.095146294427700853 0.0072386549042103947 0.12584556321015852 0.034769116574109513 -0.022989653176218615 0.19111269212169965 0.041931557785893671 0.083436434836923534 -0.025516627119170517 0.014209559518012178 -0.011753830431888795 0.043317228599394179 -0.048828862606151185 0.0093200193391653266 0.11433252945459201 0.048141893048533009 -0.020969075804347603 0.014516346399830389 -0.0082918516018091106 0.05546538032311759 -0.041936334963050242 0.047241986105699692
leaf_weight=965.79600511709577 3.7487215079599983 3.2927685512986491 14.251750378403811 12.894496279943267 12474.986769791503 58.390458181151189 5.2747014081105652 39.15288636891637 6.0788912747229977 524.16164741612738 5.5850062166573471 6.91109872731613 12.500529426848514 1.5390098701464028 9.4983747411752102 1.7078257657703932 73.489618853403954 148.54020382990711 11.960276697762309 10.963233076035975 22.144952581904366 4.8240353629225847 7.5398270539008081 19.616416156291962 26.03869691863656 8.6505635865032655 107.99183260649443 11.254236936569212 5.4192949526477596 9.5721865817904455
leaf_count=20875 60 596 1671 742 234892 3461 107 1567 95 6831 84 272 712 77 223 66 4165 2810 616 51 844 251 70 96 142 268 548 52 113 65
internal_value=5.57808e-05 7.03102e-05 -0.00324786 -0.00260223 0.00031229 0.00431511 0.00611722 0.00744859 0.0169738 0.00321473 0.0552571 -0.019849 0.0126991 0.065146 0.0359734 -0.0365277 -0.0164979 0.0137613 0.0417808 0.081043 0.0104163 0.0188286 0.0737631 -0.00729045 0.00876582 -0.0310456 0.00548313 0.00826253 0.0113876 0.0220952
internal_weight=14613.8 14610 992.942 978.691 13617.1 1142.1 1055.74 997.354 292.134 705.219 26.5816 61.8114 20.9506 8.45011 20.9966 40.8607 86.3546 265.553 28.1982 16.2379 237.355 160.904 12.3639 76.4506 45.6551 30.7955 643.408 535.416 14.9177 12.865
internal_count=282422 282362 23288 21617 259074 24182 19356 15895 5770 10125 515 2694 1061 349 431 1633 4826 5255 774 158 4481 3131 321 1350 238 1112 7431 6883 336 661
cat_boundaries=0 1 2
cat_threshold=4915200 67111474
is_linear=0
shrinkage=0.05


Tree=210
num_leaves=31
num_cat=4
split_feature=27 38 16 37 14 28 37 31 38 34 37 30 35 32 31 27 3 12 23 33 14 34 5 27 35 38 16 24 24 37
split_gain=5.78429 17.2835 11.0669 11.9913 12.8252 12.9714 12.5301 14.7235 12.4467 11.2451 11.1131 11.0095 13.4728 11.3106 9.89177 12.5466 9.49608 9.36619 8.83553 16.0468 12.2684 10.8174 10.314 9.70195 12.2036 24.8357 9.49747 11.4122 13.8913 9.72522
threshold=1.611072796479277 0.29999999999989774 0 0.18344655009624591 1 53.166666666666679 0.78482869589832049 2.7005143053255276 -3.4333333333331093 98.583333333333357 -0.35488261895676693 12.81666666666667 35.502934029806646 1007.6166666666668 0.94816898555261309 1.7682382946499802 0.15000000000000005 -0.26295251545706949 5.2621499190368128 0.5500000000000399 2 63.583333333333336 0.20000000000000007 1.8003085890713004 35.331760656404349 -0.1666666666665719 3 5.3677976643983039 4.5012332689881589 -0.79347759455896139
decision_type=2 10 1 2 1 2 2 2 10 2 2 2 2 2 2 2 2 2 2 2 1 2 2 2 2 10 1 2 2 2
left_child=-1 2 10 8 6 16 7 -5 -4 14 -2 13 -13 -12 15 -8 -6 -17 19 20 23 -21 -22 -10 -25 -26 29 28 -28 -20
right_child=1 -3 3 4 5 -7 9 -9 18 -11 11 12 -14 -15 -16 17 -18 -19 26 21 22 -23 -24 24 25 -27 27 -29 -30 -31
leaf_value=0.00044204672110981376 0.00055373947117943231 -0.015815417436363673 0.089183861422445054 -0.022613549428359764 -0.0076408436306481409 -0.041364104330203294 0.12817502599852953 0.058402679514739 -0.0067176466499958417 0.095940850914418993 0.071467605287020383 0.031841431094256321 0.12133403036028996 -0.011774986131602314 -0.011722338531736806 -0.02377628030326788 0.11494314637235914 0.096963620397516062 0.02900531451247056 -0.051294949146633961 -0.034266515322235166 0.052314641030215686 0.016581363606548157 0.030322757755071719 0.01539165009269822 0.36412731190200098 -0.048227374324450546 -0.02785896934989178 0.12983392813662964 -0.0063071871512721993
leaf_weight=13744.921395121113 103.57719084393466 221.45816480804933 3.9637337171006939 54.784848960873205 5.4304331233724943 60.401351386244642 3.3429509652196447 6.1501183591608415 18.390182105533313 4.5643875764217219 4.7842459341045496 41.283686304319417 4.6073406222276381 24.705660836363677 17.054891708365176 5.2620520531781949 2.1216422729194164 2.1952937504393049 28.251831405708799 2.6953626652830307 32.862034665304236 27.261309509631246 14.227560706436632 24.866583620081659 1.2921844811644407 0.75418966263532539 1.8220450952358067 62.434718747186707 2.4981880728737451 62.351609481556807
leaf_count=244582 1624 14074 59 2518 1108 2768 117 448 490 34 60 523 81 1775 1498 182 14 154 739 286 1444 371 73 1068 105 78 331 3168 180 2210
internal_value=0.000195136 -0.00381886 0.000441009 -0.00379727 -0.0147627 -0.0293322 -0.000902204 -0.0143544 0.00230734 0.0240711 0.010596 0.0257794 0.0410705 0.00192562 0.0119933 0.049207 0.0278494 0.0125799 0.00104478 0.011118 0.000793396 0.0428527 -0.0155959 0.0174233 0.0403331 0.154895 -0.00678945 -0.019485 0.055345 0.00425467
internal_weight=14590.3 845.396 623.938 444.98 161.308 67.9534 93.3545 60.935 283.672 32.4196 178.958 75.3809 45.891 29.4899 27.8552 10.8003 7.55208 7.45735 279.708 122.349 92.3927 29.9567 47.0896 45.3031 26.913 2.04637 157.358 66.755 4.32023 90.6034
internal_count=282162 37580 23506 19443 8841 3890 4951 2966 10602 1985 4063 2439 604 1835 1951 453 1122 336 10543 3915 3258 657 1517 1741 1251 183 6628 3679 511 2949
cat_boundaries=0 1 2 3 4
cat_threshold=34242566 6534 3720 9716320
is_linear=0
shrinkage=0.05


Tree=211
num_leaves=31
num_cat=4
split_feature=38 32 16 34 16 33 16 34 36 30 12 28 12 12 32 12 32 14 32 37 34 23 38 9 12 34 36 27 30 23
split_gain=5.7247 5.58929 14.9907 17.983 18.2794 15.6765 14.1266 14.3318 22.3375 19.8369 17.5884 17.901 17.1798 30.3207 24.263 14.8505 14.3494 14.0911 14.2864 14.074 18.2229 18.9415 14.0349 13.8085 17.2072 14.7649 13.72 12.4688 12.1288 14.6221
threshold=inf 1011.3416666666668 0 52.583333333333336 1 1.1313708498984922 2 62.583333333333336 0.51118028440529939 10.116666666666669 0.83440738405450643 77.583333333333357 0.98218667281832983 0.97516411509186673 1018.7166666666668 0.93568234840038345 1011.7333333333335 3 1001.6833333333335 0.16191832491948441 14.41666666666667 10.650161185323062 0.13333333333326894 5.5000000000000009 -0.33663728424691025 96.416666666666671 -0.7691465339252882 0.33993463423951942 -3.4166666666666661 5.2621499190368128
decision_type=8 2 1 2 1 2 1 2 2 2 2 2 2 2 2 2 2 1 2 2 2 2 10 2 2 2 2 2 2 2
left_child=1 2 5 4 17 23 7 8 9 -3 11 16 13 15 -15 -12 22 -4 -19 20 21 -11 -9 24 25 -1 -17 -6 29 -14
right_child=-2 6 3 -5 27 -7 -8 10 -10 19 12 -13 28 14 -16 26 -18 18 -20 -21 -22 -23 -24 -25 -26 -27 -28 -29 -30 -31
leaf_value=0.015765215487025842 -0.063402831141454202 -0.032993194285439002 0.030850266297154483 0.00077516829881600028 -0.019011605143585186 0.11190530996577817 0.00058873407178331773 0.03330097884318696 -0.034395782841450187 0.12537981959518138 0.021964401572481591 -0.0014150028532474313 0.10042919064398309 0.03086284508678365 0.15394927964077623 0.074868061642539535 -0.018065323090042978 -0.033705604560697634 0.01302245908182469 -0.012980546062088061 0.0084414328488638581 -0.02081000470861176 -0.025826590537106404 -0.019380057962912547 -0.016169123060980114 0.098976644415795317 -0.021801297382141885 0.0056359610310886708 -0.020573931357401414 -0.042694282118496255
leaf_weight=21.960300851584183 3.4386652846587813 49.237443688616622 125.60440950858174 6647.4376433388679 62.277723575942218 2.4633915969170621 5050.6944803338847 28.364624780137092 95.535459365928546 6.9268241160316375 103.3260073075071 1084.9494062935701 4.66763389436528 9.5268141129054147 6.8884109994396558 3.9478814017493269 313.35623411799315 17.980326096527278 171.90178485400975 73.063991331175203 78.036089105880819 3.1989888328243978 15.412604070967062 182.59897256057593 34.421797659335425 6.9622798371128729 39.464830042561516 289.14834306389093 53.382195168407634 2.7795641939155757
leaf_count=1637 59 9437 2919 58204 1921 26 144334 215 8959 624 1435 13683 67 125 87 114 6660 325 4787 3979 2136 419 148 9325 1742 51 679 7130 790 145
internal_value=0.000185001 0.000200427 0.00114361 0.00155838 0.00938706 -0.0106971 -0.000815286 -0.00439172 -0.0143582 -0.00525048 -0.00258683 -0.0046116 0.0104456 0.0188979 0.0831337 0.0116603 -0.0143196 0.0178662 0.00815312 0.00323719 0.0166771 0.0794431 0.0124726 -0.0124048 0.00770122 0.036068 -0.0128585 0.00122893 -0.0122186 0.0471524
internal_weight=14589 14585.5 7562.76 7314.35 666.913 248.407 7022.76 1972.07 305.999 210.463 1666.07 1442.08 223.983 163.154 16.4152 146.739 357.133 315.487 189.882 161.226 88.1619 10.1258 43.7772 245.943 63.3444 28.9226 43.4127 351.426 60.8294 7.4472
internal_count=282162 282103 88067 75286 17082 12781 194036 49702 25554 16595 24148 20706 3442 2440 212 2228 7023 8031 5112 7158 3179 1043 363 12755 3430 1688 793 9051 1002 212
cat_boundaries=0 1 2 3 4
cat_threshold=71303200 25242196 43524672 670
is_linear=0
shrinkage=0.05


Tree=212
num_leaves=31
num_cat=2
split_feature=27 38 16 38 31 37 13 37 27 13 2 32 10 38 2 31 16 12 12 35 32 33 34 23 29 37 27 10 35 26
split_gain=5.31273 15.7398 10.149 11.2695 9.96899 9.17733 11.1466 14.584 10.0256 8.81417 8.70262 10.957 9.0429 9 8.68843 14.3736 10.1649 12.6036 10.2143 9.34244 10.1809 10.5807 8.50453 13.147 24.5729 13.8831 12.7468 11.8041 12.4267 9.90258
threshold=1.611072796479277 0.29999999999989774 0 -2.8666666666665033 2.4106244546409168 0.35184763376896838 0.66012780149078465 0.84689160054150558 2.0325132018574834 0.75674278485945501 0.24000000000000005 1002.5166666666668 0.25881904510252091 -0.80000000000001126 inf 1.2 1 0.52941438753421288 0.12839362511135155 1.9428090415820636 999.61666666666679 0.34999999999993753 58.833333333333336 3.2489208881305962 12.985025486114575 -0.64279216094189007 2.1962087235572798 0.12940952255126045 21.962087235572799 30.783333333333339
decision_type=2 10 1 10 2 2 2 2 2 2 8 2 2 10 8 2 1 2 2 2 2 2 2 2 2 2 2 2 2 2
left_child=-1 2 -2 -4 5 10 -7 -8 9 -9 11 12 -5 -12 -3 16 -16 18 -18 20 -17 -22 23 24 -15 26 27 28 -25 -27
right_child=1 14 3 4 -6 6 7 8 -10 -11 13 -13 -14 22 15 19 17 -19 -20 -21 21 -23 -24 25 -26 29 -28 -29 -30 -31
leaf_value=0.00041224447468014998 0.0063944937978898768 -0.024295683039534569 0.049964000761457399 -0.014569556333768038 0.016114940778712093 -0.040980807027267967 -0.028954682956424824 0.15694246853827462 -0.055574580515687227 0.038856925102896234 -0.016312437435318097 -0.024012418892629644 0.13140599270655479 0.042641099553485801 -0.014516854763219192 0.31957489998544431 0.027106678020589244 0.09822122519262283 -0.056167751902803355 -0.035199408960653614 -0.058510506867112427 0.14350571539138032 0.0034864045945476084 0.26459997586181688 0.33331791544223094 -0.035302272959922193 -0.031977688581904709 0.0030815527142088288 0.069907257748217475 0.16871943527285588
leaf_weight=13744.04654066381 324.74811997674988 119.33959927869728 8.517043035826644 2.0705540388007639 37.072833669779357 47.310943425123696 17.104939521290365 2.0742748857010138 1.8813576429383818 6.1791807226254605 37.232241428864654 66.344353538937867 2.0377659396908712 2.503860412107318 22.285240321099991 0.23239310865756069 29.991163052327465 5.4610714195878236 4.1011858788551754 35.623873454693239 1.5123389561777005 0.98760629861499172 51.229826267110184 1.6176050257636245 0.94628399144858111 7.9179970490222296 1.9674005613487677 1.5782596967765128 1.7562657538801429 0.54355359452893015
leaf_count=244582 7674 8444 162 83 3464 3035 1013 35 174 208 1064 4113 56 210 2059 9 629 81 125 1917 463 347 917 74 41 844 203 75 31 30
internal_value=0.000176023 -0.00367865 0.000380839 -0.00618216 -0.00806498 -0.011623 -0.0263359 -0.00084313 0.0464212 0.0700579 -0.00544074 -0.0190808 0.0592377 0.00352522 -0.015187 -0.00432437 0.0105876 0.0226755 0.0169541 -0.0283308 0.059302 0.0237463 0.0140757 0.042713 0.129509 0.0225328 0.0745499 0.116667 0.168183 -0.0203787
internal_weight=14586.2 842.169 622.635 297.887 289.369 252.297 74.5507 27.2398 10.1348 8.25346 177.746 70.4527 4.10832 107.293 219.534 100.195 61.8387 39.5534 34.0923 38.3562 2.73234 2.49995 70.0611 18.8312 3.45014 15.3811 6.91953 4.95213 3.37387 8.46155
internal_count=282162 37580 23506 15832 15670 12206 4465 1430 417 243 7741 4252 139 3489 14074 5630 2894 835 754 2736 819 810 2425 1508 251 1257 383 180 105 874
cat_boundaries=0 1 2
cat_threshold=42713670 73287684
is_linear=0
shrinkage=0.05


Tree=213
num_leaves=31
num_cat=2
split_feature=38 3 27 38 32 16 28 29 35 2 35 37 37 14 12 37 33 26 26 2 11 33 38 33 31 9 32 37 38 19
split_gain=5.33676 5.2102 4.99841 14.0867 9.9718 11.687 13.3699 14.37 14.6045 11.5085 10.8164 12.4857 20.893 10.383 16.0904 12.4262 12.2184 11.009 20.4404 20.2557 12.1588 9.88798 9.2716 8.9187 10.8089 10.5692 9.66443 8.824 8.47335 8.19424
threshold=inf 5.6500000000000012 1.611072796479277 0.29999999999989774 1014.3166666666668 0 78.416666666666671 12.211092495338677 27.005143053255264 1.7500000000000002 35.331760656404349 -0.26319459234940729 0.032107915686866946 1 0.55822315702467162 0.10761269612619594 0.44969125210773592 26.558333333333337 24.941666666666674 0.55000000000000016 0.91597561503675351 0.41899350299921673 -0.70000000000010221 0.66833125519214986 1.4337208778404384 9.5000000000000018 1000.1583333333334 0.95920113824345388 0.16666666666679933 138.00000000000003
decision_type=8 2 2 10 2 1 2 2 2 8 2 2 2 1 2 2 2 2 2 8 2 2 10 2 2 2 2 2 8 2
left_child=1 2 -1 4 13 6 10 -8 9 -9 -6 -12 -13 15 17 -4 -16 18 20 -20 23 -7 -23 24 26 -25 -15 -24 29 -26
right_child=-2 -3 3 -5 5 21 7 8 -10 -11 11 12 -14 14 16 -17 -18 -19 19 -21 -22 22 27 25 28 -27 -28 -29 -30 -31
leaf_value=0.00037816149209131422 -0.061861638424502131 0.02809729902579455 0.0034673264443489888 -0.014585579281443618 -0.011052112829052796 -0.033061585033772066 0.02102833821208459 0.069959507996185569 -0.047436270013073455 0.26674515683374433 -0.007356274886248796 0.2758386611183733 0.01983940618891546 0.068354114426774706 0.0039155103555016391 -0.029517327374238629 0.11966074045277285 -0.0041330152701506218 -0.0037100104818840901 0.084634501386416316 -0.038280815671098471 -0.024640825699445239 0.0061873644172562043 -0.032919892645949959 0.0039814940233771825 0.052964111300329575 -0.01822505514745856 0.1247522365004205 0.098772564949280606 0.056625539394612429
leaf_weight=13728.230908563768 3.3668463943176894 16.595296462997794 90.608014478813857 216.32665051324875 58.967668254539603 60.709525770551409 15.923234464717099 1.4947306235553695 0.89470101066399355 1.5926097629126159 3.8286331174895167 1.257864456274546 1.970809200662188 3.3965560004580757 3.7581072817556542 41.579720843583345 5.7248092773370445 105.47362291452009 9.8032152891391906 19.040618174825795 12.611872012144884 33.82101742629311 36.369479784625582 4.2135564482887302 30.073759694874752 21.763924446073361 41.422539535618853 1.5408073306607537 3.3453923511551684 9.7082618098356743
leaf_count=244296 59 256 1846 14067 3112 5789 595 126 152 60 174 48 190 53 119 1192 51 1848 195 281 384 1735 3105 85 667 226 1097 131 78 145
internal_value=0.000166667 0.000181413 0.000149414 -0.00360104 0.000227828 -0.00837285 0.00610986 0.0426297 0.126377 0.176656 -0.00402401 0.0540336 0.124865 0.00489465 0.0102928 -0.00643597 0.0743101 0.00833236 0.0167912 0.0546996 0.00811365 -0.0169492 -0.00564514 0.0132788 0.00565722 0.0389609 -0.0115262 0.0113218 0.0235 0.0169383
internal_weight=14585.4 14582 14565.5 837.222 620.895 218.371 85.9303 19.9053 3.98204 3.08734 66.025 7.05731 3.22867 402.524 270.336 132.188 9.48292 260.853 155.38 28.8438 126.536 132.441 71.7313 113.924 87.9465 25.9775 44.8191 37.9103 43.1274 39.782
internal_count=282162 282103 281847 37551 23484 15217 4457 933 338 186 3524 412 238 8267 5229 3038 170 5059 3211 476 2735 10760 4971 2351 2040 311 1150 3236 890 812
cat_boundaries=0 1 2
cat_threshold=84513286 1144
is_linear=0
shrinkage=0.05


Tree=214
num_leaves=31
num_cat=8
split_feature=38 32 11 16 14 16 34 16 13 4 16 9 13 8 26 24 38 13 16 34 16 33 14 9 34 36 2 12 31 31
split_gain=4.94456 4.86031 13.6156 36.4086 39.2533 21.7085 21.3461 17.5569 16.5391 23.0583 21.5908 16.6042 16.1818 37.3703 35.2279 15.6994 16.5027 13.6186 13.5377 16.1116 16.4179 13.9957 13.598 14.842 19.0899 13.3611 14.6319 13.1201 21.485 13.102
threshold=inf 1011.3416666666668 -0.5 0 1 2 64.583333333333357 3 -0.41610936647687707 0.041666666666666678 4 11.500000000000002 -0.44707732260762351 2.5000000000000004 20.88333333333334 3.379904392821889 -4.0583333333333362 0.36874934642598439 5 52.583333333333336 6 1.1313708498984922 7 7.5000000000000009 60.166666666666679 -0.87131708543046915 0.45000000000000007 -0.89445413044074662 0.57154760664940907 0.69999999999999962
decision_type=8 2 2 1 1 1 2 1 2 2 1 2 2 2 2 2 10 2 1 2 1 2 1 2 2 2 8 2 2 2
left_child=1 18 5 -4 15 -3 7 -6 9 10 27 -11 -12 14 -14 16 -5 -8 21 20 -20 22 23 24 -1 29 -27 28 -7 -13
right_child=-2 2 3 4 6 8 17 -9 -10 11 12 25 13 -15 -16 -17 -18 -19 19 -21 -22 -23 -24 -25 -26 26 -28 -29 -30 -31
leaf_value=-0.033309056026215873 -0.060214613606235604 -0.0041394256215040032 0.0038661905335206147 0.15626575656025873 -0.0057084564909871023 0.36965077682371861 -0.0072707077952375203 -0.031214446726049096 0.0014956998153790992 -0.0082627271526644567 0.032652369940143415 0.067108586546842305 0.49896129468527772 -0.0060519650065169357 0.057199151867837555 0.0016200113088988867 -0.017329760959017095 -0.038051049655368235 0.016807611405240036 0.00070078560814610747 0.0010914618982793682 0.10419318623822145 -0.019795290776921843 -0.010695892867488026 0.055390273238192005 0.021907594088661914 -0.0030653940260182179 -0.0078375066850235407 -0.044092955370214681 0.012065056882232453
leaf_weight=8.1084072316298279 3.2906769018736659 885.36425834387774 1514.8731195380969 1.2830615979619313 123.51138163349242 0.50562276644632109 1077.050791255082 206.14017547191179 992.24059230501007 151.89458493888378 158.35162102489267 20.163500538095832 0.90856852353317596 2.1957578736473806 0.86954759294167161 1379.3392213995103 143.45701050723437 37.083791178185493 318.86188544909237 6648.3130597068812 351.85988599556731 2.5260108844377092 159.28962646488799 53.796712254727026 23.338974276091903 102.20209319330752 137.425591154024 55.775580977584468 0.61200596822891384 23.291945792734623
leaf_count=1316 59 18958 30510 22 9697 21 18697 23980 27816 1013 8075 114 66 181 60 35039 10564 910 8031 58204 9051 26 7961 3097 381 593 844 6635 82 159
internal_value=0.000158001 0.000172039 -0.000776046 -0.00243154 -0.00564011 0.00215511 -0.0115271 -0.0227824 0.00553156 0.0117362 0.0249553 0.00506993 0.0331658 0.13373 0.297476 -2.41017e-05 -0.0156841 -0.00829855 0.00105101 0.001444 0.00883115 -0.0102314 -0.0118737 0.004703 0.0324869 0.0122243 0.00759037 -0.00366382 0.158073 0.0377009
internal_weight=14583.9 14580.6 7014.54 4482.74 2967.87 2531.8 1443.79 329.652 1646.44 654.196 219.219 434.978 162.325 3.97387 1.77812 1524.08 144.74 1114.13 7566.09 7319.03 670.722 247.06 244.534 85.2441 31.4474 283.083 239.628 56.8932 1.11763 43.4554
internal_count=282162 282103 194036 129419 98909 64617 53284 33677 45659 17843 15120 2723 8382 307 126 45625 10586 19607 88067 75286 17082 12781 12755 4794 1697 1710 1437 6738 103 273
cat_boundaries=0 1 2 3 4 5 6 7 8
cat_threshold=117442608 6670 50858544 151556 13701120 71303200 25242196 2704
is_linear=0
shrinkage=0.05


Tree=215
num_leaves=31
num_cat=2
split_feature=2 13 16 32 5 16 4 34 38 38 32 32 33 5 5 36 27 18 30 35 35 23 31 18 23 3 3 13 38 33
split_gain=4.85515 17.4821 16.8584 8.39756 7.60112 12.5426 9.06156 7.93222 7.41125 7.60802 7.37901 9.1145 7.82474 7.9999 7.57109 7.2373 17.5211 16.3831 19.0212 13.7413 12.8998 10.4125 9.95658 10.3243 10.9979 9.1915 7.32356 7.21815 10.6455 6.82723
threshold=1.7500000000000002 0.1961425414281969 0 1014.7166666666668 0.80069384267237709 1 0.8416666666666669 91.833333333333357 1.4999999999999434 -1.3999999999999202 1002.1166666666668 1007.3416666666668 0.35590260840104482 0.91893578799261577 1.0354803868458291 1.0000000180025095e-35 0.74087035902976395 1.0000000180025095e-35 14.21666666666667 1.1236095644623239 0.48570226039551589 2.4505010988027229 0.5099019513592794 22.975300000000004 2.7990076178579781 2.0500000000000003 2.6500000000000008 -0.8982586596074329 -0.30000000000001131 0.18856180831637517
decision_type=10 2 1 2 2 1 2 2 10 10 2 2 2 2 2 2 2 2 2 2 2 2 2 2 2 2 2 2 10 2
left_child=4 2 -2 8 -1 6 7 -6 9 -4 29 14 13 -13 -12 16 17 18 -7 -19 -18 -21 25 -24 -25 -17 -27 -16 -29 -8
right_child=1 -3 3 -5 5 15 10 -9 -10 -11 11 12 -14 -15 27 22 20 19 -20 21 -22 -23 23 24 -26 26 -28 28 -30 -31
leaf_value=-0.00010506667038757554 0.017375262016343932 0.01914976420994852 0.018934206137519866 -0.051841514489509549 0.0027180447179420172 -0.12879842555329665 -0.014709513670629304 -0.052536363661430399 0.036468999515546018 -0.021984550725548932 0.01536056824112968 -0.01157415058705575 -0.0050023774564871594 0.03995373534543567 -0.067635871434692782 -0.0015048931939370808 0.052326172870608506 0.016339320530895672 -0.036616603312110522 -0.050860463794563708 -0.0098180382878312322 -0.0026519293861954033 -2.7691997389827582e-05 -0.068475563554133673 -0.010666266266495222 0.074864247032272874 0.0071305272373651252 0.029593590372623598 -0.042756689260064089 0.045870613879361449
leaf_weight=13802.410770076414 48.55882986728102 137.80622195359319 13.389193142764269 14.85529508627951 14.227513656020166 8.5587391071021575 5.8778189532458809 11.83727867156267 7.3341702576726666 72.443099020048976 14.545400733128188 9.6638385914266092 29.448547681793571 33.449295295402408 8.3662156313657743 62.824361914768815 9.9333648420870286 17.76062205247581 16.174724958837032 33.409151565283537 49.693703589960933 16.841673199087381 34.824283704161644 16.090610884130001 16.816318910568953 7.8787924926728001 8.0307298172265273 8.6014974713325518 12.14834810420871 21.457206623628736
leaf_count=276533 413 1469 148 99 67 65 51 54 47 463 84 60 197 226 63 374 58 101 81 186 263 84 250 89 82 48 90 77 84 190
internal_value=-0.000186546 0.00616827 -0.00526164 -0.0156077 -0.000317679 -0.0065806 0.00433146 -0.0224805 -0.0114543 -0.0155869 0.00951329 0.00400393 0.0148579 0.0284037 -0.0140271 -0.0125005 -0.0205442 -0.0341273 -0.0689053 -0.0213971 0.000604937 -0.0347406 -0.004977 -0.0190187 -0.0390553 0.00711126 0.0409321 -0.0287106 -0.012767 0.032838
internal_weight=14565.3 294.387 156.581 108.022 14270.9 468.46 169.623 26.0648 93.1665 85.8323 143.558 116.223 72.5617 43.1131 43.6615 298.837 152.372 92.7449 24.7335 68.0114 59.6271 50.2508 146.465 67.7312 32.9069 78.7339 15.9095 29.1161 20.7498 27.335
internal_count=282096 2639 1170 757 279457 2924 1153 121 658 611 1032 791 483 286 308 1771 838 517 146 371 321 270 933 421 171 512 138 224 161 241
cat_boundaries=0 1 2
cat_threshold=5380708 17097296
is_linear=0
shrinkage=0.05


Tree=216
num_leaves=31
num_cat=0
split_feature=26 19 35 37 26 31 11 26 38 24 13 2 23 37 2 12 12 12 24 36 35 26 35 11 13 27 24 31 35 34
split_gain=4.57496 5.7307 9.03724 7.37159 5.36798 9.91132 12.3589 27.8254 12.3418 14.0669 7.73341 11.1449 7.54454 12.0944 11.1678 8.80729 10.295 12.9187 9.72211 8.47554 8.23251 8.14614 7.91113 7.65416 9.05595 7.49252 8.61192 8.47711 7.32058 15.064
threshold=33.683333333333344 29.000000000000004 28.444877396076311 0.80674575233022372 29.81666666666667 2.1507426375403291 -0.9159756150367534 33.083333333333343 -0.29999999999989763 14.63924623858219 -0.98376170968447474 0.15000000000000005 6.4849753352620167 -0.83289936169525036 1.0000000180025095e-35 0.99275167208230009 0.98218667281832983 0.95768026224311686 16.479879793306587 0.82183905257462231 25.776819545164816 31.716666666666672 23.900254676332359 -0.37940952255126015 -0.6729242335534279 0.95000000000000207 18.544515099715493 1.2965766184522434 2.9719601443879751 21.166666666666668
decision_type=2 2 2 2 2 2 2 2 10 2 2 10 2 2 10 2 2 2 2 2 2 2 2 2 2 2 2 2 2 2
left_child=4 -2 3 -3 -1 6 7 8 9 28 11 -8 -12 14 23 16 17 18 -15 20 22 -22 -20 -14 25 26 -25 -27 -6 -30
right_child=1 2 -4 -5 5 -7 10 -9 -10 -11 12 -13 13 15 -16 -17 -18 -19 19 -21 21 -23 -24 24 -26 27 -28 -29 29 -31
leaf_value=-0.00031607216570908126 -0.051164594662646092 0.0096566498404861353 -0.054314462141847375 0.15639460547403461 -0.037443609088173173 -0.018875183207013382 -0.028301957641350774 0.2807886077178951 -0.043580497332628171 0.21580884172502501 0.019687202934475262 0.086046857571857746 -0.025924167860389466 -0.0027332437722462442 -0.041326133868421204 -0.022781637829543792 0.058872917725759089 -0.05330861621735962 0.034810973255908387 -0.0022092457079065991 -0.014943802643823676 0.055490874350648978 0.097436822741806581 -0.01741774192449402 -0.014490541155737625 0.090116362695664351 0.05358453586166409 0.01749749789908138 0.18260089015439179 0.018668740484211827
leaf_weight=14050.19401887503 9.7162841028475686 11.382632115099113 5.8384766986127934 0.82714451279025603 2.3577796261815802 39.69605517340824 26.814653321664085 1.1141014458844445 3.9374642340699184 1.1686131239985105 94.911737582006026 2.2173967957496634 23.691360605123919 55.598604782600887 22.154971905052662 17.450286777981091 12.008304624876471 7.3413609066046766 51.914954725420102 24.86696370516438 15.06368797644973 5.5295265885069957 5.5367023516446343 14.635385497123936 27.425991000287468 6.9213416016427827 5.913921956671401 9.5423689413000812 1.825597077491693 5.2491911182878539
leaf_count=267814 4120 1086 221 24 261 2046 777 100 135 24 764 11 326 1954 98 93 63 51 612 238 123 100 39 153 337 58 44 114 130 180
internal_value=-0.000176356 -0.0204169 -0.00367314 0.0207871 -0.000137553 0.00503424 0.00716991 0.0506692 0.0312374 0.0591737 0.00557333 -0.0193029 0.00738093 0.00355367 -0.0096779 0.0110262 0.0143541 0.0110973 0.0141119 0.0232065 0.031297 0.00414552 0.0410051 -0.00168408 0.00725429 0.0233625 0.00317667 0.0483862 0.0377076 0.0629257
internal_weight=14562.8 27.7645 18.0483 12.2098 14535.1 484.888 445.192 15.6527 14.5386 10.6012 429.54 29.0321 400.507 305.596 110.285 195.31 177.86 165.852 158.51 102.912 78.0449 20.5932 57.4517 88.1304 64.439 37.013 20.5493 16.4637 9.43257 7.07479
internal_count=282096 5451 1331 1110 276645 8831 6785 830 730 595 5955 788 5167 4403 1130 3273 3180 3117 3066 1112 874 223 651 1032 706 369 197 172 571 310
is_linear=0
shrinkage=0.05


Tree=217
num_leaves=31
num_cat=0
split_feature=27 37 13 12 28 23 19 23 26 36 9 18 32 4 24 31 18 38 32 24 1 18 38 37 23 30 12 38 12 36
split_gain=4.51939 11.0106 10.8146 8.13453 7.10097 15.0251 10.8988 12.5644 10.3314 7.48816 6.29142 9.08761 10.8704 8.20505 6.33263 5.39691 5.26332 5.19565 4.93516 14.5752 19.3458 20.6885 14.0831 13.2989 15.2326 13.1851 14.0163 13.5429 13.992 13.0751
threshold=2.5504084313139335 -0.0087262032186417714 -0.94995492655104952 -0.95260028690456633 53.833333333333336 7.1817423608287632 36.500000000000007 8.1223059022876836 14.34166666666667 0.67557164605036701 6.5000000000000009 8.7002500000000023 1007.7833333333335 0.78333333333333355 4.7918544110273311 4.6310545955178153 13.9214 -0.4999999999999431 1007.9166666666669 3.576276538567273 0.24000000000000005 133.33485500000003 2.10000000000008 0.7771459614569709 1.5596743355743838 -0.48333333333333323 0.26295251545706949 3.0000000000000573 0.90927406153630363 -0.19560491697993096
decision_type=2 2 2 2 2 2 2 2 2 2 2 2 2 2 2 2 2 10 2 2 2 2 10 2 2 2 2 10 2 2
left_child=18 2 -2 -4 15 9 8 -8 -7 10 11 -6 -13 14 -12 -5 -11 -9 19 20 21 23 -22 -1 -25 -21 -27 28 -28 -26
right_child=1 -3 3 4 5 6 7 17 -10 16 13 12 -14 -15 -16 -17 -18 -19 -20 25 22 -23 -24 24 29 26 27 -29 -30 -31
leaf_value=-0.0093276510611710259 -0.04314007358391192 -0.03084793937831334 -0.051391900015523399 -0.039348678002003888 -0.071255447636772926 0.35089591039311152 0.1251623140395336 0.051529810843762514 0.09415194667938459 0.12471022493110967 0.018343529385875797 0.18907817374087171 0.017816673207675961 0.085874398317064546 -0.051139584845323244 0.076369417614696511 -0.0086989144075001693 -0.035835488852843586 0.00048122995565872615 -0.034781007096261751 0.034371599872988719 0.12479714919172598 -0.024476562288918369 0.051180436781192377 0.032305426891267676 -0.0043047609293242733 0.0064374693103372545 0.03740680983723161 -0.0045319080455452311 -0.027037727822199039
leaf_weight=152.14916783367516 10.480674168589756 40.495365020789905 4.4408298154594368 7.0687360496667662 1.2319622233626493 0.53458027527085406 3.6668119084788469 3.5265075367642558 1.3304311136598697 1.9747463719686487 4.6280732322484281 1.3605010290630164 2.5996453166590072 1.5873663052916516 10.804874850582562 1.0777921495318876 1.1293991585844194 3.1116217560484083 10418.023322929861 31.161789242702071 85.208822093904018 3.1939678250928401 11.469854995608328 22.236995952902362 16.451026836934034 2498.7371908651548 641.44165670633083 26.71145199687453 531.5001158376399 21.034891387680545
leaf_count=3314 524 5504 385 557 55 103 79 65 83 60 210 32 149 8 476 62 163 60 226738 370 565 135 56 270 332 29151 6960 222 4880 528
internal_value=-0.000167775 -0.0106998 0.00280269 0.0124855 0.0188006 0.0279872 0.0733985 0.0522104 0.181856 0.00595462 -0.00433398 0.0433358 0.0798611 -0.019044 -0.0303189 -0.0232987 0.0774146 0.0106533 -9.40979e-05 -0.00157721 0.00880703 0.00045275 0.0273718 -0.00147973 0.0184957 -0.00244541 -0.00217203 0.00227019 0.00146691 -0.000977798
internal_weight=14560.4 101.05 60.5546 50.0739 45.633 37.4865 12.17 10.3049 1.86501 25.3166 22.2124 5.19211 3.96015 17.0203 15.4329 8.14653 3.10415 6.63813 14459.3 4041.3 311.745 215.066 96.6787 211.872 59.7229 3729.55 3698.39 1199.65 1172.94 37.4859
internal_count=282096 8575 3071 2547 2162 1543 390 204 186 1153 930 236 181 694 686 619 223 125 273521 46783 5200 4579 621 4444 1130 41583 41213 12062 11840 860
is_linear=0
shrinkage=0.05


Tree=218
num_leaves=31
num_cat=4
split_feature=2 16 3 23 32 37 14 1 1 36 26 36 36 36 37 7 16 32 10 16 31 24 12 28 12 13 38 3 23 11
split_gain=4.50123 16.9894 12.2299 12.734 12.1038 13.3872 9.76506 8.94768 12.5173 11.9749 8.68991 8.36178 19.4923 16.8874 7.95477 7.63855 16.1309 18.2032 16.9457 16.6584 11.4584 11.8948 10.1275 13.2468 9.13469 8.60466 9.6327 8.58289 10.1966 8.56921
threshold=1.1500000000000001 0 0.15000000000000005 3.0221950183766597 1017.6166666666668 0.17271401524685967 1 1.0000000180025095e-35 0.35000000000000003 -0.68683784640148027 7.6583333333333341 -0.56336262667396342 0.14271521146242397 0.66017497840260886 0.33164093249239451 1.0250000000000001 2 1009.6416666666668 0.37940952255126054 3 0.66833125519211467 6.1374066762944484 -0.99466323211226826 88.833333333333357 -0.91628314851554105 -0.96011450294824408 -0.96666666666664003 2.1500000000000008 1.0303975046270948 -0.98296291314453399
decision_type=10 1 2 2 2 2 1 2 2 2 2 2 2 2 2 2 1 2 2 1 2 2 2 2 2 2 10 2 2 2
left_child=15 2 3 -2 6 -6 11 -8 9 -9 -10 -3 -13 -14 -15 29 17 18 19 -17 21 -20 23 -18 -22 26 -19 28 -27 -1
right_child=1 4 -4 -5 5 -7 7 8 10 -11 -12 12 13 14 -16 16 22 25 20 -21 24 -23 -24 -25 -26 27 -28 -29 -30 -31
leaf_value=0.0062784766845089546 -0.036012377491248485 -0.03376651969298522 0.020446167728664776 0.016980346039074893 -0.0056602090906359972 -0.085010305764171401 0.025171733606977192 -0.075442330186984277 0.053567754937030913 -0.0087975817222401657 0.00478263362298623 0.020465300570142897 -0.047538767245483032 -0.0099763412019141587 0.052937061411231112 0.010961688823770707 -0.0058239115099045866 -0.06034203209726266 -0.036497145196188463 -0.019319827126626783 -0.056221237485056766 0.019881018769415514 -0.0081142969957776583 -0.071613703026614114 -0.0032514517721665259 0.034724443926146958 -0.0020063678830493006 0.034330171799159606 0.0055518646478845517 -0.00019074669622890612
leaf_weight=535.04062413517386 21.718419767916203 31.605615984648466 188.38847608212382 23.507671616971493 12.64822005107999 9.0878218449652177 49.329269118607044 8.5928443819284421 10.012264080345629 30.16029068082571 94.095188339240849 44.497029328718781 32.200024746358395 18.637434578500692 6.7675120793282977 52.133862365037203 15.918456126004459 8.2314454205334169 10.148544531315563 230.49182080104947 8.867678474634884 108.22755824960768 660.74358338490129 14.667050074785946 88.268260985612869 32.671670591458678 47.031901605427265 33.75352742895484 349.22693306021392 11781.723950189
leaf_count=11133 106 193 1996 110 99 66 232 43 207 174 773 296 202 162 58 312 80 54 105 1388 46 672 3801 98 486 292 281 300 1973 256358
internal_value=-0.000159548 0.00415136 0.0142339 -0.00849106 -0.00295084 -0.0390738 -0.000620858 0.00649754 0.00049081 -0.0237311 0.00952132 -0.0105473 -0.00436583 -0.0235489 0.00692473 -0.000338848 -0.00352228 0.000678553 -0.00597683 -0.0140277 0.00458286 0.0150209 -0.00928546 -0.0375035 -0.00813999 0.00773285 -0.0107887 0.0101974 0.00805603 9.03253e-05
internal_weight=14558.4 581.248 233.615 45.2261 347.634 21.736 325.897 192.19 142.861 38.7531 104.107 133.708 102.102 57.605 25.4049 13977.1 1660.38 969.053 498.138 282.626 215.512 118.376 691.329 30.5855 97.1359 470.915 55.2633 415.652 381.899 12316.8
internal_count=282096 4717 2212 216 2505 165 2340 1429 1197 217 980 911 718 422 220 277379 9888 5909 3009 1700 1309 777 3979 178 532 2900 335 2565 2265 267491
cat_boundaries=0 1 2 3 4
cat_threshold=80845328 370 50653236 311296
is_linear=0
shrinkage=0.05


Tree=219
num_leaves=31
num_cat=2
split_feature=37 16 28 24 2 11 23 7 19 9 34 13 32 29 1 9 30 13 13 27 31 31 13 13 37 27 24 28 14 33
split_gain=4.2807 44.4357 16.1248 15.5223 14.5425 12.1471 18.008 19.638 19.5394 25.6257 22.3358 21.1652 19.279 17.3688 15.3763 14.1891 13.8295 13.7354 13.2791 12.8637 12.6294 12.5881 22.4817 21.3099 12.5335 12.3922 11.3898 12.4882 10.709 12.5652
threshold=-0.86262885459546845 0 91.833333333333357 18.544515099715493 0.65000000000000002 0.25881904510252057 7.1175417476560705 1.0000000180025095e-35 599.50000000000011 13.500000000000002 72.583333333333357 -0.20454453068330639 1022.8166666666668 4.4984562605386751 0.15000000000000005 2.5000000000000004 17.316666666666674 -0.78938882915716746 0.22968774213179544 1.5000000000000009 0.32998316455372256 0.87305339024725381 0.68552235175575782 0.34470738398793405 -0.87937575203918483 0.35000000000000103 8.2479026724435833 96.583333333333357 1 0.61282587702834146
decision_type=2 1 2 2 8 2 2 2 2 2 2 2 2 2 2 2 2 2 2 2 2 2 2 2 2 2 2 2 1 2
left_child=1 5 3 -3 -5 6 7 8 9 11 13 17 14 -10 19 24 -12 -1 -13 28 -14 23 -23 -20 -7 -16 -4 -28 -9 -30
right_child=-2 2 26 4 -6 15 -8 12 10 -11 16 18 20 -15 25 -17 -18 -19 21 -21 -22 22 -24 -25 -26 -27 27 -29 29 -31
leaf_value=0.075068486836224413 -0.00055277489833317664 -0.0083488840691421044 0.017091253203601334 -0.0057569472488490578 0.017194194728963313 0.022514109490004056 -0.0042526486416104908 0.018778679466983313 0.040715325362242337 -0.0065600417500387533 0.011317853087631892 -0.040543298799052399 0.026083803858613055 0.29637826947100016 0.012397469105983879 -0.0034131118309524986 0.14551334821073178 0.2164091771402748 0.1870708865060241 0.063779172043432905 -0.032136047636408316 0.036495018677744455 0.29119389651667199 0.0034838372686432032 -0.026884694873326783 0.037185910202646742 0.00097066197719106748 -0.062924504082801966 -0.010986674483925755 0.030163661097318075
leaf_weight=4.1599775629583746 11941.454495611892 1083.850737135479 142.48189239256317 148.48304643295705 128.8072375258198 110.99140942574013 113.27531040745089 79.36645392794162 1.0104147301753976 24.207518518087454 5.4257248286157829 4.246972476947124 12.730218749493359 2.0624204943305813 84.562037916854024 280.37029337105923 2.8873135037720203 3.0520422845147577 1.7830542474985112 9.8613491728901845 34.001813884824514 2.1936834781663488 1.3694805549457667 9.8679538820870203 14.433304954669437 125.28973287437111 45.706552220392041 9.0830815723165852 107.41679791733623 22.320161573588848
leaf_count=89 245292 20923 1548 1292 737 1138 2793 470 36 740 138 135 68 93 510 2997 33 86 44 54 180 78 56 403 156 717 469 72 635 114
internal_value=-0.000151512 0.00168061 -0.00368832 -0.00564831 0.0049067 0.0095415 0.0138631 0.0176787 0.0440647 0.0306945 0.103026 0.0644034 0.0142153 0.216244 0.0175389 0.00284094 0.0591027 0.137024 0.0369284 0.00826427 -0.0162546 0.0586779 0.139664 0.0329326 0.0168126 0.0272078 0.00964438 -0.00971728 0.00561694 -0.00361119
internal_weight=14556.8 2615.3 1558.41 1361.14 277.29 1056.89 651.09 537.815 62.2666 50.8807 11.3859 26.6732 475.549 3.07284 428.817 405.795 8.31304 7.21202 19.4611 218.965 46.732 15.2142 3.56316 11.651 125.425 209.852 197.272 54.7896 209.103 129.737
internal_count=282096 36804 25041 22952 2029 11763 7472 4679 1931 1631 300 891 2748 129 2500 4291 171 175 716 1273 248 581 134 447 1294 1227 2089 541 1219 749
cat_boundaries=0 1 2
cat_threshold=25565280 1436
is_linear=0
shrinkage=0.05


Tree=220
num_leaves=31
num_cat=2
split_feature=4 36 17 29 16 37 34 32 14 38 5 35 26 7 33 5 24 37 36 9 35 37 26 35 10 10 6 27 27 5
split_gain=4.72662 8.71256 5.389 4.69232 20.211 11.6069 10.5782 12.2716 9.42965 11.6046 11.43 10.0024 9.20857 9.23504 8.99017 9.26194 10.7011 9.33767 8.68115 8.36611 8.90406 7.71917 6.65973 6.60452 6.25485 11.2446 6.10865 6.08931 6.05893 6.01534
threshold=4.2583333333333337 -0.67138327286058253 48.298370000000006 0.48570226039551589 0 0.95570397517454631 67.583333333333357 1020.1166666666668 1 -1.0499999999998975 0.15000000000000011 2.8479344402135331 4.1833333333333345 0.95000000000000007 0.29439202887761684 0.050000000000000003 6.216085362592171 -0.27412738554142119 0.89294642355262399 13.500000000000002 21.962087235572799 0.095842103007655638 7.3333333333333348 1.1236095644623239 0.91597561503675362 1.0000000180025095e-35 1.0000000180025095e-35 0.15000000000000027 0.24944382578492955 0.1247219128924648
decision_type=2 2 2 2 1 2 2 2 1 10 2 2 2 2 2 2 2 2 2 2 2 2 2 2 2 2 2 2 2 2
left_child=3 -2 -3 4 5 6 -1 14 9 28 18 12 -11 -14 15 16 -8 -17 -10 20 22 27 -13 -16 25 -12 -21 -18 -6 -5
right_child=1 2 -4 29 8 -7 7 -9 10 11 24 19 13 -15 23 17 21 -19 -20 26 -22 -23 -24 -25 -26 -27 -28 -29 -30 -31
leaf_value=-0.020088791874192883 -0.046665021422421654 0.045828385551817341 -0.026706694458772551 0.00058761848349210902 -0.083214216799887109 0.10554736842422581 0.019304283365675568 -0.020286647875126834 -0.028772289515076578 -0.020961627320200866 -0.0071263593430139025 0.068149613965528363 0.098428150485651719 0.013032595718844374 0.046861805750326585 0.0072881551353480003 0.002127333589311962 0.047036910780880598 0.028025869714902302 -0.036575353771648451 0.083242317789200229 0.13944169691722294 -0.0076816681674643757 0.0035178322793697537 -0.035519178400396735 0.040685895412538114 0.025120238537564728 0.088001185622930092 -0.0092373510278170503 -0.0014902633510223567
leaf_weight=18.423224118771031 3.7888740152120617 17.171117097139362 2.9386587850749484 7947.0481053641852 3.9580341865075743 3.5763095180736846 9.2068596733734029 17.080459384247661 82.709330624580616 3.4871992193220676 33.910263079218566 3.6155942706973354 9.1982200009224453 4.8522215560078612 10.364867283962665 33.780299073085189 3.0057455550413561 26.22315801680088 7.2437227028422049 13.261511652963238 5.2596627981401971 4.8773060541134319 13.044706043321638 54.997425192035735 8.6124227512627822 19.172661719843745 5.6514216847717753 6.5268215307733044 8.8000693427165952 6200.5272269602865
leaf_count=881 39 312 52 241032 68 104 150 305 1522 52 215 53 166 31 96 204 44 154 116 337 122 75 201 485 49 118 33 119 154 35207
internal_value=-0.000133538 0.0220379 0.0351491 -0.000170085 0.00509685 0.0166539 0.0157766 0.0197653 -0.00517732 0.0090956 -0.0120218 0.0198172 0.0512854 0.0692379 0.0243677 0.0352193 0.0617067 0.0247088 -0.0241724 0.0062094 0.0271751 0.088479 0.00908355 0.0104522 0.00375915 0.0101867 -0.0181048 0.0612272 -0.0326564 -0.000323069
internal_weight=14582.3 23.8986 20.1098 14558.4 410.84 188.062 184.486 166.063 222.777 71.1286 151.648 58.3705 17.5376 14.0504 148.982 83.6202 23.6167 60.0035 89.9531 40.8329 21.92 14.4099 16.6603 65.3623 61.6953 53.0829 18.9129 9.53257 12.7581 14147.6
internal_count=282496 403 364 282093 5854 2617 2513 1632 3237 1217 2020 995 249 197 1327 746 388 358 1638 746 376 238 254 581 382 333 370 163 222 276239
cat_boundaries=0 1 2
cat_threshold=92647430 434
is_linear=0
shrinkage=0.05


Tree=221
num_leaves=31
num_cat=2
split_feature=28 29 16 37 34 32 14 2 38 35 33 26 26 5 37 26 9 35 35 36 33 23 28 13 24 13 12 12 1 13
split_gain=4.24865 4.20533 17.7634 10.0225 9.42697 10.9317 8.50449 11.5282 10.4527 8.88986 8.30003 8.17831 8.06461 9.90889 8.5793 10.4192 7.50716 7.60951 7.48737 7.28943 11.8416 7.61187 10.896 7.43942 6.66067 8.65634 6.61851 7.46622 6.92947 7.50968
threshold=20.583333333333339 0.48570226039551589 0 0.95570397517454631 67.583333333333357 1020.1166666666668 1 0.8500000000000002 -1.0499999999998975 2.8479344402135331 0.29439202887761684 4.1833333333333345 16.541666666666671 0.24719640003162371 -0.43543984630661753 9.9833333333333361 13.500000000000002 24.922099261579969 11.484883511361753 0.85531826000483335 0.16329931618555915 3.4565398152522997 65.166666666666671 0.38465092912467852 6.6740817262440695 -1.0000000180025095e-35 0.98218667281832983 0.87857987807829374 1.0000000180025095e-35 -0.042904758199554145
decision_type=2 2 1 2 2 2 1 10 10 2 2 2 2 2 2 2 2 2 2 2 2 2 2 2 2 2 2 2 2 2
left_child=-1 2 3 4 -2 10 8 19 -4 11 12 -10 14 18 15 -6 17 -11 -14 21 -21 26 -23 -22 -13 -26 27 28 -8 -30
right_child=1 -3 6 -5 5 -7 7 -9 9 16 -12 24 13 -15 -16 -17 -18 -19 -20 20 23 22 -24 -25 25 -27 -28 -29 29 -31
leaf_value=-0.049210103411091485 -0.019296868886773177 -0.00025675952567872425 -0.031156882134516214 0.096793099660739595 0.044438808714627 -0.019465027791469261 -0.043711894227211147 0.045499740986598258 -0.019927184126792938 0.011308069839545808 0.0095114185457924865 0.12236684984660723 0.11352018435854792 0.025809999886518765 0.041587822442525499 -0.019892652492807923 -0.017442111854239061 0.085881763082382295 0.038129410276221742 -0.041910398718808556 -0.0030305683471104623 -0.054344333127072812 0.020207190957394761 0.078316070944958183 0.0033681925471416847 0.093667870868498829 0.031073652007860209 -0.088569199329275164 -0.049646289671530668 -0.0049064010731946226
leaf_weight=4.307518914632964 18.169277358421823 14168.338244251703 12.6173001252464 3.7104373335605478 9.4970711525529641 16.919768145540729 33.143561429635156 8.1275132829323393 3.4899327843158998 18.025529151491359 65.810963572468609 3.6671314849518231 8.5842500627040881 14.872102867811916 27.695895982906222 18.188526103273034 18.586240320350043 4.1343225523596621 5.5360790436388916 5.9480571254389387 4.8028609643224609 6.225532899930843 21.668864228471648 6.6512790299020708 5.8923597190296277 4.7407222335459647 4.7242505730828261 4.9134631406341205 11.920914890244601 42.806670747697353
leaf_count=2559 857 274173 179 103 101 305 603 101 52 278 593 70 70 90 243 161 363 98 79 62 49 342 341 73 89 30 39 77 68 248
internal_value=-0.00012694 -0.000112101 0.00487269 0.0156603 0.0148289 0.0185487 -0.00479876 -0.011325 0.00873187 0.0188574 0.0228414 0.048241 0.0332151 0.054556 0.0219649 0.00225567 0.00594153 0.0255445 0.0844381 -0.0153812 0.0148781 -0.0195887 0.00343393 0.0444754 0.0649001 0.0441256 -0.0261716 -0.0291166 -0.0256954 -0.0147245
internal_weight=14583.7 14579.4 411.071 188.984 185.274 167.105 222.087 150.933 71.1535 58.5362 150.185 17.7901 84.3739 28.9924 55.3815 27.6856 40.7461 22.1599 14.1203 142.805 17.4022 125.403 27.8944 11.4541 14.3002 10.6331 97.5089 92.7846 87.8711 54.7276
internal_count=282496 279937 5764 2602 2499 1642 3162 2003 1159 980 1337 241 744 239 505 262 739 376 149 1902 184 1718 683 122 189 119 1035 996 919 316
cat_boundaries=0 1 2
cat_threshold=92647430 434
is_linear=0
shrinkage=0.05


Tree=222
num_leaves=31
num_cat=1
split_feature=4 17 31 31 33 14 33 24 34 26 27 13 13 6 26 3 2 35 27 36 23 34 9 12 19 32 12 32 34 11
split_gain=4.33523 8.17293 5.11225 4.22487 10.4531 9.409 10.6431 11.8643 9.80993 8.12051 10.4594 10.7101 9.50508 25.4852 19.392 18.22 14.4551 13.3355 11.8751 14.7178 11.8405 11.5483 16.6487 10.6847 12.9654 10.6186 13.7592 12.7019 18.4417 15.4446
threshold=4.2583333333333337 48.298370000000006 0.80553639823963863 0.32998316455372256 1.598262000988534 0 0.54365021434335559 18.929842623464996 18.416666666666668 -1.2166666666666663 0.53124591501697538 0.97702786266997033 0.35273909160235889 0.25000000000000006 26.866666666666671 0.15000000000000005 0.35000000000000003 3.3495889939662065 0.28674417556808757 0.90507048401466228 2.606678509148217 99.833333333333357 4.5000000000000009 -0.49998158062385478 9.0000000000000018 1019.2166666666668 -0.75110426010738129 1012.9166666666669 52.583333333333336 -0.60355339059327384
decision_type=2 2 2 2 2 1 2 2 2 2 2 2 2 2 2 2 8 2 2 2 2 2 2 2 2 2 2 2 2 2
left_child=3 2 -2 4 5 6 7 -1 -7 10 -10 -12 13 20 15 -14 23 -15 -18 -20 21 -11 -23 -17 -25 26 27 28 -22 -30
right_child=1 -3 -4 -5 -6 8 -8 -9 9 12 11 -13 14 17 -16 16 18 -19 19 -21 25 22 -24 24 -26 -27 -28 -29 29 -31
leaf_value=0.00041004810827989974 0.049714587251843211 -0.043946137913543848 -0.0080995386972586968 0.00030633941635294489 0.056519378285395397 -0.03592997389160605 0.014009200342557046 -0.074233426113674256 0.043743481184094268 0.010285820510280529 -0.051394358265055486 0.052890578185779594 -0.016833875595335335 0.0019525571906306547 0.02353846984045711 -0.047474770414129966 0.017170563306412586 -0.024797117644890596 0.0016413500812156347 -0.045557126469979427 0.079481450896880468 0.026382438709797486 -0.035835686382010457 -0.032605979334323111 -0.0026311386435481088 0.013007879500038467 -0.014294055339790291 -0.012160167938862289 -0.016703197776828931 0.022988324384772423
leaf_weight=855.83469192503253 14.397241399623459 3.9058562424033871 5.1590838115662327 11251.333715489629 7.5850971689214921 23.204961927694967 159.34356941771694 5.2568204386043353 19.81167271616869 466.64084603590891 7.3426036190940049 3.5849522257922217 410.18770341493655 67.993594287894666 48.252832775004208 19.097114522010088 116.41829229332507 147.82843292877078 146.65224022604525 18.51233496516943 9.8226583398645726 15.955868746154009 32.503273521084338 44.968257494270802 180.90380234830081 87.073945401993115 232.84871937398566 74.720446027349681 39.075357724796049 65.394041183986701
leaf_count=13758 274 62 67 234951 48 4589 1954 86 317 4427 232 57 8082 541 293 98 841 867 989 152 271 128 234 298 933 1935 3634 1323 370 685
internal_value=-0.000120752 0.021309 0.0344992 -0.000155435 -0.00172657 -0.00186219 0.00212219 -5.42048e-05 -0.00363973 -0.0033221 0.02216 -0.0170127 -0.00367515 -0.000762081 -0.00734151 -0.00893453 -0.00277885 -0.0163728 0.00494752 -0.00367322 0.00252925 0.00787276 -0.0153373 -0.0116584 -0.00861054 -0.00287947 -0.00616099 0.00386057 0.0143359 0.00814047
internal_weight=14581.6 23.4622 19.5563 14558.1 3306.81 3299.23 1020.44 861.092 2278.79 2255.59 30.7392 10.9276 2224.85 1239.86 984.993 936.74 526.552 215.822 281.583 165.165 1024.04 515.1 48.4591 244.969 225.872 508.935 421.861 189.013 114.292 104.469
internal_count=282496 403 341 282093 47142 47094 15798 13844 31296 26707 606 289 26101 14415 11686 11393 3311 1408 1982 1141 13007 4789 362 1329 1231 8218 6283 2649 1326 1055
cat_boundaries=0 1
cat_threshold=2152
is_linear=0
shrinkage=0.05


end of trees

feature_importances:
city_id=907
aux_cloud_cover_pct_mean=449
aux_temp_c_mean=387
aux_pressure_msl_hpa_mean=353
pressure_tendency_3h_hpa=331
aux_wind_dir_cos_mean=283
ensemble_mean=281
doy_cos=280
month=246
aux_wind_dir_sin_mean=231
doy_sin=214
saturation_distance_c=209
aux_pressure_msl_hpa_std=193
aux_dew_point_c_mean=190
src_icon_seamless=187
aux_temp_c_std=182
aux_cloud_cover_pct_std=177
aux_humidity_pct_mean=171
hour_sin=159
specific_humidity_gkg=138
hour_cos=133
aux_dew_point_c_std=123
lead_hours=119
ensemble_min=103
aux_humidity_pct_std=97
src_jma_seamless=96
ensemble_std=77
lat=77
lon=69
elevation_m=65
src_gfs_global=51
ensemble_max=33
lcl_height_m=27
year=24
abs_lat=18
ensemble_n=6
climate_band=4

parameters:
[boosting: gbdt]
[objective: binary]
[metric: binary_logloss]
[tree_learner: serial]
[device_type: cpu]
[data_sample_strategy: bagging]
[data: ]
[valid: ]
[num_iterations: 2000]
[learning_rate: 0.05]
[num_leaves: 31]
[num_threads: 0]
[seed: 0]
[deterministic: 0]
[force_col_wise: 1]
[force_row_wise: 0]
[histogram_pool_size: -1]
[max_depth: -1]
[min_data_in_leaf: 50]
[min_sum_hessian_in_leaf: 0.001]
[bagging_fraction: 0.9]
[pos_bagging_fraction: 1]
[neg_bagging_fraction: 1]
[bagging_freq: 5]
[bagging_seed: 3]
[bagging_by_query: 0]
[feature_fraction: 0.9]
[feature_fraction_bynode: 1]
[feature_fraction_seed: 2]
[extra_trees: 0]
[extra_seed: 6]
[early_stopping_round: 0]
[early_stopping_min_delta: 0]
[first_metric_only: 0]
[max_delta_step: 0]
[lambda_l1: 0]
[lambda_l2: 0.1]
[linear_lambda: 0]
[min_gain_to_split: 0]
[drop_rate: 0.1]
[max_drop: 50]
[skip_drop: 0.5]
[xgboost_dart_mode: 0]
[uniform_drop: 0]
[drop_seed: 4]
[top_rate: 0.2]
[other_rate: 0.1]
[min_data_per_group: 100]
[max_cat_threshold: 32]
[cat_l2: 10]
[cat_smooth: 10]
[max_cat_to_onehot: 4]
[top_k: 20]
[monotone_constraints: ]
[monotone_constraints_method: basic]
[monotone_penalty: 0]
[feature_contri: ]
[forcedsplits_filename: ]
[refit_decay_rate: 0.9]
[cegb_tradeoff: 1]
[cegb_penalty_split: 0]
[cegb_penalty_feature_lazy: ]
[cegb_penalty_feature_coupled: ]
[path_smooth: 0]
[interaction_constraints: ]
[verbosity: -1]
[saved_feature_importance_type: 0]
[use_quantized_grad: 0]
[num_grad_quant_bins: 4]
[quant_train_renew_leaf: 0]
[stochastic_rounding: 1]
[linear_tree: 0]
[max_bin: 255]
[max_bin_by_feature: ]
[min_data_in_bin: 3]
[bin_construct_sample_cnt: 200000]
[data_random_seed: 1]
[is_enable_sparse: 1]
[enable_bundle: 1]
[use_missing: 1]
[zero_as_missing: 0]
[feature_pre_filter: 1]
[pre_partition: 0]
[two_round: 0]
[header: 0]
[label_column: ]
[weight_column: ]
[group_column: ]
[ignore_column: ]
[categorical_feature: 14,16,21,22]
[forcedbins_filename: ]
[precise_float_parser: 0]
[parser_config_file: ]
[objective_seed: 5]
[num_class: 1]
[is_unbalance: 0]
[scale_pos_weight: 1]
[sigmoid: 1]
[boost_from_average: 1]
[reg_sqrt: 0]
[alpha: 0.9]
[fair_c: 1]
[poisson_max_delta_step: 0.7]
[tweedie_variance_power: 1.5]
[lambdarank_truncation_level: 30]
[lambdarank_norm: 1]
[label_gain: ]
[lambdarank_position_bias_regularization: 0]
[eval_at: ]
[multi_error_top_k: 1]
[auc_mu_weights: ]
[num_machines: 1]
[local_listen_port: 12400]
[time_out: 120]
[machine_list_filename: ]
[machines: ]
[gpu_platform_id: -1]
[gpu_device_id: -1]
[gpu_use_dp: 0]
[num_gpu: 1]

end of parameters

pandas_categorical:[]
